{"type":"Feature","geometry":{"type":"MultiPolygon","coordinates":[[[[135.2296972,34.8246789],[135.2297189,34.8245181],[135.2298492,34.8242856],[135.2301997,34.8237906],[135.2302939,34.8236233],[135.2303517,34.8234206],[135.2303733,34.8232297],[135.2305036,34.8229553],[135.2305469,34.8228061],[135.2305397,34.8226689],[135.2304456,34.8225197],[135.2302939,34.8223528],[135.2301672,34.8221978],[135.2301311,34.8220783],[135.2301383,34.8219533],[135.2301817,34.8217803],[135.2303264,34.8215239],[135.2305722,34.8210108],[135.2306358,34.8209042],[135.2307964,34.8206350],[135.2309917,34.8203964],[135.2311508,34.8202472],[135.2313531,34.8201578],[135.2315086,34.8200981],[135.2316492,34.8199219],[135.2318558,34.8196628],[135.2320511,34.8195075],[135.2322606,34.8193408],[135.2323833,34.8192514],[135.2325786,34.8191917],[135.2327017,34.8191142],[135.2327956,34.8189650],[135.2328244,34.8187739],[135.2328894,34.8185353],[135.2329728,34.8179092],[135.2329511,34.8177006],[135.2329078,34.8175514],[135.2329294,34.8174439],[135.2330956,34.8172950],[135.2331825,34.8171397],[135.2332764,34.8169250],[135.2333269,34.8167161],[135.2333303,34.8166667],[135.2333333,34.8166229],[135.2333486,34.8164000],[135.2333342,34.8162389],[135.2333333,34.8162374],[135.2332475,34.8160897],[135.2331271,34.8160055],[135.2330251,34.8159259],[135.2328973,34.8158677],[135.2328361,34.8157989],[135.2327805,34.8157147],[135.2327564,34.8156413],[135.2327638,34.8155602],[135.2328136,34.8154636],[135.2328565,34.8153903],[135.2328699,34.8151332],[135.2329292,34.8149220],[135.2329199,34.8148286],[135.2328893,34.8147475],[135.2327689,34.8146205],[135.2327578,34.8145517],[135.2327416,34.8142406],[135.2326248,34.8140203],[135.2326600,34.8138841],[135.2327725,34.8136992],[135.2327888,34.8135596],[135.2328388,34.8134586],[135.2330319,34.8132767],[135.2330966,34.8131694],[135.2331615,34.8130163],[135.2331856,34.8129061],[135.2332245,34.8127363],[135.2333333,34.8126695],[135.2334988,34.8125679],[135.2336492,34.8124950],[135.2337394,34.8124814],[135.2339636,34.8124217],[135.2341803,34.8123381],[135.2344986,34.8121472],[135.2346142,34.8119922],[135.2347156,34.8117833],[135.2347878,34.8116044],[135.2349975,34.8114375],[135.2352217,34.8113242],[135.2355397,34.8112289],[135.2357494,34.8112108],[135.2359592,34.8111750],[135.2360606,34.8111333],[135.2361942,34.8109842],[135.2363967,34.8106383],[135.2364908,34.8105547],[135.2366497,34.8104653],[135.2367222,34.8104533],[135.2369103,34.8104592],[135.2371200,34.8104711],[135.2373294,34.8104533],[135.2377053,34.8103578],[135.2377850,34.8103100],[135.2378933,34.8101908],[135.2379872,34.8100058],[135.2381031,34.8098806],[135.2383344,34.8098269],[135.2385875,34.8097494],[135.2387106,34.8096483],[135.2387828,34.8094931],[135.2388550,34.8093083],[135.2389383,34.8092306],[135.2391044,34.8091411],[135.2392708,34.8090994],[135.2393578,34.8090578],[135.2394228,34.8089742],[135.2395094,34.8088250],[135.2396903,34.8086581],[135.2398061,34.8086222],[135.2399578,34.8086161],[135.2403194,34.8087236],[135.2404714,34.8087236],[135.2407461,34.8086461],[135.2408764,34.8086244],[135.2409269,34.8086161],[135.2411150,34.8085506],[135.2413931,34.8083478],[135.2414058,34.8083333],[135.2415153,34.8082092],[135.2415667,34.8081508],[135.2416667,34.8079960],[135.2417400,34.8078825],[135.2418481,34.8075991],[135.2418929,34.8072646],[135.2420143,34.8068112],[135.2420281,34.8065445],[135.2419864,34.8063624],[135.2418746,34.8061014],[135.2418195,34.8059777],[135.2416667,34.8056985],[135.2409397,34.8043705],[135.2408870,34.8038357],[135.2406746,34.8032671],[135.2410233,34.8026218],[135.2416667,34.8026658],[135.2416992,34.8026680],[135.2420160,34.8029096],[135.2420679,34.8029252],[135.2429550,34.8031425],[135.2430755,34.8034896],[135.2432907,34.8033167],[135.2433938,34.8034956],[135.2434199,34.8035249],[135.2434688,34.8035576],[135.2435954,34.8036324],[135.2437093,34.8036444],[135.2439172,34.8037340],[135.2439701,34.8037103],[135.2441301,34.8036577],[135.2442721,34.8036278],[135.2444080,34.8036004],[135.2445078,34.8035929],[135.2448084,34.8036068],[135.2451454,34.8036110],[135.2454311,34.8038114],[135.2459043,34.8038586],[135.2460084,34.8038733],[135.2462575,34.8038999],[135.2464154,34.8039645],[135.2465216,34.8039258],[135.2466587,34.8039481],[135.2467431,34.8041116],[135.2468511,34.8042536],[135.2468706,34.8043122],[135.2469628,34.8045219],[135.2470631,34.8047889],[135.2472097,34.8050047],[135.2473594,34.8052911],[135.2474681,34.8054700],[135.2476111,34.8057014],[135.2476414,34.8057503],[135.2478728,34.8060189],[135.2480064,34.8061825],[135.2481511,34.8063378],[135.2483247,34.8065464],[135.2483608,34.8066122],[135.2483681,34.8067614],[135.2483464,34.8069103],[135.2482886,34.8070178],[135.2481583,34.8071431],[135.2481294,34.8072267],[135.2481078,34.8073639],[135.2481294,34.8074772],[135.2482161,34.8076619],[135.2482378,34.8077456],[135.2482522,34.8078947],[135.2482886,34.8080558],[135.2483175,34.8081572],[135.2484042,34.8082467],[135.2485417,34.8083122],[135.2485750,34.8083333],[135.2486356,34.8083717],[135.2486717,34.8084908],[135.2486789,34.8086519],[135.2487150,34.8086939],[135.2487947,34.8086939],[135.2488392,34.8086867],[135.2490550,34.8086519],[135.2496481,34.8085506],[135.2500000,34.8084347],[135.2500817,34.8084078],[135.2502740,34.8083333],[135.2504214,34.8082764],[135.2506311,34.8081750],[135.2508300,34.8080169],[135.2509311,34.8079036],[135.2509689,34.8078103],[135.2509747,34.8077964],[135.2509831,34.8077478],[135.2509892,34.8077128],[135.2509875,34.8077092],[135.2509692,34.8076678],[135.2509311,34.8075814],[135.2508589,34.8074981],[135.2508228,34.8073786],[135.2508228,34.8072175],[135.2508517,34.8070686],[135.2509458,34.8068656],[135.2511772,34.8063708],[135.2512928,34.8061261],[135.2514700,34.8058369],[135.2518097,34.8054372],[135.2518967,34.8053597],[135.2520483,34.8052283],[135.2521786,34.8051508],[135.2528439,34.8048050],[135.2529525,34.8047333],[135.2530825,34.8046736],[135.2531983,34.8046678],[135.2532850,34.8046917],[135.2534586,34.8048169],[135.2536322,34.8049839],[135.2537261,34.8050733],[135.2538997,34.8051092],[135.2540078,34.8051269],[135.2541489,34.8051897],[135.2544525,34.8054164],[135.2549442,34.8057086],[135.2551250,34.8057861],[135.2553275,34.8058458],[135.2553533,34.8058509],[135.2555372,34.8058875],[135.2555633,34.8058892],[135.2557108,34.8058994],[135.2558472,34.8058861],[135.2558917,34.8058817],[135.2560217,34.8058458],[135.2561158,34.8057683],[135.2562242,34.8056072],[135.2562603,34.8055297],[135.2563761,34.8054642],[135.2564700,34.8054283],[135.2565569,34.8054522],[135.2566364,34.8055117],[135.2566869,34.8056369],[135.2567594,34.8057325],[135.2568678,34.8058100],[135.2569689,34.8058339],[135.2570772,34.8058339],[135.2572219,34.8057803],[135.2573519,34.8056847],[135.2574244,34.8055714],[135.2574967,34.8055356],[135.2576847,34.8055356],[135.2578328,34.8055208],[135.2580064,34.8054492],[135.2581150,34.8053717],[135.2581872,34.8053478],[135.2583247,34.8053425],[135.2583333,34.8053422],[135.2583464,34.8053417],[135.2584692,34.8053297],[135.2586067,34.8052881],[135.2587294,34.8051925],[135.2588381,34.8050911],[135.2591272,34.8049539],[135.2591799,34.8049850],[135.2592792,34.8050436],[135.2593803,34.8051389],[135.2595683,34.8052522],[135.2598214,34.8053836],[135.2599806,34.8054731],[135.2601542,34.8055147],[135.2602622,34.8055267],[135.2603853,34.8055147],[135.2606311,34.8054492],[135.2607614,34.8054014],[135.2609131,34.8053478],[135.2610722,34.8052225],[135.2612386,34.8051092],[135.2614122,34.8049781],[135.2614519,34.8049156],[135.2615314,34.8048081],[135.2617556,34.8045397],[135.2618206,34.8044503],[135.2620231,34.8043489],[135.2621678,34.8042772],[135.2623775,34.8041758],[135.2627969,34.8040744],[135.2632019,34.8039611],[135.2633319,34.8038956],[135.2634839,34.8038358],[135.2635850,34.8037283],[135.2636936,34.8035972],[135.2637731,34.8034958],[135.2638381,34.8034658],[135.2639178,34.8034600],[135.2640189,34.8034539],[135.2641708,34.8034419],[135.2642214,34.8034003],[135.2642431,34.8033286],[135.2642386,34.8032575],[135.2642322,34.8031531],[135.2642467,34.8030397],[135.2642394,34.8028844],[135.2642033,34.8027175],[135.2642033,34.8026519],[135.2642322,34.8025803],[135.2645142,34.8023119],[135.2646011,34.8022164],[135.2647094,34.8021150],[135.2648469,34.8020672],[135.2653528,34.8020792],[135.2657753,34.8021122],[135.2660794,34.8021358],[135.2661908,34.8021928],[135.2666292,34.8024164],[135.2666667,34.8024332],[135.2667883,34.8024878],[135.2669328,34.8025356],[135.2670703,34.8025536],[135.2672250,34.8025431],[135.2672439,34.8025417],[135.2678947,34.8024164],[135.2680103,34.8023983],[135.2683286,34.8022731],[135.2689356,34.8023506],[135.2690658,34.8023983],[135.2691886,34.8024939],[135.2693839,34.8025833],[135.2695936,34.8026369],[135.2697961,34.8026369],[135.2701217,34.8026011],[135.2704686,34.8025714],[135.2704903,34.8024819],[135.2704892,34.8024644],[135.2704803,34.8023081],[135.2704550,34.8022514],[135.2703925,34.8022114],[135.2701972,34.8021578],[135.2700311,34.8020981],[135.2699081,34.8020206],[135.2698286,34.8019192],[135.2697925,34.8018475],[135.2697997,34.8015850],[135.2697706,34.8014958],[135.2696983,34.8014183],[135.2695683,34.8013050],[135.2694886,34.8012094],[135.2693839,34.8009739],[135.2693478,34.8006756],[135.2693331,34.8005742],[135.2693478,34.8004547],[135.2693844,34.8003636],[135.2694344,34.8002400],[135.2694344,34.8000372],[135.2694232,34.8000000],[135.2693694,34.7998225],[135.2693331,34.7996017],[135.2693331,34.7995064],[135.2693767,34.7993453],[135.2694019,34.7991156],[135.2693862,34.7990483],[135.2693517,34.7989011],[135.2691997,34.7987042],[135.2688525,34.7983225],[135.2687153,34.7981556],[135.2686936,34.7980839],[135.2687081,34.7979706],[135.2688019,34.7977558],[135.2688019,34.7976425],[135.2687875,34.7974517],[135.2687189,34.7972517],[135.2686247,34.7970489],[135.2686103,34.7969058],[135.2686175,34.7967983],[135.2686608,34.7966611],[135.2687839,34.7964883],[135.2688706,34.7964108],[135.2689719,34.7963511],[135.2692539,34.7962736],[135.2697600,34.7961700],[135.2703600,34.7960469],[135.2703167,34.7959278],[135.2702806,34.7957906],[135.2702806,34.7956472],[135.2703203,34.7954356],[135.2703419,34.7952683],[135.2703275,34.7951253],[135.2702483,34.7949522],[135.2702154,34.7949013],[135.2701325,34.7947733],[135.2700314,34.7946183],[135.2699517,34.7942606],[135.2699083,34.7941056],[135.2699011,34.7940281],[135.2699156,34.7939503],[135.2699589,34.7937953],[135.2700422,34.7935536],[135.2704906,34.7927244],[135.2707364,34.7924022],[135.2709389,34.7921161],[135.2709750,34.7919969],[135.2709822,34.7919194],[135.2709461,34.7918300],[135.2707978,34.7917078],[135.2707412,34.7916667],[135.2704942,34.7914869],[135.2696842,34.7910814],[135.2695106,34.7909858],[135.2692575,34.7907650],[135.2690044,34.7905861],[135.2689467,34.7905264],[135.2689178,34.7904608],[135.2689178,34.7902222],[135.2689322,34.7901625],[135.2689972,34.7900433],[135.2690767,34.7899300],[135.2691961,34.7898433],[135.2694058,34.7896825],[135.2694636,34.7896525],[135.2695503,34.7895692],[135.2695358,34.7894500],[135.2694708,34.7893664],[135.2693697,34.7892592],[135.2691744,34.7890742],[135.2690875,34.7889369],[135.2690861,34.7889289],[135.2690586,34.7887819],[135.2691275,34.7880572],[135.2691233,34.7877223],[135.2690419,34.7875790],[135.2688763,34.7874536],[135.2688136,34.7872661],[135.2685530,34.7866751],[135.2685001,34.7865273],[135.2685408,34.7863728],[135.2686106,34.7862289],[135.2685722,34.7861202],[135.2684745,34.7860447],[135.2684806,34.7859187],[135.2686333,34.7857273],[135.2688347,34.7854236],[135.2689000,34.7853400],[135.2689081,34.7849314],[135.2689794,34.7846422],[135.2689794,34.7845647],[135.2690083,34.7844694],[135.2690514,34.7843850],[135.2691129,34.7842164],[135.2693571,34.7839746],[135.2693770,34.7838820],[135.2693339,34.7838157],[135.2692118,34.7837553],[135.2686501,34.7835387],[135.2685390,34.7833333],[135.2684975,34.7832566],[135.2683327,34.7828234],[135.2682029,34.7826393],[135.2680401,34.7823774],[135.2679669,34.7822867],[135.2679018,34.7821759],[135.2677796,34.7820987],[135.2673279,34.7821994],[135.2674175,34.7817136],[135.2675215,34.7810012],[135.2678297,34.7809681],[135.2681219,34.7809230],[135.2687192,34.7808308],[135.2688744,34.7807442],[135.2691278,34.7805056],[135.2691325,34.7805031],[135.2693592,34.7803864],[135.2695614,34.7803686],[135.2698075,34.7803922],[135.2702267,34.7804819],[135.2704436,34.7805056],[135.2705378,34.7804997],[135.2706897,34.7804758],[135.2708483,34.7804758],[135.2709486,34.7804875],[135.2711236,34.7805075],[135.2712100,34.7805175],[135.2713764,34.7805653],[135.2714919,34.7806369],[135.2716150,34.7807861],[135.2717017,34.7809411],[135.2717594,34.7810486],[135.2718247,34.7811381],[135.2718969,34.7812097],[135.2724472,34.7811883],[135.2734692,34.7811483],[135.2750000,34.7810885],[135.2756922,34.7810614],[135.2761503,34.7810433],[135.2821828,34.7808078],[135.2833333,34.7807627],[135.2845397,34.7807156],[135.2846556,34.7806736],[135.2847061,34.7806378],[135.2847314,34.7805633],[135.2847169,34.7804619],[135.2846231,34.7803008],[135.2844785,34.7800598],[135.2842838,34.7798158],[135.2842072,34.7796471],[135.2841912,34.7795338],[135.2842711,34.7793546],[135.2844371,34.7791859],[135.2846318,34.7790541],[135.2848647,34.7789592],[135.2850308,34.7788775],[135.2851259,34.7788241],[135.2853020,34.7787089],[135.2854872,34.7786298],[135.2856685,34.7785452],[135.2857489,34.7784822],[135.2858511,34.7783953],[135.2860075,34.7782477],[135.2860935,34.7781572],[135.2862947,34.7779762],[135.2864256,34.7778102],[135.2865405,34.7776863],[135.2866778,34.7775176],[135.2867466,34.7774036],[135.2868255,34.7772237],[135.2869269,34.7771492],[135.2870922,34.7771430],[135.2872613,34.7771523],[135.2875657,34.7771741],[135.2880278,34.7771368],[135.2883885,34.7771027],[135.2886515,34.7770748],[135.2890031,34.7770783],[135.2891737,34.7770376],[135.2896531,34.7769054],[135.2904292,34.7766347],[135.2909622,34.7764473],[135.2913275,34.7763545],[135.2916200,34.7762510],[135.2916667,34.7762332],[135.2928421,34.7757853],[135.2930673,34.7757100],[135.2935161,34.7756253],[135.2938293,34.7755592],[135.2939544,34.7755592],[135.2941172,34.7755829],[135.2942672,34.7755882],[135.2944268,34.7755710],[135.2945864,34.7755328],[135.2947014,34.7754762],[135.2947700,34.7753931],[135.2948328,34.7751892],[135.2949048,34.7750000],[135.2949122,34.7749806],[135.2949628,34.7748672],[135.2950931,34.7747119],[135.2951725,34.7745867],[135.2952014,34.7744258],[135.2953047,34.7738777],[135.2953425,34.7736769],[135.2954653,34.7733369],[135.2955306,34.7731342],[135.2956606,34.7730567],[135.2958125,34.7729969],[135.2958992,34.7729850],[135.2961958,34.7730447],[135.2963767,34.7731758],[135.2965211,34.7732953],[135.2966875,34.7733072],[135.2970347,34.7732297],[135.2971214,34.7731403],[135.2971322,34.7730536],[135.2971106,34.7729044],[135.2970164,34.7725408],[135.2969947,34.7723022],[135.2969875,34.7720994],[135.2969947,34.7718489],[135.2969947,34.7716878],[135.2969442,34.7714731],[135.2967922,34.7711392],[135.2967633,34.7710258],[135.2967633,34.7709542],[135.2968286,34.7709242],[135.2969086,34.7709061],[135.2970272,34.7708794],[135.2972514,34.7708378],[135.2974322,34.7707306],[135.2975408,34.7705933],[135.2975986,34.7705097],[135.2976781,34.7704800],[135.2978083,34.7704619],[135.2979747,34.7704381],[135.2981408,34.7703844],[135.2983072,34.7703069],[135.2984375,34.7702294],[135.2984881,34.7701400],[135.2986183,34.7695556],[135.2986581,34.7693556],[135.2985711,34.7691289],[135.2984844,34.7689858],[135.2983833,34.7687831],[135.2983614,34.7687175],[135.2983833,34.7686278],[135.2984772,34.7684728],[135.2985494,34.7683475],[135.2986725,34.7681208],[135.2987658,34.7680178],[135.2987808,34.7680014],[135.2990050,34.7678706],[135.2990989,34.7678050],[135.2991964,34.7676408],[135.2992253,34.7674978],[135.2992036,34.7673486],[135.2991244,34.7671817],[135.2990594,34.7670564],[135.2990594,34.7669250],[135.2990956,34.7667400],[135.2991333,34.7666667],[135.2992183,34.7665014],[135.2993267,34.7663344],[135.2994711,34.7661675],[135.2997425,34.7659081],[135.2999014,34.7658244],[135.3000000,34.7657807],[135.3000894,34.7657411],[135.3002992,34.7656578],[135.3005594,34.7656219],[135.3007403,34.7656100],[135.3008633,34.7655861],[135.3010150,34.7655086],[135.3011236,34.7654192],[135.3012536,34.7653117],[135.3013694,34.7651447],[135.3014344,34.7650669],[135.3015719,34.7650014],[135.3017456,34.7649478],[135.3022806,34.7648703],[135.3023964,34.7648344],[135.3024903,34.7647689],[135.3025422,34.7646592],[135.3025553,34.7646317],[135.3025842,34.7645122],[135.3025625,34.7643392],[135.3025878,34.7641633],[135.3026242,34.7640858],[135.3027036,34.7640383],[135.3028044,34.7640086],[135.3030069,34.7640025],[135.3032167,34.7639489],[135.3034842,34.7638475],[135.3041278,34.7636208],[135.3043014,34.7635669],[135.3045328,34.7634597],[135.3046883,34.7633375],[135.3047172,34.7632808],[135.3049125,34.7628958],[135.3050136,34.7627467],[135.3051367,34.7625797],[135.3052450,34.7624544],[135.3055056,34.7621744],[135.3055633,34.7621089],[135.3056139,34.7619836],[135.3056861,34.7617092],[135.3056825,34.7615867],[135.3056681,34.7613006],[135.3056897,34.7610142],[135.3057006,34.7609761],[135.3057333,34.7608589],[135.3058056,34.7606442],[135.3059575,34.7603936],[135.3062792,34.7598242],[135.3064525,34.7595856],[135.3068067,34.7591264],[135.3071611,34.7587089],[135.3075252,34.7583333],[135.3075661,34.7582911],[135.3079603,34.7579425],[135.3082461,34.7576808],[135.3082939,34.7576372],[135.3083333,34.7576011],[135.3084231,34.7575189],[135.3086906,34.7570953],[135.3091172,34.7567136],[135.3097500,34.7561500],[135.3098228,34.7560753],[135.3098475,34.7560497],[135.3099258,34.7559694],[135.3100694,34.7558214],[135.3105381,34.7553400],[135.3105450,34.7553328],[135.3108561,34.7550764],[135.3109186,34.7550119],[135.3109586,34.7549706],[135.3113767,34.7545394],[135.3114131,34.7545006],[135.3114775,34.7544317],[135.3115214,34.7543844],[135.3116303,34.7542869],[135.3116344,34.7542831],[135.3118289,34.7541092],[135.3118744,34.7540686],[135.3119478,34.7540028],[135.3121926,34.7536731],[135.3123036,34.7535357],[135.3124780,34.7532738],[135.3125653,34.7530513],[135.3126366,34.7529335],[135.3127159,34.7526913],[135.3127396,34.7525146],[135.3127793,34.7523574],[135.3128031,34.7522593],[135.3128427,34.7520694],[135.3129616,34.7518273],[135.3131677,34.7514869],[135.3135267,34.7511376],[135.3136703,34.7510586],[135.3138058,34.7509206],[135.3139369,34.7507114],[135.3140183,34.7503975],[135.3141225,34.7502183],[135.3141950,34.7500278],[135.3142226,34.7500000],[135.3143622,34.7498597],[135.3146289,34.7496247],[135.3146650,34.7494828],[135.3146650,34.7492886],[135.3145836,34.7490756],[135.3143350,34.7488103],[135.3141858,34.7486125],[135.3141542,34.7485267],[135.3141814,34.7484519],[135.3142628,34.7484144],[135.3144119,34.7484331],[135.3146875,34.7484856],[135.3148775,34.7484967],[135.3150222,34.7484406],[135.3151850,34.7483136],[135.3152756,34.7481867],[135.3153253,34.7480858],[135.3154247,34.7480483],[135.3156375,34.7479925],[135.3158003,34.7478767],[135.3158861,34.7477572],[135.3158825,34.7477144],[135.3160261,34.7475925],[135.3163214,34.7473414],[135.3165022,34.7471322],[135.3166294,34.7469733],[135.3166667,34.7469266],[135.3166786,34.7469117],[135.3168506,34.7465756],[135.3169408,34.7463589],[135.3170947,34.7463606],[135.3173072,34.7463628],[135.3173389,34.7462442],[135.3173797,34.7460900],[135.3173797,34.7457128],[135.3173436,34.7453881],[135.3173397,34.7452822],[135.3173389,34.7452575],[135.3172983,34.7450519],[135.3172214,34.7447419],[135.3170331,34.7447461],[135.3169211,34.7447483],[135.3166667,34.7447538],[135.3164661,34.7447581],[135.3163531,34.7447606],[135.3164389,34.7439503],[135.3165383,34.7434708],[135.3165519,34.7434047],[135.3166153,34.7426767],[135.3166667,34.7422845],[135.3167283,34.7418139],[135.3167509,34.7416667],[135.3167644,34.7415786],[135.3167973,34.7414347],[135.3166667,34.7414104],[135.3165236,34.7413838],[135.3165589,34.7411313],[135.3163159,34.7410278],[135.3163371,34.7409291],[135.3164895,34.7409228],[135.3166667,34.7407183],[135.3167902,34.7405757],[135.3173899,34.7405964],[135.3175406,34.7405544],[135.3175520,34.7403494],[135.3175501,34.7401504],[135.3175544,34.7399475],[135.3172435,34.7398956],[135.3173129,34.7397014],[135.3174386,34.7394819],[135.3175508,34.7394119],[135.3176058,34.7393775],[135.3177822,34.7393364],[135.3178681,34.7392581],[135.3178908,34.7391086],[135.3179767,34.7389964],[135.3180914,34.7387772],[135.3181486,34.7386678],[135.3182547,34.7385697],[135.3183083,34.7385203],[135.3183792,34.7384553],[135.3184331,34.7383842],[135.3184472,34.7383656],[135.3185247,34.7383442],[135.3185281,34.7383433],[135.3185556,34.7383356],[135.3187231,34.7383581],[135.3188814,34.7383656],[135.3189672,34.7383356],[135.3190186,34.7382794],[135.3190803,34.7382125],[135.3191256,34.7381264],[135.3191889,34.7381303],[135.3193200,34.7381378],[135.3193969,34.7380781],[135.3195328,34.7378278],[135.3195642,34.7375811],[135.3195669,34.7375283],[135.3195733,34.7374094],[135.3195192,34.7372897],[135.3194150,34.7372600],[135.3193064,34.7372561],[135.3191797,34.7372750],[135.3190758,34.7372675],[135.3190306,34.7372300],[135.3190667,34.7371628],[135.3191889,34.7370806],[135.3193517,34.7369911],[135.3195561,34.7368950],[135.3197408,34.7368081],[135.3197664,34.7367994],[135.3199939,34.7367222],[135.3202203,34.7366997],[135.3204464,34.7366661],[135.3205414,34.7366475],[135.3206228,34.7365914],[135.3207358,34.7363564],[135.3207569,34.7363014],[135.3207942,34.7362033],[135.3207583,34.7361097],[135.3206544,34.7359678],[135.3205731,34.7358522],[135.3206181,34.7356989],[135.3207164,34.7354600],[135.3207786,34.7353083],[135.3208369,34.7351669],[135.3209347,34.7349289],[135.3209303,34.7348878],[135.3207900,34.7348056],[135.3208356,34.7345983],[135.3208669,34.7344544],[135.3208489,34.7342639],[135.3208622,34.7341647],[135.3208625,34.7341631],[135.3210208,34.7341631],[135.3210606,34.7341767],[135.3211836,34.7342192],[135.3213867,34.7342342],[135.3214953,34.7342267],[135.3216039,34.7341297],[135.3216808,34.7339767],[135.3216811,34.7339753],[135.3217003,34.7338783],[135.3217119,34.7338197],[135.3217203,34.7337783],[135.3217306,34.7337264],[135.3217531,34.7335508],[135.3217758,34.7333864],[135.3217912,34.7333333],[135.3217942,34.7333233],[135.3218211,34.7332297],[135.3220806,34.7330306],[135.3223275,34.7328411],[135.3224453,34.7327142],[135.3225386,34.7325825],[135.3226500,34.7324256],[135.3226564,34.7324169],[135.3227286,34.7323150],[135.3227589,34.7322719],[135.3227717,34.7322542],[135.3228147,34.7321936],[135.3228225,34.7321828],[135.3228658,34.7321217],[135.3228522,34.7320844],[135.3226803,34.7320433],[135.3225853,34.7320097],[135.3225583,34.7319425],[135.3226125,34.7317933],[135.3227933,34.7315356],[135.3228417,34.7314431],[135.3228794,34.7313714],[135.3228839,34.7313303],[135.3227889,34.7312892],[135.3225944,34.7312181],[135.3226986,34.7309903],[135.3227639,34.7309081],[135.3228025,34.7308597],[135.3229428,34.7308336],[135.3231825,34.7308036],[135.3233950,34.7307961],[135.3235842,34.7307669],[135.3236411,34.7307581],[135.3237161,34.7307411],[135.3237903,34.7307244],[135.3238672,34.7306833],[135.3239214,34.7305900],[135.3239169,34.7303808],[135.3238989,34.7301267],[135.3238961,34.7299567],[135.3238944,34.7298653],[135.3239100,34.7297417],[135.3239214,34.7296525],[135.3239306,34.7294997],[135.3239711,34.7291633],[135.3239847,34.7291178],[135.3240108,34.7290294],[135.3240708,34.7288272],[135.3241300,34.7286506],[135.3242653,34.7282483],[135.3243422,34.7280878],[135.3244189,34.7279683],[135.3244733,34.7278225],[135.3244953,34.7277264],[135.3245258,34.7275908],[135.3245411,34.7275236],[135.3245647,34.7273889],[135.3246317,34.7270047],[135.3246678,34.7268556],[135.3246453,34.7267883],[135.3244056,34.7265708],[135.3243828,34.7264775],[135.3243744,34.7263519],[135.3243719,34.7263131],[135.3243694,34.7262767],[135.3243461,34.7259214],[135.3243445,34.7258439],[135.3243964,34.7258436],[135.3243936,34.7258369],[135.3243827,34.7256093],[135.3243798,34.7255936],[135.3243851,34.7255823],[135.3243905,34.7255755],[135.3244041,34.7255709],[135.3244232,34.7255684],[135.3244341,34.7255684],[135.3244423,34.7255728],[135.3244894,34.7255726],[135.3245834,34.7255707],[135.3246188,34.7255693],[135.3246894,34.7255637],[135.3248179,34.7255503],[135.3248428,34.7255451],[135.3248721,34.7255374],[135.3249157,34.7255370],[135.3249323,34.7255356],[135.3250000,34.7255223],[135.3250013,34.7255221],[135.3250341,34.7255143],[135.3250981,34.7254947],[135.3252136,34.7254521],[135.3253079,34.7254098],[135.3253843,34.7253738],[135.3254278,34.7253561],[135.3254826,34.7253392],[135.3255201,34.7253304],[135.3257731,34.7252845],[135.3258182,34.7252775],[135.3258895,34.7252582],[135.3259055,34.7252527],[135.3259358,34.7252412],[135.3259605,34.7252332],[135.3263891,34.7251196],[135.3264106,34.7251144],[135.3264323,34.7251114],[135.3264535,34.7251110],[135.3264980,34.7251158],[135.3265088,34.7251163],[135.3265212,34.7251157],[135.3265415,34.7251117],[135.3266074,34.7250949],[135.3266477,34.7250839],[135.3267816,34.7250350],[135.3268066,34.7250230],[135.3268388,34.7250048],[135.3268508,34.7250000],[135.3268533,34.7249990],[135.3268837,34.7249901],[135.3269463,34.7249691],[135.3269980,34.7249463],[135.3270033,34.7249441],[135.3272123,34.7248698],[135.3275090,34.7247879],[135.3277889,34.7247061],[135.3278750,34.7246727],[135.3278829,34.7246702],[135.3279724,34.7246196],[135.3280715,34.7245421],[135.3280965,34.7245178],[135.3281288,34.7244777],[135.3281706,34.7244304],[135.3281881,34.7244087],[135.3282093,34.7243955],[135.3282581,34.7243711],[135.3291286,34.7242127],[135.3291594,34.7242233],[135.3291915,34.7242350],[135.3292339,34.7242509],[135.3292852,34.7242689],[135.3293366,34.7242753],[135.3294072,34.7242784],[135.3294982,34.7242733],[135.3295341,34.7242680],[135.3296293,34.7242478],[135.3297037,34.7242304],[135.3298251,34.7241889],[135.3300525,34.7240739],[135.3302091,34.7240029],[135.3306374,34.7238359],[135.3312696,34.7235837],[135.3317586,34.7233912],[135.3320976,34.7232753],[135.3324012,34.7231639],[135.3325630,34.7230969],[135.3327214,34.7230259],[135.3328596,34.7229633],[135.3329826,34.7229050],[135.3330667,34.7228666],[135.3331163,34.7228235],[135.3331280,34.7228014],[135.3332864,34.7227094],[135.3333333,34.7226819],[135.3335453,34.7225573],[135.3338581,34.7223697],[135.3341853,34.7221671],[135.3342551,34.7221098],[135.3342969,34.7220700],[135.3343216,34.7220419],[135.3343493,34.7219916],[135.3343602,34.7219462],[135.3343594,34.7217620],[135.3345114,34.7217589],[135.3345658,34.7217585],[135.3346839,34.7217577],[135.3346898,34.7221549],[135.3347035,34.7222061],[135.3347187,34.7222844],[135.3347378,34.7223372],[135.3347538,34.7223866],[135.3347728,34.7224351],[135.3347909,34.7224904],[135.3348016,34.7225304],[135.3348175,34.7225772],[135.3348391,34.7226709],[135.3348520,34.7227211],[135.3348628,34.7227748],[135.3348701,34.7228899],[135.3348821,34.7230187],[135.3348922,34.7230954],[135.3349135,34.7231617],[135.3349304,34.7231949],[135.3349470,34.7232101],[135.3349906,34.7232303],[135.3351237,34.7232265],[135.3351364,34.7232270],[135.3352143,34.7232312],[135.3352302,34.7232345],[135.3352414,34.7232443],[135.3352516,34.7232806],[135.3352496,34.7232946],[135.3352435,34.7233024],[135.3352287,34.7233092],[135.3353268,34.7235761],[135.3353362,34.7235978],[135.3353739,34.7236841],[135.3353838,34.7237070],[135.3353738,34.7237287],[135.3353759,34.7237477],[135.3353563,34.7237944],[135.3353505,34.7238113],[135.3353333,34.7238576],[135.3351362,34.7239250],[135.3351108,34.7239331],[135.3346664,34.7240823],[135.3344552,34.7241540],[135.3347389,34.7246645],[135.3347480,34.7246808],[135.3347494,34.7246833],[135.3349373,34.7249846],[135.3349479,34.7250000],[135.3350267,34.7251144],[135.3350375,34.7251301],[135.3352602,34.7254534],[135.3352664,34.7254649],[135.3352762,34.7254830],[135.3353080,34.7255420],[135.3354331,34.7256926],[135.3357512,34.7272569],[135.3358478,34.7272486],[135.3359219,34.7272480],[135.3359952,34.7272474],[135.3360549,34.7272153],[135.3360658,34.7272153],[135.3361394,34.7272079],[135.3361392,34.7271944],[135.3361826,34.7271669],[135.3362289,34.7271598],[135.3364663,34.7271511],[135.3368319,34.7271368],[135.3374703,34.7271090],[135.3374588,34.7270722],[135.3374337,34.7269182],[135.3374049,34.7267312],[135.3373994,34.7266819],[135.3371833,34.7266876],[135.3371834,34.7266989],[135.3370405,34.7267044],[135.3369619,34.7267053],[135.3367902,34.7267088],[135.3366294,34.7267032],[135.3360828,34.7266811],[135.3360705,34.7266783],[135.3359607,34.7265858],[135.3357149,34.7266121],[135.3356810,34.7263771],[135.3356814,34.7263672],[135.3357443,34.7262434],[135.3357402,34.7261722],[135.3358763,34.7261586],[135.3358721,34.7261194],[135.3358537,34.7258697],[135.3358499,34.7257046],[135.3358616,34.7257044],[135.3362363,34.7254837],[135.3362184,34.7254632],[135.3367212,34.7251725],[135.3367522,34.7252002],[135.3369261,34.7250923],[135.3369520,34.7251124],[135.3370392,34.7250578],[135.3370165,34.7250321],[135.3370685,34.7250000],[135.3371204,34.7249679],[135.3371002,34.7249468],[135.3371230,34.7249340],[135.3371336,34.7249273],[135.3371484,34.7249188],[135.3372456,34.7248623],[135.3374472,34.7247451],[135.3372820,34.7244084],[135.3373174,34.7243946],[135.3375593,34.7243093],[135.3375756,34.7243023],[135.3374215,34.7239768],[135.3374433,34.7239699],[135.3377620,34.7246434],[135.3378932,34.7245580],[135.3378989,34.7245641],[135.3379504,34.7245306],[135.3379464,34.7245264],[135.3379756,34.7245074],[135.3379812,34.7245132],[135.3380348,34.7244783],[135.3380294,34.7244726],[135.3380781,34.7244408],[135.3380834,34.7244411],[135.3380956,34.7244334],[135.3381022,34.7244396],[135.3381766,34.7243945],[135.3381708,34.7243880],[135.3381977,34.7243717],[135.3382034,34.7243780],[135.3383300,34.7243012],[135.3383229,34.7242932],[135.3387743,34.7240387],[135.3387686,34.7240307],[135.3387944,34.7240151],[135.3388085,34.7240176],[135.3388146,34.7240245],[135.3388575,34.7240001],[135.3388745,34.7231544],[135.3389116,34.7224900],[135.3389171,34.7224891],[135.3389225,34.7223023],[135.3416667,34.7206583],[135.3432802,34.7196917],[135.3432830,34.7196948],[135.3436907,34.7193826],[135.3441097,34.7190617],[135.3436993,34.7185747],[135.3437019,34.7185679],[135.3437128,34.7185588],[135.3437183,34.7185656],[135.3437481,34.7185428],[135.3437398,34.7185383],[135.3451573,34.7174990],[135.3451153,34.7174590],[135.3461313,34.7167159],[135.3461986,34.7166667],[135.3485905,34.7149153],[135.3487744,34.7147594],[135.3488903,34.7146654],[135.3489152,34.7146594],[135.3489382,34.7146584],[135.3489614,34.7146657],[135.3495421,34.7152059],[135.3496811,34.7152133],[135.3499620,34.7152361],[135.3500000,34.7152357],[135.3501816,34.7152338],[135.3503195,34.7152146],[135.3505926,34.7150961],[135.3507788,34.7149587],[135.3509624,34.7148509],[135.3511688,34.7146949],[135.3511837,34.7146818],[135.3511978,34.7146690],[135.3512131,34.7146547],[135.3512267,34.7146404],[135.3512420,34.7146280],[135.3512565,34.7146151],[135.3512787,34.7146016],[135.3512978,34.7145887],[135.3513158,34.7145704],[135.3513280,34.7145591],[135.3513398,34.7145447],[135.3513533,34.7145319],[135.3513692,34.7145196],[135.3513868,34.7145049],[135.3514013,34.7144910],[135.3514203,34.7144774],[135.3514384,34.7144631],[135.3514556,34.7144507],[135.3514742,34.7144374],[135.3514918,34.7144250],[135.3515071,34.7144092],[135.3515180,34.7143949],[135.3515302,34.7143803],[135.3515424,34.7143667],[135.3515546,34.7143513],[135.3515673,34.7143366],[135.3515808,34.7143204],[135.3515958,34.7143027],[135.3516084,34.7142873],[135.3516246,34.7142685],[135.3516373,34.7142512],[135.3516513,34.7142373],[135.3516644,34.7142223],[135.3516812,34.7142087],[135.3516969,34.7141926],[135.3517096,34.7141767],[135.3517219,34.7141613],[135.3517313,34.7141459],[135.3517426,34.7141342],[135.3517554,34.7141207],[135.3517698,34.7141049],[135.3517847,34.7140909],[135.3517987,34.7140759],[135.3518155,34.7140642],[135.3518463,34.7140382],[135.3518702,34.7140167],[135.3518996,34.7139912],[135.3519286,34.7139656],[135.3519543,34.7139370],[135.3519760,34.7139088],[135.3519982,34.7138847],[135.3520217,34.7138613],[135.3520461,34.7138373],[135.3520687,34.7138139],[135.3520863,34.7137883],[135.3521048,34.7137669],[135.3521266,34.7137406],[135.3521433,34.7137176],[135.3521649,34.7136932],[135.3521826,34.7136695],[135.3522024,34.7136446],[135.3522215,34.7136210],[135.3522450,34.7135988],[135.3522658,34.7135773],[135.3522898,34.7135562],[135.3523156,34.7135332],[135.3523364,34.7135106],[135.3523585,34.7134911],[135.3523743,34.7134685],[135.3523884,34.7134508],[135.3523991,34.7134260],[135.3524100,34.7134042],[135.3524276,34.7133731],[135.3524646,34.7133098],[135.3524796,34.7132820],[135.3524844,34.7132501],[135.3525131,34.7131306],[135.3525436,34.7130941],[135.3525929,34.7130476],[135.3526967,34.7129884],[135.3527715,34.7129545],[135.3528437,34.7129163],[135.3528757,34.7128886],[135.3529156,34.7128449],[135.3529453,34.7128055],[135.3529779,34.7127636],[135.3530096,34.7127313],[135.3530408,34.7127045],[135.3530743,34.7126857],[135.3531128,34.7126661],[135.3531554,34.7126449],[135.3531871,34.7126193],[135.3533203,34.7125387],[135.3534921,34.7124024],[135.3536102,34.7122979],[135.3537666,34.7122051],[135.3538072,34.7121689],[135.3538398,34.7121262],[135.3538711,34.7120741],[135.3538956,34.7120258],[135.3539360,34.7119679],[135.3539698,34.7119337],[135.3540018,34.7119125],[135.3540197,34.7119040],[135.3540742,34.7118819],[135.3540911,34.7118693],[135.3541205,34.7118391],[135.3541962,34.7117772],[135.3542788,34.7117133],[135.3543546,34.7116626],[135.3544294,34.7116176],[135.3545247,34.7115707],[135.3545792,34.7115391],[135.3546221,34.7115086],[135.3546708,34.7114704],[135.3547080,34.7114295],[135.3547808,34.7113139],[135.3548141,34.7112782],[135.3548485,34.7112375],[135.3548792,34.7112017],[135.3548874,34.7111936],[135.3549141,34.7111670],[135.3549440,34.7111380],[135.3549725,34.7111048],[135.3550028,34.7110736],[135.3550331,34.7110457],[135.3550966,34.7110034],[135.3551501,34.7109664],[135.3552235,34.7109139],[135.3553041,34.7108431],[135.3553616,34.7107873],[135.3554033,34.7107488],[135.3554409,34.7107108],[135.3554789,34.7106769],[135.3555160,34.7106523],[135.3555514,34.7106255],[135.3555701,34.7106072],[135.3556864,34.7105143],[135.3557614,34.7104590],[135.3558001,34.7104325],[135.3558529,34.7103988],[135.3559611,34.7103341],[135.3560481,34.7102842],[135.3562451,34.7101816],[135.3562923,34.7101547],[135.3563846,34.7100980],[135.3564439,34.7100590],[135.3564724,34.7100385],[135.3565125,34.7100054],[135.3565535,34.7099664],[135.3565756,34.7099482],[135.3566099,34.7099275],[135.3566397,34.7099167],[135.3566607,34.7099116],[135.3567317,34.7098991],[135.3567945,34.7098319],[135.3567990,34.7098271],[135.3568044,34.7098225],[135.3569228,34.7096841],[135.3569420,34.7096952],[135.3573447,34.7092347],[135.3573045,34.7091726],[135.3572733,34.7091224],[135.3572363,34.7090700],[135.3572097,34.7090229],[135.3571841,34.7089767],[135.3571669,34.7089443],[135.3571431,34.7089565],[135.3570672,34.7089955],[135.3570643,34.7089820],[135.3571619,34.7089338],[135.3572515,34.7088948],[135.3574611,34.7088101],[135.3574669,34.7087478],[135.3574739,34.7087219],[135.3574794,34.7087098],[135.3574947,34.7086867],[135.3575140,34.7086651],[135.3575597,34.7086249],[135.3576483,34.7085558],[135.3578038,34.7084436],[135.3578780,34.7083993],[135.3579846,34.7083387],[135.3579953,34.7083333],[135.3581250,34.7082681],[135.3582125,34.7082289],[135.3583333,34.7081822],[135.3583421,34.7081788],[135.3584269,34.7080831],[135.3584543,34.7080590],[135.3584891,34.7080798],[135.3586567,34.7078965],[135.3586292,34.7078675],[135.3586312,34.7078566],[135.3588653,34.7075990],[135.3589682,34.7074853],[135.3590902,34.7073508],[135.3591713,34.7072525],[135.3592769,34.7071337],[135.3593867,34.7070112],[135.3595537,34.7068272],[135.3596542,34.7067142],[135.3598088,34.7065475],[135.3600063,34.7063217],[135.3601403,34.7061766],[135.3602116,34.7061083],[135.3602807,34.7060545],[135.3603406,34.7060137],[135.3603965,34.7059853],[135.3604716,34.7059479],[135.3605338,34.7059203],[135.3606056,34.7058937],[135.3607121,34.7058661],[135.3608002,34.7058473],[135.3608843,34.7058315],[135.3609648,34.7058208],[135.3610497,34.7058128],[135.3611693,34.7058025],[135.3612816,34.7057972],[135.3613769,34.7057937],[135.3614598,34.7057963],[135.3615322,34.7058019],[135.3616142,34.7058139],[135.3616846,34.7058199],[135.3617661,34.7058287],[135.3618296,34.7058389],[135.3619093,34.7058578],[135.3620152,34.7058869],[135.3621046,34.7059127],[135.3622019,34.7059417],[135.3623099,34.7059738],[135.3624074,34.7060021],[135.3625205,34.7060370],[135.3626096,34.7060619],[135.3626799,34.7060819],[135.3627476,34.7061014],[135.3628251,34.7061246],[135.3629388,34.7061089],[135.3629867,34.7061012],[135.3630226,34.7060848],[135.3630734,34.7060534],[135.3631183,34.7060234],[135.3631376,34.7060058],[135.3631747,34.7059634],[135.3633318,34.7056807],[135.3634798,34.7054144],[135.3635126,34.7054210],[135.3635426,34.7054140],[135.3637370,34.7053257],[135.3638233,34.7052866],[135.3638239,34.7052600],[135.3638363,34.7052174],[135.3638569,34.7051654],[135.3638874,34.7051072],[135.3639148,34.7050679],[135.3635861,34.7047693],[135.3632913,34.7045009],[135.3626940,34.7039571],[135.3622109,34.7035185],[135.3621346,34.7034494],[135.3620932,34.7034136],[135.3621575,34.7033162],[135.3621493,34.7033118],[135.3621519,34.7033050],[135.3621766,34.7033138],[135.3622064,34.7032587],[135.3621867,34.7032506],[135.3621894,34.7032461],[135.3621976,34.7032460],[135.3622190,34.7032097],[135.3621751,34.7031898],[135.3616826,34.7029764],[135.3616584,34.7029662],[135.3616356,34.7029558],[135.3616122,34.7029476],[135.3615923,34.7029275],[135.3615834,34.7029142],[135.3615831,34.7029022],[135.3615844,34.7028888],[135.3616508,34.7028229],[135.3625826,34.7019721],[135.3630126,34.7015848],[135.3618283,34.7007025],[135.3613898,34.7003757],[135.3610269,34.7007092],[135.3605209,34.7011710],[135.3597464,34.7012023],[135.3596251,34.7011019],[135.3594038,34.7009356],[135.3593140,34.7008680],[135.3593138,34.7008679],[135.3591237,34.7007253],[135.3583333,34.7001325],[135.3581566,34.7000000],[135.3576588,34.6996267],[135.3567551,34.6989490],[135.3566642,34.6988799],[135.3550943,34.6977009],[135.3550530,34.6976702],[135.3539047,34.6968162],[135.3547926,34.6960154],[135.3566086,34.6943618],[135.3575018,34.6935497],[135.3578364,34.6932472],[135.3583333,34.6927964],[135.3587241,34.6924419],[135.3592071,34.6920051],[135.3592926,34.6919271],[135.3595778,34.6916667],[135.3597926,34.6914706],[135.3599412,34.6913383],[135.3600155,34.6913965],[135.3632359,34.6884621],[135.3633471,34.6885424],[135.3634819,34.6886336],[135.3637032,34.6884357],[135.3651959,34.6895589],[135.3649747,34.6897636],[135.3650243,34.6897993],[135.3651812,34.6899174],[135.3666222,34.6910088],[135.3666667,34.6910419],[135.3669881,34.6912813],[135.3671092,34.6913704],[135.3672524,34.6914729],[135.3673514,34.6916667],[135.3675572,34.6920697],[135.3675491,34.6920721],[135.3675916,34.6921566],[135.3676176,34.6921487],[135.3676290,34.6921724],[135.3676164,34.6921979],[135.3676326,34.6922326],[135.3678887,34.6921431],[135.3678931,34.6920875],[135.3679740,34.6920144],[135.3688554,34.6926785],[135.3687584,34.6927785],[135.3686676,34.6927139],[135.3686239,34.6927120],[135.3673585,34.6938609],[135.3666667,34.6933382],[135.3661107,34.6929181],[135.3659635,34.6929239],[135.3651459,34.6936678],[135.3651648,34.6938659],[135.3666667,34.6949937],[135.3676547,34.6957356],[135.3677282,34.6957260],[135.3693984,34.6942109],[135.3697437,34.6938992],[135.3699531,34.6940574],[135.3697670,34.6942325],[135.3694724,34.6942441],[135.3678185,34.6957478],[135.3677646,34.6957956],[135.3678939,34.6958869],[135.3678643,34.6959142],[135.3679386,34.6959699],[135.3680130,34.6960233],[135.3684536,34.6963531],[135.3687617,34.6963325],[135.3704857,34.6947605],[135.3704938,34.6947537],[135.3709271,34.6943564],[135.3709579,34.6943282],[135.3709468,34.6943060],[135.3694320,34.6931716],[135.3693938,34.6932061],[135.3693589,34.6932376],[135.3693122,34.6932065],[135.3693877,34.6931382],[135.3694255,34.6931041],[135.3695037,34.6930336],[135.3695505,34.6930647],[135.3694725,34.6931373],[135.3710326,34.6942989],[135.3724341,34.6936062],[135.3733657,34.6955388],[135.3738528,34.6965494],[135.3739133,34.6966753],[135.3744472,34.6977831],[135.3744575,34.6978042],[135.3750000,34.6989833],[135.3754250,34.6999069],[135.3754647,34.7000000],[135.3758081,34.7008047],[135.3764072,34.7020336],[135.3774186,34.7041306],[135.3784361,34.7061944],[135.3784639,34.7062508],[135.3784875,34.7062989],[135.3785081,34.7063503],[135.3787186,34.7068806],[135.3792808,34.7083333],[135.3793256,34.7084492],[135.3796719,34.7094664],[135.3798028,34.7098172],[135.3800692,34.7105311],[135.3803478,34.7113564],[135.3803511,34.7113664],[135.3804883,34.7116139],[135.3808567,34.7127294],[135.3813475,34.7142031],[135.3815778,34.7148358],[135.3818808,34.7156692],[135.3819256,34.7157925],[135.3819703,34.7159025],[135.3820053,34.7159883],[135.3820858,34.7161864],[135.3821117,34.7162497],[135.3821125,34.7162514],[135.3821925,34.7164478],[135.3822814,34.7166667],[135.3823372,34.7168036],[135.3826600,34.7175317],[135.3829872,34.7182711],[135.3830508,34.7184367],[135.3833267,34.7191539],[135.3833333,34.7191694],[135.3834139,34.7193561],[135.3840131,34.7207464],[135.3841792,34.7211642],[135.3842419,34.7213797],[135.3842658,34.7214622],[135.3842989,34.7216528],[135.3843039,34.7216822],[135.3843117,34.7217275],[135.3843164,34.7217547],[135.3843164,34.7218644],[135.3843161,34.7222439],[135.3842944,34.7225303],[135.3842656,34.7226547],[135.3841717,34.7230594],[135.3840344,34.7234772],[135.3839189,34.7237736],[135.3837164,34.7240958],[135.3833333,34.7247024],[135.3832603,34.7248181],[135.3831454,34.7250000],[135.3831025,34.7250681],[135.3827233,34.7256797],[135.3823547,34.7261092],[135.3814450,34.7271767],[135.3807514,34.7279508],[135.3804842,34.7283086],[135.3802892,34.7286667],[135.3799928,34.7292672],[135.3797978,34.7297669],[135.3797542,34.7299506],[135.3797183,34.7301011],[135.3796606,34.7304350],[135.3796331,34.7307150],[135.3796172,34.7308750],[135.3796892,34.7313403],[135.3797142,34.7314392],[135.3798272,34.7318836],[135.3799492,34.7323647],[135.3802019,34.7331461],[135.3802624,34.7333333],[135.3804419,34.7338878],[135.3804806,34.7340072],[135.3805344,34.7341736],[135.3806861,34.7350919],[135.3807800,34.7359019],[135.3807842,34.7362172],[135.3807869,34.7364506],[135.3808014,34.7369264],[135.3807950,34.7370203],[135.3807581,34.7375706],[135.3807544,34.7376167],[135.3807292,34.7379403],[135.3806642,34.7383803],[135.3806494,34.7384281],[135.3805728,34.7386733],[135.3805728,34.7386736],[135.3804764,34.7389828],[135.3804294,34.7390681],[135.3802742,34.7393511],[135.3800717,34.7398103],[135.3800067,34.7399175],[135.3798550,34.7401681],[135.3792122,34.7410911],[135.3789375,34.7415564],[135.3788703,34.7416667],[135.3786703,34.7419950],[135.3782225,34.7426628],[135.3776519,34.7435933],[135.3776292,34.7436375],[135.3773150,34.7442419],[135.3772258,34.7444136],[135.3770067,34.7449400],[135.3769875,34.7449861],[135.3768864,34.7451592],[135.3767275,34.7454753],[135.3765467,34.7460719],[135.3764094,34.7465997],[135.3762289,34.7472203],[135.3762244,34.7472414],[135.3761494,34.7475883],[135.3760428,34.7478675],[135.3759761,34.7480417],[135.3758242,34.7485964],[135.3756958,34.7489969],[135.3755931,34.7493183],[135.3753846,34.7500000],[135.3752894,34.7503111],[135.3750000,34.7514426],[135.3749933,34.7514686],[135.3748761,34.7518139],[135.3747189,34.7522769],[135.3745889,34.7525808],[135.3745272,34.7526825],[135.3744878,34.7527478],[135.3742419,34.7532447],[135.3741472,34.7534789],[135.3740894,34.7536339],[135.3739664,34.7541647],[135.3739481,34.7542544],[135.3738942,34.7545167],[135.3738003,34.7548683],[135.3737192,34.7553875],[135.3737061,34.7554708],[135.3736606,34.7556758],[135.3736122,34.7558944],[135.3735181,34.7565567],[135.3734811,34.7566933],[135.3734097,34.7569564],[135.3733519,34.7572992],[135.3733183,34.7575903],[135.3732939,34.7578000],[135.3732506,34.7582058],[135.3732465,34.7583333],[135.3732289,34.7588858],[135.3732072,34.7590708],[135.3732217,34.7593511],[135.3732217,34.7597061],[135.3732072,34.7598908],[135.3732361,34.7600697],[135.3732217,34.7607556],[135.3732236,34.7608119],[135.3732289,34.7609644],[135.3732369,34.7610536],[135.3732722,34.7614478],[135.3733300,34.7617519],[135.3733664,34.7619697],[135.3734097,34.7621247],[135.3734242,34.7623036],[135.3734675,34.7625003],[135.3734892,34.7626375],[135.3735689,34.7630072],[135.3735978,34.7632103],[135.3736844,34.7635861],[135.3737783,34.7640333],[135.3738364,34.7642511],[135.3738369,34.7642531],[135.3738686,34.7643753],[135.3738992,34.7644931],[135.3740169,34.7649489],[135.3741108,34.7652172],[135.3741342,34.7653611],[135.3741614,34.7655275],[135.3741542,34.7657006],[135.3742153,34.7660094],[135.3742700,34.7662850],[135.3743047,34.7665117],[135.3743133,34.7665683],[135.3743133,34.7671111],[135.3742989,34.7672364],[135.3743086,34.7674322],[135.3743206,34.7676778],[135.3743231,34.7677547],[135.3743422,34.7683100],[135.3743494,34.7684950],[135.3743322,34.7686108],[135.3743206,34.7686889],[135.3743300,34.7690194],[135.3743350,34.7692019],[135.3743422,34.7693569],[135.3743639,34.7695597],[135.3743567,34.7697328],[135.3742989,34.7702156],[135.3742844,34.7704067],[135.3742336,34.7706094],[135.3742192,34.7708122],[135.3741856,34.7711542],[135.3741542,34.7714714],[135.3741325,34.7723542],[135.3741253,34.7725389],[135.3741469,34.7727239],[135.3741469,34.7729206],[135.3741758,34.7732011],[135.3741758,34.7735739],[135.3741397,34.7737469],[135.3741181,34.7742122],[135.3741469,34.7744150],[135.3741614,34.7746297],[135.3741542,34.7748267],[135.3741388,34.7750000],[135.3741325,34.7750708],[135.3741036,34.7754767],[135.3741078,34.7755728],[135.3741108,34.7756406],[135.3740814,34.7757964],[135.3740747,34.7758314],[135.3740733,34.7758631],[135.3740519,34.7763911],[135.3740503,34.7764286],[135.3740386,34.7767144],[135.3740383,34.7768875],[135.3739947,34.7771081],[135.3739803,34.7777283],[135.3739225,34.7785961],[135.3739275,34.7787244],[135.3739297,34.7787811],[135.3739514,34.7789839],[135.3739469,34.7790167],[135.3739153,34.7792525],[135.3738503,34.7796878],[135.3738311,34.7797925],[135.3737850,34.7800456],[135.3734958,34.7810386],[135.3734500,34.7812297],[135.3733803,34.7815219],[135.3733586,34.7817367],[135.3732644,34.7820764],[135.3731633,34.7823092],[135.3730547,34.7828550],[135.3729394,34.7831661],[135.3728775,34.7833333],[135.3728161,34.7834992],[135.3727481,34.7837011],[135.3726933,34.7838631],[135.3724692,34.7842686],[135.3723592,34.7844539],[135.3722569,34.7843750],[135.3721997,34.7843314],[135.3720181,34.7841833],[135.3718578,34.7840533],[135.3716092,34.7838508],[135.3715831,34.7838294],[135.3712747,34.7835786],[135.3711547,34.7834825],[135.3710014,34.7833600],[135.3709681,34.7833333],[135.3705517,34.7830000],[135.3704772,34.7829386],[135.3704258,34.7828961],[135.3702406,34.7827433],[135.3703300,34.7824606],[135.3703475,34.7824050],[135.3706636,34.7814044],[135.3704603,34.7813703],[135.3695942,34.7812244],[135.3692467,34.7811658],[135.3691164,34.7809869],[135.3691092,34.7809094],[135.3696153,34.7793642],[135.3699950,34.7783294],[135.3700094,34.7781328],[135.3699661,34.7779597],[135.3697347,34.7774706],[135.3696297,34.7772469],[135.3696353,34.7771181],[135.3696461,34.7768706],[135.3696517,34.7767458],[135.3695575,34.7764297],[135.3695503,34.7763106],[135.3695936,34.7762031],[135.3697208,34.7761033],[135.3697456,34.7760839],[135.3698097,34.7760369],[135.3699761,34.7759156],[135.3700569,34.7758564],[135.3703747,34.7756244],[135.3703806,34.7756189],[135.3706017,34.7754128],[135.3708369,34.7751933],[135.3709917,34.7750494],[135.3710445,34.7750000],[135.3710658,34.7749800],[135.3711919,34.7748628],[135.3712658,34.7747936],[135.3713758,34.7746908],[135.3713861,34.7746692],[135.3714556,34.7745239],[135.3714339,34.7744586],[135.3712047,34.7743086],[135.3710508,34.7742081],[135.3710419,34.7742131],[135.3709858,34.7742439],[135.3709025,34.7743283],[135.3707544,34.7744781],[135.3706386,34.7745956],[135.3701903,34.7749772],[135.3701558,34.7750000],[135.3697203,34.7752875],[135.3696081,34.7753461],[135.3694239,34.7754425],[135.3691200,34.7755558],[135.3687514,34.7756811],[135.3685850,34.7757350],[135.3682119,34.7758375],[135.3679558,34.7759078],[135.3674283,34.7760331],[135.3668353,34.7761942],[135.3666667,34.7762273],[135.3664267,34.7762744],[135.3662097,34.7762925],[135.3655083,34.7763342],[135.3649661,34.7763400],[135.3644794,34.7763272],[135.3642861,34.7763222],[135.3637586,34.7762567],[135.3632742,34.7761194],[135.3628947,34.7759531],[135.3628506,34.7759336],[135.3626414,34.7758419],[135.3620411,34.7756156],[135.3612111,34.7753258],[135.3603494,34.7750250],[135.3602518,34.7750000],[135.3597203,34.7748639],[135.3592503,34.7747639],[135.3586392,34.7746342],[135.3584550,34.7745869],[135.3583333,34.7745556],[135.3579669,34.7744614],[135.3579625,34.7744600],[135.3579467,34.7744556],[135.3576994,34.7743836],[135.3575764,34.7743300],[135.3573483,34.7742339],[135.3572656,34.7741989],[135.3571331,34.7741219],[135.3568750,34.7739722],[135.3561953,34.7735486],[135.3557722,34.7732747],[135.3549192,34.7727222],[135.3543986,34.7724181],[135.3540119,34.7722214],[135.3539069,34.7721678],[135.3536467,34.7720664],[135.3536400,34.7720803],[135.3535906,34.7721867],[135.3535664,34.7722383],[135.3535514,34.7722706],[135.3534658,34.7724539],[135.3532489,34.7728894],[135.3530897,34.7731697],[135.3530103,34.7732414],[135.3529381,34.7732653],[135.3522617,34.7732981],[135.3520175,34.7733389],[135.3519417,34.7733514],[135.3518878,34.7733606],[135.3516544,34.7733994],[135.3511483,34.7733814],[135.3500000,34.7733943],[135.3495431,34.7733994],[135.3494811,34.7734192],[135.3494117,34.7734411],[135.3492142,34.7735039],[135.3490911,34.7736650],[135.3489647,34.7737406],[135.3489175,34.7737689],[135.3488019,34.7738378],[135.3482742,34.7740942],[135.3481582,34.7742374],[135.3480136,34.7743567],[135.3480131,34.7743572],[135.3479306,34.7744072],[135.3478475,34.7744581],[135.3476200,34.7745506],[135.3475186,34.7745625],[135.3473958,34.7745506],[135.3471136,34.7744789],[135.3469856,34.7744408],[135.3469792,34.7744389],[135.3468317,34.7743953],[135.3466003,34.7743536],[135.3463978,34.7743594],[135.3463508,34.7743706],[135.3463400,34.7743733],[135.3462167,34.7744028],[135.3461394,34.7744211],[135.3460217,34.7744492],[135.3451147,34.7746867],[135.3448142,34.7747653],[135.3443367,34.7748933],[135.3442139,34.7749264],[135.3439041,34.7750000],[135.3436014,34.7750719],[135.3430464,34.7752036],[135.3427572,34.7752575],[135.3424681,34.7753408],[135.3423811,34.7754483],[135.3422800,34.7756094],[135.3422944,34.7757703],[135.3423486,34.7762503],[135.3423197,34.7764411],[135.3418281,34.7772047],[135.3417314,34.7774125],[135.3416667,34.7775520],[135.3416617,34.7775628],[135.3416667,34.7776456],[135.3416700,34.7777008],[135.3416833,34.7779267],[135.3418497,34.7785647],[135.3418533,34.7786928],[135.3418172,34.7791819],[135.3417808,34.7793669],[135.3416869,34.7795578],[135.3416667,34.7795776],[135.3415711,34.7796711],[135.3413181,34.7798919],[135.3411156,34.7800114],[135.3409783,34.7801664],[135.3408408,34.7803453],[135.3407000,34.7804258],[135.3404600,34.7805078],[135.3389428,34.7810281],[135.3383717,34.7812069],[135.3380464,34.7813025],[135.3373703,34.7814486],[135.3371894,34.7814906],[135.3366036,34.7816992],[135.3362197,34.7818075],[135.3360325,34.7818603],[135.3354683,34.7819856],[135.3352369,34.7819856],[135.3351067,34.7817886],[135.3350492,34.7816039],[135.3349986,34.7815381],[135.3348828,34.7814844],[135.3346806,34.7814428],[135.3344492,34.7814367],[135.3342031,34.7814667],[135.3339644,34.7815381],[135.3333333,34.7817997],[135.3331511,34.7818753],[135.3331075,34.7819586],[135.3330931,34.7821614],[135.3330786,34.7822983],[135.3330353,34.7824236],[135.3324569,34.7824594],[135.3321903,34.7824325],[135.3321336,34.7824267],[135.3320133,34.7824144],[135.3319867,34.7824117],[135.3319778,34.7823375],[135.3319722,34.7822925],[135.3318586,34.7822219],[135.3318567,34.7822208],[135.3318331,34.7822156],[135.3310686,34.7820419],[135.3307144,34.7819764],[135.3289308,34.7813389],[135.3287872,34.7812875],[135.3284911,34.7811981],[135.3283897,34.7811803],[135.3283031,34.7811981],[135.3282575,34.7812531],[135.3282236,34.7812936],[135.3281439,34.7813531],[135.3281367,34.7813511],[135.3271967,34.7810847],[135.3265856,34.7808311],[135.3264264,34.7808194],[135.3263108,34.7808550],[135.3260578,34.7810219],[135.3256167,34.7813917],[135.3253492,34.7815886],[135.3251756,34.7817317],[135.3250561,34.7818778],[135.3250000,34.7820169],[135.3249767,34.7820747],[135.3249047,34.7822119],[135.3247961,34.7824625],[135.3247311,34.7825519],[135.3244047,34.7827447],[135.3234074,34.7833333],[135.3228972,34.7836344],[135.3218814,34.7842342],[135.3209698,34.7847724],[135.3203311,34.7851494],[135.3201186,34.7852308],[135.3199261,34.7853044],[135.3195500,34.7853283],[135.3191886,34.7852686],[135.3188269,34.7852447],[135.3184075,34.7852686],[135.3181906,34.7854597],[135.3181183,34.7858056],[135.3179158,34.7861994],[135.3177056,34.7865367],[135.3176556,34.7866169],[135.3175833,34.7867836],[135.3173519,34.7872131],[135.3171931,34.7874281],[135.3170772,34.7875592],[135.3170339,34.7877381],[135.3168361,34.7879147],[135.3166869,34.7880483],[135.3166667,34.7880542],[135.3163542,34.7881439],[135.3158914,34.7882631],[135.3155297,34.7882989],[135.3150669,34.7882511],[135.3146058,34.7883158],[135.3137022,34.7886258],[135.3131147,34.7887489],[135.3129558,34.7888683],[135.3126593,34.7889537],[135.3123339,34.7890472],[135.3119867,34.7891008],[135.3113142,34.7891128],[135.3111406,34.7891008],[135.3109164,34.7890053],[135.3107792,34.7888444],[135.3107431,34.7887131],[135.3106561,34.7886356],[135.3104464,34.7885639],[135.3100128,34.7884983],[135.3096658,34.7884686],[135.3088594,34.7884119],[135.3084183,34.7884119],[135.3083333,34.7884209],[135.3080206,34.7884536],[135.3078111,34.7884953],[135.3076014,34.7885492],[135.3074278,34.7886206],[135.3071964,34.7887281],[135.3070950,34.7888056],[135.3069869,34.7888472],[135.3068856,34.7888711],[135.3067628,34.7888711],[135.3061842,34.7887936],[135.3052550,34.7885939],[135.3050381,34.7885342],[135.3048500,34.7884028],[135.3042933,34.7880092],[135.3041125,34.7879019],[135.3038092,34.7877883],[135.3035053,34.7877108],[135.3032667,34.7876869],[135.3029828,34.7877261],[135.3029631,34.7877289],[135.3027425,34.7877914],[135.3025617,34.7877975],[135.3024242,34.7877794],[135.3023158,34.7877556],[135.3021856,34.7876842],[135.3020047,34.7875767],[135.3017881,34.7875408],[135.3015564,34.7875886],[135.3013831,34.7876542],[135.3011878,34.7876900],[135.3011081,34.7877378],[135.3008911,34.7878869],[135.3008767,34.7880300],[135.3009492,34.7882389],[135.3010647,34.7884058],[135.3011661,34.7884833],[135.3013033,34.7885492],[135.3014842,34.7886444],[135.3016867,34.7887997],[135.3018675,34.7889664],[135.3019542,34.7891333],[135.3019831,34.7892347],[135.3019975,34.7893361],[135.3020047,34.7894197],[135.3020339,34.7894853],[135.3022689,34.7898344],[135.3024494,34.7900133],[135.3026956,34.7902222],[135.3028183,34.7904131],[135.3029847,34.7905322],[135.3033753,34.7906694],[135.3039822,34.7908961],[135.3041847,34.7909856],[135.3044306,34.7911586],[135.3046114,34.7912900],[135.3048753,34.7914003],[135.3053019,34.7915375],[135.3055261,34.7915911],[135.3057214,34.7916211],[135.3059456,34.7916508],[135.3059478,34.7916514],[135.3060072,34.7916667],[135.3060614,34.7916806],[135.3062347,34.7917881],[135.3064586,34.7918953],[135.3066467,34.7919789],[135.3069056,34.7920881],[135.3069722,34.7921158],[135.3070950,34.7921456],[135.3072181,34.7921814],[135.3072292,34.7921833],[135.3074133,34.7922172],[135.3078544,34.7922472],[135.3083333,34.7922983],[135.3084436,34.7923100],[135.3087547,34.7923397],[135.3091019,34.7924158],[135.3092175,34.7924411],[135.3094706,34.7925128],[135.3097161,34.7926319],[135.3098753,34.7927453],[135.3099258,34.7928286],[135.3099186,34.7928883],[135.3098175,34.7929242],[135.3088486,34.7930614],[135.3085811,34.7931031],[135.3084003,34.7931092],[135.3083333,34.7931230],[135.3082847,34.7931331],[135.3081842,34.7931722],[135.3080097,34.7932403],[135.3076050,34.7934133],[135.3072144,34.7935444],[135.3071047,34.7935794],[135.3067083,34.7937056],[135.3064769,34.7937414],[135.3063250,34.7937892],[135.3061947,34.7938608],[135.3061225,34.7939442],[135.3060394,34.7940486],[135.3059958,34.7941800],[135.3059742,34.7944303],[135.3060175,34.7945614],[135.3060250,34.7946867],[135.3059236,34.7947761],[135.3057936,34.7948000],[135.3056419,34.7947822],[135.3055986,34.7948894],[135.3054900,34.7950147],[135.3053453,34.7950386],[135.3051936,34.7950208],[135.3050922,34.7949550],[135.3050200,34.7948536],[135.3049767,34.7950208],[135.3046797,34.7957699],[135.3046078,34.7959514],[135.3044109,34.7963344],[135.3039533,34.7972247],[135.3037606,34.7976347],[135.3036642,34.7978392],[135.3034797,34.7982478],[135.3034386,34.7984456],[135.3034364,34.7984567],[135.3034581,34.7986533],[135.3034869,34.7988381],[135.3034653,34.7989872],[135.3033931,34.7992019],[135.3033350,34.7993272],[135.3031328,34.7996911],[135.3029267,34.7999567],[135.3028959,34.8000000],[135.3028253,34.8000997],[135.3027025,34.8002192],[135.3024492,34.8004756],[135.3022975,34.8006486],[135.3021728,34.8007681],[135.3021167,34.8008217],[135.3020081,34.8009944],[135.3019806,34.8011020],[135.3019792,34.8011075],[135.3019358,34.8014119],[135.3018997,34.8015669],[135.3018519,34.8017272],[135.3018456,34.8017489],[135.3018383,34.8019100],[135.3018456,34.8020831],[135.3018889,34.8021664],[135.3019683,34.8022442],[135.3021853,34.8023097],[135.3023878,34.8023514],[135.3025831,34.8023514],[135.3034219,34.8023336],[135.3038556,34.8022978],[135.3040581,34.8023097],[135.3042461,34.8023633],[135.3050053,34.8026675],[135.3051546,34.8027439],[135.3054247,34.8028822],[135.3060378,34.8031319],[135.3062817,34.8032314],[135.3067372,34.8034044],[135.3073806,34.8036131],[135.3077708,34.8037622],[135.3083333,34.8040334],[135.3084144,34.8040725],[135.3088772,34.8042989],[135.3099581,34.8048031],[135.3110789,34.8052683],[135.3112814,34.8053458],[135.3114911,34.8053936],[135.3116864,34.8054114],[135.3122722,34.8054114],[135.3124708,34.8054858],[135.3126372,34.8055756],[135.3128181,34.8057067],[135.3136061,34.8062494],[135.3137939,34.8064225],[135.3142567,34.8068758],[135.3143364,34.8069772],[135.3144808,34.8071086],[135.3146472,34.8072339],[135.3148822,34.8073736],[135.3152222,34.8075767],[135.3153644,34.8076397],[135.3154103,34.8076600],[135.3155911,34.8077358],[135.3160031,34.8081594],[135.3161205,34.8083333],[135.3163117,34.8086164],[135.3163575,34.8086844],[135.3165744,34.8088478],[135.3166667,34.8089171],[135.3168492,34.8090542],[135.3168625,34.8090653],[135.3171081,34.8092719],[135.3172181,34.8093644],[135.3173372,34.8095044],[135.3174458,34.8095044],[135.3175108,34.8093911],[135.3175614,34.8090392],[135.3175181,34.8085619],[135.3175287,34.8083333],[135.3175469,34.8079417],[135.3177783,34.8075364],[135.3181581,34.8071156],[135.3183317,34.8069606],[135.3185267,34.8069428],[135.3187508,34.8069069],[135.3189606,34.8069189],[135.3191342,34.8069786],[135.3193800,34.8070739],[135.3197272,34.8071992],[135.3203197,34.8072828],[135.3211875,34.8074019],[135.3215239,34.8074944],[135.3217472,34.8075825],[135.3226447,34.8079358],[135.3236374,34.8083333],[135.3244108,34.8086431],[135.3246836,34.8087531],[135.3250000,34.8088828],[135.3253597,34.8090303],[135.3255622,34.8091675],[135.3256994,34.8093047],[135.3259669,34.8095494],[135.3262802,34.8098309],[135.3262922,34.8098417],[135.3264297,34.8099489],[135.3266106,34.8100503],[135.3267767,34.8101281],[135.3274058,34.8103486],[135.3279339,34.8104800],[135.3279636,34.8104878],[135.3285589,34.8106439],[135.3287686,34.8106797],[135.3290725,34.8108467],[135.3292097,34.8109364],[135.3294775,34.8110436],[135.3295353,34.8111211],[135.3295553,34.8111489],[135.3296508,34.8112822],[135.3297667,34.8114850],[135.3299331,34.8116281],[135.3300775,34.8117114],[135.3304464,34.8118725],[135.3307283,34.8120933],[135.3309161,34.8122244],[135.3310933,34.8123169],[135.3312525,34.8124064],[135.3313681,34.8125258],[135.3317297,34.8129672],[135.3319828,34.8132944],[135.3319972,34.8133133],[135.3323356,34.8136353],[135.3326253,34.8137674],[135.3332583,34.8139700],[135.3333333,34.8138135],[135.3336446,34.8131640],[135.3338001,34.8129262],[135.3346197,34.8133824],[135.3344748,34.8139153],[135.3347887,34.8140144],[135.3350515,34.8137832],[135.3353036,34.8136687],[135.3353519,34.8137260],[135.3355102,34.8136357],[135.3359116,34.8141176],[135.3364615,34.8145998],[135.3371582,34.8150519],[135.3373004,34.8150563],[135.3375498,34.8153624],[135.3376464,34.8155385],[135.3377430,34.8154813],[135.3377845,34.8157108],[135.3378106,34.8158169],[135.3378106,34.8159125],[135.3377383,34.8160975],[135.3374778,34.8164314],[135.3374319,34.8165719],[135.3374272,34.8165867],[135.3374211,34.8166458],[135.3374191,34.8166667],[135.3374181,34.8166772],[135.3374056,34.8168014],[135.3373622,34.8169800],[135.3372464,34.8171114],[135.3371525,34.8171650],[135.3368814,34.8172267],[135.3367331,34.8172606],[135.3361908,34.8174275],[135.3358075,34.8175622],[135.3356739,34.8176094],[135.3352544,34.8177228],[135.3348425,34.8178242],[135.3347556,34.8179197],[135.3346822,34.8180456],[135.3344417,34.8184578],[135.3344158,34.8185017],[135.3343900,34.8185461],[135.3343867,34.8185519],[135.3342417,34.8186894],[135.3341914,34.8187369],[135.3340975,34.8188261],[135.3338119,34.8192825],[135.3335828,34.8196939],[135.3335661,34.8197239],[135.3333853,34.8200342],[135.3333419,34.8200758],[135.3333333,34.8200797],[135.3332622,34.8201117],[135.3328719,34.8201414],[135.3327344,34.8201833],[135.3326622,34.8203086],[135.3326183,34.8203611],[135.3322897,34.8207525],[135.3322319,34.8208361],[135.3321814,34.8210092],[135.3322392,34.8211642],[135.3324056,34.8215042],[135.3325022,34.8215875],[135.3327733,34.8218208],[135.3329117,34.8219397],[135.3329314,34.8219651],[135.3329767,34.8220233],[135.3330064,34.8220772],[135.3330128,34.8220889],[135.3328972,34.8221664],[135.3325356,34.8223514],[135.3322825,34.8225303],[135.3320872,34.8226497],[135.3319064,34.8228344],[135.3318053,34.8229833],[135.3317547,34.8231206],[135.3317439,34.8232847],[135.3317294,34.8234636],[135.3316931,34.8236664],[135.3316425,34.8237858],[135.3315558,34.8238753],[135.3314328,34.8239828],[135.3307964,34.8243167],[135.3301494,34.8246717],[135.3299936,34.8247840],[135.3299761,34.8247967],[135.3298386,34.8249339],[135.3297831,34.8250000],[135.3297083,34.8250889],[135.3295783,34.8252797],[135.3295517,34.8253192],[135.3294336,34.8254947],[135.3293614,34.8256914],[135.3293469,34.8258644],[135.3293036,34.8261389],[135.3292600,34.8262522],[135.3291733,34.8263536],[135.3291433,34.8263656],[135.3289925,34.8264253],[135.3281900,34.8265506],[135.3280344,34.8265533],[135.3278103,34.8264997],[135.3276656,34.8263806],[135.3275644,34.8262194],[135.3271522,34.8255989],[135.3270294,34.8254558],[135.3266103,34.8250978],[135.3264609,34.8250000],[135.3263281,34.8249131],[135.3261728,34.8247847],[135.3260136,34.8246356],[135.3257678,34.8243672],[135.3257211,34.8243864],[135.3250000,34.8246838],[135.3246309,34.8248361],[135.3244228,34.8249219],[135.3244574,34.8250000],[135.3247769,34.8257214],[135.3233647,34.8261642],[135.3231322,34.8262369],[135.3232844,34.8264186],[135.3233358,34.8264797],[135.3233925,34.8265472],[135.3235419,34.8267067],[135.3235661,34.8267322],[135.3237256,34.8269197],[135.3239925,34.8272333],[135.3240525,34.8273131],[135.3242311,34.8275494],[135.3245347,34.8279731],[135.3247144,34.8281817],[135.3247633,34.8282383],[135.3248892,34.8283842],[135.3250000,34.8285923],[135.3250592,34.8287033],[135.3251314,34.8288644],[135.3252000,34.8290294],[135.3252108,34.8290553],[135.3252689,34.8292583],[135.3252833,34.8293956],[135.3252325,34.8298728],[135.3252183,34.8299475],[135.3251314,34.8304094],[135.3250917,34.8305794],[135.3250556,34.8307108],[135.3250483,34.8308064],[135.3250628,34.8310267],[135.3250844,34.8313906],[135.3250917,34.8316053],[135.3250556,34.8318142],[135.3250411,34.8320706],[135.3250333,34.8322436],[135.3250000,34.8324264],[135.3249936,34.8324614],[135.3249219,34.8328564],[135.3248853,34.8330581],[135.3248203,34.8332847],[135.3248025,34.8333333],[135.3247550,34.8334633],[135.3246322,34.8337258],[135.3244514,34.8340361],[135.3242886,34.8343731],[135.3241078,34.8345819],[135.3238983,34.8348086],[135.3236308,34.8350711],[135.3234067,34.8352797],[135.3231969,34.8354528],[135.3229656,34.8355722],[135.3226836,34.8356853],[135.3224992,34.8357956],[135.3219208,34.8359806],[135.3217986,34.8360164],[135.3217183,34.8360400],[135.3216342,34.8360706],[135.3215375,34.8361058],[135.3214417,34.8361614],[135.3213422,34.8362192],[135.3212006,34.8363156],[135.3211758,34.8363325],[135.3210747,34.8364219],[135.3210022,34.8365675],[135.3209553,34.8366333],[135.3208853,34.8367733],[135.3208753,34.8368886],[135.3208753,34.8370122],[135.3209053,34.8372925],[135.3209753,34.8377425],[135.3209892,34.8380656],[135.3209953,34.8382119],[135.3209953,34.8384122],[135.3210153,34.8387419],[135.3209753,34.8391211],[135.3209453,34.8393022],[135.3208553,34.8395744],[135.3206753,34.8399278],[135.3205053,34.8402242],[135.3204053,34.8403233],[135.3202753,34.8404139],[135.3199381,34.8405564],[135.3195881,34.8407461],[135.3194581,34.8408614],[135.3193481,34.8410097],[135.3192281,34.8412158],[135.3190286,34.8416667],[135.3190181,34.8416906],[135.3188183,34.8420778],[135.3187981,34.8421192],[135.3187183,34.8422836],[135.3185983,34.8426322],[135.3185583,34.8429206],[135.3185497,34.8429461],[135.3184883,34.8431300],[135.3184783,34.8431597],[135.3183283,34.8434150],[135.3181383,34.8437119],[135.3180283,34.8438189],[135.3178933,34.8439969],[135.3177744,34.8441536],[135.3175342,34.8445078],[135.3174442,34.8446642],[135.3173842,34.8448372],[135.3172342,34.8451389],[135.3171456,34.8452689],[135.3171442,34.8452708],[135.3171400,34.8452733],[135.3169142,34.8454108],[135.3167242,34.8454850],[135.3166667,34.8455276],[135.3166242,34.8455592],[135.3164442,34.8458394],[135.3163642,34.8460539],[135.3163642,34.8462022],[135.3163742,34.8463506],[135.3163642,34.8465533],[135.3162542,34.8467592],[135.3162036,34.8468025],[135.3160342,34.8469486],[135.3154642,34.8472453],[135.3149842,34.8474347],[135.3148103,34.8475633],[135.3146258,34.8477450],[135.3143003,34.8480661],[135.3140300,34.8483544],[135.3137703,34.8486925],[135.3137103,34.8488572],[135.3137100,34.8490550],[135.3137400,34.8492000],[135.3138100,34.8494058],[135.3138800,34.8496036],[135.3140067,34.8497703],[135.3140869,34.8498756],[135.3141703,34.8499853],[135.3141822,34.8500000],[135.3143303,34.8501831],[135.3145189,34.8504494],[135.3145456,34.8504869],[135.3146803,34.8506775],[135.3148761,34.8509003],[135.3148903,34.8509167],[135.3151308,34.8512192],[135.3152703,34.8513944],[135.3153242,34.8514564],[135.3157903,34.8519928],[135.3159450,34.8522481],[135.3160503,34.8524214],[135.3161103,34.8525617],[135.3161103,34.8526769],[135.3161203,34.8530383],[135.3160203,34.8534094],[135.3159303,34.8536978],[135.3158403,34.8539417],[135.3157303,34.8543044],[135.3156303,34.8546506],[135.3155803,34.8548647],[135.3155703,34.8552133],[135.3155642,34.8553025],[135.3155403,34.8556583],[135.3155403,34.8562269],[135.3154903,34.8564081],[135.3154203,34.8565400],[135.3152786,34.8567525],[135.3152003,34.8568697],[135.3149303,34.8571994],[135.3145792,34.8576081],[135.3142092,34.8579461],[135.3139292,34.8581519],[135.3135392,34.8583086],[135.3134251,34.8583333],[135.3133700,34.8583453],[135.3133492,34.8583497],[135.3131592,34.8583497],[135.3130642,34.8583333],[135.3129692,34.8583169],[135.3126992,34.8582506],[135.3125250,34.8581822],[135.3120850,34.8579847],[135.3118350,34.8578611],[135.3115150,34.8576717],[135.3111753,34.8574656],[135.3108253,34.8572347],[135.3104611,34.8569578],[135.3097311,34.8564303],[135.3095847,34.8563419],[135.3094311,34.8562492],[135.3091708,34.8561022],[135.3090811,34.8560514],[135.3089845,34.8559938],[135.3085414,34.8557297],[135.3083333,34.8556320],[135.3079575,34.8554556],[135.3078881,34.8554278],[135.3075514,34.8552928],[135.3075425,34.8552892],[135.3072372,34.8551669],[135.3068372,34.8550186],[135.3065658,34.8549364],[135.3063517,34.8548714],[135.3063256,34.8548633],[135.3062172,34.8548306],[135.3060956,34.8547936],[135.3060678,34.8547853],[135.3058867,34.8547303],[135.3058247,34.8547167],[135.3057367,34.8546972],[135.3053067,34.8546478],[135.3047764,34.8545983],[135.3041667,34.8545825],[135.3038164,34.8545736],[135.3036381,34.8545769],[135.3033867,34.8545822],[135.3030567,34.8545656],[135.3028931,34.8545481],[135.3028267,34.8545408],[135.3026367,34.8544750],[135.3023267,34.8543431],[135.3017767,34.8541453],[135.3014467,34.8540464],[135.3014072,34.8540439],[135.3011967,34.8540300],[135.3009967,34.8540464],[135.3009028,34.8540744],[135.3006669,34.8541453],[135.3003669,34.8543019],[135.3000417,34.8545367],[135.3000289,34.8545458],[135.3000000,34.8545746],[135.2997889,34.8547847],[135.2996989,34.8549167],[135.2996489,34.8550567],[135.2996189,34.8552872],[135.2996089,34.8554769],[135.2996189,34.8557489],[135.2996789,34.8559300],[135.2997389,34.8561114],[135.2998489,34.8562928],[135.3000000,34.8565287],[135.3000389,34.8565894],[135.3002189,34.8567956],[135.3003989,34.8569850],[135.3006489,34.8571828],[135.3009086,34.8574300],[135.3012686,34.8577672],[135.3015386,34.8580639],[135.3016789,34.8582583],[135.3017329,34.8583333],[135.3017528,34.8583608],[135.3017586,34.8583686],[135.3018686,34.8585828],[135.3018847,34.8586253],[135.3019286,34.8587394],[135.3019486,34.8589042],[135.3018786,34.8590444],[135.3018386,34.8590667],[135.3015986,34.8592008],[135.3014306,34.8592603],[135.3013886,34.8592750],[135.3011986,34.8592997],[135.3009186,34.8592997],[135.3007856,34.8593161],[135.3007189,34.8593244],[135.3004489,34.8592997],[135.3000189,34.8592422],[135.3000000,34.8592400],[135.2999817,34.8592378],[135.2996789,34.8592008],[135.2989992,34.8590439],[135.2987147,34.8589783],[135.2981650,34.8588881],[135.2975850,34.8588056],[135.2971750,34.8587314],[135.2968450,34.8586983],[135.2967164,34.8587033],[135.2966350,34.8587067],[135.2966097,34.8587150],[135.2966061,34.8587164],[135.2963808,34.8587917],[135.2960508,34.8589564],[135.2957197,34.8591011],[135.2955411,34.8591789],[135.2952811,34.8591872],[135.2948911,34.8591789],[135.2942211,34.8591458],[135.2940211,34.8591503],[135.2938411,34.8591542],[135.2936511,34.8591542],[135.2936017,34.8591658],[135.2934467,34.8592022],[135.2934414,34.8592036],[135.2932614,34.8592944],[135.2931714,34.8593933],[135.2931339,34.8594475],[135.2930947,34.8595039],[135.2930514,34.8595664],[135.2929614,34.8597394],[135.2929314,34.8598875],[135.2929914,34.8600439],[135.2930614,34.8602089],[135.2931614,34.8603161],[135.2932914,34.8604644],[135.2934042,34.8605458],[135.2934514,34.8605797],[135.2935714,34.8606869],[135.2937114,34.8608353],[135.2938211,34.8610164],[135.2938611,34.8611647],[135.2938389,34.8613269],[135.2937456,34.8613225],[135.2935342,34.8613128],[135.2933803,34.8613056],[135.2931558,34.8612878],[135.2930111,34.8612697],[135.2927794,34.8612339],[135.2925986,34.8611922],[135.2923886,34.8611147],[135.2922003,34.8610253],[135.2919928,34.8609022],[135.2918550,34.8607950],[135.2917103,34.8606578],[135.2916667,34.8606098],[135.2916017,34.8605383],[135.2914664,34.8603678],[135.2912783,34.8599922],[135.2911986,34.8598431],[135.2911692,34.8597450],[135.2911406,34.8596506],[135.2911044,34.8594239],[135.2910683,34.8592867],[135.2909908,34.8591656],[135.2908753,34.8590044],[135.2908392,34.8588614],[135.2907667,34.8586864],[135.2907522,34.8584358],[135.2907411,34.8583333],[135.2907089,34.8580344],[135.2906581,34.8576628],[135.2906147,34.8573825],[135.2904989,34.8569375],[135.2903975,34.8566450],[135.2903108,34.8564183],[135.2901608,34.8561422],[135.2900522,34.8559992],[135.2899800,34.8558739],[135.2898714,34.8557247],[135.2897989,34.8556172],[135.2896325,34.8554386],[135.2894486,34.8552817],[135.2891953,34.8551086],[135.2890142,34.8549717],[135.2888550,34.8548642],[135.2886450,34.8547269],[135.2884394,34.8547211],[135.2882658,34.8547925],[135.2881283,34.8548881],[135.2879836,34.8550192],[135.2877664,34.8552161],[135.2875711,34.8553711],[135.2873975,34.8554844],[135.2872600,34.8555503],[135.2871153,34.8555858],[135.2869850,34.8555978],[135.2868400,34.8555919],[135.2864803,34.8555244],[135.2862778,34.8555125],[135.2860894,34.8555544],[135.2858506,34.8555483],[135.2856842,34.8555125],[135.2855683,34.8554589],[135.2854164,34.8553336],[135.2852281,34.8551189],[135.2851658,34.8550492],[135.2848397,34.8546839],[135.2847094,34.8545647],[135.2845864,34.8544214],[135.2844778,34.8542606],[135.2844197,34.8541172],[135.2843692,34.8539544],[135.2843039,34.8537575],[135.2843039,34.8536203],[135.2843331,34.8534533],[135.2843547,34.8533042],[135.2842967,34.8532028],[135.2841519,34.8530656],[135.2840000,34.8528747],[135.2838211,34.8526819],[135.2835939,34.8525472],[135.2834419,34.8524817],[135.2833333,34.8524518],[135.2833117,34.8524458],[135.2831161,34.8524397],[135.2829714,34.8524517],[135.2828339,34.8524578],[135.2827253,34.8524397],[135.2825950,34.8523683],[135.2824358,34.8522550],[135.2823200,34.8521356],[135.2822635,34.8520270],[135.2822258,34.8519547],[135.2822186,34.8518475],[135.2822475,34.8517461],[135.2822547,34.8516328],[135.2822114,34.8513208],[135.2821969,34.8511597],[135.2821825,34.8509153],[135.2822114,34.8506947],[135.2822692,34.8504978],[135.2823633,34.8502114],[135.2824067,34.8500564],[135.2824276,34.8500000],[135.2824864,34.8498417],[135.2825661,34.8496806],[135.2827586,34.8493608],[135.2829033,34.8490447],[135.2829758,34.8487822],[135.2830047,34.8486867],[135.2829614,34.8486033],[135.2828308,34.8485317],[135.2826717,34.8485972],[135.2824133,34.8486986],[135.2822394,34.8487283],[135.2820586,34.8487283],[135.2818558,34.8486808],[135.2816461,34.8486211],[135.2815603,34.8485986],[135.2814867,34.8485794],[135.2812669,34.8484803],[135.2812019,34.8484444],[135.2811150,34.8483669],[135.2810208,34.8482358],[135.2808689,34.8480211],[135.2807531,34.8478958],[135.2806083,34.8478003],[135.2804317,34.8476928],[135.2802725,34.8476214],[135.2801711,34.8475975],[135.2800047,34.8475856],[135.2798453,34.8475794],[135.2796789,34.8476214],[135.2795125,34.8476631],[135.2793458,34.8476869],[135.2792083,34.8477525],[135.2790853,34.8478419],[135.2789333,34.8478958],[135.2786989,34.8479256],[135.2784453,34.8479314],[135.2782719,34.8479017],[135.2780331,34.8479136],[135.2778231,34.8479733],[135.2775842,34.8480447],[135.2774150,34.8480628],[135.2772339,34.8480150],[135.2771906,34.8479553],[135.2770675,34.8478061],[135.2769156,34.8475975],[135.2766983,34.8473828],[135.2765392,34.8472275],[135.2764089,34.8471739],[135.2762278,34.8471858],[135.2760250,34.8472694],[135.2758875,34.8473231],[135.2756197,34.8475200],[135.2753153,34.8476869],[135.2750000,34.8478740],[135.2749533,34.8479017],[135.2748664,34.8479433],[135.2747653,34.8479375],[135.2746908,34.8478936],[135.2746131,34.8478481],[135.2742389,34.8476392],[135.2738842,34.8474900],[135.2736817,34.8473708],[135.2734428,34.8472275],[135.2731792,34.8470547],[135.2729331,34.8468819],[135.2727594,34.8468103],[135.2725856,34.8468222],[135.2724481,34.8468639],[135.2724097,34.8468769],[135.2722892,34.8469175],[135.2720864,34.8470091],[135.2719361,34.8470769],[135.2717339,34.8471681],[135.2714017,34.8473306],[135.2712228,34.8474183],[135.2710392,34.8475081],[135.2706264,34.8476869],[135.2700083,34.8479972],[135.2697042,34.8481642],[135.2695739,34.8481939],[135.2692167,34.8482358],[135.2690139,34.8482417],[135.2687244,34.8482714],[135.2679933,34.8483311],[135.2674794,34.8483789],[135.2669075,34.8483850],[135.2667962,34.8483925],[135.2666667,34.8484013],[135.2664661,34.8484147],[135.2660681,34.8484147],[135.2658800,34.8484028],[135.2655558,34.8483908],[135.2653892,34.8483372],[135.2652228,34.8483014],[135.2650272,34.8482417],[135.2647811,34.8481700],[135.2646147,34.8480628],[135.2644628,34.8479672],[135.2644311,34.8478997],[135.2643875,34.8478069],[135.2643222,34.8476158],[135.2642789,34.8475025],[135.2642500,34.8473236],[135.2642353,34.8471625],[135.2642861,34.8469503],[135.2643150,34.8468131],[135.2643222,34.8466578],[135.2643222,34.8462642],[135.2642789,34.8461450],[135.2641414,34.8459958],[135.2641164,34.8459739],[135.2640400,34.8459064],[135.2638272,34.8458459],[135.2638083,34.8458406],[135.2636056,34.8457453],[135.2634319,34.8456617],[135.2632914,34.8455628],[135.2631828,34.8454553],[135.2631106,34.8453361],[135.2630525,34.8451433],[135.2629442,34.8448750],[135.2628136,34.8447081],[135.2626472,34.8445292],[135.2623456,34.8443244],[135.2620272,34.8440919],[135.2619839,34.8440025],[135.2619983,34.8439247],[135.2620128,34.8437697],[135.2620633,34.8436564],[135.2620922,34.8434953],[135.2620922,34.8434058],[135.2620344,34.8433044],[135.2618317,34.8432031],[135.2615756,34.8430878],[135.2614525,34.8430164],[135.2612497,34.8428731],[135.2610833,34.8427181],[135.2609856,34.8425603],[135.2609806,34.8425525],[135.2609116,34.8424412],[135.2608197,34.8422928],[135.2607692,34.8421914],[135.2606461,34.8420422],[135.2605231,34.8419408],[135.2603711,34.8418931],[135.2601828,34.8418692],[135.2598831,34.8418811],[135.2597094,34.8419108],[135.2595431,34.8419050],[135.2594394,34.8419303],[135.2593475,34.8419528],[135.2589928,34.8420781],[135.2588267,34.8421375],[135.2587183,34.8422089],[135.2586094,34.8422808],[135.2584792,34.8423583],[135.2583333,34.8424170],[135.2581144,34.8425050],[135.2579622,34.8425528],[135.2576872,34.8426422],[135.2575353,34.8427497],[135.2573325,34.8429703],[135.2571878,34.8431136],[135.2568186,34.8432328],[135.2565586,34.8433056],[135.2563358,34.8433678],[135.2558872,34.8435347],[135.2558361,34.8434397],[135.2557975,34.8433678],[135.2554067,34.8434153],[135.2552183,34.8434153],[135.2550086,34.8434392],[135.2546539,34.8434931],[135.2543831,34.8435764],[135.2542239,34.8436419],[135.2540719,34.8436656],[135.2537939,34.8437011],[135.2536058,34.8437253],[135.2530917,34.8436894],[135.2528747,34.8436836],[135.2526722,34.8437014],[135.2524406,34.8437611],[135.2522958,34.8438208],[135.2522211,34.8438709],[135.2521800,34.8438983],[135.2520281,34.8440058],[135.2518225,34.8443278],[135.2516053,34.8446381],[135.2514533,34.8448050],[135.2513447,34.8448169],[135.2512144,34.8447753],[135.2509756,34.8447097],[135.2504400,34.8445544],[135.2502156,34.8445067],[135.2500272,34.8445247],[135.2500000,34.8445336],[135.2494050,34.8447275],[135.2488258,34.8449542],[135.2483264,34.8451153],[135.2477403,34.8453478],[135.2477028,34.8454817],[135.2476750,34.8455803],[135.2474578,34.8458486],[135.2473058,34.8459919],[135.2472089,34.8460633],[135.2468978,34.8462142],[135.2464239,34.8464600],[135.2461428,34.8466194],[135.2459928,34.8467303],[135.2457936,34.8469192],[135.2455622,34.8471903],[135.2453861,34.8473544],[135.2453647,34.8473697],[135.2451094,34.8475536],[135.2449869,34.8476547],[135.2449453,34.8476644],[135.2448131,34.8476931],[135.2446117,34.8477864],[135.2443108,34.8480133],[135.2440308,34.8481469],[135.2439094,34.8481689],[135.2436731,34.8481650],[135.2434014,34.8481375],[135.2432772,34.8481250],[135.2430064,34.8480103],[135.2428419,34.8479208],[135.2426775,34.8478617],[135.2422064,34.8477347],[135.2420050,34.8476889],[135.2419078,34.8476697],[135.2417203,34.8476603],[135.2416667,34.8476627],[135.2414217,34.8476736],[135.2407422,34.8476936],[135.2405178,34.8477375],[135.2401750,34.8478253],[135.2398914,34.8479103],[135.2398311,34.8479103],[135.2396783,34.8478550],[135.2392939,34.8476564],[135.2390464,34.8475592],[135.2388472,34.8474847],[135.2386981,34.8474017],[135.2385072,34.8473219],[135.2381817,34.8471861],[135.2376586,34.8469594],[135.2375647,34.8469214],[135.2374642,34.8468806],[135.2374636,34.8468803],[135.2372383,34.8467889],[135.2369964,34.8466906],[135.2369053,34.8466536],[135.2364581,34.8464719],[135.2361825,34.8463631],[135.2359153,34.8462572],[135.2354928,34.8460903],[135.2354481,34.8460756],[135.2352497,34.8460100],[135.2345644,34.8457906],[135.2343839,34.8456933],[135.2343167,34.8456400],[135.2342611,34.8455808],[135.2342381,34.8455625],[135.2341917,34.8455253],[135.2341336,34.8454911],[135.2338606,34.8454394],[135.2335111,34.8453900],[135.2333481,34.8453736],[135.2333333,34.8453711],[135.2332750,34.8453611],[135.2332158,34.8453508],[135.2331558,34.8453089],[135.2331281,34.8452439],[135.2332228,34.8447783],[135.2332436,34.8445283],[135.2333328,34.8438122],[135.2333144,34.8436731],[135.2333333,34.8435371],[135.2333411,34.8434811],[135.2334128,34.8432981],[135.2335192,34.8430214],[135.2335653,34.8429203],[135.2335606,34.8428783],[135.2333333,34.8424713],[135.2332703,34.8423583],[135.2331200,34.8420319],[135.2330261,34.8418383],[135.2329428,34.8417275],[135.2329140,34.8416667],[135.2329103,34.8416589],[135.2328942,34.8415961],[135.2328964,34.8414967],[135.2329300,34.8413506],[135.2329728,34.8411667],[135.2331061,34.8407406],[135.2332008,34.8405231],[135.2332311,34.8403264],[135.2332553,34.8402072],[135.2332461,34.8401689],[135.2331888,34.8400969],[135.2331672,34.8400697],[135.2330983,34.8399892],[135.2330283,34.8399075],[135.2329544,34.8397969],[135.2329172,34.8397072],[135.2328825,34.8394822],[135.2328642,34.8392450],[135.2328539,34.8391097],[135.2328236,34.8387178],[135.2328141,34.8386351],[135.2327875,34.8384058],[135.2327853,34.8382728],[135.2328014,34.8382019],[135.2328431,34.8381239],[135.2328478,34.8380494],[135.2328339,34.8379464],[135.2327761,34.8378033],[135.2327378,34.8376917],[135.2327333,34.8375161],[135.2327472,34.8373158],[135.2327611,34.8371669],[135.2327333,34.8371078],[135.2325850,34.8369589],[135.2325006,34.8368703],[135.2323608,34.8365839],[135.2323522,34.8365664],[135.2323369,34.8365211],[135.2325039,34.8364022],[135.2324122,34.8363642],[135.2321303,34.8361853],[135.2319711,34.8360183],[135.2318844,34.8358333],[135.2318700,34.8355531],[135.2319169,34.8351833],[135.2319747,34.8348672],[135.2319964,34.8346764],[135.2320544,34.8340381],[135.2320242,34.8338086],[135.2319892,34.8335428],[135.2318736,34.8334175],[135.2318200,34.8333333],[135.2318014,34.8333042],[135.2314794,34.8329761],[135.2314217,34.8328628],[135.2313058,34.8327792],[135.2311322,34.8324097],[135.2308936,34.8319803],[135.2307206,34.8316639],[135.2306989,34.8315625],[135.2307133,34.8314372],[135.2308647,34.8311986],[135.2309553,34.8308647],[135.2309842,34.8305842],[135.2309842,34.8304233],[135.2308611,34.8301489],[135.2307025,34.8297372],[135.2307025,34.8295167],[135.2308553,34.8290544],[135.2309806,34.8286756],[135.2310817,34.8284369],[135.2311542,34.8281744],[135.2311542,34.8279181],[135.2310528,34.8276197],[135.2308217,34.8275839],[135.2307350,34.8275481],[135.2306481,34.8273394],[135.2304892,34.8271483],[135.2300914,34.8268981],[135.2299250,34.8267550],[135.2298383,34.8266536],[135.2298167,34.8265222],[135.2298131,34.8261644],[135.2298636,34.8256456],[135.2298347,34.8253531],[135.2298275,34.8251564],[135.2297792,34.8250000],[135.2297261,34.8248281],[135.2296972,34.8246789]]],[[[135.3133380,34.6777118],[135.3166667,34.6775644],[135.3170543,34.6775472],[135.3250000,34.6773053],[135.3333333,34.6770515],[135.3416667,34.6767977],[135.3500000,34.6765439],[135.3537367,34.6764301],[135.3541979,34.6763585],[135.3546698,34.6762451],[135.3550757,34.6760871],[135.3553261,34.6759530],[135.3554846,34.6758700],[135.3559020,34.6755661],[135.3560407,34.6754400],[135.3565296,34.6750000],[135.3568206,34.6747381],[135.3579353,34.6737449],[135.3583333,34.6733908],[135.3589057,34.6728817],[135.3596161,34.6722411],[135.3596811,34.6722987],[135.3583333,34.6735003],[135.3568160,34.6748532],[135.3566519,34.6750000],[135.3560576,34.6755320],[135.3555424,34.6759192],[135.3554481,34.6759704],[135.3551114,34.6761477],[135.3546963,34.6763088],[135.3546285,34.6763254],[135.3542165,34.6764276],[135.3537614,34.6765017],[135.3500000,34.6766170],[135.3416667,34.6768723],[135.3333333,34.6771277],[135.3250000,34.6773830],[135.3170543,34.6776265],[135.3166667,34.6776444],[135.3133455,34.6777980],[135.3133380,34.6777118]]],[[[135.3247958,34.7169598],[135.3247986,34.7168158],[135.3247985,34.7166667],[135.3247983,34.7164765],[135.3248536,34.7164779],[135.3248521,34.7164573],[135.3247983,34.7164565],[135.3248057,34.7160559],[135.3248071,34.7159889],[135.3248543,34.7159889],[135.3248554,34.7159672],[135.3248420,34.7159671],[135.3248440,34.7158413],[135.3248409,34.7156463],[135.3248459,34.7153043],[135.3248425,34.7147351],[135.3248453,34.7142891],[135.3248461,34.7140128],[135.3248437,34.7135377],[135.3248473,34.7131697],[135.3248482,34.7130165],[135.3248488,34.7128414],[135.3248522,34.7126967],[135.3248559,34.7122247],[135.3248509,34.7120986],[135.3248534,34.7119814],[135.3248559,34.7118699],[135.3248583,34.7114962],[135.3248610,34.7111716],[135.3248618,34.7108788],[135.3248628,34.7106245],[135.3248656,34.7105287],[135.3248697,34.7105087],[135.3248836,34.7104778],[135.3248839,34.7103746],[135.3248721,34.7103745],[135.3248843,34.7098109],[135.3248932,34.7095032],[135.3249218,34.7094813],[135.3250000,34.7093856],[135.3253933,34.7089045],[135.3253948,34.7085452],[135.3254121,34.7085450],[135.3254664,34.7085444],[135.3254624,34.7089276],[135.3250000,34.7094987],[135.3249297,34.7095855],[135.3249218,34.7103703],[135.3250000,34.7103702],[135.3270360,34.7103700],[135.3297426,34.7103693],[135.3297422,34.7104070],[135.3300661,34.7104059],[135.3300671,34.7103290],[135.3309411,34.7103285],[135.3309411,34.7103451],[135.3309929,34.7103451],[135.3309958,34.7104098],[135.3323615,34.7104057],[135.3326547,34.7104069],[135.3327691,34.7104039],[135.3333333,34.7104066],[135.3335053,34.7104074],[135.3335359,34.7104016],[135.3335771,34.7104014],[135.3335774,34.7103833],[135.3341318,34.7103888],[135.3341578,34.7103891],[135.3341574,34.7104243],[135.3342135,34.7104243],[135.3342145,34.7103685],[135.3343214,34.7103684],[135.3343211,34.7103486],[135.3344420,34.7103509],[135.3344487,34.7083333],[135.3344493,34.7081490],[135.3349455,34.7081089],[135.3361643,34.7080154],[135.3376575,34.7078986],[135.3389316,34.7077988],[135.3389315,34.7077898],[135.3395777,34.7077394],[135.3397406,34.7072197],[135.3397598,34.7072241],[135.3409644,34.7032724],[135.3410328,34.7032876],[135.3396522,34.7078132],[135.3376583,34.7079671],[135.3349463,34.7081765],[135.3345264,34.7082092],[135.3345268,34.7083333],[135.3345335,34.7107076],[135.3345649,34.7107207],[135.3347725,34.7107312],[135.3347745,34.7106170],[135.3349759,34.7106299],[135.3367438,34.7107203],[135.3367365,34.7108128],[135.3369278,34.7108226],[135.3373223,34.7108427],[135.3376933,34.7108618],[135.3378537,34.7108700],[135.3388142,34.7109171],[135.3390074,34.7113257],[135.3390451,34.7114055],[135.3392212,34.7117687],[135.3393895,34.7121231],[135.3394975,34.7123401],[135.3397896,34.7129529],[135.3400229,34.7134262],[135.3403014,34.7140055],[135.3404216,34.7142519],[135.3405015,34.7144197],[135.3407048,34.7148466],[135.3408278,34.7151050],[135.3409984,34.7154593],[135.3411627,34.7157912],[135.3410650,34.7163491],[135.3410112,34.7166667],[135.3409332,34.7171268],[135.3408241,34.7177405],[135.3407634,34.7180921],[135.3404614,34.7180516],[135.3404135,34.7179960],[135.3403806,34.7180140],[135.3402962,34.7179159],[135.3402103,34.7179680],[135.3401874,34.7179428],[135.3401804,34.7179468],[135.3401736,34.7179564],[135.3399587,34.7180874],[135.3399501,34.7180929],[135.3398155,34.7181754],[135.3397636,34.7182071],[135.3397389,34.7182223],[135.3395184,34.7183525],[135.3395167,34.7183653],[135.3392299,34.7185412],[135.3392209,34.7185292],[135.3392192,34.7185299],[135.3391281,34.7185836],[135.3390400,34.7186367],[135.3386839,34.7188483],[135.3385918,34.7189031],[135.3382493,34.7191067],[135.3382164,34.7191262],[135.3382014,34.7191347],[135.3381587,34.7191609],[135.3379823,34.7192693],[135.3379022,34.7193183],[135.3377963,34.7193830],[135.3357636,34.7206104],[135.3355531,34.7207376],[135.3347159,34.7212414],[135.3346668,34.7212704],[135.3346678,34.7213165],[135.3346980,34.7213383],[135.3346985,34.7213575],[135.3345654,34.7213640],[135.3345126,34.7213630],[135.3343992,34.7213623],[135.3343993,34.7213778],[135.3343325,34.7213776],[135.3343246,34.7212831],[135.3339769,34.7213221],[135.3333333,34.7213878],[135.3332709,34.7213942],[135.3323198,34.7214970],[135.3313479,34.7215962],[135.3302392,34.7217173],[135.3302425,34.7217477],[135.3302517,34.7217476],[135.3303080,34.7221068],[135.3302606,34.7221110],[135.3302074,34.7217518],[135.3301998,34.7217531],[135.3301956,34.7217221],[135.3301822,34.7217236],[135.3301638,34.7217212],[135.3299009,34.7214939],[135.3290040,34.7207055],[135.3282805,34.7200661],[135.3275755,34.7194366],[135.3268998,34.7188346],[135.3261517,34.7181751],[135.3254282,34.7175331],[135.3250000,34.7171553],[135.3248083,34.7169862],[135.3247958,34.7169598]]],[[[135.3249000,34.7088063],[135.3249002,34.7087410],[135.3249012,34.7083333],[135.3249027,34.7078913],[135.3250000,34.7078116],[135.3254973,34.7074041],[135.3321588,34.7074016],[135.3323675,34.7074044],[135.3326441,34.7074087],[135.3326466,34.7074008],[135.3333333,34.7074049],[135.3335671,34.7074063],[135.3337787,34.7072076],[135.3340555,34.7069866],[135.3340715,34.7069881],[135.3349598,34.7073345],[135.3349550,34.7073426],[135.3349408,34.7073613],[135.3341004,34.7070297],[135.3335936,34.7074604],[135.3333333,34.7074559],[135.3330897,34.7074517],[135.3326484,34.7074551],[135.3326480,34.7074451],[135.3323707,34.7074462],[135.3255197,34.7074490],[135.3250000,34.7078763],[135.3249521,34.7079157],[135.3249518,34.7083333],[135.3249515,34.7087788],[135.3249518,34.7088059],[135.3249000,34.7088063]]],[[[135.3340309,34.7078527],[135.3340634,34.7078276],[135.3344438,34.7081445],[135.3344141,34.7081718],[135.3340309,34.7078527]]],[[[135.3424114,34.7136563],[135.3424314,34.7135931],[135.3424391,34.7135947],[135.3424434,34.7135777],[135.3424342,34.7135761],[135.3424958,34.7133730],[135.3426259,34.7129413],[135.3427381,34.7125747],[135.3428167,34.7123144],[135.3428858,34.7121025],[135.3429614,34.7118561],[135.3430691,34.7115037],[135.3431309,34.7112951],[135.3431319,34.7112916],[135.3431907,34.7110991],[135.3432279,34.7109711],[135.3432364,34.7109715],[135.3432407,34.7109531],[135.3432330,34.7109519],[135.3433919,34.7104518],[135.3435523,34.7099324],[135.3437119,34.7093986],[135.3437216,34.7093991],[135.3437246,34.7093863],[135.3437148,34.7093837],[135.3439112,34.7087312],[135.3440296,34.7083541],[135.3440357,34.7083333],[135.3441538,34.7079357],[135.3441925,34.7078156],[135.3441986,34.7078156],[135.3442034,34.7077986],[135.3441952,34.7077955],[135.3443943,34.7071378],[135.3443157,34.7071187],[135.3446577,34.7059549],[135.3450056,34.7047843],[135.3451109,34.7048021],[135.3451908,34.7045402],[135.3452114,34.7044937],[135.3458122,34.7039456],[135.3465314,34.7032857],[135.3470001,34.7028706],[135.3471077,34.7028680],[135.3478311,34.7033949],[135.3484282,34.7038456],[135.3496171,34.7047391],[135.3500000,34.7050316],[135.3500899,34.7051004],[135.3506101,34.7054881],[135.3511245,34.7058665],[135.3514432,34.7061099],[135.3518918,34.7064507],[135.3519507,34.7064758],[135.3520169,34.7065241],[135.3521124,34.7065937],[135.3523157,34.7067442],[135.3529337,34.7071994],[135.3531127,34.7073330],[135.3530655,34.7073781],[135.3528775,34.7075337],[135.3526484,34.7077223],[135.3523399,34.7079844],[135.3523462,34.7080296],[135.3523663,34.7081137],[135.3523901,34.7082041],[135.3524005,34.7082536],[135.3524081,34.7083098],[135.3524152,34.7083333],[135.3524547,34.7084642],[135.3524602,34.7085129],[135.3524586,34.7085576],[135.3524471,34.7086081],[135.3524296,34.7086562],[135.3524019,34.7087003],[135.3523643,34.7087361],[135.3523194,34.7087712],[135.3522946,34.7087861],[135.3522438,34.7088088],[135.3521531,34.7088549],[135.3520954,34.7088900],[135.3520571,34.7089193],[135.3520408,34.7089359],[135.3519983,34.7089974],[135.3519547,34.7090448],[135.3518753,34.7091256],[135.3517429,34.7091968],[135.3516881,34.7092302],[135.3516363,34.7092646],[135.3515797,34.7093038],[135.3515042,34.7093713],[135.3514714,34.7093980],[135.3513947,34.7094390],[135.3513170,34.7094868],[135.3512822,34.7095161],[135.3512217,34.7095752],[135.3511552,34.7096253],[135.3510836,34.7096762],[135.3510287,34.7097080],[135.3509649,34.7097349],[135.3508652,34.7097819],[135.3507954,34.7098097],[135.3507299,34.7098258],[135.3506588,34.7098332],[135.3506196,34.7098318],[135.3505985,34.7098266],[135.3505603,34.7098073],[135.3505078,34.7097638],[135.3504791,34.7097434],[135.3504509,34.7097336],[135.3504048,34.7097306],[135.3503186,34.7097312],[135.3502506,34.7097374],[135.3502046,34.7097460],[135.3500278,34.7098937],[135.3500342,34.7099374],[135.3500443,34.7099697],[135.3501062,34.7101189],[135.3501218,34.7101801],[135.3501344,34.7102446],[135.3501361,34.7103131],[135.3501246,34.7103671],[135.3501050,34.7104455],[135.3500845,34.7104994],[135.3500154,34.7106098],[135.3500000,34.7106287],[135.3499581,34.7106797],[135.3498837,34.7107588],[135.3498331,34.7108038],[135.3497644,34.7108556],[135.3496635,34.7109241],[135.3494229,34.7111077],[135.3493415,34.7111860],[135.3492802,34.7112405],[135.3492232,34.7112822],[135.3491131,34.7113871],[135.3490163,34.7114758],[135.3489614,34.7115227],[135.3488887,34.7115807],[135.3488328,34.7116511],[135.3487937,34.7116967],[135.3487398,34.7117535],[135.3486732,34.7118138],[135.3485460,34.7119142],[135.3484653,34.7119857],[135.3483943,34.7120458],[135.3483061,34.7121204],[135.3482550,34.7121674],[135.3482096,34.7122043],[135.3481522,34.7122428],[135.3480957,34.7122780],[135.3480790,34.7122912],[135.3480745,34.7122966],[135.3480732,34.7123011],[135.3480770,34.7123050],[135.3480829,34.7123065],[135.3480933,34.7123074],[135.3481177,34.7123070],[135.3481426,34.7123047],[135.3481748,34.7122990],[135.3482594,34.7122764],[135.3482684,34.7122744],[135.3482740,34.7122739],[135.3482765,34.7122754],[135.3482748,34.7122789],[135.3482612,34.7122908],[135.3481854,34.7123432],[135.3481479,34.7123714],[135.3481112,34.7123988],[135.3480769,34.7124174],[135.3480508,34.7124279],[135.3479842,34.7124477],[135.3479679,34.7124546],[135.3479483,34.7124665],[135.3478991,34.7125054],[135.3478749,34.7125216],[135.3478391,34.7125458],[135.3478190,34.7125637],[135.3477709,34.7126171],[135.3477114,34.7126753],[135.3476881,34.7126974],[135.3476646,34.7127162],[135.3476506,34.7127250],[135.3476280,34.7127349],[135.3475866,34.7127476],[135.3475709,34.7127509],[135.3475559,34.7127528],[135.3475230,34.7127510],[135.3475710,34.7128768],[135.3476118,34.7128697],[135.3476807,34.7130419],[135.3479609,34.7137413],[135.3478178,34.7138709],[135.3476120,34.7140033],[135.3475635,34.7140511],[135.3475032,34.7141052],[135.3470803,34.7142319],[135.3466521,34.7143592],[135.3463166,34.7144594],[135.3459014,34.7145854],[135.3453767,34.7147436],[135.3448251,34.7149063],[135.3442907,34.7150668],[135.3440153,34.7151497],[135.3435949,34.7152749],[135.3432307,34.7153857],[135.3431660,34.7152529],[135.3431737,34.7152502],[135.3431662,34.7152351],[135.3431585,34.7152368],[135.3430262,34.7149546],[135.3429867,34.7148739],[135.3428667,34.7146174],[135.3427139,34.7142914],[135.3426871,34.7142352],[135.3424838,34.7138082],[135.3424114,34.7136563]]],[[[135.3562344,34.7023113],[135.3562911,34.7022635],[135.3564095,34.7023504],[135.3565803,34.7024842],[135.3567098,34.7025823],[135.3570293,34.7028207],[135.3573433,34.7030525],[135.3583333,34.7037933],[135.3587342,34.7040933],[135.3586748,34.7041479],[135.3583333,34.7038907],[135.3572865,34.7031026],[135.3569753,34.7028663],[135.3567109,34.7026702],[135.3562344,34.7023113]]],[[[135.3620520,34.6859683],[135.3621173,34.6859543],[135.3621399,34.6860149],[135.3621235,34.6860196],[135.3621320,34.6860398],[135.3621402,34.6860397],[135.3621458,34.6860554],[135.3621349,34.6860578],[135.3621406,34.6860735],[135.3621542,34.6860734],[135.3621626,34.6860891],[135.3621490,34.6860915],[135.3621547,34.6861095],[135.3621656,34.6861071],[135.3621712,34.6861228],[135.3621604,34.6861274],[135.3621660,34.6861432],[135.3621769,34.6861408],[135.3621826,34.6861588],[135.3621744,34.6861611],[135.3621801,34.6861769],[135.3621909,34.6861745],[135.3621966,34.6861925],[135.3621857,34.6861948],[135.3621941,34.6862105],[135.3622023,34.6862082],[135.3622107,34.6862262],[135.3621998,34.6862285],[135.3622055,34.6862465],[135.3622164,34.6862442],[135.3622220,34.6862621],[135.3622112,34.6862645],[135.3622168,34.6862802],[135.3622277,34.6862779],[135.3622334,34.6862958],[135.3622225,34.6862982],[135.3622309,34.6863139],[135.3622390,34.6863116],[135.3622474,34.6863295],[135.3622365,34.6863319],[135.3622422,34.6863499],[135.3622531,34.6863453],[135.3622588,34.6863632],[135.3622479,34.6863656],[135.3622536,34.6863836],[135.3622644,34.6863812],[135.3622701,34.6863992],[135.3622592,34.6863993],[135.3622676,34.6864173],[135.3622758,34.6864149],[135.3622842,34.6864329],[135.3622733,34.6864352],[135.3622790,34.6864532],[135.3622898,34.6864509],[135.3622955,34.6864666],[135.3622846,34.6864712],[135.3622930,34.6864869],[135.3623012,34.6864823],[135.3623096,34.6865003],[135.3622987,34.6865026],[135.3623044,34.6865206],[135.3623152,34.6865183],[135.3623209,34.6865363],[135.3623100,34.6865386],[135.3623184,34.6865566],[135.3623266,34.6865520],[135.3623322,34.6865700],[135.3623214,34.6865723],[135.3623298,34.6865903],[135.3623379,34.6865879],[135.3623463,34.6866036],[135.3623354,34.6866060],[135.3623411,34.6866240],[135.3623520,34.6866216],[135.3623576,34.6866374],[135.3623468,34.6866420],[135.3623524,34.6866577],[135.3623660,34.6866553],[135.3623690,34.6866733],[135.3623581,34.6866757],[135.3623665,34.6866914],[135.3623774,34.6866890],[135.3623830,34.6867070],[135.3623722,34.6867094],[135.3623778,34.6867273],[135.3623887,34.6867250],[135.3623971,34.6867407],[135.3623835,34.6867431],[135.3623919,34.6867610],[135.3624001,34.6867587],[135.3624084,34.6867744],[135.3623949,34.6867790],[135.3624032,34.6867947],[135.3624141,34.6867924],[135.3624198,34.6868104],[135.3624089,34.6868127],[135.3624146,34.6868284],[135.3624282,34.6868261],[135.3624311,34.6868441],[135.3624202,34.6868464],[135.3624259,34.6868644],[135.3624368,34.6868598],[135.3624452,34.6868778],[135.3624343,34.6868801],[135.3624400,34.6868981],[135.3624509,34.6868957],[135.3624565,34.6869137],[135.3624457,34.6869161],[135.3624513,34.6869318],[135.3624622,34.6869295],[135.3624678,34.6869452],[135.3624597,34.6869498],[135.3624654,34.6869677],[135.3624763,34.6869654],[135.3624819,34.6869811],[135.3624711,34.6869835],[135.3624767,34.6870014],[135.3624904,34.6869991],[135.3624933,34.6870171],[135.3624824,34.6870172],[135.3624908,34.6870351],[135.3625016,34.6870305],[135.3625074,34.6870508],[135.3624965,34.6870531],[135.3625049,34.6870688],[135.3625130,34.6870665],[135.3625187,34.6870845],[135.3625105,34.6870868],[135.3625135,34.6871048],[135.3625244,34.6871025],[135.3625300,34.6871182],[135.3625219,34.6871205],[135.3625275,34.6871385],[135.3625384,34.6871361],[135.3625441,34.6871541],[135.3625332,34.6871565],[135.3625387,34.6871738],[135.3625525,34.6871743],[135.3625554,34.6871856],[135.3625445,34.6871879],[135.3625502,34.6872059],[135.3625611,34.6872013],[135.3625695,34.6872193],[135.3625559,34.6872216],[135.3625642,34.6872373],[135.3625724,34.6872350],[135.3625808,34.6872530],[135.3625699,34.6872553],[135.3625756,34.6872711],[135.3625864,34.6872687],[135.3625921,34.6872867],[135.3625812,34.6872868],[135.3625869,34.6873048],[135.3625978,34.6873024],[135.3626034,34.6873181],[135.3625926,34.6873227],[135.3626009,34.6873384],[135.3626091,34.6873361],[135.3626175,34.6873518],[135.3626066,34.6873542],[135.3626123,34.6873722],[135.3626204,34.6873676],[135.3626288,34.6873855],[135.3626179,34.6873879],[135.3626236,34.6874059],[135.3626345,34.6874013],[135.3626402,34.6874193],[135.3626295,34.6874215],[135.3626347,34.6874373],[135.3626458,34.6874372],[135.3626515,34.6874530],[135.3626406,34.6874553],[135.3626463,34.6874711],[135.3626571,34.6874687],[135.3626655,34.6874844],[135.3626547,34.6874890],[135.3626603,34.6875047],[135.3626685,34.6875024],[135.3626768,34.6875181],[135.3626659,34.6875205],[135.3626716,34.6875384],[135.3626825,34.6875361],[135.3626882,34.6875518],[135.3626773,34.6875542],[135.3626857,34.6875699],[135.3626938,34.6875675],[135.3626995,34.6875855],[135.3626886,34.6875879],[135.3626970,34.6876036],[135.3627079,34.6876012],[135.3627135,34.6876170],[135.3627025,34.6876193],[135.3627083,34.6876373],[135.3627192,34.6876349],[135.3627249,34.6876507],[135.3627139,34.6876530],[135.3627197,34.6876710],[135.3627305,34.6876686],[135.3627389,34.6876844],[135.3627280,34.6876867],[135.3627337,34.6877047],[135.3627446,34.6877001],[135.3627503,34.6877181],[135.3627394,34.6877204],[135.3627450,34.6877361],[135.3627559,34.6877338],[135.3627616,34.6877518],[135.3627507,34.6877541],[135.3627564,34.6877698],[135.3627672,34.6877675],[135.3627729,34.6877832],[135.3627621,34.6877878],[135.3627676,34.6878035],[135.3627786,34.6878012],[135.3627870,34.6878192],[135.3627733,34.6878193],[135.3627817,34.6878372],[135.3627926,34.6878326],[135.3627982,34.6878484],[135.3627846,34.6878531],[135.3627932,34.6878687],[135.3628039,34.6878663],[135.3628096,34.6878843],[135.3627987,34.6878867],[135.3628044,34.6879024],[135.3628153,34.6879001],[135.3628209,34.6879180],[135.3628102,34.6879204],[135.3628183,34.6879361],[135.3628266,34.6879360],[135.3628350,34.6879517],[135.3628214,34.6879541],[135.3628298,34.6879698],[135.3628379,34.6879675],[135.3628463,34.6879832],[135.3628353,34.6879855],[135.3628411,34.6880035],[135.3628520,34.6880012],[135.3628576,34.6880169],[135.3628467,34.6880192],[135.3628524,34.6880372],[135.3628633,34.6880326],[135.3628690,34.6880506],[135.3628608,34.6880529],[135.3628637,34.6880687],[135.3628746,34.6880663],[135.3628803,34.6880843],[135.3628721,34.6880866],[135.3628778,34.6881024],[135.3628887,34.6881000],[135.3628943,34.6881157],[135.3628836,34.6881203],[135.3628890,34.6881361],[135.3629000,34.6881337],[135.3629057,34.6881494],[135.3628948,34.6881518],[135.3629005,34.6881698],[135.3629113,34.6881652],[135.3629197,34.6881831],[135.3629088,34.6881855],[135.3629118,34.6882012],[135.3629254,34.6881989],[135.3629311,34.6882168],[135.3629202,34.6882192],[135.3629258,34.6882372],[135.3629367,34.6882326],[135.3629424,34.6882505],[135.3629315,34.6882529],[135.3629371,34.6882686],[135.3629480,34.6882663],[135.3629537,34.6882820],[135.3629428,34.6882844],[135.3630220,34.6885091],[135.3630030,34.6885160],[135.3629183,34.6882913],[135.3629102,34.6882936],[135.3629018,34.6882779],[135.3629127,34.6882756],[135.3629043,34.6882576],[135.3628961,34.6882600],[135.3628905,34.6882442],[135.3628986,34.6882419],[135.3628929,34.6882239],[135.3628848,34.6882263],[135.3628791,34.6882105],[135.3628900,34.6882082],[135.3628816,34.6881902],[135.3628734,34.6881925],[135.3628678,34.6881768],[135.3628760,34.6881745],[135.3628703,34.6881565],[135.3628621,34.6881611],[135.3628537,34.6881431],[135.3628646,34.6881408],[135.3628562,34.6881251],[135.3628481,34.6881274],[135.3628424,34.6881117],[135.3628506,34.6881071],[135.3628449,34.6880914],[135.3628368,34.6880937],[135.3628311,34.6880780],[135.3628393,34.6880756],[135.3628336,34.6880577],[135.3628254,34.6880622],[135.3628198,34.6880443],[135.3628279,34.6880419],[135.3628223,34.6880262],[135.3628114,34.6880285],[135.3628057,34.6880128],[135.3628166,34.6880082],[135.3628109,34.6879925],[135.3628001,34.6879948],[135.3627944,34.6879791],[135.3628026,34.6879768],[135.3627969,34.6879588],[135.3627887,34.6879611],[135.3627831,34.6879454],[135.3627912,34.6879431],[135.3627856,34.6879251],[135.3627747,34.6879274],[135.3627690,34.6879117],[135.3627799,34.6879094],[135.3627743,34.6878936],[135.3627633,34.6878937],[135.3627577,34.6878780],[135.3627658,34.6878757],[135.3627602,34.6878600],[135.3627520,34.6878623],[135.3627464,34.6878443],[135.3627545,34.6878420],[135.3627489,34.6878262],[135.3627380,34.6878286],[135.3627323,34.6878106],[135.3627432,34.6878105],[135.3627375,34.6877925],[135.3627267,34.6877949],[135.3627210,34.6877792],[135.3627319,34.6877768],[135.3627262,34.6877611],[135.3627153,34.6877612],[135.3627097,34.6877454],[135.3627178,34.6877431],[135.3627122,34.6877274],[135.3627013,34.6877275],[135.3626956,34.6877118],[135.3627065,34.6877094],[135.3627008,34.6876937],[135.3626900,34.6876960],[135.3626843,34.6876803],[135.3626952,34.6876780],[135.3626868,34.6876600],[135.3626786,34.6876623],[135.3626730,34.6876466],[135.3626811,34.6876443],[135.3626755,34.6876285],[135.3626673,34.6876286],[135.3626589,34.6876129],[135.3626698,34.6876106],[135.3626641,34.6875926],[135.3626560,34.6875972],[135.3626476,34.6875792],[135.3626557,34.6875769],[135.3626528,34.6875611],[135.3626419,34.6875635],[135.3626363,34.6875477],[135.3626444,34.6875432],[135.3626415,34.6875274],[135.3626306,34.6875298],[135.3626250,34.6875140],[135.3626331,34.6875117],[135.3626274,34.6874937],[135.3626193,34.6874960],[135.3626109,34.6874803],[135.3626218,34.6874780],[135.3626161,34.6874600],[135.3626052,34.6874624],[135.3625996,34.6874466],[135.3626104,34.6874443],[135.3626020,34.6874263],[135.3625939,34.6874309],[135.3625882,34.6874129],[135.3625991,34.6874106],[135.3625907,34.6873949],[135.3625799,34.6873972],[135.3625769,34.6873792],[135.3625851,34.6873769],[135.3625794,34.6873612],[135.3625685,34.6873635],[135.3625629,34.6873478],[135.3625737,34.6873454],[135.3625681,34.6873275],[135.3625572,34.6873298],[135.3625515,34.6873141],[135.3625597,34.6873117],[135.3625567,34.6872937],[135.3625459,34.6872961],[135.3625402,34.6872804],[135.3625484,34.6872780],[135.3625427,34.6872601],[135.3625318,34.6872647],[135.3625261,34.6872467],[135.3625370,34.6872443],[135.3625314,34.6872286],[135.3625205,34.6872310],[135.3625148,34.6872130],[135.3625230,34.6872106],[135.3625201,34.6871949],[135.3625092,34.6871972],[135.3625035,34.6871815],[135.3625116,34.6871747],[135.3625060,34.6871612],[135.3624978,34.6871635],[135.3624922,34.6871478],[135.3625003,34.6871455],[135.3624947,34.6871275],[135.3624838,34.6871298],[135.3624781,34.6871119],[135.3624890,34.6871095],[135.3624806,34.6870938],[135.3624725,34.6870961],[135.3624668,34.6870782],[135.3624749,34.6870758],[135.3624665,34.6870579],[135.3624584,34.6870602],[135.3624527,34.6870445],[135.3624636,34.6870421],[135.3624552,34.6870242],[135.3624470,34.6870265],[135.3624414,34.6870108],[135.3624495,34.6870062],[135.3624439,34.6869905],[135.3624330,34.6869928],[135.3624273,34.6869748],[135.3624382,34.6869725],[135.3624298,34.6869568],[135.3624216,34.6869568],[135.3624160,34.6869411],[135.3624241,34.6869388],[135.3624184,34.6869208],[135.3624103,34.6869231],[135.3624019,34.6869074],[135.3624128,34.6869051],[135.3624071,34.6868871],[135.3623962,34.6868894],[135.3623906,34.6868737],[135.3623987,34.6868714],[135.3623930,34.6868534],[135.3623849,34.6868557],[135.3623765,34.6868378],[135.3623874,34.6868377],[135.3623817,34.6868174],[135.3623708,34.6868198],[135.3623651,34.6868018],[135.3623760,34.6868017],[135.3623704,34.6867837],[135.3623595,34.6867861],[135.3623538,34.6867681],[135.3623620,34.6867658],[135.3623563,34.6867501],[135.3623454,34.6867524],[135.3623398,34.6867367],[135.3623506,34.6867343],[135.3623450,34.6867163],[135.3623341,34.6867187],[135.3623284,34.6867007],[135.3623393,34.6866984],[135.3623309,34.6866804],[135.3623228,34.6866850],[135.3623171,34.6866670],[135.3623252,34.6866647],[135.3623168,34.6866467],[135.3623087,34.6866513],[135.3623030,34.6866333],[135.3623112,34.6866310],[135.3623055,34.6866130],[135.3622973,34.6866153],[135.3622890,34.6865996],[135.3622998,34.6865973],[135.3622942,34.6865793],[135.3622833,34.6865816],[135.3622776,34.6865637],[135.3622885,34.6865613],[135.3622828,34.6865456],[135.3622719,34.6865479],[135.3622663,34.6865300],[135.3622744,34.6865276],[135.3622688,34.6865096],[135.3622579,34.6865120],[135.3622522,34.6864963],[135.3622631,34.6864939],[135.3622574,34.6864759],[135.3622465,34.6864783],[135.3622409,34.6864626],[135.3622490,34.6864602],[135.3622434,34.6864423],[135.3622352,34.6864446],[135.3622268,34.6864266],[135.3622377,34.6864243],[135.3622320,34.6864063],[135.3622211,34.6864086],[135.3622155,34.6863929],[135.3622236,34.6863906],[135.3622179,34.6863726],[135.3622098,34.6863749],[135.3622014,34.6863592],[135.3622123,34.6863546],[135.3622066,34.6863389],[135.3621985,34.6863412],[135.3621901,34.6863233],[135.3621982,34.6863232],[135.3621925,34.6863030],[135.3621844,34.6863075],[135.3621787,34.6862895],[135.3621869,34.6862895],[135.3621812,34.6862715],[135.3621703,34.6862716],[135.3621647,34.6862559],[135.3621756,34.6862535],[135.3621671,34.6862356],[135.3621590,34.6862379],[135.3621533,34.6862199],[135.3621615,34.6862198],[135.3621558,34.6862018],[135.3621449,34.6862042],[135.3621392,34.6861862],[135.3621502,34.6861861],[135.3621445,34.6861681],[135.3621336,34.6861705],[135.3621279,34.6861525],[135.3621361,34.6861502],[135.3621304,34.6861322],[135.3621195,34.6861345],[135.3621139,34.6861188],[135.3621247,34.6861165],[135.3621191,34.6861007],[135.3621082,34.6861008],[135.3621025,34.6860851],[135.3621107,34.6860828],[135.3621050,34.6860648],[135.3620968,34.6860671],[135.3620885,34.6860514],[135.3620994,34.6860491],[135.3620936,34.6860288],[135.3620746,34.6860313],[135.3620520,34.6859683]]]]},"properties":{"uri":"https://uedayou.net/loa/兵庫県西宮市","name":"兵庫県西宮市","prefecture":"兵庫県","municipality":"西宮市","notation":"兵庫県西宮市"}}