{"type":"Feature","geometry":{"type":"MultiPolygon","coordinates":[[[[134.9100225,34.7202764],[134.9100519,34.7202078],[134.9101278,34.7200317],[134.9102403,34.7197697],[134.9102708,34.7194931],[134.9102800,34.7194100],[134.9102928,34.7193386],[134.9103294,34.7191319],[134.9104481,34.7188050],[134.9106561,34.7185353],[134.9108292,34.7183472],[134.9108786,34.7181106],[134.9109183,34.7177836],[134.9110356,34.7175067],[134.9110567,34.7174567],[134.9112050,34.7172603],[134.9113339,34.7171458],[134.9113408,34.7171253],[134.9114228,34.7168844],[134.9114922,34.7168272],[134.9116703,34.7168189],[134.9119772,34.7168189],[134.9121653,34.7167700],[134.9123633,34.7166733],[134.9123667,34.7166667],[134.9124278,34.7165444],[134.9125681,34.7162633],[134.9125900,34.7162194],[134.9126206,34.7161583],[134.9126594,34.7160731],[134.9126625,34.7160661],[134.9127669,34.7158372],[134.9129967,34.7153331],[134.9131850,34.7148264],[134.9133731,34.7144747],[134.9134125,34.7143358],[134.9134125,34.7141806],[134.9133531,34.7139189],[134.9131850,34.7136411],[134.9130711,34.7136164],[134.9124969,34.7135919],[134.9122692,34.7135675],[134.9121803,34.7135347],[134.9121603,34.7134203],[134.9121803,34.7132894],[134.9121603,34.7132158],[134.9121008,34.7131425],[134.9119822,34.7131097],[134.9119411,34.7130900],[134.9118633,34.7130525],[134.9118733,34.7129708],[134.9118917,34.7129092],[134.9119919,34.7125706],[134.9121208,34.7121292],[134.9122197,34.7116875],[134.9123483,34.7111808],[134.9124475,34.7109275],[134.9126108,34.7105433],[134.9127792,34.7102733],[134.9129275,34.7099878],[134.9130858,34.7097506],[134.9131453,34.7097750],[134.9131678,34.7098758],[134.9132144,34.7100858],[134.9133333,34.7104861],[134.9134917,34.7106578],[134.9135908,34.7108047],[134.9137294,34.7109439],[134.9139472,34.7109439],[134.9142514,34.7109367],[134.9142936,34.7109356],[134.9146894,34.7109028],[134.9148972,34.7108211],[134.9151544,34.7105842],[134.9153128,34.7102575],[134.9154811,34.7098814],[134.9156494,34.7096525],[134.9157189,34.7095828],[134.9158769,34.7094236],[134.9160553,34.7091867],[134.9162631,34.7088678],[134.9164017,34.7084753],[134.9164484,34.7083333],[134.9165050,34.7081617],[134.9165256,34.7080994],[134.9165947,34.7078050],[134.9166542,34.7075847],[134.9166667,34.7075609],[134.9167828,34.7073394],[134.9169411,34.7072494],[134.9170089,34.7072611],[134.9170192,34.7072631],[134.9171292,34.7072822],[134.9175647,34.7075519],[134.9180003,34.7079114],[134.9182475,34.7081319],[134.9185544,34.7082956],[134.9185958,34.7083333],[134.9187425,34.7084672],[134.9188711,34.7086553],[134.9189800,34.7088025],[134.9191583,34.7088514],[134.9193958,34.7088678],[134.9196531,34.7088514],[134.9198414,34.7088514],[134.9201581,34.7088922],[134.9203856,34.7089822],[134.9205194,34.7090803],[134.9206875,34.7090639],[134.9208856,34.7089578],[134.9210633,34.7088842],[134.9212317,34.7089086],[134.9214514,34.7088850],[134.9214594,34.7088842],[134.9215386,34.7088106],[134.9215089,34.7086389],[134.9214100,34.7083772],[134.9214078,34.7083333],[134.9214000,34.7081811],[134.9214792,34.7080422],[134.9216178,34.7079358],[134.9217564,34.7078461],[134.9218256,34.7077400],[134.9217761,34.7075111],[134.9216575,34.7072250],[134.9216278,34.7070778],[134.9216375,34.7069469],[134.9216931,34.7068758],[134.9217464,34.7068081],[134.9218950,34.7066856],[134.9221425,34.7066036],[134.9224394,34.7065219],[134.9227067,34.7063994],[134.9230283,34.7061461],[134.9232858,34.7059333],[134.9234619,34.7057672],[134.9235628,34.7056719],[134.9237014,34.7056472],[134.9238400,34.7057044],[134.9242361,34.7059172],[134.9245228,34.7059906],[134.9247406,34.7060725],[134.9248394,34.7060725],[134.9248692,34.7060153],[134.9246614,34.7058681],[134.9242558,34.7057372],[134.9241172,34.7056228],[134.9240578,34.7054431],[134.9240281,34.7052222],[134.9240281,34.7050836],[134.9240481,34.7050019],[134.9242361,34.7050264],[134.9245628,34.7050344],[134.9247108,34.7050183],[134.9248394,34.7049692],[134.9249683,34.7048628],[134.9249797,34.7048394],[134.9250000,34.7047976],[134.9250278,34.7047403],[134.9250672,34.7045606],[134.9251464,34.7042989],[134.9253047,34.7037186],[134.9253000,34.7035714],[134.9252475,34.7034794],[134.9252206,34.7034325],[134.9250000,34.7033346],[134.9249439,34.7033097],[134.9247161,34.7031053],[134.9246072,34.7028847],[134.9246269,34.7027047],[134.9247458,34.7025661],[134.9250000,34.7024854],[134.9250031,34.7024844],[134.9253294,34.7024844],[134.9257156,34.7025336],[134.9259631,34.7025825],[134.9261511,34.7025986],[134.9262503,34.7025417],[134.9264581,34.7024028],[134.9265967,34.7022556],[134.9267947,34.7021739],[134.9270917,34.7020919],[134.9273489,34.7020919],[134.9276458,34.7021903],[134.9278242,34.7022883],[134.9279528,34.7022719],[134.9281011,34.7021656],[134.9281706,34.7019450],[134.9281408,34.7016342],[134.9279922,34.7013156],[134.9279231,34.7012500],[134.9277153,34.7011928],[134.9275022,34.7011275],[134.9273142,34.7009886],[134.9272844,34.7008578],[134.9273242,34.7007189],[134.9274628,34.7005717],[134.9276211,34.7004736],[134.9277497,34.7003428],[134.9277697,34.7001628],[134.9278092,34.7000158],[134.9278299,34.7000000],[134.9279478,34.6999097],[134.9281953,34.6999669],[134.9282406,34.7000000],[134.9286208,34.7002772],[134.9288186,34.7005553],[134.9289078,34.7007433],[134.9290561,34.7008006],[134.9292047,34.7007678],[134.9293828,34.7008333],[134.9296203,34.7008986],[134.9298536,34.7009294],[134.9298678,34.7009314],[134.9300064,34.7009067],[134.9300164,34.7008414],[134.9299469,34.7007678],[134.9297292,34.7005553],[134.9296500,34.7003428],[134.9296229,34.7000000],[134.9296203,34.6999669],[134.9297194,34.6997544],[134.9299372,34.6995256],[134.9300164,34.6993375],[134.9299767,34.6991822],[134.9298183,34.6990025],[134.9297094,34.6988061],[134.9296303,34.6986100],[134.9295461,34.6984631],[134.9295858,34.6983486],[134.9296233,34.6983019],[134.9297044,34.6982014],[134.9298531,34.6982014],[134.9301203,34.6983075],[134.9303381,34.6985283],[134.9305261,34.6989125],[134.9306450,34.6991494],[134.9309122,34.6993458],[134.9311794,34.6994356],[134.9315258,34.6995828],[134.9316744,34.6997544],[134.9318028,34.6999017],[134.9320403,34.6999753],[134.9320891,34.7000000],[134.9322978,34.7001056],[134.9325947,34.7002772],[134.9328817,34.7005308],[134.9329511,34.7006861],[134.9329411,34.7008822],[134.9328422,34.7010867],[134.9327681,34.7014300],[134.9327383,34.7018550],[134.9327681,34.7020675],[134.9328867,34.7021167],[134.9330947,34.7021003],[134.9333333,34.7020236],[134.9334508,34.7019858],[134.9335406,34.7019653],[134.9337381,34.7019203],[134.9339558,34.7018714],[134.9341142,34.7019286],[134.9343064,34.7020564],[134.9345197,34.7021983],[134.9345692,34.7023372],[134.9345494,34.7025253],[134.9344406,34.7027947],[134.9343317,34.7031053],[134.9342525,34.7033669],[134.9342328,34.7035714],[134.9343214,34.7036756],[134.9344553,34.7038328],[134.9347819,34.7040372],[134.9352275,34.7042825],[134.9356233,34.7045114],[134.9359303,34.7047567],[134.9361975,34.7050183],[134.9364747,34.7053042],[134.9365517,34.7053961],[134.9365639,34.7054106],[134.9368308,34.7054919],[134.9370783,34.7051489],[134.9372619,34.7052225],[134.9374247,34.7052881],[134.9383947,34.7062358],[134.9385581,34.7062033],[134.9389936,34.7068408],[134.9391311,34.7068778],[134.9393600,34.7069389],[134.9397825,34.7074992],[134.9398347,34.7075683],[134.9402783,34.7080100],[134.9405081,34.7082383],[134.9405608,34.7083333],[134.9408939,34.7089331],[134.9413194,34.7097056],[134.9416667,34.7103363],[134.9418886,34.7107394],[134.9420514,34.7110500],[134.9422989,34.7115214],[134.9427753,34.7124297],[134.9428783,34.7126261],[134.9428828,34.7126267],[134.9430203,34.7126403],[134.9437706,34.7127156],[134.9439053,34.7127292],[134.9445908,34.7127978],[134.9447981,34.7128014],[134.9450658,34.7128058],[134.9454767,34.7128222],[134.9460794,34.7127183],[134.9461397,34.7127078],[134.9468592,34.7125744],[134.9479908,34.7123644],[134.9479611,34.7122256],[134.9472683,34.7123072],[134.9470603,34.7122828],[134.9470208,34.7120867],[134.9487033,34.7118986],[134.9489311,34.7118903],[134.9492725,34.7119639],[134.9496586,34.7119883],[134.9500000,34.7120009],[134.9501039,34.7120047],[134.9506683,34.7119558],[134.9510022,34.7118925],[134.9510147,34.7118903],[134.9514106,34.7116614],[134.9516083,34.7115878],[134.9518656,34.7116450],[134.9524639,34.7118372],[134.9525783,34.7118739],[134.9521628,34.7125525],[134.9519125,34.7130544],[134.9518856,34.7131083],[134.9524100,34.7134186],[134.9525575,34.7134703],[134.9526675,34.7135086],[134.9528572,34.7135469],[134.9528858,34.7135528],[134.9531525,34.7136067],[134.9533653,34.7127650],[134.9541472,34.7127486],[134.9543947,34.7127322],[134.9552183,34.7125267],[134.9552458,34.7125197],[134.9573444,34.7127814],[134.9574550,34.7127958],[134.9576561,34.7128222],[134.9576561,34.7124708],[134.9579233,34.7129286],[134.9582994,34.7127894],[134.9583333,34.7128735],[134.9583786,34.7129858],[134.9583333,34.7130146],[134.9580319,34.7132061],[134.9582300,34.7140153],[134.9582794,34.7140972],[134.9583333,34.7141336],[134.9584972,34.7142442],[134.9587053,34.7143914],[134.9588536,34.7143997],[134.9591903,34.7143014],[134.9592892,34.7142281],[134.9592594,34.7141297],[134.9591111,34.7140400],[134.9589625,34.7139419],[134.9589625,34.7137783],[134.9590517,34.7136722],[134.9590914,34.7136542],[134.9592497,34.7135822],[134.9594081,34.7135331],[134.9596556,34.7133697],[134.9598436,34.7134022],[134.9601306,34.7134758],[134.9603186,34.7136803],[134.9605364,34.7137864],[134.9608036,34.7139336],[134.9609919,34.7139828],[134.9611106,34.7141544],[134.9613578,34.7143097],[134.9615806,34.7143425],[134.9618675,34.7143669],[134.9621250,34.7142525],[134.9623131,34.7141297],[134.9624119,34.7139172],[134.9624714,34.7138028],[134.9623922,34.7137703],[134.9621053,34.7137703],[134.9618378,34.7137292],[134.9617883,34.7136311],[134.9618972,34.7134269],[134.9619667,34.7132717],[134.9619567,34.7131328],[134.9620556,34.7131003],[134.9623625,34.7131083],[134.9626397,34.7130756],[134.9628475,34.7129531],[134.9630950,34.7128303],[134.9633919,34.7127814],[134.9636294,34.7127158],[134.9638869,34.7125606],[134.9642333,34.7122992],[134.9646786,34.7119231],[134.9649478,34.7116403],[134.9650072,34.7115094],[134.9649875,34.7114278],[134.9648489,34.7113297],[134.9646014,34.7111497],[134.9645819,34.7110353],[134.9646806,34.7108558],[134.9647597,34.7106758],[134.9648644,34.7104528],[134.9648786,34.7104225],[134.9650864,34.7102428],[134.9653933,34.7100711],[134.9655911,34.7099158],[134.9658089,34.7097603],[134.9659081,34.7095642],[134.9660764,34.7094008],[134.9661158,34.7092700],[134.9660861,34.7091472],[134.9660069,34.7090739],[134.9658981,34.7091556],[134.9657497,34.7093189],[134.9655614,34.7093517],[134.9653733,34.7092944],[134.9652744,34.7091964],[134.9652942,34.7090575],[134.9654525,34.7089022],[134.9657297,34.7086894],[134.9659475,34.7083956],[134.9659559,34.7083333],[134.9659772,34.7081747],[134.9660169,34.7078969],[134.9660267,34.7076761],[134.9658783,34.7074883],[134.9655614,34.7074064],[134.9653289,34.7073983],[134.9651011,34.7074472],[134.9649133,34.7075944],[134.9647847,34.7076925],[134.9646956,34.7076600],[134.9646364,34.7075128],[134.9646164,34.7073003],[134.9647550,34.7071531],[134.9649828,34.7070467],[134.9650817,34.7068589],[134.9650817,34.7066789],[134.9650719,34.7064500],[134.9651903,34.7062703],[134.9653883,34.7060417],[134.9655567,34.7059189],[134.9657447,34.7057719],[134.9657708,34.7056856],[134.9658042,34.7055756],[134.9657842,34.7051753],[134.9656853,34.7050117],[134.9655069,34.7048972],[134.9653264,34.7048247],[134.9649778,34.7046847],[134.9644333,34.7045947],[134.9640869,34.7044886],[134.9634236,34.7041942],[134.9632753,34.7040633],[134.9632158,34.7038508],[134.9631564,34.7033608],[134.9631464,34.7029764],[134.9632850,34.7026986],[134.9636117,34.7022489],[134.9638047,34.7020611],[134.9641214,34.7018811],[134.9643392,34.7017258],[134.9647156,34.7010886],[134.9645175,34.7009742],[134.9647453,34.7004264],[134.9648044,34.7000750],[134.9647980,34.7000000],[134.9647747,34.6997317],[134.9646642,34.6995100],[134.9646114,34.6994047],[134.9646114,34.6992575],[134.9647403,34.6991594],[134.9650569,34.6991347],[134.9651758,34.6990614],[134.9652550,34.6988489],[134.9653144,34.6986528],[134.9655025,34.6985711],[134.9657597,34.6985219],[134.9659678,34.6984239],[134.9660172,34.6982278],[134.9660172,34.6979253],[134.9659083,34.6975903],[134.9656706,34.6973042],[134.9653342,34.6970589],[134.9648442,34.6968136],[134.9642206,34.6965439],[134.9644186,34.6954978],[134.9644581,34.6954650],[134.9656261,34.6954325],[134.9658636,34.6953833],[134.9660319,34.6953097],[134.9661606,34.6950728],[134.9662003,34.6949503],[134.9662003,34.6949011],[134.9661211,34.6948519],[134.9656558,34.6947539],[134.9649728,34.6946803],[134.9647156,34.6945986],[134.9645769,34.6945086],[134.9645917,34.6944433],[134.9647897,34.6942636],[134.9653144,34.6938711],[134.9655025,34.6936097],[134.9657400,34.6930786],[134.9658983,34.6926125],[134.9659611,34.6924658],[134.9660767,34.6921956],[134.9662744,34.6918114],[134.9663000,34.6916667],[134.9663192,34.6915581],[134.9662200,34.6912558],[134.9661606,34.6910433],[134.9661606,34.6907981],[134.9663883,34.6899725],[134.9665369,34.6898092],[134.9666667,34.6897523],[134.9667050,34.6897356],[134.9667050,34.6895639],[134.9666667,34.6894823],[134.9666358,34.6894167],[134.9664181,34.6893514],[134.9660222,34.6893514],[134.9659231,34.6893022],[134.9658589,34.6891550],[134.9657794,34.6887956],[134.9657500,34.6885097],[134.9656114,34.6877247],[134.9654331,34.6871200],[134.9652647,34.6867194],[134.9652103,34.6866050],[134.9651789,34.6865883],[134.9650422,34.6865150],[134.9648936,34.6863925],[134.9648542,34.6862289],[134.9649036,34.6860572],[134.9650222,34.6859919],[134.9652400,34.6859428],[134.9651806,34.6855833],[134.9647947,34.6856325],[134.9645867,34.6856244],[134.9644189,34.6855997],[134.9643692,34.6855017],[134.9643989,34.6852647],[134.9644242,34.6852075],[134.9645569,34.6849050],[134.9648442,34.6845208],[134.9652797,34.6840222],[134.9654925,34.6838097],[134.9656411,34.6835481],[134.9655122,34.6835072],[134.9652647,34.6834989],[134.9650767,34.6834581],[134.9650347,34.6833333],[134.9650272,34.6833111],[134.9650569,34.6827797],[134.9651956,34.6827225],[134.9654233,34.6826489],[134.9655122,34.6825756],[134.9656608,34.6822406],[134.9658489,34.6820850],[134.9662053,34.6818972],[134.9664428,34.6817744],[134.9665517,34.6816600],[134.9666667,34.6814226],[134.9667100,34.6813331],[134.9667678,34.6812564],[134.9668194,34.6811875],[134.9668611,34.6811322],[134.9668636,34.6811286],[134.9668958,34.6810333],[134.9669178,34.6809697],[134.9669969,34.6807364],[134.9670219,34.6806628],[134.9670367,34.6806128],[134.9670583,34.6805383],[134.9670744,34.6804833],[134.9670925,34.6804214],[134.9671086,34.6803667],[134.9671303,34.6802922],[134.9671606,34.6801886],[134.9671861,34.6801525],[134.9673286,34.6799517],[134.9673511,34.6799361],[134.9674167,34.6798900],[134.9674953,34.6798353],[134.9677144,34.6796819],[134.9678533,34.6795697],[134.9679225,34.6795142],[134.9681475,34.6793322],[134.9681500,34.6793303],[134.9682194,34.6792731],[134.9682506,34.6792475],[134.9683222,34.6791881],[134.9684031,34.6791219],[134.9684669,34.6790692],[134.9684742,34.6790606],[134.9685944,34.6789192],[134.9687242,34.6787664],[134.9688628,34.6786031],[134.9689214,34.6785344],[134.9689800,34.6784661],[134.9691422,34.6782767],[134.9691844,34.6782272],[134.9692000,34.6782078],[134.9692200,34.6781831],[134.9693033,34.6780800],[134.9694914,34.6779736],[134.9698775,34.6778675],[134.9713817,34.6774994],[134.9715303,34.6773933],[134.9716689,34.6772136],[134.9716986,34.6769600],[134.9717183,34.6766250],[134.9717481,34.6765269],[134.9719956,34.6762817],[134.9719064,34.6759056],[134.9718361,34.6757942],[134.9715353,34.6753169],[134.9713669,34.6750067],[134.9713756,34.6750000],[134.9714369,34.6749531],[134.9715089,34.6748983],[134.9718914,34.6746061],[134.9719353,34.6745678],[134.9720500,34.6744672],[134.9720597,34.6741647],[134.9719764,34.6741161],[134.9718914,34.6740667],[134.9717431,34.6740583],[134.9715383,34.6739869],[134.9712975,34.6739031],[134.9711292,34.6738706],[134.9710106,34.6738050],[134.9707433,34.6736333],[134.9705356,34.6735272],[134.9703378,34.6734128],[134.9702336,34.6733064],[134.9701942,34.6731756],[134.9701150,34.6725217],[134.9700656,34.6724481],[134.9698478,34.6723828],[134.9698775,34.6721619],[134.9699308,34.6719494],[134.9699864,34.6717289],[134.9700456,34.6714753],[134.9701744,34.6712794],[134.9703131,34.6711406],[134.9704019,34.6709117],[134.9704861,34.6706992],[134.9706739,34.6705928],[134.9708322,34.6704211],[134.9709611,34.6702250],[134.9711292,34.6700206],[134.9712392,34.6699147],[134.9716269,34.6694350],[134.9717467,34.6692453],[134.9718228,34.6691253],[134.9718908,34.6690175],[134.9718939,34.6690078],[134.9719586,34.6688056],[134.9719133,34.6685872],[134.9717778,34.6683006],[134.9717778,34.6681572],[134.9718022,34.6681222],[134.9718322,34.6680789],[134.9719489,34.6679108],[134.9719814,34.6678642],[134.9721925,34.6677272],[134.9725317,34.6676711],[134.9727881,34.6676086],[134.9729842,34.6674653],[134.9731275,34.6672283],[134.9732181,34.6671411],[134.9734592,34.6670231],[134.9735875,34.6669358],[134.9737383,34.6667144],[134.9737383,34.6666397],[134.9736553,34.6665400],[134.9735119,34.6664278],[134.9734969,34.6663592],[134.9736025,34.6662781],[134.9740850,34.6661658],[134.9742583,34.6660975],[134.9743928,34.6659739],[134.9743942,34.6659728],[134.9744922,34.6656736],[134.9745714,34.6653244],[134.9745592,34.6650975],[134.9745561,34.6650439],[134.9745669,34.6650111],[134.9746392,34.6647944],[134.9747447,34.6645514],[134.9747569,34.6645319],[134.9748578,34.6643708],[134.9750000,34.6642848],[134.9750539,34.6642522],[134.9751067,34.6641525],[134.9750992,34.6640592],[134.9751819,34.6639717],[134.9752311,34.6639097],[134.9752478,34.6638889],[134.9753481,34.6637631],[134.9753531,34.6637469],[134.9753686,34.6636978],[134.9754006,34.6635975],[134.9754308,34.6635014],[134.9754611,34.6633144],[134.9754308,34.6631086],[134.9754008,34.6629653],[134.9754308,34.6628283],[134.9755100,34.6626772],[134.9755289,34.6626411],[134.9754836,34.6624417],[134.9753933,34.6623419],[134.9750917,34.6621364],[134.9750097,34.6620069],[134.9750086,34.6620053],[134.9750000,34.6619901],[134.9749558,34.6619119],[134.9749558,34.6617997],[134.9750000,34.6616962],[134.9750011,34.6616936],[134.9751142,34.6616189],[134.9753856,34.6616500],[134.9754911,34.6616253],[134.9755969,34.6615442],[134.9756194,34.6613883],[134.9756044,34.6611203],[134.9756044,34.6609083],[134.9756497,34.6607339],[134.9757553,34.6605719],[134.9758833,34.6604225],[134.9759414,34.6603775],[134.9759964,34.6603350],[134.9761397,34.6602728],[134.9762169,34.6602578],[134.9762681,34.6602478],[134.9763583,34.6601981],[134.9764111,34.6601231],[134.9764264,34.6599581],[134.9763283,34.6598147],[134.9762228,34.6596153],[134.9762000,34.6594842],[134.9761700,34.6593658],[134.9762153,34.6593158],[134.9766450,34.6591475],[134.9767006,34.6591247],[134.9768108,34.6590792],[134.9768636,34.6590292],[134.9766753,34.6586306],[134.9769486,34.6585142],[134.9772031,34.6584061],[134.9776235,34.6583333],[134.9776347,34.6583314],[134.9789647,34.6579731],[134.9794894,34.6578319],[134.9796594,34.6577861],[134.9797561,34.6577603],[134.9799494,34.6577081],[134.9799742,34.6577631],[134.9800294,34.6578847],[134.9802321,34.6583333],[134.9803153,34.6585175],[134.9804622,34.6588425],[134.9806519,34.6589994],[134.9806556,34.6590022],[134.9807261,34.6590606],[134.9811861,34.6598894],[134.9805981,34.6601075],[134.9803642,34.6602508],[134.9803375,34.6602983],[134.9802736,34.6604131],[134.9802889,34.6606281],[134.9805225,34.6611703],[134.9805981,34.6612453],[134.9807336,34.6612389],[134.9808919,34.6610894],[134.9809750,34.6609958],[134.9810806,34.6610519],[134.9812917,34.6612078],[134.9813672,34.6611828],[134.9815181,34.6609461],[134.9816536,34.6607464],[134.9818117,34.6607217],[134.9818644,34.6607778],[134.9819172,34.6608961],[134.9820306,34.6609397],[134.9822944,34.6609336],[134.9824225,34.6609336],[134.9824558,34.6609547],[134.9825508,34.6610144],[134.9826639,34.6610644],[134.9828525,34.6610394],[134.9830861,34.6609958],[134.9832619,34.6609914],[134.9833333,34.6609897],[134.9833350,34.6609897],[134.9834875,34.6610122],[134.9836172,34.6610033],[134.9836250,34.6610011],[134.9837308,34.6609708],[134.9839269,34.6606406],[134.9842058,34.6603667],[134.9845150,34.6600797],[134.9846892,34.6599128],[134.9849675,34.6596467],[134.9854561,34.6592675],[134.9854578,34.6592664],[134.9857594,34.6589297],[134.9859178,34.6586492],[134.9859325,34.6586161],[134.9860458,34.6583628],[134.9860458,34.6577456],[134.9862533,34.6575286],[134.9863022,34.6574775],[134.9864831,34.6574092],[134.9868117,34.6574000],[134.9869028,34.6573975],[134.9869317,34.6573967],[134.9875953,34.6575586],[134.9876339,34.6575706],[134.9882194,34.6577506],[134.9882742,34.6577675],[134.9888922,34.6579575],[134.9889403,34.6579514],[134.9890864,34.6579328],[134.9895011,34.6576772],[134.9895878,34.6576792],[134.9897878,34.6576833],[134.9906394,34.6576086],[134.9908958,34.6576397],[134.9913483,34.6577644],[134.9916350,34.6578206],[134.9916667,34.6578215],[134.9918386,34.6578267],[134.9923608,34.6575772],[134.9925192,34.6575900],[134.9926547,34.6576333],[134.9931450,34.6578642],[134.9935975,34.6579825],[134.9939742,34.6580511],[134.9943225,34.6580950],[134.9944192,34.6581072],[134.9945700,34.6581508],[134.9948564,34.6583317],[134.9948599,34.6583333],[134.9957011,34.6587367],[134.9960103,34.6589425],[134.9962967,34.6590297],[134.9965758,34.6590361],[134.9968472,34.6589922],[134.9970119,34.6589219],[134.9970944,34.6588853],[134.9971583,34.6588778],[134.9972336,34.6588817],[134.9972731,34.6588864],[134.9973194,34.6588664],[134.9973753,34.6587328],[134.9974897,34.6586178],[134.9977083,34.6585069],[134.9979467,34.6583961],[134.9980261,34.6583425],[134.9980316,34.6583333],[134.9981603,34.6581167],[134.9982497,34.6580142],[134.9984089,34.6579236],[134.9985131,34.6578375],[134.9989008,34.6573217],[134.9990200,34.6572353],[134.9991989,34.6571656],[134.9995389,34.6569717],[134.9996311,34.6569192],[134.9997306,34.6569067],[135,34.6571365],[135.0002456,34.6573461],[135.0004958,34.6575336],[135.0005992,34.6576108],[135.0012639,34.6581086],[135.0015944,34.6582611],[135.0016017,34.6582644],[135.0016811,34.6583333],[135.0021544,34.6587442],[135.0022925,34.6588642],[135.0025231,34.6591189],[135.0033158,34.6586914],[135.0035664,34.6585561],[135.0039441,34.6583333],[135.0045897,34.6579525],[135.0047686,34.6577392],[135.0049211,34.6573900],[135.0050011,34.6574253],[135.0051478,34.6574903],[135.0057094,34.6577392],[135.0060869,34.6579403],[135.0061864,34.6580347],[135.0062325,34.6581375],[135.0062325,34.6582525],[135.0062654,34.6583333],[135.0062808,34.6583714],[135.0067828,34.6589711],[135.0075378,34.6597950],[135.0077961,34.6600167],[135.0079503,34.6601028],[135.0080000,34.6600947],[135.0083175,34.6598342],[135.0083333,34.6598496],[135.0088642,34.6603683],[135.0090358,34.6603206],[135.0092339,34.6602656],[135.0095022,34.6602328],[135.0098003,34.6602533],[135.0099094,34.6602367],[135.0101083,34.6601753],[135.0103417,34.6601628],[135.0106400,34.6602408],[135.0109231,34.6602739],[135.0110572,34.6603478],[135.0111417,34.6604339],[135.0111667,34.6605447],[135.0111417,34.6606475],[135.0110622,34.6607133],[135.0109578,34.6607419],[135.0108189,34.6607419],[135.0104758,34.6607008],[135.0102325,34.6607256],[135.0099939,34.6607872],[135.0098250,34.6608692],[135.0097703,34.6609433],[135.0097542,34.6610703],[135.0097506,34.6610992],[135.0097953,34.6611897],[135.0100189,34.6613089],[135.0103169,34.6614197],[135.0105486,34.6614653],[135.0106300,34.6614811],[135.0108636,34.6614853],[135.0110422,34.6614689],[135.0112211,34.6614181],[135.0113897,34.6613975],[135.0116631,34.6614222],[135.0121733,34.6614878],[135.0126503,34.6614797],[135.0130281,34.6615206],[135.0134106,34.6615083],[135.0134750,34.6614097],[135.0135150,34.6613975],[135.0139919,34.6616028],[135.0140514,34.6615906],[135.0143544,34.6612292],[135.0143389,34.6611300],[135.0143197,34.6610072],[135.0138164,34.6606106],[135.0138114,34.6605489],[135.0139606,34.6603353],[135.0139556,34.6602819],[135.0138314,34.6601422],[135.0138314,34.6600808],[135.0138958,34.6600603],[135.0144178,34.6602819],[135.0147456,34.6603764],[135.0148947,34.6604667],[135.0150036,34.6605900],[135.0150683,34.6607667],[135.0151081,34.6609308],[135.0151628,34.6610047],[135.0152272,34.6610008],[135.0152619,34.6609514],[135.0152222,34.6608528],[135.0150981,34.6604956],[135.0151278,34.6604053],[135.0151925,34.6603847],[135.0152619,34.6604503],[135.0153217,34.6606803],[135.0154408,34.6609022],[135.0154806,34.6609472],[135.0155403,34.6609308],[135.0155700,34.6608611],[135.0155650,34.6605983],[135.0156047,34.6605039],[135.0156744,34.6604667],[135.0157489,34.6604833],[135.0159128,34.6606681],[135.0159675,34.6607008],[135.0162111,34.6606928],[135.0163172,34.6606517],[135.0164033,34.6605856],[135.0164564,34.6605447],[135.0164961,34.6604133],[135.0164614,34.6602575],[135.0163869,34.6600728],[135.0163472,34.6599700],[135.0163669,34.6599331],[135.0165061,34.6599167],[135.0166667,34.6599246],[135.0166750,34.6599250],[135.0168589,34.6598881],[135.0169656,34.6598069],[135.0170428,34.6597483],[135.0170636,34.6597428],[135.0171669,34.6597156],[135.0173856,34.6597525],[135.0174997,34.6597525],[135.0175694,34.6597319],[135.0176092,34.6596619],[135.0175992,34.6595553],[135.0175197,34.6594608],[135.0173956,34.6594525],[135.0170675,34.6595019],[135.0169731,34.6594814],[135.0168739,34.6594033],[135.0168142,34.6593992],[135.0166667,34.6594500],[135.0166353,34.6594608],[135.0158503,34.6595553],[135.0153633,34.6595842],[135.0151747,34.6595800],[135.0150008,34.6595553],[135.0148569,34.6595061],[135.0147575,34.6594361],[135.0146931,34.6593328],[135.0146831,34.6592103],[135.0147328,34.6591092],[135.0148269,34.6590231],[135.0150606,34.6588858],[135.0155028,34.6586328],[135.0156267,34.6586000],[135.0158553,34.6585917],[135.0159050,34.6585672],[135.0158850,34.6585219],[135.0157261,34.6584153],[135.0156119,34.6583864],[135.0154781,34.6583986],[135.0150572,34.6585711],[135.0148783,34.6586656],[135.0146894,34.6587972],[135.0145861,34.6588275],[135.0144311,34.6587889],[135.0143417,34.6587108],[135.0141331,34.6584619],[135.0140551,34.6583333],[135.0140236,34.6582814],[135.0139144,34.6581581],[135.0139094,34.6580964],[135.0139739,34.6580553],[135.0145006,34.6579961],[135.0147142,34.6579386],[135.0148931,34.6578500],[135.0149553,34.6578014],[135.0150669,34.6577144],[135.0152061,34.6575422],[135.0151864,34.6574767],[135.0151500,34.6574567],[135.0145703,34.6571356],[135.0145603,34.6570575],[135.0146003,34.6570136],[135.0146647,34.6569425],[135.0147442,34.6569261],[135.0150056,34.6570681],[135.0152939,34.6572244],[135.0154097,34.6572875],[135.0156219,34.6573781],[135.0163819,34.6580636],[135.0164642,34.6581347],[135.0165886,34.6582422],[135.0165956,34.6582483],[135.0166667,34.6582976],[135.0167182,34.6583333],[135.0168092,34.6583964],[135.0168928,34.6584417],[135.0170239,34.6585131],[135.0171569,34.6585853],[135.0172022,34.6586067],[135.0172636,34.6586358],[135.0174025,34.6587014],[135.0178306,34.6589039],[135.0179469,34.6589589],[135.0180067,34.6587658],[135.0180117,34.6586386],[135.0179719,34.6585031],[135.0179967,34.6584578],[135.0181308,34.6583553],[135.0181449,34.6583333],[135.0182203,34.6582156],[135.0182094,34.6581094],[135.0182053,34.6580681],[135.0180983,34.6578733],[135.0180811,34.6578422],[135.0180811,34.6578417],[135.0180861,34.6577969],[135.0181408,34.6577847],[135.0182847,34.6578050],[135.0184786,34.6578667],[135.0187206,34.6580064],[135.0189939,34.6582242],[135.0191843,34.6583333],[135.0193514,34.6584292],[135.0194606,34.6584336],[135.0196147,34.6583967],[135.0197603,34.6583333],[135.0198133,34.6583103],[135.0198327,34.6583333],[135.0198928,34.6584047],[135.0199722,34.6584211],[135.0202216,34.6583333],[135.0202989,34.6583061],[135.0204233,34.6582744],[135.0205422,34.6582444],[135.0205969,34.6582117],[135.0206331,34.6581378],[135.0207061,34.6581050],[135.0208353,34.6581461],[135.0208703,34.6582158],[135.0210192,34.6581500],[135.0210489,34.6580886],[135.0210342,34.6578833],[135.0210242,34.6577475],[135.0210739,34.6576819],[135.0213025,34.6575750],[135.0214417,34.6573492],[135.0215061,34.6573000],[135.0215906,34.6572836],[135.0218292,34.6573122],[135.0220875,34.6573122],[135.0223011,34.6573533],[135.0223756,34.6574150],[135.0224403,34.6575917],[135.0224453,34.6577600],[135.0224153,34.6579858],[135.0224353,34.6581500],[135.0224947,34.6583103],[135.0225087,34.6583333],[135.0226586,34.6585814],[135.0227578,34.6590208],[135.0228425,34.6592464],[135.0228842,34.6592900],[135.0229786,34.6593106],[135.0230100,34.6593036],[135.0230728,34.6592900],[135.0231972,34.6591831],[135.0232469,34.6591136],[135.0233611,34.6588014],[135.0235547,34.6585058],[135.0236326,34.6583333],[135.0236344,34.6583292],[135.0237139,34.6582800],[135.0238181,34.6583006],[135.0238429,34.6583333],[135.0238678,34.6583661],[135.0237983,34.6585714],[135.0237883,34.6587153],[135.0238033,34.6588303],[135.0238678,34.6589331],[135.0246231,34.6595611],[135.0250000,34.6598019],[135.0251667,34.6599083],[135.0251731,34.6599125],[135.0257739,34.6603481],[135.0257592,34.6603808],[135.0255406,34.6604589],[135.0252228,34.6605042],[135.0250000,34.6606780],[135.0248650,34.6607833],[135.0248572,34.6608167],[135.0248303,34.6609311],[135.0248700,34.6609600],[135.0249386,34.6609581],[135.0250000,34.6609562],[135.0251483,34.6609517],[135.0252475,34.6609325],[135.0259778,34.6607917],[135.0264000,34.6606339],[135.0266136,34.6610692],[135.0267478,34.6614431],[135.0267942,34.6616850],[135.0268258,34.6618494],[135.0268656,34.6618658],[135.0273781,34.6616378],[135.0274314,34.6616139],[135.0284058,34.6611800],[135.0289953,34.6608803],[135.0292163,34.6607157],[135.0295467,34.6604694],[135.0298025,34.6602981],[135.0303367,34.6599400],[135.0309131,34.6595828],[135.0316525,34.6591194],[135.0325167,34.6585089],[135.0325047,34.6584397],[135.0323747,34.6583333],[135.0323486,34.6583119],[135.0321497,34.6581497],[135.0318525,34.6579067],[135.0317650,34.6578350],[135.0316592,34.6577486],[135.0314875,34.6576083],[135.0313906,34.6575289],[135.0313050,34.6574442],[135.0308514,34.6569961],[135.0305339,34.6566147],[135.0303722,34.6564069],[135.0301506,34.6559761],[135.0296897,34.6552683],[135.0294800,34.6550100],[135.0293492,34.6548878],[135.0291147,34.6546683],[135.0284978,34.6541781],[135.0276233,34.6535344],[135.0273189,34.6533294],[135.0269972,34.6531125],[135.0267875,34.6529711],[135.0267761,34.6529636],[135.0261506,34.6525422],[135.0259325,34.6523956],[135.0258181,34.6523183],[135.0256461,34.6521886],[135.0254467,34.6520383],[135.0250000,34.6517024],[135.0247819,34.6515383],[135.0244944,34.6512314],[135.0242969,34.6509442],[135.0239497,34.6504983],[135.0235385,34.6500000],[135.0235158,34.6499725],[135.0232369,34.6497508],[135.0227553,34.6494528],[135.0221322,34.6490961],[135.0219314,34.6489772],[135.0217269,34.6488558],[135.0213736,34.6485933],[135.0208706,34.6481675],[135.0205172,34.6478261],[135.0201158,34.6473972],[135.0201097,34.6473358],[135.0201664,34.6471350],[135.0201717,34.6471161],[135.0202519,34.6468319],[135.0202656,34.6467833],[135.0202339,34.6466128],[135.0200206,34.6462922],[135.0199961,34.6462553],[135.0199003,34.6460775],[135.0197803,34.6457308],[135.0195936,34.6453997],[135.0194317,34.6450844],[135.0192056,34.6446436],[135.0191517,34.6444633],[135.0191156,34.6443103],[135.0190381,34.6439800],[135.0189928,34.6438700],[135.0189922,34.6438683],[135.0189139,34.6437258],[135.0188300,34.6435728],[135.0187311,34.6433925],[135.0186894,34.6433091],[135.0187085,34.6431909],[135.0187673,34.6431784],[135.0187837,34.6431600],[135.0190870,34.6430342],[135.0194582,34.6428881],[135.0195695,34.6428403],[135.0196984,34.6427815],[135.0200798,34.6426023],[135.0202444,34.6425225],[135.0204234,34.6424310],[135.0207745,34.6422455],[135.0209251,34.6421676],[135.0214293,34.6419193],[135.0217824,34.6417432],[135.0219515,34.6416714],[135.0219801,34.6416667],[135.0220004,34.6416633],[135.0221687,34.6415785],[135.0223563,34.6414570],[135.0224318,34.6413809],[135.0224463,34.6413580],[135.0223900,34.6413079],[135.0224198,34.6412733],[135.0224837,34.6412435],[135.0225063,34.6412485],[135.0226219,34.6411876],[135.0226910,34.6411484],[135.0227855,34.6410906],[135.0228983,34.6410181],[135.0229197,34.6409592],[135.0230146,34.6408751],[135.0230630,34.6408278],[135.0231764,34.6407413],[135.0234937,34.6405325],[135.0236204,34.6404536],[135.0237203,34.6404174],[135.0237325,34.6404190],[135.0237364,34.6404256],[135.0237581,34.6404421],[135.0238498,34.6403963],[135.0239144,34.6403612],[135.0239765,34.6403232],[135.0240457,34.6402764],[135.0242014,34.6401642],[135.0243943,34.6400288],[135.0244758,34.6399691],[135.0246050,34.6398682],[135.0247768,34.6397264],[135.0248515,34.6396373],[135.0249116,34.6395732],[135.0250000,34.6394895],[135.0250721,34.6394213],[135.0251690,34.6393341],[135.0251968,34.6393061],[135.0252160,34.6392823],[135.0252306,34.6392585],[135.0252424,34.6392315],[135.0252517,34.6392035],[135.0252604,34.6391856],[135.0252826,34.6391688],[135.0253036,34.6391593],[135.0253636,34.6391325],[135.0254111,34.6391082],[135.0254544,34.6390821],[135.0254920,34.6390548],[135.0255233,34.6390271],[135.0255560,34.6389933],[135.0255980,34.6389447],[135.0256537,34.6388735],[135.0256663,34.6388592],[135.0257477,34.6387783],[135.0258505,34.6386763],[135.0258591,34.6386542],[135.0258782,34.6386278],[135.0259024,34.6386013],[135.0260329,34.6384771],[135.0260704,34.6384376],[135.0261099,34.6383899],[135.0261391,34.6383557],[135.0261614,34.6383262],[135.0261816,34.6382899],[135.0262056,34.6382372],[135.0262277,34.6381937],[135.0262445,34.6381449],[135.0262494,34.6381155],[135.0262517,34.6380809],[135.0262494,34.6380474],[135.0262434,34.6380144],[135.0262329,34.6379809],[135.0262022,34.6379226],[135.0261889,34.6379023],[135.0261749,34.6378856],[135.0261591,34.6378707],[135.0261514,34.6378668],[135.0265382,34.6375143],[135.0266087,34.6375683],[135.0266547,34.6376007],[135.0266946,34.6376264],[135.0267325,34.6376480],[135.0267683,34.6376653],[135.0268026,34.6376789],[135.0268392,34.6376903],[135.0268898,34.6377019],[135.0269500,34.6377119],[135.0270190,34.6377206],[135.0271125,34.6377297],[135.0271982,34.6377093],[135.0272576,34.6376875],[135.0280145,34.6369937],[135.0278524,34.6368657],[135.0278492,34.6368557],[135.0278623,34.6368409],[135.0276134,34.6366497],[135.0276391,34.6366274],[135.0279029,34.6368332],[135.0285765,34.6362386],[135.0286033,34.6362588],[135.0282441,34.6365777],[135.0282562,34.6365859],[135.0282651,34.6365871],[135.0283109,34.6365834],[135.0283321,34.6365785],[135.0283604,34.6365483],[135.0283691,34.6365453],[135.0284393,34.6366102],[135.0284502,34.6366075],[135.0288691,34.6362296],[135.0288361,34.6361999],[135.0288845,34.6361443],[135.0293049,34.6357688],[135.0293496,34.6357409],[135.0294313,34.6357895],[135.0294780,34.6357569],[135.0294590,34.6357443],[135.0294910,34.6357087],[135.0295165,34.6357213],[135.0295332,34.6357038],[135.0294799,34.6356436],[135.0294791,34.6356339],[135.0294886,34.6356004],[135.0296641,34.6354441],[135.0304358,34.6347606],[135.0304465,34.6347687],[135.0304761,34.6347914],[135.0305922,34.6346815],[135.0306299,34.6347083],[135.0306554,34.6346884],[135.0306890,34.6346684],[135.0307150,34.6346485],[135.0307351,34.6346262],[135.0307721,34.6346046],[135.0308002,34.6345839],[135.0308282,34.6345632],[135.0308553,34.6345442],[135.0309004,34.6345157],[135.0309375,34.6344892],[135.0309950,34.6344402],[135.0310567,34.6343913],[135.0311024,34.6343557],[135.0311363,34.6343267],[135.0312040,34.6342755],[135.0312547,34.6342261],[135.0312908,34.6341879],[135.0313136,34.6341493],[135.0313260,34.6341148],[135.0313351,34.6340682],[135.0313418,34.6340282],[135.0313644,34.6340039],[135.0314005,34.6339862],[135.0314591,34.6339583],[135.0315076,34.6339285],[135.0315459,34.6339024],[135.0315820,34.6338753],[135.0316192,34.6338465],[135.0316564,34.6338166],[135.0316823,34.6337868],[135.0317105,34.6337523],[135.0317277,34.6337128],[135.0317424,34.6336755],[135.0317525,34.6336467],[135.0317672,34.6336262],[135.0317954,34.6336057],[135.0318213,34.6335898],[135.0318540,34.6335749],[135.0318856,34.6335609],[135.0319215,34.6335423],[135.0319602,34.6335141],[135.0319883,34.6334849],[135.0320230,34.6334589],[135.0320471,34.6334297],[135.0320676,34.6334001],[135.0320816,34.6333637],[135.0320920,34.6333333],[135.0320930,34.6333305],[135.0321032,34.6333125],[135.0321236,34.6332937],[135.0321426,34.6332767],[135.0321798,34.6332432],[135.0322238,34.6332152],[135.0322977,34.6331813],[135.0320750,34.6329282],[135.0319678,34.6327953],[135.0327557,34.6323339],[135.0327684,34.6323264],[135.0318736,34.6312865],[135.0328027,34.6307383],[135.0330812,34.6305726],[135.0333333,34.6304243],[135.0346299,34.6296619],[135.0352576,34.6303970],[135.0370320,34.6293643],[135.0364006,34.6286257],[135.0383542,34.6274838],[135.0384287,34.6275647],[135.0381523,34.6277251],[135.0380529,34.6277829],[135.0380614,34.6277899],[135.0380948,34.6278120],[135.0381202,34.6278264],[135.0381712,34.6278532],[135.0382652,34.6278954],[135.0383404,34.6279252],[135.0383682,34.6279371],[135.0384371,34.6279634],[135.0385483,34.6280000],[135.0386090,34.6280153],[135.0386842,34.6280290],[135.0387161,34.6280341],[135.0387953,34.6280341],[135.0388581,34.6280290],[135.0389116,34.6280170],[135.0390269,34.6279856],[135.0391247,34.6279447],[135.0392143,34.6279047],[135.0393069,34.6278477],[135.0393718,34.6278060],[135.0394335,34.6277550],[135.0394942,34.6276937],[135.0395370,34.6276406],[135.0395792,34.6275709],[135.0396111,34.6274985],[135.0396316,34.6274381],[135.0396399,34.6273879],[135.0396358,34.6273224],[135.0396244,34.6272407],[135.0396162,34.6271871],[135.0396136,34.6271618],[135.0396219,34.6271482],[135.0396301,34.6271355],[135.0396548,34.6271219],[135.0397454,34.6270819],[135.0397979,34.6270683],[135.0398319,34.6270649],[135.0398782,34.6270649],[135.0399389,34.6270742],[135.0400130,34.6270870],[135.0400748,34.6270921],[135.0401303,34.6270921],[135.0402055,34.6270836],[135.0402899,34.6270666],[135.0403372,34.6270444],[135.0403465,34.6270342],[135.0403403,34.6270172],[135.0403475,34.6270087],[135.0403792,34.6269921],[135.0404206,34.6269789],[135.0404823,34.6269721],[135.0405358,34.6269687],[135.0406319,34.6269712],[135.0407778,34.6269797],[135.0409233,34.6269803],[135.0410732,34.6269788],[135.0412174,34.6269650],[135.0413566,34.6269429],[135.0415000,34.6269036],[135.0416339,34.6268446],[135.0416667,34.6268262],[135.0417638,34.6267715],[135.0418954,34.6266943],[135.0420117,34.6266188],[135.0421116,34.6265314],[135.0421955,34.6264346],[135.0422739,34.6263312],[135.0423207,34.6262221],[135.0423557,34.6261248],[135.0423971,34.6260432],[135.0424699,34.6259819],[135.0425681,34.6259551],[135.0426617,34.6259529],[135.0427415,34.6259608],[135.0427652,34.6259635],[135.0428280,34.6259734],[135.0429726,34.6260005],[135.0429945,34.6260028],[135.0429953,34.6260028],[135.0430436,34.6260085],[135.0431314,34.6260171],[135.0432690,34.6260301],[135.0433823,34.6260285],[135.0434497,34.6260223],[135.0435791,34.6260080],[135.0437026,34.6259770],[135.0437731,34.6259542],[135.0438848,34.6259010],[135.0439936,34.6258424],[135.0440852,34.6257691],[135.0441634,34.6256734],[135.0442273,34.6255777],[135.0442787,34.6254950],[135.0443160,34.6254075],[135.0443325,34.6253147],[135.0443362,34.6252721],[135.0443122,34.6252725],[135.0443122,34.6252871],[135.0438682,34.6253064],[135.0438645,34.6252046],[135.0443027,34.6251873],[135.0443029,34.6251852],[135.0452990,34.6251469],[135.0453046,34.6252639],[135.0450820,34.6252733],[135.0450274,34.6262432],[135.0455248,34.6262157],[135.0455894,34.6250000],[135.0456019,34.6247660],[135.0466408,34.6247149],[135.0466447,34.6247709],[135.0461004,34.6247991],[135.0461130,34.6250000],[135.0461144,34.6250219],[135.0461223,34.6250257],[135.0461339,34.6250313],[135.0475810,34.6257259],[135.0475818,34.6257246],[135.0475895,34.6257138],[135.0477519,34.6254792],[135.0477592,34.6254688],[135.0479451,34.6252005],[135.0479518,34.6251907],[135.0479583,34.6251813],[135.0475853,34.6250000],[135.0471946,34.6248101],[135.0471047,34.6249316],[135.0470644,34.6249100],[135.0471465,34.6247940],[135.0471403,34.6246895],[135.0500000,34.6245440],[135.0516531,34.6244598],[135.0516965,34.6250000],[135.0517181,34.6252700],[135.0513440,34.6259318],[135.0511247,34.6259410],[135.0510648,34.6266160],[135.0512609,34.6266966],[135.0512544,34.6267891],[135.0518005,34.6268200],[135.0518701,34.6268237],[135.0519661,34.6257810],[135.0523984,34.6250000],[135.0526013,34.6246334],[135.0526727,34.6246577],[135.0524828,34.6250000],[135.0520375,34.6258029],[135.0520298,34.6258946],[135.0528028,34.6259473],[135.0527981,34.6260041],[135.0520222,34.6259538],[135.0519467,34.6267882],[135.0529274,34.6268277],[135.0529365,34.6266821],[135.0529476,34.6266823],[135.0529368,34.6268519],[135.0533546,34.6268733],[135.0533666,34.6267072],[135.0533771,34.6267077],[135.0533665,34.6268485],[135.0539202,34.6268729],[135.0539726,34.6264476],[135.0536669,34.6264255],[135.0536696,34.6263930],[135.0539775,34.6264167],[135.0539807,34.6263906],[135.0541214,34.6264025],[135.0541490,34.6264048],[135.0543002,34.6264177],[135.0543292,34.6264203],[135.0551178,34.6264921],[135.0550484,34.6270444],[135.0559695,34.6271197],[135.0559959,34.6268962],[135.0560085,34.6268973],[135.0559811,34.6271209],[135.0563944,34.6271582],[135.0564247,34.6269285],[135.0564350,34.6269294],[135.0564052,34.6271595],[135.0573016,34.6272362],[135.0573969,34.6263826],[135.0573028,34.6263649],[135.0573016,34.6263752],[135.0561104,34.6262097],[135.0556514,34.6259731],[135.0554707,34.6262052],[135.0554387,34.6261877],[135.0556168,34.6259546],[135.0545362,34.6253968],[135.0535208,34.6250874],[135.0535611,34.6250047],[135.0545698,34.6253100],[135.0554179,34.6257486],[135.0555230,34.6256087],[135.0563394,34.6256495],[135.0564080,34.6250537],[135.0564098,34.6250383],[135.0564142,34.6250000],[135.0564789,34.6244372],[135.0557131,34.6243700],[135.0557093,34.6244029],[135.0554452,34.6243790],[135.0550475,34.6245267],[135.0550390,34.6245091],[135.0546491,34.6246510],[135.0546355,34.6246483],[135.0546148,34.6246071],[135.0546176,34.6245973],[135.0555115,34.6242729],[135.0564447,34.6243573],[135.0565249,34.6243599],[135.0577209,34.6245027],[135.0581612,34.6247703],[135.0581449,34.6250000],[135.0580310,34.6266010],[135.0580438,34.6266734],[135.0580435,34.6267165],[135.0580975,34.6267287],[135.0580509,34.6272830],[135.0579876,34.6272749],[135.0579554,34.6274017],[135.0581509,34.6275772],[135.0583333,34.6277409],[135.0583439,34.6277504],[135.0583645,34.6277795],[135.0584034,34.6277613],[135.0584732,34.6277378],[135.0585922,34.6277135],[135.0587320,34.6276989],[135.0587570,34.6275596],[135.0587967,34.6275640],[135.0587953,34.6275726],[135.0588257,34.6275758],[135.0588594,34.6275777],[135.0588930,34.6275774],[135.0589258,34.6275729],[135.0589590,34.6275646],[135.0589949,34.6275554],[135.0591746,34.6275100],[135.0594057,34.6266899],[135.0596178,34.6259043],[135.0596397,34.6258964],[135.0595995,34.6258265],[135.0597870,34.6257263],[135.0600799,34.6255757],[135.0629361,34.6261200],[135.0666667,34.6268257],[135.0670801,34.6269040],[135.0722403,34.6278867],[135.0745195,34.6283208],[135.0748341,34.6287346],[135.0742663,34.6307614],[135.0742777,34.6307658],[135.0742864,34.6307340],[135.0743112,34.6307378],[135.0746211,34.6308994],[135.0746484,34.6309122],[135.0746613,34.6309374],[135.0747542,34.6309725],[135.0750000,34.6310261],[135.0751729,34.6310639],[135.0759842,34.6312368],[135.0761044,34.6312267],[135.0773927,34.6315140],[135.0774545,34.6315107],[135.0774797,34.6315001],[135.0775210,34.6315031],[135.0775809,34.6315008],[135.0776346,34.6315089],[135.0776834,34.6315119],[135.0777432,34.6315225],[135.0778287,34.6315318],[135.0778913,34.6315440],[135.0779575,34.6315506],[135.0779770,34.6315568],[135.0779929,34.6315684],[135.0779983,34.6315705],[135.0780282,34.6315683],[135.0780823,34.6315786],[135.0782168,34.6315978],[135.0783715,34.6316137],[135.0784195,34.6316202],[135.0784728,34.6316322],[135.0785390,34.6316556],[135.0785496,34.6316555],[135.0785657,34.6316473],[135.0785721,34.6316466],[135.0785966,34.6316583],[135.0786250,34.6316610],[135.0786511,34.6316739],[135.0786870,34.6316821],[135.0787430,34.6316996],[135.0787716,34.6317051],[135.0788421,34.6317145],[135.0788770,34.6317226],[135.0789033,34.6317336],[135.0789536,34.6317653],[135.0789782,34.6317756],[135.0790267,34.6317832],[135.0790747,34.6317999],[135.0791224,34.6318040],[135.0791581,34.6318174],[135.0792175,34.6318288],[135.0792785,34.6318513],[135.0793157,34.6318615],[135.0794980,34.6318984],[135.0795847,34.6319128],[135.0796691,34.6319209],[135.0797912,34.6319252],[135.0798869,34.6319324],[135.0799304,34.6319317],[135.0799682,34.6319266],[135.0800071,34.6319175],[135.0800249,34.6319106],[135.0800493,34.6318961],[135.0800608,34.6318916],[135.0800945,34.6318898],[135.0801199,34.6318846],[135.0801471,34.6318818],[135.0801578,34.6318764],[135.0801699,34.6318653],[135.0802410,34.6318561],[135.0804092,34.6311385],[135.0804724,34.6311466],[135.0804342,34.6313200],[135.0803745,34.6316016],[135.0803157,34.6318354],[135.0805632,34.6318703],[135.0806078,34.6316935],[135.0815538,34.6318383],[135.0817400,34.6309944],[135.0816016,34.6309678],[135.0812410,34.6309019],[135.0806167,34.6307824],[135.0805777,34.6309234],[135.0805228,34.6309130],[135.0805619,34.6307720],[135.0804064,34.6307419],[135.0804089,34.6307336],[135.0801984,34.6306940],[135.0802243,34.6305909],[135.0804379,34.6306362],[135.0805804,34.6306638],[135.0808473,34.6307141],[135.0811734,34.6307791],[135.0814364,34.6308282],[135.0818241,34.6308960],[135.0823762,34.6309812],[135.0825090,34.6310772],[135.0824258,34.6314545],[135.0822967,34.6320397],[135.0822240,34.6323694],[135.0823579,34.6324674],[135.0823798,34.6323988],[135.0825559,34.6320381],[135.0825847,34.6319791],[135.0826169,34.6319908],[135.0824289,34.6323894],[135.0824027,34.6324010],[135.0823551,34.6325422],[135.0823411,34.6326022],[135.0826250,34.6326676],[135.0830489,34.6327700],[135.0831417,34.6328361],[135.0832111,34.6328649],[135.0832259,34.6328349],[135.0833314,34.6328735],[135.0833018,34.6329267],[135.0833333,34.6329391],[135.0834835,34.6329979],[135.0835039,34.6330191],[135.0835480,34.6330002],[135.0835794,34.6329922],[135.0835917,34.6329940],[135.0841195,34.6331456],[135.0841354,34.6331039],[135.0841602,34.6331104],[135.0841459,34.6331516],[135.0842350,34.6331808],[135.0843535,34.6332166],[135.0844112,34.6332376],[135.0844626,34.6332624],[135.0845857,34.6333333],[135.0845863,34.6333336],[135.0846068,34.6333484],[135.0846233,34.6333637],[135.0846592,34.6334124],[135.0846761,34.6334297],[135.0847064,34.6334532],[135.0847364,34.6334826],[135.0849901,34.6335491],[135.0852784,34.6337414],[135.0853267,34.6337090],[135.0853471,34.6337029],[135.0853580,34.6337028],[135.0856851,34.6337477],[135.0858894,34.6337627],[135.0860390,34.6337758],[135.0861505,34.6337878],[135.0864149,34.6338197],[135.0865536,34.6338329],[135.0866546,34.6338394],[135.0869411,34.6338537],[135.0872026,34.6338763],[135.0873090,34.6338830],[135.0873799,34.6338847],[135.0874693,34.6338848],[135.0875610,34.6338842],[135.0876330,34.6338845],[135.0877213,34.6338874],[135.0878251,34.6338949],[135.0878875,34.6339283],[135.0880986,34.6339520],[135.0885347,34.6339902],[135.0888537,34.6340162],[135.0893206,34.6340520],[135.0896233,34.6340793],[135.0896894,34.6340840],[135.0898059,34.6340891],[135.0898839,34.6340931],[135.0899158,34.6340984],[135.0899442,34.6341066],[135.0899784,34.6341208],[135.0900181,34.6341385],[135.0900459,34.6341492],[135.0900764,34.6341590],[135.0901244,34.6341708],[135.0901874,34.6341817],[135.0901993,34.6341265],[135.0903743,34.6341476],[135.0903636,34.6342010],[135.0903909,34.6342037],[135.0904412,34.6342071],[135.0904751,34.6342079],[135.0904860,34.6342061],[135.0905133,34.6341897],[135.0905948,34.6342022],[135.0906043,34.6341606],[135.0906335,34.6341651],[135.0906239,34.6342073],[135.0906436,34.6342217],[135.0906593,34.6342306],[135.0906764,34.6342372],[135.0906986,34.6342425],[135.0907300,34.6342476],[135.0907561,34.6342500],[135.0907765,34.6342499],[135.0908180,34.6342468],[135.0908298,34.6342479],[135.0908397,34.6342527],[135.0908597,34.6342695],[135.0908757,34.6342794],[135.0908952,34.6342875],[135.0909180,34.6342932],[135.0909884,34.6343016],[135.0910252,34.6343043],[135.0910601,34.6343032],[135.0911012,34.6342975],[135.0911228,34.6342010],[135.0911552,34.6342060],[135.0911337,34.6343025],[135.0912218,34.6343206],[135.0912869,34.6343320],[135.0913437,34.6343396],[135.0914043,34.6343448],[135.0915777,34.6343526],[135.0916667,34.6343582],[135.0917171,34.6343614],[135.0917608,34.6343608],[135.0918164,34.6343551],[135.0918358,34.6343546],[135.0918540,34.6343568],[135.0918972,34.6343659],[135.0919223,34.6343680],[135.0920034,34.6343656],[135.0920642,34.6343701],[135.0920891,34.6343705],[135.0922001,34.6343617],[135.0922251,34.6343633],[135.0922834,34.6343719],[135.0923094,34.6343741],[135.0923867,34.6343693],[135.0924432,34.6343731],[135.0924749,34.6343693],[135.0924839,34.6343712],[135.0925051,34.6343810],[135.0925165,34.6343829],[135.0925611,34.6343792],[135.0925830,34.6343793],[135.0926088,34.6343817],[135.0926674,34.6343906],[135.0926958,34.6343927],[135.0927152,34.6343921],[135.0927498,34.6343879],[135.0927734,34.6343885],[135.0927968,34.6343939],[135.0928251,34.6344089],[135.0928409,34.6344141],[135.0928646,34.6344170],[135.0928792,34.6344170],[135.0929208,34.6342854],[135.0929789,34.6342957],[135.0929204,34.6344979],[135.0928740,34.6346586],[135.0929054,34.6346871],[135.0929074,34.6347107],[135.0928986,34.6347583],[135.0929188,34.6347632],[135.0929335,34.6347733],[135.0929341,34.6347844],[135.0929209,34.6348338],[135.0930626,34.6348615],[135.0930800,34.6347995],[135.0931061,34.6347975],[135.0931153,34.6347991],[135.0931247,34.6347591],[135.0931453,34.6347249],[135.0931494,34.6347228],[135.0931759,34.6347091],[135.0932000,34.6347044],[135.0932897,34.6343557],[135.0933548,34.6343735],[135.0933171,34.6345227],[135.0933416,34.6345304],[135.0932912,34.6347081],[135.0933463,34.6346821],[135.0934975,34.6347620],[135.0936801,34.6348100],[135.0941161,34.6349061],[135.0948703,34.6350539],[135.0949327,34.6350662],[135.0953646,34.6351423],[135.0955729,34.6351881],[135.0956738,34.6352079],[135.0957528,34.6352184],[135.0960198,34.6352428],[135.0962541,34.6352732],[135.0964936,34.6353179],[135.0965525,34.6353324],[135.0968336,34.6354341],[135.0969004,34.6354583],[135.0973096,34.6356041],[135.0974509,34.6356486],[135.0976910,34.6357082],[135.0978028,34.6357417],[135.0982465,34.6358626],[135.0984884,34.6359436],[135.0988876,34.6360771],[135.0993989,34.6362455],[135.0997719,34.6363719],[135.1000000,34.6364561],[135.1001492,34.6365112],[135.1005202,34.6366431],[135.1008359,34.6367475],[135.1009914,34.6367979],[135.1012720,34.6368873],[135.1014690,34.6369996],[135.1015555,34.6370021],[135.1016469,34.6370037],[135.1017743,34.6370097],[135.1019129,34.6370226],[135.1020486,34.6370377],[135.1021567,34.6370508],[135.1022592,34.6370616],[135.1023221,34.6370751],[135.1023461,34.6370885],[135.1023439,34.6371087],[135.1023124,34.6371689],[135.1023051,34.6371954],[135.1023157,34.6372226],[135.1023343,34.6372395],[135.1023718,34.6372621],[135.1024109,34.6372906],[135.1024360,34.6373201],[135.1024640,34.6373486],[135.1024920,34.6373792],[135.1025199,34.6374043],[135.1025965,34.6374599],[135.1026355,34.6374814],[135.1026800,34.6375096],[135.1027191,34.6375369],[135.1028151,34.6376015],[135.1028668,34.6376321],[135.1028820,34.6376424],[135.1029079,34.6376619],[135.1029307,34.6376800],[135.1029545,34.6376989],[135.1029647,34.6377075],[135.1029965,34.6377367],[135.1030099,34.6377535],[135.1032374,34.6375601],[135.1032322,34.6375553],[135.1033082,34.6374918],[135.1033456,34.6375227],[135.1032715,34.6375862],[135.1032652,34.6375817],[135.1030365,34.6377752],[135.1031101,34.6378507],[135.1031415,34.6378742],[135.1031743,34.6379019],[135.1033369,34.6380527],[135.1033747,34.6380845],[135.1034692,34.6381681],[135.1035045,34.6382019],[135.1035499,34.6382399],[135.1035852,34.6382716],[135.1036419,34.6383250],[135.1036734,34.6383517],[135.1037137,34.6383824],[135.1037728,34.6384307],[135.1038331,34.6384847],[135.1038424,34.6384767],[135.1038360,34.6384709],[135.1042261,34.6381542],[135.1042516,34.6381763],[135.1038606,34.6384947],[135.1038554,34.6384902],[135.1038476,34.6384965],[135.1038812,34.6385260],[135.1039480,34.6385866],[135.1039921,34.6386214],[135.1040324,34.6386480],[135.1041041,34.6387068],[135.1041193,34.6387234],[135.1041936,34.6387828],[135.1042100,34.6388003],[135.1042628,34.6388341],[135.1042892,34.6388526],[135.1043301,34.6388802],[135.1043509,34.6388954],[135.1043785,34.6389160],[135.1044151,34.6389406],[135.1044465,34.6389631],[135.1044805,34.6389866],[135.1045119,34.6390081],[135.1045509,34.6390316],[135.1045798,34.6390510],[135.1046112,34.6390715],[135.1046428,34.6390961],[135.1046780,34.6391206],[135.1047067,34.6391367],[135.1050431,34.6387960],[135.1050751,34.6388157],[135.1047364,34.6391572],[135.1047584,34.6391712],[135.1047811,34.6391907],[135.1048101,34.6392133],[135.1048403,34.6392369],[135.1048693,34.6392594],[135.1049069,34.6392850],[135.1049384,34.6393055],[135.1049698,34.6393269],[135.1050051,34.6393536],[135.1050391,34.6393720],[135.1050792,34.6393976],[135.1051182,34.6394200],[135.1051546,34.6394394],[135.1051848,34.6394578],[135.1052175,34.6394752],[135.1052916,34.6395141],[135.1053255,34.6395298],[135.1054208,34.6395684],[135.1054660,34.6395877],[135.1055501,34.6396254],[135.1055878,34.6396407],[135.1056266,34.6396549],[135.1056692,34.6396681],[135.1057003,34.6396794],[135.1057059,34.6396724],[135.1056989,34.6396671],[135.1059982,34.6392773],[135.1059937,34.6392732],[135.1060489,34.6392003],[135.1060952,34.6392245],[135.1060381,34.6392990],[135.1060307,34.6392953],[135.1057312,34.6396851],[135.1057571,34.6396975],[135.1057884,34.6397107],[135.1058311,34.6397280],[135.1058662,34.6397433],[135.1059001,34.6397596],[135.1059353,34.6397790],[135.1059742,34.6397963],[135.1060119,34.6398167],[135.1060501,34.6398361],[135.1060784,34.6398477],[135.1061161,34.6398662],[135.1061588,34.6398845],[135.1062014,34.6399038],[135.1062453,34.6399252],[135.1062843,34.6399436],[135.1063308,34.6399629],[135.1063696,34.6399751],[135.1064059,34.6399841],[135.1064472,34.6399932],[135.1064848,34.6399991],[135.1065086,34.6400028],[135.1065659,34.6400109],[135.1065874,34.6400150],[135.1066162,34.6400220],[135.1066437,34.6400301],[135.1067052,34.6400436],[135.1067320,34.6400480],[135.1067562,34.6400538],[135.1067677,34.6400563],[135.1067918,34.6400617],[135.1068152,34.6400668],[135.1068309,34.6400721],[135.1068499,34.6400804],[135.1068797,34.6400990],[135.1070271,34.6399207],[135.1070584,34.6399390],[135.1070112,34.6399968],[135.1070405,34.6400077],[135.1070623,34.6400134],[135.1071300,34.6400192],[135.1071940,34.6400230],[135.1072859,34.6400320],[135.1074023,34.6400450],[135.1075147,34.6400501],[135.1076308,34.6400505],[135.1077456,34.6400535],[135.1078334,34.6400602],[135.1079333,34.6400656],[135.1079914,34.6400626],[135.1080366,34.6400556],[135.1080760,34.6400411],[135.1081050,34.6400251],[135.1081520,34.6399315],[135.1082372,34.6399540],[135.1083333,34.6399115],[135.1090328,34.6396027],[135.1098880,34.6392238],[135.1104519,34.6389649],[135.1107421,34.6390667],[135.1108455,34.6391018],[135.1108089,34.6391828],[135.1104403,34.6390607],[135.1085252,34.6399165],[135.1086127,34.6400378],[135.1088085,34.6399497],[135.1096146,34.6401785],[135.1104622,34.6404193],[135.1104772,34.6403851],[135.1104712,34.6403834],[135.1106174,34.6400392],[135.1106894,34.6398652],[135.1107618,34.6396904],[135.1108311,34.6395247],[135.1108877,34.6395409],[135.1107480,34.6398831],[135.1107403,34.6398809],[135.1105582,34.6403125],[135.1105228,34.6403959],[135.1105303,34.6403980],[135.1104967,34.6404820],[135.1105001,34.6404830],[135.1104647,34.6405715],[135.1104519,34.6405680],[135.1104316,34.6406164],[135.1104823,34.6406310],[135.1107684,34.6399515],[135.1107749,34.6399534],[135.1104863,34.6406396],[135.1104775,34.6406370],[135.1104196,34.6407766],[135.1104329,34.6407808],[135.1104733,34.6407946],[135.1105155,34.6408106],[135.1106181,34.6408553],[135.1106836,34.6408830],[135.1107518,34.6409129],[135.1108210,34.6409503],[135.1109034,34.6409894],[135.1110061,34.6410275],[135.1110656,34.6410484],[135.1111275,34.6410641],[135.1112009,34.6410798],[135.1113070,34.6411004],[135.1113759,34.6411117],[135.1114095,34.6411159],[135.1114470,34.6411159],[135.1114961,34.6408930],[135.1114903,34.6408921],[135.1115102,34.6408055],[135.1115612,34.6408134],[135.1115412,34.6409007],[135.1115319,34.6408992],[135.1114906,34.6410949],[135.1115148,34.6410941],[135.1115430,34.6410959],[135.1115818,34.6411037],[135.1116276,34.6411161],[135.1116821,34.6411257],[135.1117444,34.6411339],[135.1118130,34.6411396],[135.1119141,34.6411489],[135.1120326,34.6411553],[135.1121177,34.6411636],[135.1121963,34.6411670],[135.1122920,34.6411702],[135.1123823,34.6411682],[135.1124843,34.6411655],[135.1125486,34.6411689],[135.1126247,34.6411712],[135.1127305,34.6411821],[135.1128157,34.6411946],[135.1128811,34.6412070],[135.1129097,34.6412111],[135.1129478,34.6412133],[135.1129671,34.6411150],[135.1129585,34.6411140],[135.1129744,34.6410223],[135.1130292,34.6410288],[135.1130135,34.6411205],[135.1130047,34.6411194],[135.1129767,34.6412608],[135.1130040,34.6412721],[135.1130417,34.6412830],[135.1131302,34.6413035],[135.1132100,34.6413168],[135.1132860,34.6413253],[135.1133551,34.6413317],[135.1134623,34.6413369],[135.1135960,34.6413398],[135.1138017,34.6413423],[135.1138902,34.6413455],[135.1139775,34.6413526],[135.1141218,34.6413581],[135.1142390,34.6413620],[135.1143343,34.6413704],[135.1143968,34.6413731],[135.1144684,34.6413732],[135.1146098,34.6413694],[135.1147815,34.6413656],[135.1148933,34.6413672],[135.1149667,34.6413704],[135.1150306,34.6413751],[135.1150850,34.6413812],[135.1151439,34.6413915],[135.1151825,34.6413972],[135.1152164,34.6414017],[135.1152196,34.6414018],[135.1152309,34.6413484],[135.1152159,34.6413443],[135.1152716,34.6410752],[135.1152621,34.6410730],[135.1153341,34.6407165],[135.1153201,34.6407124],[135.1153952,34.6403546],[135.1154969,34.6403682],[135.1152762,34.6414305],[135.1152221,34.6416667],[135.1152173,34.6416873],[135.1153325,34.6417079],[135.1154883,34.6417276],[135.1155712,34.6417354],[135.1156013,34.6417310],[135.1156186,34.6417159],[135.1156290,34.6416667],[135.1156375,34.6416268],[135.1156767,34.6416314],[135.1156695,34.6416667],[135.1156574,34.6417260],[135.1157639,34.6417385],[135.1157793,34.6416667],[135.1157822,34.6416529],[135.1158557,34.6413101],[135.1159841,34.6406991],[135.1160198,34.6405293],[135.1160856,34.6405381],[135.1160470,34.6407174],[135.1160421,34.6407167],[135.1159867,34.6409771],[135.1159774,34.6409757],[135.1159140,34.6412785],[135.1159898,34.6412997],[135.1161575,34.6413567],[135.1163282,34.6414189],[135.1164876,34.6414709],[135.1166265,34.6415166],[135.1166667,34.6415289],[135.1167103,34.6415423],[135.1167565,34.6415629],[135.1167903,34.6415799],[135.1168158,34.6415874],[135.1168487,34.6415936],[135.1169179,34.6416093],[135.1169619,34.6416222],[135.1170004,34.6416339],[135.1170418,34.6416524],[135.1170883,34.6416641],[135.1170981,34.6416667],[135.1171371,34.6416768],[135.1171913,34.6416884],[135.1172517,34.6417060],[135.1172969,34.6417148],[135.1173367,34.6417204],[135.1173417,34.6416667],[135.1173477,34.6416026],[135.1173999,34.6416072],[135.1173928,34.6416667],[135.1173764,34.6418050],[135.1175391,34.6418265],[135.1176821,34.6418473],[135.1177800,34.6418586],[135.1178469,34.6418621],[135.1178981,34.6418635],[135.1179614,34.6418614],[135.1180356,34.6418545],[135.1181256,34.6418479],[135.1182024,34.6418383],[135.1182867,34.6418262],[135.1183614,34.6418149],[135.1184354,34.6417990],[135.1185167,34.6417784],[135.1185811,34.6417583],[135.1186426,34.6417387],[135.1187066,34.6417133],[135.1187123,34.6417110],[135.1187966,34.6416741],[135.1188130,34.6416667],[135.1188607,34.6416450],[135.1189301,34.6416095],[135.1189936,34.6415802],[135.1190725,34.6415452],[135.1191244,34.6415190],[135.1191810,34.6414909],[135.1192301,34.6414642],[135.1192982,34.6414293],[135.1193785,34.6413914],[135.1194561,34.6413580],[135.1194994,34.6413393],[135.1195209,34.6412101],[135.1195862,34.6412149],[135.1195484,34.6414408],[135.1195986,34.6414419],[135.1196356,34.6414481],[135.1196700,34.6414582],[135.1197002,34.6414707],[135.1197238,34.6414861],[135.1197602,34.6415239],[135.1198008,34.6415677],[135.1198558,34.6416147],[135.1199180,34.6416667],[135.1200027,34.6417375],[135.1200708,34.6417916],[135.1201327,34.6418397],[135.1202008,34.6418910],[135.1202516,34.6419358],[135.1203044,34.6419733],[135.1203508,34.6420030],[135.1203963,34.6420220],[135.1204447,34.6420476],[135.1204930,34.6420734],[135.1205558,34.6421023],[135.1206089,34.6421262],[135.1206751,34.6421550],[135.1207364,34.6421861],[135.1207765,34.6422046],[135.1208186,34.6422237],[135.1208804,34.6422447],[135.1209382,34.6422629],[135.1209987,34.6422805],[135.1210687,34.6422963],[135.1212139,34.6423277],[135.1212859,34.6423424],[135.1213413,34.6423471],[135.1214226,34.6423554],[135.1215075,34.6423659],[135.1215787,34.6423754],[135.1216485,34.6423855],[135.1216991,34.6423903],[135.1217591,34.6423922],[135.1218219,34.6423918],[135.1218690,34.6423926],[135.1219793,34.6423875],[135.1220447,34.6423819],[135.1221121,34.6423763],[135.1221685,34.6423693],[135.1222113,34.6423628],[135.1222392,34.6423596],[135.1222549,34.6423588],[135.1222878,34.6423622],[135.1223214,34.6423718],[135.1223461,34.6423748],[135.1223746,34.6423721],[135.1224038,34.6423600],[135.1224257,34.6422382],[135.1224172,34.6422376],[135.1224297,34.6421513],[135.1224869,34.6421571],[135.1224732,34.6422443],[135.1224620,34.6422430],[135.1224432,34.6423403],[135.1224887,34.6423522],[135.1225489,34.6423602],[135.1226078,34.6423666],[135.1226665,34.6423696],[135.1227380,34.6423662],[135.1228109,34.6423638],[135.1228518,34.6423593],[135.1229102,34.6423487],[135.1229720,34.6423381],[135.1230365,34.6423258],[135.1231185,34.6423041],[135.1231823,34.6422890],[135.1232398,34.6422696],[135.1233013,34.6422477],[135.1233589,34.6422281],[135.1234326,34.6422055],[135.1234949,34.6421859],[135.1235510,34.6421630],[135.1236125,34.6421372],[135.1236826,34.6421051],[135.1237398,34.6420719],[135.1237828,34.6420459],[135.1238184,34.6420211],[135.1238600,34.6419934],[135.1239044,34.6419667],[135.1239393,34.6419419],[135.1239714,34.6419183],[135.1240057,34.6418957],[135.1240344,34.6418722],[135.1240667,34.6418525],[135.1241219,34.6418228],[135.1241763,34.6417887],[135.1242187,34.6417626],[135.1242644,34.6417348],[135.1242944,34.6417073],[135.1243237,34.6416769],[135.1243344,34.6416667],[135.1243557,34.6416465],[135.1243884,34.6416190],[135.1244225,34.6415879],[135.1244427,34.6415746],[135.1244715,34.6415747],[135.1244741,34.6414861],[135.1245396,34.6414849],[135.1245404,34.6415734],[135.1245357,34.6415732],[135.1245748,34.6416667],[135.1246078,34.6417458],[135.1246081,34.6416667],[135.1246081,34.6416658],[135.1246167,34.6416661],[135.1246167,34.6416667],[135.1246161,34.6417471],[135.1246508,34.6417528],[135.1246867,34.6417679],[135.1247199,34.6417866],[135.1247512,34.6418092],[135.1247839,34.6418386],[135.1248216,34.6418769],[135.1248623,34.6419224],[135.1249041,34.6419600],[135.1249438,34.6419961],[135.1249919,34.6420336],[135.1250000,34.6420390],[135.1250480,34.6420705],[135.1251576,34.6421453],[135.1252234,34.6421866],[135.1252884,34.6422261],[135.1253411,34.6422568],[135.1254011,34.6422874],[135.1254467,34.6423109],[135.1255039,34.6423337],[135.1255694,34.6423614],[135.1256375,34.6423873],[135.1257043,34.6424121],[135.1257765,34.6424357],[135.1258375,34.6424517],[135.1258972,34.6424647],[135.1259774,34.6424791],[135.1260645,34.6424986],[135.1261331,34.6425161],[135.1261961,34.6425280],[135.1262474,34.6425351],[135.1263342,34.6425405],[135.1264121,34.6425466],[135.1264859,34.6425521],[135.1265686,34.6425575],[135.1266553,34.6425583],[135.1267453,34.6425557],[135.1268269,34.6425511],[135.1269325,34.6425443],[135.1270156,34.6425372],[135.1270924,34.6425304],[135.1272636,34.6425276],[135.1273366,34.6425286],[135.1274048,34.6425276],[135.1274572,34.6425250],[135.1275246,34.6425188],[135.1276104,34.6425101],[135.1276778,34.6425045],[135.1277643,34.6424986],[135.1278431,34.6424900],[135.1280357,34.6424688],[135.1281207,34.6424590],[135.1282111,34.6424462],[135.1282709,34.6424346],[135.1283435,34.6424198],[135.1284446,34.6423967],[135.1285334,34.6423744],[135.1286121,34.6423568],[135.1287909,34.6423043],[135.1288782,34.6422730],[135.1290221,34.6422183],[135.1290851,34.6421975],[135.1291237,34.6421861],[135.1291670,34.6421758],[135.1292572,34.6421563],[135.1293433,34.6421375],[135.1293895,34.6421288],[135.1294188,34.6421238],[135.1294622,34.6421192],[135.1295481,34.6421139],[135.1296189,34.6421110],[135.1297109,34.6421077],[135.1298226,34.6421021],[135.1298267,34.6418483],[135.1298605,34.6418493],[135.1298611,34.6418008],[135.1298253,34.6417978],[135.1298268,34.6417531],[135.1298615,34.6417564],[135.1298624,34.6416667],[135.1298724,34.6406758],[135.1315561,34.6395243],[135.1316302,34.6395998],[135.1307048,34.6402336],[135.1300639,34.6406725],[135.1302151,34.6408228],[135.1304275,34.6408306],[135.1304292,34.6408585],[135.1312561,34.6408617],[135.1312839,34.6408620],[135.1313787,34.6408631],[135.1313791,34.6409075],[135.1312615,34.6409072],[135.1312560,34.6409071],[135.1311103,34.6409067],[135.1311102,34.6409216],[135.1311093,34.6410459],[135.1310694,34.6410458],[135.1310685,34.6409227],[135.1310684,34.6409066],[135.1299601,34.6409033],[135.1299566,34.6413166],[135.1299405,34.6413156],[135.1299401,34.6413876],[135.1299385,34.6416667],[135.1299381,34.6417359],[135.1299363,34.6420483],[135.1299343,34.6424023],[135.1300861,34.6423918],[135.1301203,34.6423893],[135.1301547,34.6423876],[135.1301891,34.6423863],[135.1302235,34.6423858],[135.1302580,34.6423857],[135.1302924,34.6423864],[135.1308699,34.6424033],[135.1308699,34.6424223],[135.1309844,34.6424238],[135.1309876,34.6422727],[135.1310162,34.6422729],[135.1310155,34.6424813],[135.1311293,34.6424830],[135.1311303,34.6424208],[135.1311305,34.6424061],[135.1313403,34.6424065],[135.1314235,34.6424067],[135.1320266,34.6424078],[135.1320288,34.6416667],[135.1320293,34.6415153],[135.1320863,34.6415154],[135.1321020,34.6415154],[135.1321036,34.6413576],[135.1316722,34.6410284],[135.1316612,34.6410387],[135.1315199,34.6411720],[135.1313158,34.6411722],[135.1313182,34.6411346],[135.1315018,34.6411345],[135.1316251,34.6410189],[135.1316406,34.6410043],[135.1316022,34.6409749],[135.1316289,34.6409488],[135.1320464,34.6412705],[135.1320376,34.6412790],[135.1320952,34.6413286],[135.1320954,34.6412594],[135.1321093,34.6412480],[135.1333333,34.6411519],[135.1351385,34.6410102],[135.1351500,34.6414245],[135.1352018,34.6414520],[135.1351845,34.6414762],[135.1351510,34.6414612],[135.1351210,34.6414613],[135.1351104,34.6410929],[135.1350510,34.6410939],[135.1350506,34.6410481],[135.1340899,34.6411220],[135.1340558,34.6411526],[135.1340678,34.6416667],[135.1340734,34.6419072],[135.1343494,34.6419024],[135.1349359,34.6419255],[135.1350449,34.6416667],[135.1350598,34.6416313],[135.1350877,34.6416393],[135.1350761,34.6416667],[135.1349542,34.6419544],[135.1349506,34.6419879],[135.1347461,34.6419819],[135.1347459,34.6419780],[135.1346281,34.6419738],[135.1346045,34.6419729],[135.1345965,34.6426617],[135.1346530,34.6426617],[135.1347402,34.6426994],[135.1349133,34.6427385],[135.1350880,34.6427778],[135.1351348,34.6427820],[135.1351391,34.6427554],[135.1353454,34.6427730],[135.1355079,34.6427910],[135.1355615,34.6427217],[135.1355967,34.6425702],[135.1356598,34.6425008],[135.1357181,34.6424202],[135.1357938,34.6423345],[135.1359037,34.6422033],[135.1362381,34.6417820],[135.1362931,34.6418049],[135.1364021,34.6416667],[135.1364476,34.6416090],[135.1364341,34.6416001],[135.1365133,34.6414993],[135.1368523,34.6414266],[135.1374411,34.6416667],[135.1379461,34.6418725],[135.1389987,34.6423072],[135.1392072,34.6423921],[135.1392625,34.6424147],[135.1396398,34.6425684],[135.1402184,34.6428041],[135.1403084,34.6428408],[135.1403495,34.6428576],[135.1413065,34.6432481],[135.1416667,34.6433960],[135.1417740,34.6434401],[135.1418128,34.6434561],[135.1426432,34.6437973],[135.1436990,34.6442365],[135.1447534,34.6446679],[135.1463344,34.6453179],[135.1463540,34.6452888],[135.1464729,34.6453361],[135.1464557,34.6453670],[135.1473483,34.6457296],[135.1473655,34.6457025],[135.1473874,34.6457120],[135.1473705,34.6457386],[135.1475471,34.6458103],[135.1483407,34.6458976],[135.1483614,34.6458880],[135.1496539,34.6460306],[135.1497691,34.6460404],[135.1497699,34.6460686],[135.1500000,34.6459522],[135.1501143,34.6458945],[135.1501081,34.6458851],[135.1502632,34.6458062],[135.1508139,34.6455325],[135.1508684,34.6456006],[135.1505894,34.6457419],[135.1505809,34.6457317],[135.1505120,34.6457684],[135.1502976,34.6458823],[135.1502927,34.6458759],[135.1501512,34.6459453],[135.1500000,34.6460222],[135.1497663,34.6461411],[135.1497581,34.6463044],[135.1497890,34.6463163],[135.1496747,34.6465064],[135.1496525,34.6464981],[135.1493936,34.6469339],[135.1483684,34.6470402],[135.1467734,34.6472028],[135.1466999,34.6471734],[135.1461761,34.6477268],[135.1463301,34.6478069],[135.1471149,34.6481018],[135.1471339,34.6481097],[135.1474374,34.6482363],[135.1474499,34.6482413],[135.1474679,34.6482486],[135.1474930,34.6482587],[135.1475694,34.6482894],[135.1475757,34.6482791],[135.1479185,34.6484399],[135.1480319,34.6484932],[135.1480463,34.6485030],[135.1484469,34.6486876],[135.1485912,34.6487542],[135.1486268,34.6487191],[135.1486615,34.6487341],[135.1487232,34.6487608],[135.1488008,34.6487944],[135.1488409,34.6488118],[135.1490414,34.6488986],[135.1490818,34.6489161],[135.1491409,34.6489416],[135.1493019,34.6490180],[135.1494587,34.6487575],[135.1494976,34.6487402],[135.1500000,34.6489493],[135.1503190,34.6490822],[135.1503592,34.6489702],[135.1506256,34.6482272],[135.1500000,34.6479627],[135.1498420,34.6478959],[135.1498143,34.6478282],[135.1499606,34.6475657],[135.1499425,34.6475593],[135.1500000,34.6474655],[135.1500657,34.6473585],[135.1501900,34.6471343],[135.1501793,34.6471288],[135.1504010,34.6467353],[135.1506890,34.6462486],[135.1508183,34.6461877],[135.1508940,34.6461689],[135.1509013,34.6461824],[135.1509332,34.6461721],[135.1517145,34.6462587],[135.1522904,34.6463198],[135.1523649,34.6463277],[135.1535416,34.6464525],[135.1553811,34.6466604],[135.1554080,34.6466543],[135.1565311,34.6463724],[135.1565457,34.6464236],[135.1563514,34.6464723],[135.1563490,34.6464663],[135.1554988,34.6466790],[135.1562163,34.6467525],[135.1572711,34.6468606],[135.1583333,34.6469758],[135.1589512,34.6470429],[135.1602691,34.6471826],[135.1628488,34.6474704],[135.1648934,34.6476906],[135.1663193,34.6478487],[135.1666667,34.6478868],[135.1671481,34.6479396],[135.1679941,34.6480324],[135.1684479,34.6480795],[135.1684786,34.6480826],[135.1696290,34.6482019],[135.1719079,34.6484357],[135.1737960,34.6486277],[135.1750000,34.6487507],[135.1752192,34.6487731],[135.1767801,34.6489330],[135.1777893,34.6490339],[135.1796955,34.6492290],[135.1812749,34.6493906],[135.1826497,34.6495285],[135.1833124,34.6495984],[135.1833333,34.6496157],[135.1837993,34.6500000],[135.1841397,34.6502808],[135.1851707,34.6511367],[135.1861987,34.6519789],[135.1866701,34.6523807],[135.1869509,34.6526117],[135.1876222,34.6526852],[135.1876362,34.6526867],[135.1876220,34.6527805],[135.1874716,34.6527640],[135.1874805,34.6527059],[135.1870079,34.6526505],[135.1869566,34.6530125],[135.1869280,34.6531988],[135.1869104,34.6532809],[135.1868645,34.6532752],[135.1868667,34.6532642],[135.1868950,34.6532675],[135.1869093,34.6531966],[135.1869352,34.6530285],[135.1868768,34.6530328],[135.1868247,34.6530170],[135.1867643,34.6530417],[135.1866941,34.6530654],[135.1866378,34.6530684],[135.1865524,34.6530688],[135.1865148,34.6530736],[135.1864983,34.6530770],[135.1865103,34.6531967],[135.1864806,34.6532082],[135.1863885,34.6532453],[135.1862649,34.6532877],[135.1861849,34.6533108],[135.1861680,34.6536969],[135.1861416,34.6543460],[135.1861412,34.6543567],[135.1861389,34.6544127],[135.1861361,34.6545053],[135.1861356,34.6545185],[135.1861271,34.6547971],[135.1861255,34.6548571],[135.1861252,34.6548683],[135.1861236,34.6549332],[135.1861232,34.6549461],[135.1861192,34.6551042],[135.1860880,34.6560850],[135.1860863,34.6561404],[135.1859976,34.6561395],[135.1859999,34.6560856],[135.1860229,34.6554091],[135.1859901,34.6554073],[135.1859845,34.6554057],[135.1859803,34.6554010],[135.1859821,34.6553357],[135.1859834,34.6553307],[135.1859875,34.6553275],[135.1860253,34.6553284],[135.1860327,34.6550582],[135.1860023,34.6550561],[135.1859945,34.6550525],[135.1859903,34.6550474],[135.1859983,34.6547952],[135.1859998,34.6547897],[135.1860073,34.6547866],[135.1860410,34.6547883],[135.1860458,34.6546071],[135.1860071,34.6546044],[135.1860111,34.6545247],[135.1860497,34.6545246],[135.1860628,34.6540527],[135.1860828,34.6534845],[135.1860902,34.6534845],[135.1860917,34.6533993],[135.1860571,34.6534194],[135.1859018,34.6535148],[135.1848038,34.6536559],[135.1843161,34.6541899],[135.1843798,34.6543184],[135.1844207,34.6545617],[135.1843355,34.6545766],[135.1842844,34.6545992],[135.1841732,34.6546487],[135.1842866,34.6548157],[135.1842919,34.6548235],[135.1843230,34.6548106],[135.1843106,34.6547935],[135.1844762,34.6547184],[135.1845049,34.6547258],[135.1845832,34.6546926],[135.1851488,34.6555383],[135.1851457,34.6555844],[135.1851148,34.6555991],[135.1850927,34.6556090],[135.1850507,34.6555806],[135.1850591,34.6555943],[135.1850282,34.6556093],[135.1849273,34.6556511],[135.1848963,34.6556662],[135.1849121,34.6556906],[135.1848880,34.6557019],[135.1848570,34.6557169],[135.1847561,34.6557588],[135.1847252,34.6557738],[135.1848371,34.6559393],[135.1847437,34.6559834],[135.1847277,34.6559558],[135.1847146,34.6559617],[135.1847009,34.6559401],[135.1841087,34.6562153],[135.1841303,34.6562587],[135.1840466,34.6562978],[135.1840159,34.6562568],[135.1836863,34.6564015],[135.1837467,34.6564963],[135.1836453,34.6565467],[135.1834758,34.6566579],[135.1834329,34.6566800],[135.1833333,34.6567071],[135.1832387,34.6567328],[135.1833333,34.6569657],[135.1836008,34.6576240],[135.1838692,34.6582896],[135.1838871,34.6583333],[135.1839219,34.6584181],[135.1840799,34.6588035],[135.1842734,34.6592754],[135.1842771,34.6592898],[135.1842718,34.6592940],[135.1841346,34.6593344],[135.1841250,34.6593364],[135.1841189,34.6593324],[135.1839062,34.6588047],[135.1837507,34.6584193],[135.1837160,34.6583333],[135.1835485,34.6579205],[135.1833333,34.6573949],[135.1830712,34.6567544],[135.1830779,34.6567528],[135.1825515,34.6555762],[135.1824130,34.6555688],[135.1817774,34.6555144],[135.1816628,34.6555033],[135.1815539,34.6554850],[135.1813802,34.6554699],[135.1812702,34.6554577],[135.1812522,34.6554563],[135.1811752,34.6554503],[135.1808357,34.6554216],[135.1807269,34.6554108],[135.1806674,34.6554338],[135.1805950,34.6555146],[135.1805486,34.6555670],[135.1805511,34.6556287],[135.1805300,34.6556498],[135.1805301,34.6556631],[135.1805518,34.6556814],[135.1805578,34.6558333],[135.1805398,34.6558541],[135.1805395,34.6558656],[135.1805611,34.6558815],[135.1805641,34.6559567],[135.1805448,34.6559724],[135.1805452,34.6559886],[135.1805619,34.6559991],[135.1805693,34.6563732],[135.1805733,34.6566500],[135.1805532,34.6566535],[135.1805541,34.6566932],[135.1805818,34.6567283],[135.1805829,34.6568671],[135.1805657,34.6568834],[135.1805659,34.6569019],[135.1805852,34.6569167],[135.1805886,34.6571596],[135.1806275,34.6571590],[135.1806410,34.6576636],[135.1806004,34.6576664],[135.1806046,34.6578694],[135.1804243,34.6581257],[135.1803080,34.6582963],[135.1802695,34.6583223],[135.1802849,34.6583333],[135.1804367,34.6584423],[135.1805850,34.6585489],[135.1805820,34.6585597],[135.1805318,34.6586060],[135.1805148,34.6586125],[135.1801693,34.6589497],[135.1801623,34.6589699],[135.1801051,34.6590227],[135.1797921,34.6588071],[135.1797641,34.6588350],[135.1797656,34.6588535],[135.1796716,34.6590034],[135.1796554,34.6589940],[135.1795906,34.6590844],[135.1795482,34.6590893],[135.1794726,34.6591911],[135.1794866,34.6592338],[135.1794551,34.6592841],[135.1794073,34.6592887],[135.1793994,34.6593011],[135.1794157,34.6593377],[135.1793547,34.6594331],[135.1793136,34.6595146],[135.1792939,34.6595146],[135.1792851,34.6595315],[135.1792948,34.6595443],[135.1792515,34.6596268],[135.1792140,34.6596334],[135.1791933,34.6596735],[135.1792026,34.6596783],[135.1791613,34.6597566],[135.1791482,34.6597533],[135.1791268,34.6597889],[135.1791400,34.6598274],[135.1790899,34.6599253],[135.1790515,34.6599351],[135.1790303,34.6599752],[135.1790506,34.6599991],[135.1790042,34.6600866],[135.1789571,34.6601015],[135.1789494,34.6601143],[135.1789518,34.6601237],[135.1789395,34.6601528],[135.1789591,34.6601687],[135.1788821,34.6603122],[135.1788324,34.6603308],[135.1788257,34.6603445],[135.1788431,34.6603766],[135.1788094,34.6604403],[135.1787480,34.6604650],[135.1787424,34.6604751],[135.1787663,34.6605115],[135.1787493,34.6605452],[135.1787100,34.6605627],[135.1787054,34.6605745],[135.1787124,34.6606082],[135.1786811,34.6605998],[135.1786715,34.6606224],[135.1787005,34.6606327],[135.1786773,34.6606769],[135.1805602,34.6610636],[135.1805668,34.6610741],[135.1805365,34.6611686],[135.1805248,34.6611772],[135.1786138,34.6607806],[135.1785693,34.6608616],[135.1785435,34.6609220],[135.1785198,34.6609814],[135.1784820,34.6609704],[135.1784554,34.6610325],[135.1784943,34.6610440],[135.1784328,34.6611872],[135.1783563,34.6613636],[135.1782771,34.6615483],[135.1782386,34.6616464],[135.1782682,34.6616519],[135.1782882,34.6616443],[135.1782848,34.6616707],[135.1782651,34.6616599],[135.1782354,34.6616546],[135.1781667,34.6618297],[135.1780705,34.6621801],[135.1780400,34.6621769],[135.1779964,34.6623176],[135.1780266,34.6623273],[135.1779881,34.6624671],[135.1776897,34.6627505],[135.1774208,34.6630084],[135.1774289,34.6630491],[135.1774337,34.6631247],[135.1774336,34.6631287],[135.1774315,34.6632006],[135.1774260,34.6633923],[135.1774239,34.6634639],[135.1774130,34.6638447],[135.1781426,34.6638523],[135.1781587,34.6638289],[135.1787076,34.6638445],[135.1797137,34.6625348],[135.1798114,34.6624074],[135.1816420,34.6619351],[135.1827145,34.6616582],[135.1828274,34.6617011],[135.1833333,34.6630056],[135.1836325,34.6637771],[135.1837664,34.6638347],[135.1843772,34.6636745],[135.1859986,34.6632495],[135.1862158,34.6638319],[135.1865444,34.6647377],[135.1870664,34.6660926],[135.1872251,34.6664807],[135.1872956,34.6666667],[135.1873776,34.6668831],[135.1871252,34.6669475],[135.1870891,34.6669801],[135.1866235,34.6670985],[135.1861110,34.6672334],[135.1853738,34.6674299],[135.1845993,34.6676291],[135.1844181,34.6676764],[135.1833702,34.6679503],[135.1833333,34.6679599],[135.1825638,34.6681617],[135.1817088,34.6680880],[135.1804684,34.6679810],[135.1804712,34.6678827],[135.1802444,34.6674997],[135.1782017,34.6677736],[135.1770788,34.6677980],[135.1770753,34.6679307],[135.1770720,34.6680574],[135.1772127,34.6681418],[135.1772660,34.6681360],[135.1777123,34.6684164],[135.1776696,34.6697997],[135.1776541,34.6704349],[135.1783823,34.6705022],[135.1783784,34.6705337],[135.1784917,34.6705420],[135.1785224,34.6705451],[135.1785964,34.6705528],[135.1786022,34.6705208],[135.1796268,34.6706145],[135.1796235,34.6706439],[135.1797629,34.6706560],[135.1798002,34.6706565],[135.1798115,34.6706567],[135.1798156,34.6706568],[135.1803116,34.6707049],[135.1803549,34.6707063],[135.1804988,34.6707197],[135.1805016,34.6706951],[135.1809407,34.6707361],[135.1809426,34.6707256],[135.1817330,34.6705640],[135.1817340,34.6705638],[135.1822011,34.6704684],[135.1822126,34.6704914],[135.1822481,34.6704959],[135.1823220,34.6704779],[135.1823089,34.6702705],[135.1823766,34.6702626],[135.1823768,34.6702626],[135.1825211,34.6702506],[135.1825597,34.6702474],[135.1831119,34.6701990],[135.1832796,34.6701843],[135.1833177,34.6701807],[135.1833333,34.6701797],[135.1834088,34.6701749],[135.1844435,34.6701574],[135.1846658,34.6701536],[135.1848695,34.6701456],[135.1848742,34.6702463],[135.1850646,34.6702558],[135.1852876,34.6702613],[135.1855090,34.6702632],[135.1856756,34.6702597],[135.1858402,34.6702553],[135.1859476,34.6702539],[135.1860163,34.6702539],[135.1861580,34.6702646],[135.1861585,34.6701593],[135.1863449,34.6701612],[135.1863450,34.6701192],[135.1864073,34.6701201],[135.1864078,34.6701637],[135.1867209,34.6701639],[135.1867201,34.6701238],[135.1867881,34.6701237],[135.1867909,34.6701683],[135.1868264,34.6701661],[135.1868263,34.6701239],[135.1869550,34.6701262],[135.1869538,34.6701693],[135.1870629,34.6701701],[135.1870661,34.6701268],[135.1871517,34.6701267],[135.1871514,34.6701780],[135.1872484,34.6701792],[135.1872494,34.6701280],[135.1873180,34.6701288],[135.1873164,34.6701822],[135.1874126,34.6701821],[135.1874178,34.6701287],[135.1874985,34.6701315],[135.1874986,34.6701703],[135.1876618,34.6701737],[135.1876626,34.6701294],[135.1877471,34.6701287],[135.1877464,34.6701703],[135.1880991,34.6701731],[135.1880980,34.6702640],[135.1876613,34.6702605],[135.1876606,34.6703894],[135.1877072,34.6703984],[135.1880194,34.6705892],[135.1880494,34.6705677],[135.1880986,34.6705432],[135.1881575,34.6705304],[135.1881983,34.6705349],[135.1882377,34.6705415],[135.1882676,34.6705590],[135.1883166,34.6705854],[135.1882895,34.6706197],[135.1882905,34.6706203],[135.1883252,34.6706441],[135.1883545,34.6706927],[135.1883881,34.6707351],[135.1884240,34.6707672],[135.1884710,34.6707984],[135.1885196,34.6708391],[135.1885451,34.6708672],[135.1885736,34.6708864],[135.1886087,34.6709135],[135.1887456,34.6708658],[135.1887539,34.6708883],[135.1887409,34.6709039],[135.1887410,34.6709229],[135.1886909,34.6709477],[135.1887232,34.6710074],[135.1886850,34.6710214],[135.1887294,34.6711307],[135.1887517,34.6711810],[135.1887658,34.6712085],[135.1889107,34.6714880],[135.1888897,34.6714981],[135.1890894,34.6719042],[135.1890896,34.6719047],[135.1890928,34.6719582],[135.1890579,34.6720179],[135.1890473,34.6720317],[135.1891088,34.6720430],[135.1890628,34.6721943],[135.1890809,34.6721975],[135.1890658,34.6722577],[135.1893903,34.6723299],[135.1893431,34.6724920],[135.1892795,34.6724787],[135.1891908,34.6727904],[135.1892548,34.6728036],[135.1892287,34.6728942],[135.1888414,34.6728176],[135.1887647,34.6731029],[135.1887928,34.6731111],[135.1887759,34.6731668],[135.1887556,34.6731863],[135.1886245,34.6736588],[135.1886042,34.6736678],[135.1885919,34.6737091],[135.1883643,34.6736653],[135.1883596,34.6736888],[135.1883266,34.6736823],[135.1882375,34.6739877],[135.1881820,34.6739773],[135.1881589,34.6739872],[135.1880913,34.6742240],[135.1880971,34.6742247],[135.1880904,34.6742427],[135.1880793,34.6742420],[135.1880732,34.6742623],[135.1880119,34.6742517],[135.1879976,34.6742896],[135.1879990,34.6742941],[135.1879972,34.6743039],[135.1879832,34.6743160],[135.1878980,34.6745087],[135.1879478,34.6745223],[135.1879542,34.6745175],[135.1879610,34.6745209],[135.1879402,34.6745671],[135.1879344,34.6745660],[135.1879329,34.6745580],[135.1878848,34.6745445],[135.1878596,34.6746051],[135.1878833,34.6746123],[135.1878730,34.6746400],[135.1878429,34.6746328],[135.1878100,34.6747281],[135.1878200,34.6747302],[135.1878109,34.6747606],[135.1877938,34.6747674],[135.1877286,34.6747466],[135.1875185,34.6748438],[135.1874943,34.6748281],[135.1876678,34.6745754],[135.1874934,34.6748098],[135.1874381,34.6748003],[135.1875854,34.6743823],[135.1877499,34.6744243],[135.1877561,34.6744124],[135.1878350,34.6744212],[135.1878172,34.6744034],[135.1878164,34.6744026],[135.1878925,34.6742268],[135.1878342,34.6742152],[135.1877914,34.6743938],[135.1877884,34.6743933],[135.1875407,34.6743464],[135.1874447,34.6745874],[135.1873960,34.6747455],[135.1873628,34.6747953],[135.1873273,34.6748288],[135.1872606,34.6748789],[135.1872970,34.6749133],[135.1872558,34.6749421],[135.1872306,34.6749185],[135.1872259,34.6749220],[135.1871909,34.6748856],[135.1871955,34.6748823],[135.1871862,34.6748729],[135.1869947,34.6750000],[135.1869789,34.6750105],[135.1870256,34.6750626],[135.1870201,34.6750660],[135.1870261,34.6750723],[135.1870378,34.6750844],[135.1869956,34.6751074],[135.1869273,34.6750339],[135.1868509,34.6750786],[135.1866480,34.6750956],[135.1863649,34.6750143],[135.1863213,34.6750000],[135.1861776,34.6749531],[135.1861436,34.6749610],[135.1861350,34.6749629],[135.1861129,34.6750000],[135.1861034,34.6750161],[135.1859362,34.6752931],[135.1859620,34.6753556],[135.1869278,34.6757440],[135.1869315,34.6757383],[135.1870522,34.6757887],[135.1870851,34.6757362],[135.1873227,34.6758366],[135.1870347,34.6763249],[135.1869864,34.6763255],[135.1869865,34.6763561],[135.1870114,34.6763561],[135.1870061,34.6764356],[135.1869774,34.6764345],[135.1869769,34.6764442],[135.1869637,34.6767293],[135.1869622,34.6767617],[135.1869575,34.6768617],[135.1861628,34.6768287],[135.1861374,34.6768276],[135.1853156,34.6767934],[135.1847248,34.6767674],[135.1847042,34.6767349],[135.1845107,34.6767256],[135.1844149,34.6767209],[135.1843974,34.6767062],[135.1841249,34.6767380],[135.1841233,34.6767818],[135.1840974,34.6767806],[135.1840820,34.6769173],[135.1840772,34.6769289],[135.1840304,34.6770481],[135.1840222,34.6770674],[135.1838881,34.6774089],[135.1838743,34.6774391],[135.1838665,34.6774559],[135.1836053,34.6773861],[135.1834362,34.6771417],[135.1833333,34.6771297],[135.1823610,34.6770173],[135.1822910,34.6768046],[135.1822819,34.6767963],[135.1821012,34.6768020],[135.1820863,34.6768105],[135.1821131,34.6773773],[135.1822566,34.6773688],[135.1822715,34.6773638],[135.1822843,34.6773577],[135.1822934,34.6773451],[135.1822956,34.6773376],[135.1822986,34.6772966],[135.1823074,34.6772873],[135.1823220,34.6772744],[135.1823476,34.6772651],[135.1825209,34.6772866],[135.1826385,34.6773512],[135.1826465,34.6773733],[135.1827028,34.6774066],[135.1826465,34.6777447],[135.1826287,34.6778488],[135.1827322,34.6778603],[135.1827271,34.6779716],[135.1827457,34.6779942],[135.1827789,34.6779978],[135.1828166,34.6777436],[135.1828637,34.6774260],[135.1828940,34.6774280],[135.1829004,34.6774073],[135.1830062,34.6773417],[135.1830207,34.6773425],[135.1830217,34.6773470],[135.1830414,34.6773473],[135.1830437,34.6773431],[135.1832785,34.6773602],[135.1832829,34.6773713],[135.1833333,34.6773763],[135.1833550,34.6773784],[135.1837571,34.6778027],[135.1845220,34.6778275],[135.1856048,34.6778626],[135.1860190,34.6779826],[135.1854449,34.6793179],[135.1849869,34.6803853],[135.1851424,34.6804308],[135.1850174,34.6807220],[135.1846553,34.6807194],[135.1846198,34.6807065],[135.1845514,34.6807078],[135.1844829,34.6807091],[135.1839581,34.6807331],[135.1839894,34.6808455],[135.1840309,34.6809782],[135.1842877,34.6809739],[135.1845286,34.6809724],[135.1845447,34.6809802],[135.1843019,34.6815417],[135.1843781,34.6820435],[135.1846461,34.6821249],[135.1852621,34.6823060],[135.1858095,34.6824652],[135.1862984,34.6826094],[135.1869881,34.6810349],[135.1877939,34.6800660],[135.1884816,34.6792407],[135.1887606,34.6789081],[135.1897932,34.6794949],[135.1884422,34.6811062],[135.1902138,34.6813091],[135.1903136,34.6813211],[135.1903311,34.6813287],[135.1903423,34.6813384],[135.1903476,34.6813507],[135.1905758,34.6813879],[135.1905671,34.6814242],[135.1903381,34.6813867],[135.1903366,34.6814068],[135.1902327,34.6831004],[135.1902197,34.6833333],[135.1902158,34.6834039],[135.1902144,34.6834279],[135.1902111,34.6835565],[135.1902841,34.6835611],[135.1902854,34.6835543],[135.1903061,34.6835557],[135.1902759,34.6840987],[135.1902623,34.6840973],[135.1902625,34.6840919],[135.1902235,34.6840926],[135.1902194,34.6841641],[135.1902143,34.6842032],[135.1902046,34.6842549],[135.1901891,34.6843129],[135.1901676,34.6843766],[135.1901589,34.6844216],[135.1901568,34.6844811],[135.1901627,34.6845458],[135.1901718,34.6845970],[135.1901835,34.6846599],[135.1901913,34.6847056],[135.1901898,34.6847747],[135.1901519,34.6854190],[135.1901460,34.6855196],[135.1904051,34.6855267],[135.1904035,34.6855023],[135.1906403,34.6855012],[135.1908585,34.6855133],[135.1911682,34.6855237],[135.1915708,34.6855442],[135.1916667,34.6855476],[135.1920094,34.6855633],[135.1922917,34.6855746],[135.1926301,34.6855944],[135.1930784,34.6855957],[135.1931633,34.6855958],[135.1931595,34.6855579],[135.1931568,34.6854793],[135.1931548,34.6853979],[135.1931508,34.6852326],[135.1931382,34.6847611],[135.1929730,34.6847447],[135.1929801,34.6846972],[135.1928578,34.6846879],[135.1926113,34.6846642],[135.1925263,34.6846569],[135.1925195,34.6847033],[135.1924225,34.6846931],[135.1924104,34.6846918],[135.1922381,34.6846738],[135.1922407,34.6846429],[135.1918401,34.6846226],[135.1916667,34.6846143],[135.1913967,34.6845995],[135.1910508,34.6845813],[135.1910369,34.6847271],[135.1909632,34.6847224],[135.1909835,34.6845180],[135.1916667,34.6845546],[135.1922507,34.6845859],[135.1922547,34.6845646],[135.1922723,34.6844542],[135.1923015,34.6842469],[135.1923612,34.6838291],[135.1924325,34.6833333],[135.1925262,34.6826954],[135.1921246,34.6826537],[135.1916839,34.6826116],[135.1916826,34.6826252],[135.1916667,34.6826243],[135.1916230,34.6826217],[135.1916239,34.6826121],[135.1913610,34.6825891],[135.1913654,34.6825501],[135.1916667,34.6825791],[135.1926020,34.6826691],[135.1928240,34.6811993],[135.1930322,34.6799904],[135.1931240,34.6794428],[135.1931374,34.6794223],[135.1931592,34.6794083],[135.1931863,34.6794061],[135.1932169,34.6794088],[135.1941941,34.6795139],[135.1942149,34.6795193],[135.1942276,34.6795254],[135.1942485,34.6795427],[135.1942582,34.6795612],[135.1942606,34.6795808],[135.1942592,34.6796130],[135.1940034,34.6812064],[135.1937667,34.6827171],[135.1952911,34.6828794],[135.1957962,34.6797513],[135.1958049,34.6797269],[135.1958214,34.6797101],[135.1958475,34.6796993],[135.1958697,34.6796946],[135.1959023,34.6796934],[135.1959323,34.6796939],[135.1968728,34.6797957],[135.1969047,34.6798044],[135.1969196,34.6798160],[135.1969299,34.6798307],[135.1969348,34.6798472],[135.1969315,34.6798717],[135.1966752,34.6814744],[135.1964371,34.6829684],[135.1977546,34.6831110],[135.1978084,34.6827458],[135.1980272,34.6827658],[135.1984607,34.6800513],[135.1984683,34.6800225],[135.1984778,34.6800020],[135.1984902,34.6799891],[135.1985029,34.6799842],[135.1985256,34.6799827],[135.1995625,34.6800898],[135.1995914,34.6800994],[135.1996001,34.6801103],[135.1996037,34.6801547],[135.1994237,34.6813291],[135.1992676,34.6823446],[135.1992374,34.6825224],[135.1992436,34.6825238],[135.1992883,34.6825333],[135.1992856,34.6825420],[135.2000000,34.6826927],[135.2010069,34.6829050],[135.2010095,34.6828963],[135.2010268,34.6829000],[135.2023498,34.6786613],[135.2023579,34.6786500],[135.2023765,34.6786396],[135.2023949,34.6786374],[135.2024088,34.6786403],[135.2029759,34.6789654],[135.2029356,34.6790142],[135.2029672,34.6790333],[135.2029908,34.6790465],[135.2031553,34.6791411],[135.2031895,34.6791615],[135.2032206,34.6791207],[135.2033772,34.6792040],[135.2036053,34.6793337],[135.2029218,34.6815070],[135.2024226,34.6831019],[135.2023508,34.6833333],[135.2018324,34.6850032],[135.2021905,34.6853338],[135.2023146,34.6854484],[135.2027631,34.6858865],[135.2028921,34.6857393],[135.2032480,34.6853263],[135.2037057,34.6847950],[135.2038863,34.6845816],[135.2042143,34.6847675],[135.2037411,34.6853227],[135.2037116,34.6853573],[135.2031390,34.6860245],[135.2030370,34.6861445],[135.2034021,34.6864630],[135.2036330,34.6866596],[135.2037261,34.6867363],[135.2039278,34.6869205],[135.2061209,34.6853057],[135.2064229,34.6850833],[135.2074021,34.6843623],[135.2074986,34.6842857],[135.2083333,34.6847398],[135.2089615,34.6850816],[135.2093379,34.6852826],[135.2150309,34.6883321],[135.2158657,34.6887790],[135.2166667,34.6892071],[135.2181846,34.6900185],[135.2166667,34.6911464],[135.2166105,34.6911881],[135.2159631,34.6916667],[135.2144965,34.6927507],[135.2152455,34.6934347],[135.2151658,34.6935314],[135.2162503,34.6941390],[135.2166667,34.6943752],[135.2167759,34.6944371],[135.2168580,34.6943399],[135.2189032,34.6954935],[135.2240198,34.6916975],[135.2250000,34.6918033],[135.2256083,34.6918689],[135.2283257,34.6921664],[135.2301070,34.6923614],[135.2333333,34.6927139],[135.2341087,34.6927987],[135.2383106,34.6932700],[135.2349542,34.6985420],[135.2333333,34.6986098],[135.2327476,34.6986343],[135.2283973,34.6988162],[135.2281848,34.6988251],[135.2279957,34.7000000],[135.2279882,34.7000467],[135.2284113,34.7001100],[135.2284739,34.7001193],[135.2295272,34.7002768],[135.2333333,34.7007023],[135.2346764,34.7008525],[135.2347623,34.7008623],[135.2351100,34.7009053],[135.2354578,34.7009482],[135.2363677,34.7010243],[135.2395912,34.7013872],[135.2397561,34.7014058],[135.2397620,34.7014035],[135.2416667,34.7006424],[135.2425264,34.7002988],[135.2432737,34.7000000],[135.2444931,34.6995124],[135.2445094,34.6995358],[135.2445013,34.6995397],[135.2445189,34.6995657],[135.2447032,34.6994919],[135.2448869,34.6994173],[135.2449796,34.6993906],[135.2450752,34.6993708],[135.2451428,34.6993616],[135.2452156,34.6993547],[135.2453035,34.6993556],[135.2454088,34.6993618],[135.2457604,34.6994005],[135.2465816,34.6994891],[135.2475216,34.6995957],[135.2500000,34.6998662],[135.2502394,34.6998923],[135.2512261,34.7000000],[135.2530511,34.7001991],[135.2531038,34.7002057],[135.2531613,34.7002142],[135.2532201,34.7002247],[135.2532737,34.7002374],[135.2543253,34.7003420],[135.2555098,34.7004420],[135.2562622,34.7005095],[135.2570739,34.7006067],[135.2570899,34.7006073],[135.2571609,34.7006145],[135.2572283,34.7006222],[135.2572554,34.7006241],[135.2573181,34.7006330],[135.2574541,34.7006503],[135.2575087,34.7006572],[135.2579298,34.7006987],[135.2583333,34.7007420],[135.2585409,34.7007643],[135.2590538,34.7008302],[135.2595082,34.7008802],[135.2616997,34.7011402],[135.2617254,34.7011430],[135.2619616,34.7011690],[135.2619886,34.7011720],[135.2629720,34.7012803],[135.2629970,34.7012830],[135.2639046,34.7013828],[135.2639306,34.7013857],[135.2649469,34.7014825],[135.2666667,34.7016709],[135.2675057,34.7017627],[135.2681764,34.7018364],[135.2681954,34.7018385],[135.2683763,34.7020399],[135.2683764,34.7020401],[135.2683333,34.7024599],[135.2681874,34.7033332],[135.2681107,34.7038394],[135.2680417,34.7042433],[135.2680644,34.7042470],[135.2679147,34.7051817],[135.2678913,34.7052063],[135.2677796,34.7058606],[135.2677627,34.7059031],[135.2677264,34.7059810],[135.2676813,34.7060322],[135.2677880,34.7066919],[135.2679148,34.7069678],[135.2679829,34.7069583],[135.2679889,34.7069698],[135.2682170,34.7069311],[135.2682707,34.7069219],[135.2683244,34.7069128],[135.2686366,34.7065849],[135.2688465,34.7063606],[135.2692993,34.7062079],[135.2705567,34.7066571],[135.2705609,34.7066536],[135.2708626,34.7067611],[135.2708702,34.7067520],[135.2709625,34.7067845],[135.2711923,34.7063247],[135.2710053,34.7060685],[135.2710163,34.7060024],[135.2710266,34.7059406],[135.2711043,34.7054759],[135.2710953,34.7054610],[135.2711050,34.7053906],[135.2711093,34.7053602],[135.2711101,34.7053544],[135.2711992,34.7047154],[135.2712425,34.7044249],[135.2714515,34.7031715],[135.2715804,34.7023696],[135.2718508,34.7022063],[135.2720962,34.7022308],[135.2727994,34.7023011],[135.2733389,34.7023606],[135.2738784,34.7024201],[135.2739141,34.7024239],[135.2747446,34.7025027],[135.2748256,34.7025049],[135.2750000,34.7025235],[135.2754901,34.7025756],[135.2761547,34.7026463],[135.2767353,34.7027096],[135.2773159,34.7027730],[135.2775075,34.7028064],[135.2781464,34.7028726],[135.2781941,34.7028791],[135.2786741,34.7029297],[135.2790206,34.7029665],[135.2794143,34.7030078],[135.2796422,34.7030403],[135.2796966,34.7030460],[135.2797508,34.7030517],[135.2799662,34.7030831],[135.2801816,34.7031144],[135.2803799,34.7031366],[135.2808480,34.7031890],[135.2810777,34.7032148],[135.2813128,34.7032379],[135.2815479,34.7032610],[135.2818290,34.7032800],[135.2823786,34.7033430],[135.2824677,34.7033510],[135.2831030,34.7034231],[135.2831949,34.7034364],[135.2833333,34.7034511],[135.2839185,34.7035134],[135.2840074,34.7035237],[135.2844192,34.7035643],[135.2845165,34.7035760],[135.2851386,34.7036448],[135.2852359,34.7036540],[135.2857648,34.7037078],[135.2861416,34.7037517],[135.2865025,34.7037866],[135.2865320,34.7037787],[135.2870288,34.7038347],[135.2873728,34.7038725],[135.2877169,34.7039103],[135.2881009,34.7039504],[135.2880513,34.7042602],[135.2879549,34.7048547],[135.2879165,34.7050834],[135.2878557,34.7054646],[135.2877922,34.7058543],[135.2877614,34.7060517],[135.2877482,34.7061574],[135.2876754,34.7066052],[135.2876050,34.7070601],[135.2875708,34.7072802],[135.2875589,34.7073363],[135.2875435,34.7074328],[135.2875178,34.7075801],[135.2875038,34.7076356],[135.2874685,34.7078519],[135.2874302,34.7081625],[135.2874020,34.7083333],[135.2873764,34.7084888],[135.2873283,34.7087284],[135.2872818,34.7089330],[135.2872281,34.7090812],[135.2871520,34.7096175],[135.2871168,34.7098524],[135.2870833,34.7100507],[135.2870397,34.7102811],[135.2868664,34.7113641],[135.2868063,34.7117454],[135.2867824,34.7118966],[135.2867120,34.7119377],[135.2859489,34.7119034],[135.2858120,34.7118905],[135.2857083,34.7118806],[135.2853806,34.7118455],[135.2850764,34.7118130],[135.2848152,34.7117846],[135.2846399,34.7117624],[135.2845812,34.7117549],[135.2842835,34.7117198],[135.2841681,34.7116994],[135.2839782,34.7116736],[135.2837819,34.7116505],[135.2836216,34.7116357],[135.2834574,34.7116165],[135.2834431,34.7116244],[135.2833333,34.7115761],[135.2833050,34.7115636],[135.2831572,34.7114844],[135.2830148,34.7114138],[135.2829368,34.7113869],[135.2828543,34.7113469],[135.2827581,34.7112928],[135.2826731,34.7112505],[135.2821419,34.7118612],[135.2818658,34.7122513],[135.2817775,34.7123772],[135.2817332,34.7124403],[135.2818599,34.7125035],[135.2819972,34.7125720],[135.2820539,34.7124947],[135.2822369,34.7122455],[135.2822534,34.7122544],[135.2820142,34.7125785],[135.2821048,34.7126274],[135.2821693,34.7125412],[135.2827816,34.7128655],[135.2831298,34.7127614],[135.2831513,34.7127387],[135.2823469,34.7123167],[135.2823603,34.7122963],[135.2832251,34.7127426],[135.2831771,34.7128065],[135.2831434,34.7130854],[135.2833333,34.7131037],[135.2842174,34.7131886],[135.2841934,34.7133884],[135.2841813,34.7135077],[135.2841772,34.7135441],[135.2855621,34.7136892],[135.2855833,34.7136914],[135.2855573,34.7138605],[135.2855645,34.7138613],[135.2855566,34.7139146],[135.2855402,34.7139129],[135.2855279,34.7139963],[135.2855464,34.7139981],[135.2855404,34.7140377],[135.2855302,34.7140368],[135.2855264,34.7140621],[135.2872869,34.7142422],[135.2873172,34.7142453],[135.2872912,34.7144428],[135.2872783,34.7144417],[135.2872601,34.7145743],[135.2872709,34.7145753],[135.2872658,34.7146094],[135.2886540,34.7147357],[135.2886554,34.7147806],[135.2894354,34.7149870],[135.2900367,34.7148425],[135.2908540,34.7151424],[135.2908902,34.7151310],[135.2908492,34.7150413],[135.2908986,34.7150420],[135.2909064,34.7150581],[135.2912537,34.7149498],[135.2912583,34.7149594],[135.2913013,34.7149459],[135.2913299,34.7150031],[135.2915116,34.7153658],[135.2916667,34.7154165],[135.2916678,34.7154169],[135.2918819,34.7159012],[135.2918750,34.7159133],[135.2917118,34.7161985],[135.2919476,34.7162936],[135.2917603,34.7166196],[135.2916780,34.7165864],[135.2916667,34.7166053],[135.2916297,34.7166667],[135.2916057,34.7167064],[135.2915426,34.7166799],[135.2915497,34.7166667],[135.2916067,34.7165599],[135.2915272,34.7165268],[135.2914482,34.7166667],[135.2913801,34.7167871],[135.2912412,34.7170381],[135.2912976,34.7170593],[135.2912816,34.7170893],[135.2916667,34.7172362],[135.2920162,34.7173695],[135.2924075,34.7175133],[135.2924029,34.7175213],[135.2923733,34.7175677],[135.2916667,34.7172995],[135.2913848,34.7171926],[135.2913625,34.7171842],[135.2913131,34.7172649],[135.2913859,34.7172931],[135.2914958,34.7173354],[135.2914460,34.7174186],[135.2914306,34.7174444],[135.2913885,34.7175146],[135.2913403,34.7175951],[135.2913253,34.7176201],[135.2912526,34.7177415],[135.2913917,34.7177941],[135.2916667,34.7178981],[135.2924143,34.7181808],[135.2926771,34.7177351],[135.2927947,34.7176977],[135.2928196,34.7176898],[135.2931020,34.7177957],[135.2931022,34.7179815],[135.2927223,34.7188566],[135.2926380,34.7190510],[135.2924788,34.7193437],[135.2924964,34.7193881],[135.2924433,34.7195124],[135.2924324,34.7195125],[135.2922585,34.7198204],[135.2921161,34.7200153],[135.2917378,34.7205817],[135.2917762,34.7206017],[135.2918887,34.7206527],[135.2920177,34.7207125],[135.2923939,34.7201409],[135.2924888,34.7201239],[135.2926056,34.7201775],[135.2923812,34.7205203],[135.2927242,34.7206776],[135.2931241,34.7200863],[135.2928277,34.7199489],[135.2927264,34.7199181],[135.2926688,34.7198938],[135.2927679,34.7197307],[135.2926444,34.7196731],[135.2926195,34.7196485],[135.2926111,34.7196261],[135.2926080,34.7195945],[135.2926132,34.7195697],[135.2926665,34.7194634],[135.2928047,34.7193789],[135.2929840,34.7194511],[135.2930820,34.7192931],[135.2929559,34.7192515],[135.2929266,34.7192294],[135.2929150,34.7192090],[135.2929094,34.7191851],[135.2929074,34.7191558],[135.2929132,34.7191339],[135.2930196,34.7189553],[135.2937821,34.7192581],[135.2940633,34.7193855],[135.2940867,34.7193934],[135.2941036,34.7193991],[135.2941258,34.7194067],[135.2942700,34.7194557],[135.2953658,34.7194506],[135.2953970,34.7194504],[135.2957595,34.7194487],[135.2957918,34.7194486],[135.2970393,34.7194427],[135.2971722,34.7194777],[135.2976141,34.7194764],[135.2998290,34.7191465],[135.3000000,34.7191215],[135.3005226,34.7190450],[135.3005264,34.7190607],[135.3005176,34.7192977],[135.3005145,34.7193389],[135.3004683,34.7196726],[135.3005450,34.7196784],[135.3006495,34.7196507],[135.3006706,34.7196451],[135.3007113,34.7196342],[135.3006907,34.7195696],[135.3009219,34.7195151],[135.3009375,34.7195114],[135.3010036,34.7194959],[135.3010187,34.7194923],[135.3010441,34.7195511],[135.3010604,34.7195476],[135.3010797,34.7195434],[135.3011405,34.7195304],[135.3011247,34.7196012],[135.3013054,34.7196291],[135.3013424,34.7194904],[135.3014459,34.7194623],[135.3014770,34.7194612],[135.3015444,34.7194462],[135.3034568,34.7190951],[135.3034258,34.7191653],[135.3033883,34.7192869],[135.3033939,34.7194367],[135.3031969,34.7199722],[135.3030814,34.7202869],[135.3029614,34.7206133],[135.3029072,34.7207861],[135.3028939,34.7208294],[135.3027161,34.7213975],[135.3025186,34.7220631],[135.3024722,34.7222306],[135.3024594,34.7222758],[135.3024172,34.7224286],[135.3022244,34.7229256],[135.3022017,34.7229844],[135.3020133,34.7234686],[135.3019742,34.7235697],[135.3018247,34.7240150],[135.3016744,34.7243686],[135.3016308,34.7244714],[135.3014736,34.7248414],[135.3014678,34.7248553],[135.3014061,34.7250000],[135.3013936,34.7250292],[135.3011364,34.7256347],[135.3010844,34.7257344],[135.3010678,34.7257658],[135.3007375,34.7263994],[135.3007206,34.7264322],[135.3004056,34.7269347],[135.3003639,34.7270283],[135.3003269,34.7271117],[135.3000747,34.7276794],[135.3000000,34.7277642],[135.2999467,34.7278247],[135.2998453,34.7280100],[135.2997172,34.7281903],[135.2995997,34.7284414],[135.2993008,34.7283136],[135.2990022,34.7281594],[135.2990556,34.7280142],[135.2990447,34.7279042],[135.2989594,34.7278864],[135.2987994,34.7278203],[135.2986500,34.7277586],[135.2985486,34.7277411],[135.2984953,34.7277850],[135.2983939,34.7279394],[135.2982336,34.7278733],[135.2978067,34.7276750],[135.2975517,34.7276058],[135.2974775,34.7275856],[135.2973236,34.7275439],[135.2965239,34.7273264],[135.2964556,34.7273078],[135.2962008,34.7272386],[135.2961042,34.7274428],[135.2958272,34.7280272],[135.2959553,34.7280756],[135.2958592,34.7282872],[135.2959869,34.7283314],[135.2961261,34.7283797],[135.2960728,34.7285339],[135.2959544,34.7287711],[135.2957739,34.7291333],[135.2957175,34.7293347],[135.2956725,34.7294947],[135.2955603,34.7296797],[135.2955139,34.7297814],[135.2953894,34.7300544],[135.2955844,34.7300842],[135.2960247,34.7301511],[135.2961742,34.7302347],[135.2965314,34.7302789],[135.2964708,34.7304328],[135.2961419,34.7312703],[135.2959964,34.7312336],[135.2952042,34.7310350],[135.2951425,34.7310194],[135.2949872,34.7309806],[135.2946853,34.7309047],[135.2946628,34.7309700],[135.2946486,34.7310117],[135.2946019,34.7311472],[135.2944717,34.7315261],[135.2944092,34.7316386],[135.2941192,34.7321603],[135.2937386,34.7328444],[135.2936658,34.7329756],[135.2936444,34.7330217],[135.2935000,34.7333333],[135.2934739,34.7333897],[135.2932644,34.7333333],[135.2932283,34.7333236],[135.2929881,34.7333281],[135.2929562,34.7333333],[135.2928056,34.7333583],[135.2927747,34.7333633],[135.2927361,34.7333700],[135.2926569,34.7333833],[135.2926203,34.7333897],[135.2926039,34.7336806],[135.2925453,34.7338744],[135.2924656,34.7341344],[135.2924419,34.7343172],[135.2924331,34.7343858],[135.2924706,34.7345267],[135.2926358,34.7347247],[135.2928922,34.7349364],[135.2928653,34.7349761],[135.2926358,34.7352489],[135.2925906,34.7353028],[135.2925542,34.7353458],[135.2924714,34.7354442],[135.2924356,34.7354869],[135.2922944,34.7356547],[135.2921397,34.7357914],[135.2922944,34.7359500],[135.2925025,34.7362231],[135.2925506,34.7363906],[135.2926733,34.7367344],[135.2923608,34.7368319],[135.2922681,34.7368611],[135.2921006,34.7369133],[135.2918836,34.7369808],[135.2916667,34.7370468],[135.2916222,34.7370603],[135.2914303,34.7373731],[135.2912000,34.7377608],[135.2911686,34.7378136],[135.2909881,34.7381361],[135.2908792,34.7383303],[135.2908644,34.7383567],[135.2908294,34.7384147],[135.2908006,34.7384625],[135.2906883,34.7386211],[135.2907044,34.7387619],[135.2907364,34.7389736],[135.2907844,34.7391539],[135.2907847,34.7391610],[135.2907897,34.7393169],[135.2907525,34.7395331],[135.2906778,34.7397006],[135.2905656,34.7399253],[135.2905017,34.7401411],[135.2904322,34.7404275],[135.2904431,34.7407228],[135.2903894,34.7408550],[135.2903147,34.7408903],[135.2901547,34.7409036],[135.2899839,34.7409564],[135.2897919,34.7410314],[135.2895836,34.7410711],[135.2894717,34.7410578],[135.2894397,34.7409475],[135.2894397,34.7407889],[135.2893061,34.7406831],[135.2891408,34.7406392],[135.2887992,34.7407008],[135.2885378,34.7408067],[135.2883189,34.7409828],[135.2880842,34.7411986],[135.2878497,34.7414542],[135.2875922,34.7416667],[135.2873975,34.7418273],[135.2872839,34.7419211],[135.2870386,34.7421108],[135.2868197,34.7422914],[135.2865422,34.7424456],[135.2863075,34.7425911],[135.2860992,34.7426881],[135.2859606,34.7428158],[135.2857792,34.7430008],[135.2857350,34.7430408],[135.2856244,34.7431417],[135.2852347,34.7434853],[135.2851758,34.7435481],[135.2849039,34.7438381],[135.2844983,34.7442125],[135.2844385,34.7442764],[135.2843331,34.7443889],[135.2845625,34.7444019],[135.2848719,34.7444461],[135.2855122,34.7445431],[135.2859392,34.7446181],[135.2865208,34.7446400],[135.2876306,34.7446444],[135.2885806,34.7446047],[135.2891836,34.7445519],[135.2893436,34.7445650],[135.2892794,34.7447678],[135.2892028,34.7449906],[135.2891408,34.7451706],[135.2890075,34.7453908],[135.2888847,34.7455494],[135.2887192,34.7456464],[135.2885964,34.7457392],[135.2884683,34.7458533],[135.2883722,34.7459503],[135.2882283,34.7461311],[135.2881161,34.7462764],[135.2878014,34.7465056],[135.2875025,34.7468097],[135.2874117,34.7469858],[135.2873875,34.7470981],[135.2873744,34.7471578],[135.2873639,34.7473428],[135.2873639,34.7475192],[135.2872892,34.7476822],[135.2871742,34.7478183],[135.2871289,34.7478714],[135.2868942,34.7480081],[135.2861686,34.7484311],[135.2859497,34.7485147],[135.2858281,34.7485333],[135.2857203,34.7485500],[135.2855389,34.7485325],[135.2852828,34.7485061],[135.2851494,34.7485722],[135.2850133,34.7486386],[135.2850053,34.7486425],[135.2848772,34.7487353],[135.2847544,34.7488761],[135.2846531,34.7489600],[135.2844450,34.7490700],[135.2842742,34.7491669],[135.2839539,34.7494050],[135.2837578,34.7494589],[135.2836178,34.7494975],[135.2834419,34.7496033],[135.2833333,34.7496745],[135.2832339,34.7497397],[135.2830525,34.7498675],[135.2829350,34.7499292],[135.2826628,34.7499775],[135.2826153,34.7500000],[135.2825508,34.7500306],[135.2825028,34.7500833],[135.2825028,34.7501628],[135.2825081,34.7503433],[135.2824445,34.7503944],[135.2823161,34.7504975],[135.2821667,34.7505769],[135.2819372,34.7505858],[135.2817450,34.7506122],[135.2814942,34.7506958],[135.2812167,34.7508106],[135.2810619,34.7509119],[135.2808431,34.7510794],[135.2804536,34.7513525],[135.2802453,34.7514936],[135.2801867,34.7516125],[135.2801386,34.7518503],[135.2801547,34.7519472],[135.2805708,34.7525200],[135.2807619,34.7528183],[135.2810342,34.7532433],[135.2808244,34.7535872],[135.2807931,34.7536450],[135.2806436,34.7539211],[135.2805136,34.7542608],[135.2804847,34.7543803],[135.2804847,34.7544936],[135.2804919,34.7546308],[135.2805208,34.7548814],[135.2805606,34.7550572],[135.2806328,34.7554092],[135.2806764,34.7557553],[135.2807053,34.7560536],[135.2807233,34.7568675],[135.2807161,34.7571658],[135.2806953,34.7575847],[135.2806872,34.7577444],[135.2806653,34.7581503],[135.2806557,34.7583333],[135.2806400,34.7586364],[135.2805894,34.7589942],[135.2805317,34.7593400],[135.2804811,34.7596025],[135.2804447,34.7597336],[135.2803797,34.7598469],[135.2802786,34.7600381],[135.2801700,34.7601989],[135.2799711,34.7604586],[135.2790961,34.7611717],[135.2787853,34.7614250],[135.2781903,34.7618881],[135.2781417,34.7619258],[135.2780333,34.7620211],[135.2779078,34.7621567],[135.2777547,34.7623225],[135.2776969,34.7624536],[135.2776392,34.7626564],[135.2775814,34.7629547],[135.2775669,34.7632172],[135.2775669,34.7635394],[135.2775814,34.7637600],[135.2775597,34.7639331],[135.2775089,34.7640642],[135.2774186,34.7641683],[135.2772089,34.7643653],[135.2770569,34.7645025],[135.2769919,34.7646100],[135.2769558,34.7647411],[135.2769467,34.7648325],[135.2769414,34.7648842],[135.2769125,34.7650036],[135.2768544,34.7651228],[135.2767028,34.7653197],[135.2762147,34.7659311],[135.2760775,34.7660983],[135.2759183,34.7663128],[135.2758100,34.7664081],[135.2756292,34.7664739],[135.2750716,34.7666667],[135.2750000,34.7666914],[135.2749567,34.7667064],[135.2747253,34.7668317],[135.2745517,34.7669631],[135.2743997,34.7670764],[135.2742481,34.7672731],[135.2740889,34.7674164],[135.2739586,34.7675236],[135.2738575,34.7676014],[135.2736658,34.7678189],[135.2736008,34.7680158],[135.2735719,34.7681531],[135.2735792,34.7682900],[135.2736008,34.7683975],[135.2736369,34.7685228],[135.2736369,34.7686242],[135.2736153,34.7686956],[135.2735575,34.7687614],[135.2734417,34.7688686],[135.2732753,34.7690475],[135.2730944,34.7692086],[135.2730150,34.7692922],[135.2728631,34.7693817],[135.2726972,34.7694592],[135.2725525,34.7695547],[135.2724258,34.7696353],[135.2721078,34.7701839],[135.2719775,34.7703569],[135.2717389,34.7706789],[135.2715511,34.7709711],[135.2714569,34.7711203],[135.2713306,34.7715111],[135.2712797,34.7716900],[135.2711842,34.7720275],[135.2710992,34.7723283],[135.2710194,34.7725133],[135.2709633,34.7725931],[135.2708894,34.7726978],[135.2707231,34.7728889],[135.2706508,34.7729903],[135.2705422,34.7731572],[135.2704303,34.7733569],[135.2703433,34.7735897],[135.2702639,34.7741444],[135.2702422,34.7742758],[135.2701553,34.7743950],[135.2699383,34.7745561],[135.2697939,34.7746933],[135.2697142,34.7747889],[135.2696708,34.7748661],[135.2696564,34.7749614],[135.2696573,34.7750000],[135.2696600,34.7751136],[135.2696817,34.7752806],[135.2697033,34.7755072],[135.2696961,34.7756922],[135.2696239,34.7759069],[135.2695444,34.7760503],[135.2694358,34.7761636],[135.2693131,34.7762769],[135.2691106,34.7763783],[135.2689731,34.7764558],[135.2688283,34.7765394],[135.2687128,34.7766408],[135.2686212,34.7767399],[135.2685283,34.7768406],[135.2685139,34.7769600],[135.2685139,34.7771031],[135.2685356,34.7772817],[135.2685500,34.7774189],[135.2685356,34.7776336],[135.2685150,34.7777181],[135.2684922,34.7778128],[135.2684272,34.7779500],[135.2683331,34.7780811],[135.2677981,34.7789878],[135.2674178,34.7794411],[135.2668459,34.7802658],[135.2674686,34.7809911],[135.2675215,34.7810012],[135.2674175,34.7817136],[135.2673279,34.7821994],[135.2677796,34.7820987],[135.2679018,34.7821759],[135.2679669,34.7822867],[135.2680401,34.7823774],[135.2682029,34.7826393],[135.2683327,34.7828234],[135.2684975,34.7832566],[135.2685390,34.7833333],[135.2686501,34.7835387],[135.2692118,34.7837553],[135.2693339,34.7838157],[135.2693770,34.7838820],[135.2693571,34.7839746],[135.2691129,34.7842164],[135.2690514,34.7843850],[135.2690083,34.7844694],[135.2689794,34.7845647],[135.2689794,34.7846422],[135.2689081,34.7849314],[135.2689000,34.7853400],[135.2688347,34.7854236],[135.2686333,34.7857273],[135.2684806,34.7859187],[135.2684745,34.7860447],[135.2685722,34.7861202],[135.2686106,34.7862289],[135.2685408,34.7863728],[135.2685001,34.7865273],[135.2685530,34.7866751],[135.2688136,34.7872661],[135.2688763,34.7874536],[135.2690419,34.7875790],[135.2691233,34.7877223],[135.2691275,34.7880572],[135.2690586,34.7887819],[135.2690861,34.7889289],[135.2690875,34.7889369],[135.2691744,34.7890742],[135.2693697,34.7892592],[135.2694708,34.7893664],[135.2695358,34.7894500],[135.2695503,34.7895692],[135.2694636,34.7896525],[135.2694058,34.7896825],[135.2691961,34.7898433],[135.2690767,34.7899300],[135.2689972,34.7900433],[135.2689322,34.7901625],[135.2689178,34.7902222],[135.2689178,34.7904608],[135.2689467,34.7905264],[135.2690044,34.7905861],[135.2692575,34.7907650],[135.2695106,34.7909858],[135.2696842,34.7910814],[135.2704942,34.7914869],[135.2707412,34.7916667],[135.2707978,34.7917078],[135.2709461,34.7918300],[135.2709822,34.7919194],[135.2709750,34.7919969],[135.2709389,34.7921161],[135.2707364,34.7924022],[135.2704906,34.7927244],[135.2700422,34.7935536],[135.2699589,34.7937953],[135.2699156,34.7939503],[135.2699011,34.7940281],[135.2699083,34.7941056],[135.2699517,34.7942606],[135.2700314,34.7946183],[135.2701325,34.7947733],[135.2702154,34.7949013],[135.2702483,34.7949522],[135.2703275,34.7951253],[135.2703419,34.7952683],[135.2703203,34.7954356],[135.2702806,34.7956472],[135.2702806,34.7957906],[135.2703167,34.7959278],[135.2703600,34.7960469],[135.2697600,34.7961700],[135.2692539,34.7962736],[135.2689719,34.7963511],[135.2688706,34.7964108],[135.2687839,34.7964883],[135.2686608,34.7966611],[135.2686175,34.7967983],[135.2686103,34.7969058],[135.2686247,34.7970489],[135.2687189,34.7972517],[135.2687875,34.7974517],[135.2688019,34.7976425],[135.2688019,34.7977558],[135.2687081,34.7979706],[135.2686936,34.7980839],[135.2687153,34.7981556],[135.2688525,34.7983225],[135.2691997,34.7987042],[135.2693517,34.7989011],[135.2693862,34.7990483],[135.2694019,34.7991156],[135.2693767,34.7993453],[135.2693331,34.7995064],[135.2693331,34.7996017],[135.2693694,34.7998225],[135.2694232,34.8000000],[135.2694344,34.8000372],[135.2694344,34.8002400],[135.2693844,34.8003636],[135.2693478,34.8004547],[135.2693331,34.8005742],[135.2693478,34.8006756],[135.2693839,34.8009739],[135.2694886,34.8012094],[135.2695683,34.8013050],[135.2696983,34.8014183],[135.2697706,34.8014958],[135.2697997,34.8015850],[135.2697925,34.8018475],[135.2698286,34.8019192],[135.2699081,34.8020206],[135.2700311,34.8020981],[135.2701972,34.8021578],[135.2703925,34.8022114],[135.2704550,34.8022514],[135.2704803,34.8023081],[135.2704892,34.8024644],[135.2704903,34.8024819],[135.2704686,34.8025714],[135.2701217,34.8026011],[135.2697961,34.8026369],[135.2695936,34.8026369],[135.2693839,34.8025833],[135.2691886,34.8024939],[135.2690658,34.8023983],[135.2689356,34.8023506],[135.2683286,34.8022731],[135.2680103,34.8023983],[135.2678947,34.8024164],[135.2672439,34.8025417],[135.2672250,34.8025431],[135.2670703,34.8025536],[135.2669328,34.8025356],[135.2667883,34.8024878],[135.2666667,34.8024332],[135.2666292,34.8024164],[135.2661908,34.8021928],[135.2660794,34.8021358],[135.2657753,34.8021122],[135.2653528,34.8020792],[135.2648469,34.8020672],[135.2647094,34.8021150],[135.2646011,34.8022164],[135.2645142,34.8023119],[135.2642322,34.8025803],[135.2642033,34.8026519],[135.2642033,34.8027175],[135.2642394,34.8028844],[135.2642467,34.8030397],[135.2642322,34.8031531],[135.2642386,34.8032575],[135.2642431,34.8033286],[135.2642214,34.8034003],[135.2641708,34.8034419],[135.2640189,34.8034539],[135.2639178,34.8034600],[135.2638381,34.8034658],[135.2637731,34.8034958],[135.2636936,34.8035972],[135.2635850,34.8037283],[135.2634839,34.8038358],[135.2633319,34.8038956],[135.2632019,34.8039611],[135.2627969,34.8040744],[135.2623775,34.8041758],[135.2621678,34.8042772],[135.2620231,34.8043489],[135.2618206,34.8044503],[135.2617556,34.8045397],[135.2615314,34.8048081],[135.2614519,34.8049156],[135.2614122,34.8049781],[135.2612386,34.8051092],[135.2610722,34.8052225],[135.2609131,34.8053478],[135.2607614,34.8054014],[135.2606311,34.8054492],[135.2603853,34.8055147],[135.2602622,34.8055267],[135.2601542,34.8055147],[135.2599806,34.8054731],[135.2598214,34.8053836],[135.2595683,34.8052522],[135.2593803,34.8051389],[135.2592792,34.8050436],[135.2591799,34.8049850],[135.2591272,34.8049539],[135.2588381,34.8050911],[135.2587294,34.8051925],[135.2586067,34.8052881],[135.2584692,34.8053297],[135.2583464,34.8053417],[135.2583333,34.8053422],[135.2583247,34.8053425],[135.2581872,34.8053478],[135.2581150,34.8053717],[135.2580064,34.8054492],[135.2578328,34.8055208],[135.2576847,34.8055356],[135.2574967,34.8055356],[135.2574244,34.8055714],[135.2573519,34.8056847],[135.2572219,34.8057803],[135.2570772,34.8058339],[135.2569689,34.8058339],[135.2568678,34.8058100],[135.2567594,34.8057325],[135.2566869,34.8056369],[135.2566364,34.8055117],[135.2565569,34.8054522],[135.2564700,34.8054283],[135.2563761,34.8054642],[135.2562603,34.8055297],[135.2562242,34.8056072],[135.2561158,34.8057683],[135.2560217,34.8058458],[135.2558917,34.8058817],[135.2558472,34.8058861],[135.2557108,34.8058994],[135.2555633,34.8058892],[135.2555372,34.8058875],[135.2553533,34.8058509],[135.2553275,34.8058458],[135.2551250,34.8057861],[135.2549442,34.8057086],[135.2544525,34.8054164],[135.2541489,34.8051897],[135.2540078,34.8051269],[135.2538997,34.8051092],[135.2537261,34.8050733],[135.2536322,34.8049839],[135.2534586,34.8048169],[135.2532850,34.8046917],[135.2531983,34.8046678],[135.2530825,34.8046736],[135.2529525,34.8047333],[135.2528439,34.8048050],[135.2521786,34.8051508],[135.2520483,34.8052283],[135.2518967,34.8053597],[135.2518097,34.8054372],[135.2514700,34.8058369],[135.2512928,34.8061261],[135.2511772,34.8063708],[135.2509458,34.8068656],[135.2508517,34.8070686],[135.2508228,34.8072175],[135.2508228,34.8073786],[135.2508589,34.8074981],[135.2509311,34.8075814],[135.2509692,34.8076678],[135.2509875,34.8077092],[135.2509892,34.8077128],[135.2509831,34.8077478],[135.2509747,34.8077964],[135.2509689,34.8078103],[135.2509311,34.8079036],[135.2508300,34.8080169],[135.2506311,34.8081750],[135.2504214,34.8082764],[135.2502740,34.8083333],[135.2500817,34.8084078],[135.2500000,34.8084347],[135.2496481,34.8085506],[135.2490550,34.8086519],[135.2488392,34.8086867],[135.2487947,34.8086939],[135.2487150,34.8086939],[135.2486789,34.8086519],[135.2486717,34.8084908],[135.2486356,34.8083717],[135.2485750,34.8083333],[135.2485417,34.8083122],[135.2484042,34.8082467],[135.2483175,34.8081572],[135.2482886,34.8080558],[135.2482522,34.8078947],[135.2482378,34.8077456],[135.2482161,34.8076619],[135.2481294,34.8074772],[135.2481078,34.8073639],[135.2481294,34.8072267],[135.2481583,34.8071431],[135.2482886,34.8070178],[135.2483464,34.8069103],[135.2483681,34.8067614],[135.2483608,34.8066122],[135.2483247,34.8065464],[135.2481511,34.8063378],[135.2480064,34.8061825],[135.2478728,34.8060189],[135.2476414,34.8057503],[135.2476111,34.8057014],[135.2474681,34.8054700],[135.2473594,34.8052911],[135.2472097,34.8050047],[135.2470631,34.8047889],[135.2469628,34.8045219],[135.2468706,34.8043122],[135.2468511,34.8042536],[135.2467431,34.8041116],[135.2466587,34.8039481],[135.2465216,34.8039258],[135.2464154,34.8039645],[135.2462575,34.8038999],[135.2460084,34.8038733],[135.2459043,34.8038586],[135.2454311,34.8038114],[135.2451454,34.8036110],[135.2448084,34.8036068],[135.2445078,34.8035929],[135.2444080,34.8036004],[135.2442721,34.8036278],[135.2441301,34.8036577],[135.2439701,34.8037103],[135.2439172,34.8037340],[135.2437093,34.8036444],[135.2435954,34.8036324],[135.2434688,34.8035576],[135.2434199,34.8035249],[135.2433938,34.8034956],[135.2432907,34.8033167],[135.2430755,34.8034896],[135.2429550,34.8031425],[135.2420679,34.8029252],[135.2420160,34.8029096],[135.2416992,34.8026680],[135.2416667,34.8026658],[135.2410233,34.8026218],[135.2406746,34.8032671],[135.2408870,34.8038357],[135.2409397,34.8043705],[135.2416667,34.8056985],[135.2418195,34.8059777],[135.2418746,34.8061014],[135.2419864,34.8063624],[135.2420281,34.8065445],[135.2420143,34.8068112],[135.2418929,34.8072646],[135.2418481,34.8075991],[135.2417400,34.8078825],[135.2416667,34.8079960],[135.2415667,34.8081508],[135.2415153,34.8082092],[135.2414058,34.8083333],[135.2413931,34.8083478],[135.2411150,34.8085506],[135.2409269,34.8086161],[135.2408764,34.8086244],[135.2407461,34.8086461],[135.2404714,34.8087236],[135.2403194,34.8087236],[135.2399578,34.8086161],[135.2398061,34.8086222],[135.2396903,34.8086581],[135.2395094,34.8088250],[135.2394228,34.8089742],[135.2393578,34.8090578],[135.2392708,34.8090994],[135.2391044,34.8091411],[135.2389383,34.8092306],[135.2388550,34.8093083],[135.2387828,34.8094931],[135.2387106,34.8096483],[135.2385875,34.8097494],[135.2383344,34.8098269],[135.2381031,34.8098806],[135.2379872,34.8100058],[135.2378933,34.8101908],[135.2377850,34.8103100],[135.2377053,34.8103578],[135.2373294,34.8104533],[135.2371200,34.8104711],[135.2369103,34.8104592],[135.2367222,34.8104533],[135.2366497,34.8104653],[135.2364908,34.8105547],[135.2363967,34.8106383],[135.2361942,34.8109842],[135.2360606,34.8111333],[135.2359592,34.8111750],[135.2357494,34.8112108],[135.2355397,34.8112289],[135.2352217,34.8113242],[135.2349975,34.8114375],[135.2347878,34.8116044],[135.2347156,34.8117833],[135.2346142,34.8119922],[135.2344986,34.8121472],[135.2341803,34.8123381],[135.2339636,34.8124217],[135.2337394,34.8124814],[135.2336492,34.8124950],[135.2334988,34.8125679],[135.2333333,34.8126695],[135.2332245,34.8127363],[135.2331856,34.8129061],[135.2331615,34.8130163],[135.2330966,34.8131694],[135.2330319,34.8132767],[135.2328388,34.8134586],[135.2327888,34.8135596],[135.2327725,34.8136992],[135.2326600,34.8138841],[135.2326248,34.8140203],[135.2327416,34.8142406],[135.2327578,34.8145517],[135.2327689,34.8146205],[135.2328893,34.8147475],[135.2329199,34.8148286],[135.2329292,34.8149220],[135.2328699,34.8151332],[135.2328565,34.8153903],[135.2328136,34.8154636],[135.2327638,34.8155602],[135.2327564,34.8156413],[135.2327805,34.8157147],[135.2328361,34.8157989],[135.2328973,34.8158677],[135.2330251,34.8159259],[135.2331271,34.8160055],[135.2332475,34.8160897],[135.2333333,34.8162374],[135.2333342,34.8162389],[135.2333486,34.8164000],[135.2333333,34.8166229],[135.2333303,34.8166667],[135.2333269,34.8167161],[135.2332764,34.8169250],[135.2331825,34.8171397],[135.2330956,34.8172950],[135.2329294,34.8174439],[135.2329078,34.8175514],[135.2329511,34.8177006],[135.2329728,34.8179092],[135.2328894,34.8185353],[135.2328244,34.8187739],[135.2327956,34.8189650],[135.2327017,34.8191142],[135.2325786,34.8191917],[135.2323833,34.8192514],[135.2322606,34.8193408],[135.2320511,34.8195075],[135.2318558,34.8196628],[135.2316492,34.8199219],[135.2315086,34.8200981],[135.2313531,34.8201578],[135.2311508,34.8202472],[135.2309917,34.8203964],[135.2307964,34.8206350],[135.2306358,34.8209042],[135.2305722,34.8210108],[135.2303264,34.8215239],[135.2301817,34.8217803],[135.2301383,34.8219533],[135.2301311,34.8220783],[135.2301672,34.8221978],[135.2302939,34.8223528],[135.2304456,34.8225197],[135.2305397,34.8226689],[135.2305469,34.8228061],[135.2305036,34.8229553],[135.2303733,34.8232297],[135.2303517,34.8234206],[135.2302939,34.8236233],[135.2301997,34.8237906],[135.2298492,34.8242856],[135.2297189,34.8245181],[135.2296972,34.8246789],[135.2297261,34.8248281],[135.2297792,34.8250000],[135.2298275,34.8251564],[135.2298347,34.8253531],[135.2298636,34.8256456],[135.2298131,34.8261644],[135.2298167,34.8265222],[135.2298383,34.8266536],[135.2299250,34.8267550],[135.2300914,34.8268981],[135.2304892,34.8271483],[135.2306481,34.8273394],[135.2307350,34.8275481],[135.2308217,34.8275839],[135.2310528,34.8276197],[135.2311542,34.8279181],[135.2311542,34.8281744],[135.2310817,34.8284369],[135.2309806,34.8286756],[135.2308553,34.8290544],[135.2307025,34.8295167],[135.2307025,34.8297372],[135.2308611,34.8301489],[135.2309842,34.8304233],[135.2309842,34.8305842],[135.2309553,34.8308647],[135.2308647,34.8311986],[135.2307133,34.8314372],[135.2306989,34.8315625],[135.2307206,34.8316639],[135.2308936,34.8319803],[135.2311322,34.8324097],[135.2313058,34.8327792],[135.2314217,34.8328628],[135.2314794,34.8329761],[135.2318014,34.8333042],[135.2318200,34.8333333],[135.2318736,34.8334175],[135.2319892,34.8335428],[135.2320242,34.8338086],[135.2320544,34.8340381],[135.2319964,34.8346764],[135.2319747,34.8348672],[135.2319169,34.8351833],[135.2318700,34.8355531],[135.2318844,34.8358333],[135.2319711,34.8360183],[135.2321303,34.8361853],[135.2324122,34.8363642],[135.2325039,34.8364022],[135.2323369,34.8365211],[135.2323522,34.8365664],[135.2323608,34.8365839],[135.2325006,34.8368703],[135.2325850,34.8369589],[135.2327333,34.8371078],[135.2327611,34.8371669],[135.2327472,34.8373158],[135.2327333,34.8375161],[135.2327378,34.8376917],[135.2327761,34.8378033],[135.2328339,34.8379464],[135.2328478,34.8380494],[135.2328431,34.8381239],[135.2328014,34.8382019],[135.2327853,34.8382728],[135.2327875,34.8384058],[135.2328141,34.8386351],[135.2328236,34.8387178],[135.2328539,34.8391097],[135.2328642,34.8392450],[135.2328825,34.8394822],[135.2329172,34.8397072],[135.2329544,34.8397969],[135.2330283,34.8399075],[135.2330983,34.8399892],[135.2331672,34.8400697],[135.2331888,34.8400969],[135.2332461,34.8401689],[135.2332553,34.8402072],[135.2332311,34.8403264],[135.2332008,34.8405231],[135.2331061,34.8407406],[135.2329728,34.8411667],[135.2329300,34.8413506],[135.2328964,34.8414967],[135.2328942,34.8415961],[135.2329103,34.8416589],[135.2329140,34.8416667],[135.2329428,34.8417275],[135.2330261,34.8418383],[135.2331200,34.8420319],[135.2332703,34.8423583],[135.2333333,34.8424713],[135.2335606,34.8428783],[135.2335653,34.8429203],[135.2335192,34.8430214],[135.2334128,34.8432981],[135.2333411,34.8434811],[135.2333333,34.8435371],[135.2333144,34.8436731],[135.2333328,34.8438122],[135.2332436,34.8445283],[135.2332228,34.8447783],[135.2331281,34.8452439],[135.2331558,34.8453089],[135.2332158,34.8453508],[135.2332750,34.8453611],[135.2333333,34.8453711],[135.2333481,34.8453736],[135.2335111,34.8453900],[135.2338606,34.8454394],[135.2341336,34.8454911],[135.2341917,34.8455253],[135.2342381,34.8455625],[135.2342611,34.8455808],[135.2343167,34.8456400],[135.2343839,34.8456933],[135.2345644,34.8457906],[135.2352497,34.8460100],[135.2354481,34.8460756],[135.2354928,34.8460903],[135.2359153,34.8462572],[135.2361825,34.8463631],[135.2364581,34.8464719],[135.2369053,34.8466536],[135.2369964,34.8466906],[135.2372383,34.8467889],[135.2374636,34.8468803],[135.2374642,34.8468806],[135.2375647,34.8469214],[135.2376586,34.8469594],[135.2381817,34.8471861],[135.2385072,34.8473219],[135.2386981,34.8474017],[135.2388472,34.8474847],[135.2390464,34.8475592],[135.2392939,34.8476564],[135.2396783,34.8478550],[135.2398311,34.8479103],[135.2398914,34.8479103],[135.2401750,34.8478253],[135.2405178,34.8477375],[135.2407422,34.8476936],[135.2414217,34.8476736],[135.2416667,34.8476627],[135.2417203,34.8476603],[135.2419078,34.8476697],[135.2420050,34.8476889],[135.2422064,34.8477347],[135.2426775,34.8478617],[135.2428419,34.8479208],[135.2430064,34.8480103],[135.2432772,34.8481250],[135.2434014,34.8481375],[135.2436731,34.8481650],[135.2439094,34.8481689],[135.2440308,34.8481469],[135.2443108,34.8480133],[135.2446117,34.8477864],[135.2448131,34.8476931],[135.2449453,34.8476644],[135.2449869,34.8476547],[135.2451094,34.8475536],[135.2453647,34.8473697],[135.2453861,34.8473544],[135.2455622,34.8471903],[135.2457936,34.8469192],[135.2459928,34.8467303],[135.2461428,34.8466194],[135.2464239,34.8464600],[135.2468978,34.8462142],[135.2472089,34.8460633],[135.2473058,34.8459919],[135.2474578,34.8458486],[135.2476750,34.8455803],[135.2477028,34.8454817],[135.2477403,34.8453478],[135.2483264,34.8451153],[135.2488258,34.8449542],[135.2494050,34.8447275],[135.2500000,34.8445336],[135.2500272,34.8445247],[135.2502156,34.8445067],[135.2504400,34.8445544],[135.2509756,34.8447097],[135.2512144,34.8447753],[135.2513447,34.8448169],[135.2514533,34.8448050],[135.2516053,34.8446381],[135.2518225,34.8443278],[135.2520281,34.8440058],[135.2521800,34.8438983],[135.2522211,34.8438709],[135.2522958,34.8438208],[135.2524406,34.8437611],[135.2526722,34.8437014],[135.2528747,34.8436836],[135.2530917,34.8436894],[135.2536058,34.8437253],[135.2537939,34.8437011],[135.2540719,34.8436656],[135.2542239,34.8436419],[135.2543831,34.8435764],[135.2546539,34.8434931],[135.2550086,34.8434392],[135.2552183,34.8434153],[135.2554067,34.8434153],[135.2557975,34.8433678],[135.2558361,34.8434397],[135.2558872,34.8435347],[135.2563358,34.8433678],[135.2565586,34.8433056],[135.2568186,34.8432328],[135.2571878,34.8431136],[135.2573325,34.8429703],[135.2575353,34.8427497],[135.2576872,34.8426422],[135.2579622,34.8425528],[135.2581144,34.8425050],[135.2583333,34.8424170],[135.2584792,34.8423583],[135.2586094,34.8422808],[135.2587183,34.8422089],[135.2588267,34.8421375],[135.2589928,34.8420781],[135.2593475,34.8419528],[135.2594394,34.8419303],[135.2595431,34.8419050],[135.2597094,34.8419108],[135.2598831,34.8418811],[135.2601828,34.8418692],[135.2603711,34.8418931],[135.2605231,34.8419408],[135.2606461,34.8420422],[135.2607692,34.8421914],[135.2608197,34.8422928],[135.2609116,34.8424412],[135.2609806,34.8425525],[135.2609856,34.8425603],[135.2610833,34.8427181],[135.2612497,34.8428731],[135.2614525,34.8430164],[135.2615756,34.8430878],[135.2618317,34.8432031],[135.2620344,34.8433044],[135.2620922,34.8434058],[135.2620922,34.8434953],[135.2620633,34.8436564],[135.2620128,34.8437697],[135.2619983,34.8439247],[135.2619839,34.8440025],[135.2620272,34.8440919],[135.2623456,34.8443244],[135.2626472,34.8445292],[135.2628136,34.8447081],[135.2629442,34.8448750],[135.2630525,34.8451433],[135.2631106,34.8453361],[135.2631828,34.8454553],[135.2632914,34.8455628],[135.2634319,34.8456617],[135.2636056,34.8457453],[135.2638083,34.8458406],[135.2638272,34.8458459],[135.2640400,34.8459064],[135.2641164,34.8459739],[135.2641414,34.8459958],[135.2642789,34.8461450],[135.2643222,34.8462642],[135.2643222,34.8466578],[135.2643150,34.8468131],[135.2642861,34.8469503],[135.2642353,34.8471625],[135.2642500,34.8473236],[135.2642789,34.8475025],[135.2643222,34.8476158],[135.2643875,34.8478069],[135.2644311,34.8478997],[135.2644628,34.8479672],[135.2646147,34.8480628],[135.2647811,34.8481700],[135.2650272,34.8482417],[135.2652228,34.8483014],[135.2653892,34.8483372],[135.2655558,34.8483908],[135.2658800,34.8484028],[135.2660681,34.8484147],[135.2664661,34.8484147],[135.2666667,34.8484013],[135.2667962,34.8483925],[135.2669075,34.8483850],[135.2674794,34.8483789],[135.2679933,34.8483311],[135.2687244,34.8482714],[135.2690139,34.8482417],[135.2692167,34.8482358],[135.2695739,34.8481939],[135.2697042,34.8481642],[135.2700083,34.8479972],[135.2706264,34.8476869],[135.2710392,34.8475081],[135.2712228,34.8474183],[135.2714017,34.8473306],[135.2717339,34.8471681],[135.2719361,34.8470769],[135.2720864,34.8470091],[135.2722892,34.8469175],[135.2724097,34.8468769],[135.2724481,34.8468639],[135.2725856,34.8468222],[135.2727594,34.8468103],[135.2729331,34.8468819],[135.2731792,34.8470547],[135.2734428,34.8472275],[135.2736817,34.8473708],[135.2738842,34.8474900],[135.2742389,34.8476392],[135.2746131,34.8478481],[135.2746908,34.8478936],[135.2747653,34.8479375],[135.2748664,34.8479433],[135.2749533,34.8479017],[135.2750000,34.8478740],[135.2753153,34.8476869],[135.2756197,34.8475200],[135.2758875,34.8473231],[135.2760250,34.8472694],[135.2762278,34.8471858],[135.2764089,34.8471739],[135.2765392,34.8472275],[135.2766983,34.8473828],[135.2769156,34.8475975],[135.2770675,34.8478061],[135.2771906,34.8479553],[135.2772339,34.8480150],[135.2774150,34.8480628],[135.2775842,34.8480447],[135.2778231,34.8479733],[135.2780331,34.8479136],[135.2782719,34.8479017],[135.2784453,34.8479314],[135.2786989,34.8479256],[135.2789333,34.8478958],[135.2790853,34.8478419],[135.2792083,34.8477525],[135.2793458,34.8476869],[135.2795125,34.8476631],[135.2796789,34.8476214],[135.2798453,34.8475794],[135.2800047,34.8475856],[135.2801711,34.8475975],[135.2802725,34.8476214],[135.2804317,34.8476928],[135.2806083,34.8478003],[135.2807531,34.8478958],[135.2808689,34.8480211],[135.2810208,34.8482358],[135.2811150,34.8483669],[135.2812019,34.8484444],[135.2812669,34.8484803],[135.2814867,34.8485794],[135.2815603,34.8485986],[135.2816461,34.8486211],[135.2818558,34.8486808],[135.2820586,34.8487283],[135.2822394,34.8487283],[135.2824133,34.8486986],[135.2826717,34.8485972],[135.2828308,34.8485317],[135.2829614,34.8486033],[135.2830047,34.8486867],[135.2829758,34.8487822],[135.2829033,34.8490447],[135.2827586,34.8493608],[135.2825661,34.8496806],[135.2824864,34.8498417],[135.2824276,34.8500000],[135.2824067,34.8500564],[135.2823633,34.8502114],[135.2822692,34.8504978],[135.2822114,34.8506947],[135.2821825,34.8509153],[135.2821969,34.8511597],[135.2822114,34.8513208],[135.2822547,34.8516328],[135.2822475,34.8517461],[135.2822186,34.8518475],[135.2822258,34.8519547],[135.2822635,34.8520270],[135.2823200,34.8521356],[135.2824358,34.8522550],[135.2825950,34.8523683],[135.2827253,34.8524397],[135.2828339,34.8524578],[135.2829714,34.8524517],[135.2831161,34.8524397],[135.2833117,34.8524458],[135.2833333,34.8524518],[135.2834419,34.8524817],[135.2835939,34.8525472],[135.2838211,34.8526819],[135.2840000,34.8528747],[135.2841519,34.8530656],[135.2842967,34.8532028],[135.2843547,34.8533042],[135.2843331,34.8534533],[135.2843039,34.8536203],[135.2843039,34.8537575],[135.2843692,34.8539544],[135.2844197,34.8541172],[135.2844778,34.8542606],[135.2845864,34.8544214],[135.2847094,34.8545647],[135.2848397,34.8546839],[135.2851658,34.8550492],[135.2852281,34.8551189],[135.2854164,34.8553336],[135.2855683,34.8554589],[135.2856842,34.8555125],[135.2858506,34.8555483],[135.2860894,34.8555544],[135.2862778,34.8555125],[135.2864803,34.8555244],[135.2868400,34.8555919],[135.2869850,34.8555978],[135.2871153,34.8555858],[135.2872600,34.8555503],[135.2873975,34.8554844],[135.2875711,34.8553711],[135.2877664,34.8552161],[135.2879836,34.8550192],[135.2881283,34.8548881],[135.2882658,34.8547925],[135.2884394,34.8547211],[135.2886450,34.8547269],[135.2888550,34.8548642],[135.2890142,34.8549717],[135.2891953,34.8551086],[135.2894486,34.8552817],[135.2896325,34.8554386],[135.2897989,34.8556172],[135.2898714,34.8557247],[135.2899800,34.8558739],[135.2900522,34.8559992],[135.2901608,34.8561422],[135.2903108,34.8564183],[135.2903975,34.8566450],[135.2904989,34.8569375],[135.2906147,34.8573825],[135.2906581,34.8576628],[135.2907089,34.8580344],[135.2907411,34.8583333],[135.2907522,34.8584358],[135.2907667,34.8586864],[135.2908392,34.8588614],[135.2908753,34.8590044],[135.2909908,34.8591656],[135.2910683,34.8592867],[135.2911044,34.8594239],[135.2911406,34.8596506],[135.2911692,34.8597450],[135.2911986,34.8598431],[135.2912783,34.8599922],[135.2914664,34.8603678],[135.2916017,34.8605383],[135.2916667,34.8606098],[135.2917103,34.8606578],[135.2918550,34.8607950],[135.2919928,34.8609022],[135.2922003,34.8610253],[135.2923886,34.8611147],[135.2925986,34.8611922],[135.2927794,34.8612339],[135.2930111,34.8612697],[135.2931558,34.8612878],[135.2933803,34.8613056],[135.2935342,34.8613128],[135.2937456,34.8613225],[135.2938389,34.8613269],[135.2937450,34.8615119],[135.2936292,34.8616253],[135.2934772,34.8617208],[135.2932947,34.8617897],[135.2931297,34.8618519],[135.2931039,34.8619247],[135.2930089,34.8621931],[135.2928983,34.8625058],[135.2927678,34.8627861],[135.2926086,34.8630069],[135.2924278,34.8632575],[135.2921961,34.8634842],[135.2920078,34.8636728],[135.2919286,34.8637978],[135.2918922,34.8639411],[135.2918706,34.8640903],[135.2918633,34.8642633],[135.2918778,34.8644781],[135.2918861,34.8646200],[135.2918914,34.8647064],[135.2919150,34.8651011],[135.2919328,34.8654000],[135.2919367,34.8654633],[135.2919369,34.8654714],[135.2919719,34.8660556],[135.2916667,34.8663853],[135.2915522,34.8665089],[135.2914436,34.8666400],[135.2914135,34.8666667],[135.2913422,34.8667297],[135.2912481,34.8667417],[135.2910961,34.8667058],[135.2909745,34.8666667],[135.2909658,34.8666639],[135.2909381,34.8666294],[135.2908789,34.8665567],[135.2908067,34.8665744],[135.2907631,34.8666667],[135.2907053,34.8667892],[135.2907008,34.8667981],[135.2905750,34.8670458],[135.2904450,34.8673178],[135.2903364,34.8674253],[135.2900975,34.8676697],[135.2900106,34.8677950],[135.2899528,34.8679264],[135.2899092,34.8680831],[135.2899528,34.8683336],[135.2899456,34.8684231],[135.2899019,34.8685008],[135.2898297,34.8685722],[135.2894989,34.8687686],[135.2893872,34.8688128],[135.2893033,34.8688461],[135.2891586,34.8688997],[135.2888039,34.8688878],[135.2885869,34.8689178],[135.2884206,34.8690072],[135.2883942,34.8690222],[135.2881833,34.8691417],[135.2880414,34.8692219],[135.2879544,34.8693294],[135.2878747,34.8695142],[135.2876669,34.8700131],[135.2875803,34.8702397],[135.2875222,34.8703231],[135.2873631,34.8703947],[135.2872328,34.8704603],[135.2870589,34.8705139],[135.2868678,34.8706667],[135.2867811,34.8707861],[135.2866583,34.8711319],[135.2865642,34.8713825],[135.2864122,34.8715872],[135.2863542,34.8716944],[135.2863325,34.8718617],[135.2862964,34.8722708],[135.2862819,34.8724439],[135.2862094,34.8726347],[135.2861369,34.8728789],[135.2860286,34.8731356],[135.2858808,34.8734375],[135.2857867,34.8736044],[135.2857217,34.8737894],[135.2857000,34.8739300],[135.2856925,34.8741628],[135.2857075,34.8744789],[135.2857147,34.8746536],[135.2857075,34.8748267],[135.2856567,34.8749758],[135.2856485,34.8750000],[135.2856061,34.8751250],[135.2854758,34.8754172],[135.2854456,34.8755358],[135.2854406,34.8755553],[135.2852875,34.8761564],[135.2852153,34.8765025],[135.2851717,34.8767250],[135.2851500,34.8769097],[135.2851717,34.8770650],[135.2852117,34.8772786],[135.2852369,34.8774144],[135.2852731,34.8775814],[135.2853744,34.8779292],[135.2855192,34.8782753],[135.2856206,34.8785933],[135.2856422,34.8787600],[135.2856422,34.8789169],[135.2856061,34.8790839],[135.2855192,34.8792808],[135.2854542,34.8794275],[135.2853531,34.8795528],[135.2851936,34.8796839],[135.2850200,34.8798272],[135.2849258,34.8798989],[135.2848172,34.8799822],[135.2847161,34.8800597],[135.2846364,34.8801850],[135.2845856,34.8803044],[135.2844381,34.8804153],[135.2842569,34.8804869],[135.2840978,34.8805764],[135.2839675,34.8806778],[135.2838444,34.8808269],[135.2837719,34.8809419],[135.2837431,34.8809881],[135.2835767,34.8812761],[135.2834250,34.8815683],[135.2833936,34.8816497],[135.2833333,34.8818066],[135.2833019,34.8818883],[135.2832294,34.8820136],[135.2830992,34.8823178],[135.2829617,34.8826953],[135.2828458,34.8829578],[135.2827053,34.8832794],[135.2826698,34.8833333],[135.2825678,34.8834881],[135.2824447,34.8837447],[135.2823072,34.8839175],[135.2821119,34.8841144],[135.2818875,34.8843289],[135.2817933,34.8844458],[135.2816778,34.8845472],[135.2814389,34.8847322],[135.2811783,34.8849350],[135.2810819,34.8850342],[135.2810647,34.8850519],[135.2808692,34.8852489],[135.2805653,34.8856067],[135.2803958,34.8857475],[135.2801425,34.8857833],[135.2799617,34.8858608],[135.2797444,34.8859683],[135.2795853,34.8860756],[135.2794622,34.8861650],[135.2793103,34.8863022],[135.2791728,34.8864694],[135.2790858,34.8865589],[135.2789775,34.8866006],[135.2788833,34.8865947],[135.2787131,34.8865289],[135.2784669,34.8863978],[135.2782644,34.8862783],[135.2781125,34.8862008],[135.2779386,34.8861353],[135.2777286,34.8860636],[135.2775622,34.8860397],[135.2772944,34.8860100],[135.2767297,34.8859622],[135.2759050,34.8858967],[135.2752983,34.8858250],[135.2750000,34.8858073],[135.2747989,34.8857953],[135.2740533,34.8857417],[135.2738650,34.8857117],[135.2730617,34.8856519],[135.2725358,34.8856056],[135.2718431,34.8855447],[135.2715181,34.8855183],[135.2708831,34.8854664],[135.2701864,34.8854097],[135.2699092,34.8853872],[135.2698661,34.8853836],[135.2688636,34.8852983],[135.2670592,34.8851450],[135.2666667,34.8851110],[135.2649233,34.8849600],[135.2640300,34.8848867],[135.2630333,34.8848050],[135.2628669,34.8848108],[135.2627150,34.8848528],[135.2624444,34.8850078],[135.2622853,34.8850733],[135.2621261,34.8851092],[135.2618944,34.8851628],[135.2617278,34.8851689],[135.2615397,34.8851511],[135.2613950,34.8851153],[135.2611458,34.8850317],[135.2609142,34.8849125],[135.2606536,34.8847692],[135.2602800,34.8845136],[135.2597678,34.8841631],[135.2595000,34.8839842],[135.2592900,34.8838411],[135.2591208,34.8837539],[135.2589328,34.8836703],[135.2586503,34.8835631],[135.2585531,34.8835217],[135.2584406,34.8834736],[135.2583333,34.8834397],[135.2581581,34.8833842],[135.2580278,34.8833364],[135.2580243,34.8833333],[135.2579264,34.8832469],[135.2578253,34.8831217],[135.2576933,34.8828272],[135.2575864,34.8825889],[135.2574458,34.8822869],[135.2573372,34.8821403],[135.2572431,34.8820628],[135.2571056,34.8819972],[135.2568886,34.8819075],[135.2565122,34.8817644],[135.2563022,34.8816989],[135.2561139,34.8816392],[135.2557303,34.8814603],[135.2554017,34.8812931],[135.2552281,34.8811917],[135.2551267,34.8811500],[135.2550325,34.8810664],[135.2549478,34.8809753],[135.2548539,34.8808739],[135.2546872,34.8807306],[135.2542675,34.8804800],[135.2538850,34.8802437],[135.2537433,34.8801561],[135.2536058,34.8800847],[135.2534322,34.8800369],[135.2531792,34.8800189],[135.2529836,34.8800308],[135.2528967,34.8800369],[135.2528025,34.8800069],[135.2526722,34.8799533],[135.2525878,34.8798739],[135.2525081,34.8797906],[135.2524067,34.8796592],[135.2523197,34.8795400],[135.2522331,34.8793850],[135.2521533,34.8793072],[135.2520519,34.8792358],[135.2519289,34.8791819],[135.2514122,34.8789669],[135.2508475,34.8787761],[135.2506231,34.8787164],[135.2505072,34.8787822],[135.2503842,34.8788239],[135.2502903,34.8788119],[135.2502003,34.8787786],[135.2501136,34.8787128],[135.2500589,34.8786392],[135.2500339,34.8786056],[135.2500000,34.8785745],[135.2499036,34.8784861],[135.2497589,34.8783789],[135.2496069,34.8782953],[135.2494475,34.8782417],[135.2492956,34.8782178],[135.2491797,34.8782297],[135.2490783,34.8782117],[135.2489769,34.8781461],[135.2489003,34.8781178],[135.2482719,34.8778844],[135.2481417,34.8778361],[135.2479753,34.8780269],[135.2478275,34.8781758],[135.2477189,34.8782294],[135.2475742,34.8782831],[135.2475033,34.8782778],[135.2474150,34.8782711],[135.2472097,34.8782114],[135.2470425,34.8782192],[135.2468844,34.8782572],[135.2466869,34.8784144],[135.2464300,34.8785719],[135.2462653,34.8786967],[135.2461600,34.8786642],[135.2455542,34.8782136],[135.2449217,34.8777633],[135.2447419,34.8776819],[135.2446583,34.8776439],[135.2445267,34.8776383],[135.2444081,34.8777197],[135.2443028,34.8778339],[135.2440064,34.8781322],[135.2439206,34.8781650],[135.2437692,34.8781214],[135.2436047,34.8780781],[135.2434400,34.8780292],[135.2434311,34.8780258],[135.2430725,34.8778925],[135.2429725,34.8778553],[135.2428144,34.8778769],[135.2427092,34.8779692],[135.2426694,34.8780994],[135.2423994,34.8783383],[135.2420900,34.8783544],[135.2419383,34.8783544],[135.2417936,34.8783111],[135.2416667,34.8782713],[135.2416553,34.8782678],[135.2415236,34.8781972],[135.2414050,34.8780831],[135.2412797,34.8780072],[135.2410361,34.8779692],[135.2409242,34.8779639],[135.2407925,34.8779311],[135.2406739,34.8778661],[135.2404894,34.8777792],[135.2402061,34.8776000],[135.2399428,34.8774156],[135.2397914,34.8773286],[135.2396531,34.8772364],[135.2394883,34.8771494],[135.2391922,34.8770464],[135.2390606,34.8770247],[135.2388761,34.8770356],[135.2386586,34.8770411],[135.2384544,34.8771058],[135.2383228,34.8771331],[135.2382108,34.8771492],[135.2380000,34.8771819],[135.2377631,34.8771764],[135.2374667,34.8771275],[135.2373019,34.8771114],[135.2371833,34.8771275],[135.2370319,34.8771222],[135.2368606,34.8770733],[135.2365906,34.8769539],[135.2363403,34.8768400],[135.2361494,34.8767694],[135.2360375,34.8766881],[135.2359253,34.8766064],[135.2357878,34.8765164],[135.2357014,34.8764600],[135.2355039,34.8763514],[135.2354117,34.8762808],[135.2352989,34.8761989],[135.2352469,34.8761614],[135.2351153,34.8761181],[135.2350583,34.8761006],[135.2349044,34.8760528],[135.2347861,34.8759497],[135.2347794,34.8758628],[135.2347597,34.8755644],[135.2346608,34.8754017],[135.2345292,34.8753092],[135.2343569,34.8751883],[135.2343514,34.8751844],[135.2341692,34.8750000],[135.2339761,34.8748044],[135.2339433,34.8747503],[135.2338906,34.8745278],[135.2338311,34.8743756],[135.2337456,34.8741042],[135.2333372,34.8737842],[135.2333333,34.8737816],[135.2331464,34.8736592],[135.2329947,34.8735942],[135.2328236,34.8735128],[135.2325403,34.8733933],[135.2321781,34.8733119],[135.2318950,34.8732522],[135.2317039,34.8732358],[135.2314931,34.8732194],[135.2310192,34.8731381],[135.2309203,34.8731381],[135.2307886,34.8732194],[135.2306175,34.8733008],[135.2304197,34.8733389],[135.2302289,34.8733661],[135.2298206,34.8734097],[135.2297150,34.8734206],[135.2296228,34.8733556],[135.2294844,34.8732794],[135.2293400,34.8731872],[135.2292281,34.8730733],[135.2288458,34.8727422],[135.2287825,34.8726719],[135.2286747,34.8725522],[135.2285628,34.8724978],[135.2283586,34.8724383],[135.2281808,34.8724544],[135.2277592,34.8725306],[135.2275419,34.8726661],[135.2273903,34.8727097],[135.2272064,34.8728453],[135.2270019,34.8729267],[135.2264292,34.8729214],[135.2262842,34.8731058],[135.2261853,34.8732850],[135.2260800,34.8734153],[135.2257639,34.8737356],[135.2250000,34.8738921],[135.2249778,34.8738967],[135.2248220,34.8739644],[135.2247003,34.8740172],[135.2243861,34.8741539],[135.2243744,34.8741589],[135.2242231,34.8742403],[135.2242161,34.8742464],[135.2241175,34.8743325],[135.2239464,34.8744139],[135.2235156,34.8745325],[135.2232508,34.8746055],[135.2230575,34.8746583],[135.2223264,34.8749625],[135.2221443,34.8750000],[135.2218786,34.8750547],[135.2217336,34.8750383],[135.2215009,34.8750000],[135.2211081,34.8749353],[135.2208644,34.8748811],[135.2206997,34.8749028],[135.2205681,34.8749842],[135.2205470,34.8750000],[135.2202650,34.8752122],[135.2199425,34.8753967],[135.2197778,34.8755053],[135.2195803,34.8755811],[135.2193096,34.8755599],[135.2191656,34.8755486],[135.2189678,34.8756031],[135.2187033,34.8756225],[135.2183811,34.8756464],[135.2180853,34.8756681],[135.2179867,34.8755758],[135.2178483,34.8754564],[135.2177494,34.8754239],[135.2174861,34.8753586],[135.2173478,34.8752989],[135.2171175,34.8752069],[135.2169594,34.8751256],[135.2167967,34.8750000],[135.2167553,34.8749681],[135.2166667,34.8749363],[135.2166497,34.8749303],[135.2164061,34.8748758],[135.2162150,34.8748542],[135.2159781,34.8748706],[135.2158825,34.8748806],[135.2155169,34.8749192],[135.2154950,34.8749258],[135.2153633,34.8749653],[135.2152476,34.8750000],[135.2152272,34.8750061],[135.2151219,34.8750714],[135.2149311,34.8751689],[135.2146150,34.8755108],[135.2145228,34.8755653],[135.2143447,34.8756519],[135.2141736,34.8756956],[135.2140222,34.8757931],[135.2138244,34.8760536],[135.2136861,34.8761514],[135.2134294,34.8762925],[135.2132714,34.8763847],[135.2131136,34.8765042],[135.2129158,34.8767431],[135.2127742,34.8769939],[135.2126919,34.8771392],[135.2126825,34.8771664],[135.2126494,34.8772622],[135.2125867,34.8774433],[135.2125142,34.8776494],[135.2124219,34.8779753],[135.2123494,34.8781164],[135.2122836,34.8782139],[135.2121256,34.8783008],[135.2119806,34.8782900],[135.2119539,34.8782878],[135.2115394,34.8782519],[135.2113944,34.8782411],[135.2110717,34.8783008],[135.2108547,34.8783714],[135.2107361,34.8784311],[135.2104267,34.8784800],[135.2102553,34.8784744],[135.2100972,34.8784528],[135.2099061,34.8783714],[135.2097681,34.8782628],[135.2095639,34.8781272],[135.2092578,34.8779108],[135.2091028,34.8778014],[135.2088722,34.8776278],[135.2087272,34.8775300],[135.2083333,34.8772418],[135.2080822,34.8770581],[135.2079175,34.8769767],[135.2077331,34.8770147],[135.2075617,34.8770689],[135.2073992,34.8771008],[135.2071469,34.8771503],[135.2070414,34.8773186],[135.2069031,34.8774436],[135.2066989,34.8775358],[135.2066133,34.8775467],[135.2062181,34.8774381],[135.2058775,34.8774217],[135.2058761,34.8774217],[135.2057114,34.8773675],[135.2055731,34.8773403],[135.2054478,34.8772481],[135.2054006,34.8771678],[135.2052503,34.8769117],[135.2050197,34.8769061],[135.2048353,34.8768736],[135.2046906,34.8768031],[135.2046111,34.8767517],[135.2045061,34.8766836],[135.2042689,34.8764503],[135.2041439,34.8764014],[135.2040319,34.8764067],[135.2038275,34.8764178],[135.2035378,34.8763797],[135.2033403,34.8763581],[135.2027608,34.8762928],[135.2025303,34.8762278],[135.2023592,34.8761681],[135.2022208,34.8760975],[135.2019964,34.8760022],[135.2019903,34.8759997],[135.2016017,34.8759508],[135.2013647,34.8759619],[135.2012131,34.8759944],[135.2010617,34.8760814],[135.2009364,34.8762222],[135.2008181,34.8763958],[135.2005483,34.8764339],[135.2003178,34.8764719],[135.2001267,34.8764883],[135.2000278,34.8764506],[135.2000000,34.8764340],[135.1999094,34.8763800],[135.1997514,34.8763583],[135.1996722,34.8763800],[135.1995339,34.8764667],[135.1993889,34.8765103],[135.1992111,34.8765753],[135.1990531,34.8766514],[135.1988883,34.8766947],[135.1987700,34.8767492],[135.1985592,34.8768956],[135.1983286,34.8770150],[135.1981772,34.8770747],[135.1979731,34.8771778],[135.1978269,34.8772433],[135.1975978,34.8773458],[135.1975517,34.8774164],[135.1975714,34.8774978],[135.1976636,34.8776606],[135.1977164,34.8777747],[135.1978086,34.8779158],[135.1978611,34.8780514],[135.1978611,34.8781872],[135.1977753,34.8783933],[135.1977161,34.8785889],[135.1976703,34.8787517],[135.1976572,34.8788981],[135.1975650,34.8792075],[135.1974594,34.8793758],[135.1973397,34.8794578],[135.1972289,34.8795333],[135.1970361,34.8796525],[135.1970183,34.8796636],[135.1969714,34.8796831],[135.1967942,34.8797558],[135.1966561,34.8797450],[135.1965375,34.8796853],[135.1961356,34.8795442],[135.1959711,34.8795114],[135.1958392,34.8794681],[135.1957208,34.8794572],[135.1956219,34.8795494],[135.1954178,34.8797558],[135.1952728,34.8799022],[135.1952069,34.8800108],[135.1951542,34.8801467],[135.1949961,34.8803203],[135.1947525,34.8804994],[135.1945681,34.8806189],[135.1945089,34.8806750],[135.1944364,34.8807436],[135.1942717,34.8808306],[135.1941006,34.8809011],[135.1939294,34.8809392],[135.1937450,34.8809119],[135.1934486,34.8808250],[135.1931853,34.8807164],[135.1930272,34.8806350],[135.1930100,34.8806289],[135.1928297,34.8805644],[135.1922369,34.8804342],[135.1922303,34.8804350],[135.1922083,34.8804381],[135.1919536,34.8804722],[135.1917692,34.8805156],[135.1916967,34.8805753],[135.1916706,34.8806297],[135.1916667,34.8806673],[135.1916442,34.8808847],[135.1916044,34.8810531],[135.1914003,34.8812864],[135.1912753,34.8814275],[135.1912569,34.8814536],[135.1911961,34.8815414],[135.1910578,34.8816553],[135.1909592,34.8817856],[135.1907814,34.8820461],[135.1906100,34.8822033],[135.1904981,34.8823011],[135.1903400,34.8823717],[135.1900569,34.8825444],[135.1900372,34.8825564],[135.1898792,34.8827244],[135.1897081,34.8828547],[135.1895433,34.8829417],[135.1894381,34.8829958],[135.1892536,34.8830828],[135.1890361,34.8831967],[135.1888830,34.8833333],[135.1888781,34.8833378],[135.1887594,34.8835550],[135.1887333,34.8837178],[135.1886739,34.8839294],[135.1886542,34.8841631],[135.1886672,34.8844453],[135.1886608,34.8846514],[135.1885158,34.8847817],[135.1884169,34.8848469],[135.1882786,34.8849119],[135.1881406,34.8849228],[135.1879956,34.8848794],[135.1877322,34.8848414],[135.1874753,34.8848250],[135.1872867,34.8848306],[135.1872842,34.8848306],[135.1871131,34.8848469],[135.1868364,34.8848197],[135.1864883,34.8847092],[135.1864608,34.8847003],[135.1861447,34.8846133],[135.1861111,34.8846287],[135.1860261,34.8846678],[135.1859800,34.8847003],[135.1859208,34.8848197],[135.1859669,34.8849175],[135.1860856,34.8851236],[135.1861250,34.8851819],[135.1861778,34.8852594],[135.1861908,34.8855197],[135.1861908,34.8856444],[135.1861581,34.8857803],[135.1861250,34.8860786],[135.1860608,34.8862542],[135.1860561,34.8862667],[135.1859800,34.8864750],[135.1859011,34.8865781],[135.1858483,34.8866867],[135.1858286,34.8868331],[135.1857694,34.8869364],[135.1856111,34.8871103],[135.1855717,34.8871533],[135.1853414,34.8872944],[135.1853114,34.8873089],[135.1852422,34.8873426],[135.1851964,34.8873650],[135.1850119,34.8874411],[135.1847422,34.8875169],[135.1844194,34.8876256],[135.1841758,34.8877939],[135.1840308,34.8878861],[135.1838136,34.8879731],[135.1833392,34.8881194],[135.1833333,34.8881249],[135.1832406,34.8882117],[135.1830561,34.8883636],[135.1829244,34.8884503],[135.1827925,34.8884831],[135.1824239,34.8885914],[135.1818772,34.8886567],[135.1816664,34.8886839],[135.1814950,34.8886783],[135.1812778,34.8886619],[135.1810144,34.8882550],[135.1808825,34.8881192],[135.1807642,34.8880053],[135.1807181,34.8879403],[135.1806061,34.8878369],[135.1805006,34.8877989],[135.1803294,34.8878100],[135.1801717,34.8877828],[135.1799475,34.8877231],[135.1797764,34.8877014],[135.1795458,34.8876797],[135.1788281,34.8876958],[135.1785908,34.8877122],[135.1783736,34.8877828],[135.1782156,34.8878478],[135.1779453,34.8879511],[135.1777478,34.8879997],[135.1774844,34.8880433],[135.1772669,34.8880433],[135.1771089,34.8880594],[135.1769244,34.8880758],[135.1765689,34.8880814],[135.1762394,34.8881139],[135.1760156,34.8881356],[135.1758772,34.8881736],[135.1757703,34.8882236],[135.1756797,34.8882658],[135.1753903,34.8883581],[135.1750017,34.8884667],[135.1750000,34.8884669],[135.1747711,34.8885047],[135.1745997,34.8885100],[135.1743956,34.8885264],[135.1743100,34.8885047],[135.1741189,34.8884503],[135.1738094,34.8883308],[135.1735064,34.8882061],[135.1733022,34.8881247],[135.1731442,34.8880922],[135.1729467,34.8880814],[135.1726569,34.8881192],[135.1724461,34.8881897],[135.1721892,34.8882875],[135.1719719,34.8884069],[135.1718533,34.8884719],[135.1717217,34.8885369],[135.1714603,34.8885953],[135.1714056,34.8886075],[135.1712736,34.8887053],[135.1711156,34.8888139],[135.1709247,34.8889331],[135.1707994,34.8889767],[135.1705889,34.8890633],[135.1704703,34.8891828],[135.1703911,34.8893944],[135.1703647,34.8896169],[135.1704306,34.8897744],[135.1704767,34.8899372],[135.1705756,34.8900731],[135.1706150,34.8902250],[135.1705428,34.8903336],[135.1703911,34.8905019],[135.1702331,34.8905775],[135.1701869,34.8905722],[135.1700728,34.8905533],[135.1699894,34.8905394],[135.1698972,34.8905017],[135.1696011,34.8903550],[135.1691136,34.8901053],[135.1688306,34.8899478],[135.1686536,34.8898500],[135.1682311,34.8896167],[135.1676719,34.8892553],[135.1675594,34.8891825],[135.1675061,34.8891444],[135.1673019,34.8890275],[135.1671728,34.8889536],[135.1671481,34.8889464],[135.1667178,34.8888186],[135.1666667,34.8888034],[135.1664592,34.8887417],[135.1662953,34.8886931],[135.1661147,34.8886453],[135.1660506,34.8885919],[135.1659731,34.8884644],[135.1659408,34.8882200],[135.1658956,34.8880975],[135.1658053,34.8879433],[135.1656892,34.8878053],[135.1655408,34.8876244],[135.1653344,34.8875022],[135.1651086,34.8873372],[135.1649408,34.8872628],[135.1647731,34.8871619],[135.1642700,34.8866142],[135.1641539,34.8864972],[135.1640183,34.8863644],[135.1639258,34.8863064],[135.1636300,34.8861208],[135.1631797,34.8858381],[135.1630094,34.8857125],[135.1628764,34.8856147],[135.1626922,34.8854992],[135.1625800,34.8854286],[135.1623283,34.8852906],[135.1621347,34.8851894],[135.1619283,34.8851203],[135.1616897,34.8850775],[135.1610444,34.8850031],[135.1608253,34.8849925],[135.1606189,34.8849711],[135.1604381,34.8849339],[135.1601219,34.8847797],[135.1597608,34.8845725],[135.1596189,34.8844608],[135.1594575,34.8843864],[135.1591672,34.8843119],[135.1590511,34.8842694],[135.1590058,34.8842108],[135.1589583,34.8841147],[135.1589350,34.8840672],[135.1589028,34.8839397],[135.1588381,34.8838228],[135.1587544,34.8835783],[135.1586575,34.8835517],[135.1583333,34.8834782],[135.1583289,34.8834772],[135.1581353,34.8834133],[135.1579933,34.8833708],[135.1579114,34.8833333],[135.1578192,34.8832911],[135.1575158,34.8831211],[135.1572256,34.8829828],[135.1571031,34.8829456],[135.1569933,34.8829456],[135.1568128,34.8830094],[135.1565869,34.8830569],[135.1563742,34.8830728],[135.1559225,34.8831100],[135.1557606,34.8831033],[135.1555419,34.8830942],[135.1551869,34.8829983],[135.1548386,34.8828761],[135.1546358,34.8827878],[135.1546192,34.8827806],[135.1544517,34.8826900],[135.1544143,34.8825101],[135.1544064,34.8824722],[135.1545225,34.8823978],[135.1548839,34.8822436],[135.1549978,34.8821531],[135.1550517,34.8821106],[135.1551547,34.8819033],[135.1552514,34.8817436],[135.1552903,34.8816267],[135.1554258,34.8812867],[135.1555483,34.8809147],[135.1555933,34.8807658],[135.1556258,34.8806117],[135.1556514,34.8804308],[135.1557289,34.8800744],[135.1557419,34.8799203],[135.1557806,34.8797769],[135.1557856,34.8796675],[135.1557869,34.8796386],[135.1558356,34.8795349],[135.1558839,34.8794314],[135.1558961,34.8793664],[135.1559028,34.8793303],[135.1559336,34.8791642],[135.1559869,34.8788786],[135.1559933,34.8787350],[135.1559933,34.8786128],[135.1561136,34.8784197],[135.1561225,34.8784056],[135.1562581,34.8781875],[135.1566064,34.8781822],[135.1568128,34.8781556],[135.1569933,34.8781342],[135.1573417,34.8780597],[135.1574644,34.8780172],[135.1575547,34.8779747],[135.1576386,34.8776825],[135.1577094,34.8775392],[135.1577611,34.8773742],[135.1578450,34.8772467],[135.1582578,34.8767681],[135.1583289,34.8766194],[135.1583333,34.8766117],[135.1585031,34.8763164],[135.1585222,34.8761675],[135.1584708,34.8759919],[135.1583417,34.8756889],[135.1583333,34.8756766],[135.1582514,34.8755561],[135.1581417,34.8754336],[135.1580319,34.8752636],[135.1579380,34.8750000],[135.1579353,34.8749925],[135.1578967,34.8747533],[135.1578836,34.8746417],[135.1578644,34.8744819],[135.1577547,34.8741364],[135.1576128,34.8739983],[135.1574578,34.8738814],[135.1573336,34.8737567],[135.1573094,34.8737325],[135.1572625,34.8736842],[135.1572064,34.8736261],[135.1572283,34.8735406],[135.1572322,34.8735250],[135.1573289,34.8734506],[135.1573933,34.8733814],[135.1573806,34.8733125],[135.1572644,34.8731000],[135.1571611,34.8729986],[135.1566128,34.8726692],[135.1564644,34.8725628],[135.1563742,34.8724353],[135.1563417,34.8722756],[135.1561806,34.8717497],[135.1561353,34.8715900],[135.1561289,34.8714358],[135.1561869,34.8712658],[135.1562172,34.8712247],[135.1565353,34.8707925],[135.1565997,34.8706544],[135.1567189,34.8705128],[135.1568322,34.8703778],[135.1569353,34.8702717],[135.1569914,34.8702394],[135.1570644,34.8701972],[135.1571869,34.8701386],[135.1572903,34.8700694],[135.1573031,34.8700111],[135.1573158,34.8698517],[135.1573158,34.8697028],[135.1573225,34.8695167],[135.1572772,34.8693358],[135.1571997,34.8691711],[135.1571675,34.8691019],[135.1571739,34.8690381],[135.1573289,34.8690061],[135.1574772,34.8689481],[135.1575136,34.8689250],[135.1576567,34.8688350],[135.1576967,34.8688097],[135.1576700,34.8687961],[135.1574330,34.8686756],[135.1572578,34.8685864],[135.1570697,34.8685219],[135.1568836,34.8684586],[135.1565547,34.8683364],[135.1563933,34.8682567],[135.1563031,34.8680067],[135.1562708,34.8679164],[135.1562256,34.8677675],[135.1561742,34.8675228],[135.1561031,34.8670869],[135.1560322,34.8669278],[135.1560128,34.8668053],[135.1559964,34.8666667],[135.1559933,34.8666406],[135.1559225,34.8660983],[135.1558839,34.8659442],[135.1558903,34.8658164],[135.1559933,34.8655772],[135.1560836,34.8649819],[135.1560967,34.8648594],[135.1561547,34.8647053],[135.1562836,34.8644981],[135.1564128,34.8640461],[135.1564064,34.8639186],[135.1562836,34.8637431],[135.1562456,34.8635944],[135.1562386,34.8635675],[135.1562386,34.8634986],[135.1565289,34.8631583],[135.1566192,34.8630200],[135.1567031,34.8628817],[135.1568431,34.8627042],[135.1568708,34.8626692],[135.1572128,34.8622228],[135.1573031,34.8621006],[135.1574192,34.8619783],[135.1575417,34.8618400],[135.1577481,34.8615900],[135.1578319,34.8614200],[135.1578450,34.8612553],[135.1577806,34.8610903],[135.1576319,34.8609203],[135.1573869,34.8607608],[135.1572386,34.8606703],[135.1571289,34.8606011],[135.1568450,34.8604522],[135.1566450,34.8603247],[135.1565983,34.8602792],[135.1564644,34.8601492],[135.1564128,34.8596761],[135.1563806,34.8595006],[135.1563611,34.8593464],[135.1563675,34.8591975],[135.1565547,34.8589850],[135.1567161,34.8586714],[135.1567806,34.8585383],[135.1567933,34.8583789],[135.1567964,34.8583333],[135.1568064,34.8581822],[135.1568128,34.8579164],[135.1568253,34.8578100],[135.1569156,34.8576025],[135.1570125,34.8574378],[135.1570769,34.8573103],[135.1572253,34.8571139],[135.1572900,34.8568853],[135.1573414,34.8565928],[135.1573736,34.8564492],[135.1573736,34.8562950],[135.1573481,34.8560717],[135.1572964,34.8558325],[135.1572900,34.8557261],[135.1573136,34.8556456],[135.1573350,34.8555719],[135.1573414,34.8554764],[135.1573672,34.8553328],[135.1574706,34.8551042],[135.1575931,34.8546575],[135.1576125,34.8544556],[135.1575867,34.8543278],[135.1575092,34.8540408],[135.1574125,34.8537164],[135.1573867,34.8535411],[135.1573414,34.8533814],[135.1572769,34.8531050],[135.1572511,34.8528181],[135.1572319,34.8525042],[135.1572319,34.8523872],[135.1572447,34.8522864],[135.1573931,34.8520581],[135.1575350,34.8518825],[135.1577544,34.8516911],[135.1578575,34.8516008],[135.1579813,34.8515233],[135.1580189,34.8514997],[135.1583028,34.8512392],[135.1583333,34.8511958],[135.1583478,34.8511753],[135.1583333,34.8511421],[135.1582575,34.8509681],[135.1581672,34.8508244],[135.1580964,34.8506917],[135.1579092,34.8504683],[135.1577544,34.8501972],[135.1576964,34.8500856],[135.1576769,34.8500111],[135.1576778,34.8500000],[135.1576833,34.8499314],[135.1577028,34.8498197],[135.1577867,34.8496231],[135.1579606,34.8491392],[135.1579733,34.8489903],[135.1579669,34.8488150],[135.1579411,34.8485811],[135.1579283,34.8481664],[135.1578961,34.8481081],[135.1577928,34.8479750],[135.1576639,34.8478422],[135.1575591,34.8477111],[135.1575153,34.8476561],[135.1574122,34.8474700],[135.1573197,34.8473203],[135.1572250,34.8471669],[135.1570833,34.8470606],[135.1569803,34.8469225],[135.1565481,34.8464917],[135.1565672,34.8462897],[135.1565867,34.8459761],[135.1565672,34.8457633],[135.1565072,34.8456081],[135.1563867,34.8452956],[135.1563222,34.8450989],[135.1561867,34.8449447],[135.1560769,34.8447586],[135.1557739,34.8443017],[135.1556642,34.8441900],[135.1556061,34.8440783],[135.1555417,34.8439133],[135.1554836,34.8437433],[135.1554356,34.8436133],[135.1553931,34.8434989],[135.1554256,34.8432489],[135.1554578,34.8430575],[135.1554706,34.8429033],[135.1554447,34.8422494],[135.1554447,34.8420686],[135.1554383,34.8418983],[135.1555028,34.8417603],[135.1555559,34.8416667],[135.1555911,34.8416047],[135.1555931,34.8416011],[135.1555931,34.8415158],[135.1555417,34.8413831],[135.1554769,34.8412767],[135.1553544,34.8411172],[135.1551997,34.8410586],[135.1548319,34.8409469],[135.1544706,34.8408353],[135.1543222,34.8407769],[135.1541739,34.8407131],[135.1539544,34.8405697],[135.1536772,34.8403942],[135.1536028,34.8403214],[135.1534708,34.8401922],[135.1533872,34.8400806],[135.1532903,34.8399369],[135.1531386,34.8397950],[135.1530517,34.8397136],[135.1526000,34.8399581],[135.1524064,34.8401017],[135.1522969,34.8402186],[135.1523072,34.8403119],[135.1523097,34.8403356],[135.1524386,34.8410108],[135.1525356,34.8411544],[135.1526131,34.8414625],[135.1525872,34.8414839],[135.1521806,34.8415156],[135.1520389,34.8416219],[135.1519229,34.8416667],[135.1518322,34.8417017],[135.1516194,34.8417708],[135.1513356,34.8418878],[135.1512517,34.8419356],[135.1511161,34.8419464],[135.1509678,34.8418931],[135.1507936,34.8418347],[135.1505744,34.8417017],[135.1505206,34.8416667],[135.1504194,34.8416008],[135.1503164,34.8415103],[135.1502067,34.8413881],[135.1500906,34.8412711],[135.1500000,34.8411727],[135.1499681,34.8411381],[135.1498392,34.8409522],[135.1495939,34.8405111],[135.1494519,34.8404100],[135.1493267,34.8402936],[135.1493036,34.8402719],[135.1490519,34.8401336],[135.1486197,34.8398944],[135.1484006,34.8398253],[135.1481811,34.8397881],[135.1480239,34.8396958],[135.1479139,34.8396311],[135.1477511,34.8395356],[135.1477103,34.8395117],[135.1474781,34.8393414],[135.1472908,34.8392722],[135.1470972,34.8392139],[135.1468522,34.8390544],[135.1466719,34.8389108],[135.1464719,34.8386503],[135.1463750,34.8385600],[135.1462139,34.8384431],[135.1461975,34.8384317],[135.1460589,34.8383367],[135.1456008,34.8380547],[135.1453300,34.8380069],[135.1450719,34.8379964],[135.1448847,34.8379272],[135.1446914,34.8377306],[135.1444008,34.8374486],[135.1443169,34.8373317],[135.1441753,34.8372147],[135.1440008,34.8371031],[135.1438783,34.8370233],[135.1437044,34.8369969],[135.1436078,34.8369489],[135.1435561,34.8368322],[135.1434336,34.8367153],[135.1433567,34.8365653],[135.1431397,34.8363364],[135.1430675,34.8362172],[135.1429372,34.8360619],[135.1427347,34.8358533],[135.1426842,34.8357639],[135.1426914,34.8356625],[135.1427783,34.8354714],[135.1429011,34.8352806],[135.1429372,34.8351911],[135.1429228,34.8350011],[135.1429228,34.8350003],[135.1428794,34.8349347],[135.1427494,34.8349047],[135.1423300,34.8348331],[135.1419467,34.8347914],[135.1417622,34.8347675],[135.1416667,34.8347374],[135.1416103,34.8347197],[135.1413139,34.8346781],[135.1410103,34.8346542],[135.1407575,34.8346125],[135.1405186,34.8345231],[135.1403525,34.8344992],[135.1401572,34.8344931],[135.1398172,34.8345825],[135.1396439,34.8346542],[135.1395497,34.8347794],[135.1394414,34.8349644],[135.1393544,34.8351075],[135.1392389,34.8351672],[135.1390581,34.8352031],[135.1386242,34.8352150],[135.1385514,34.8352389],[135.1384253,34.8352806],[135.1382156,34.8354119],[135.1381289,34.8355014],[135.1379408,34.8358414],[135.1378394,34.8359903],[135.1376592,34.8361156],[135.1375506,34.8361394],[135.1373625,34.8361275],[135.1370589,34.8360917],[135.1368925,34.8361156],[135.1365744,34.8361633],[135.1363864,34.8361453],[135.1359814,34.8360381],[135.1357861,34.8359544],[135.1355475,34.8358231],[135.1352439,34.8357097],[135.1349761,34.8356681],[135.1346583,34.8356442],[135.1342606,34.8356919],[135.1341017,34.8357933],[135.1340147,34.8359128],[135.1339642,34.8360200],[135.1339497,34.8361572],[135.1339931,34.8365650],[135.1339478,34.8366708],[135.1338711,34.8367761],[135.1337433,34.8368761],[135.1336475,34.8369392],[135.1334239,34.8370342],[135.1333333,34.8370656],[135.1331811,34.8371183],[135.1327597,34.8371342],[135.1325297,34.8371603],[135.1323922,34.8371642],[135.1319739,34.8371761],[135.1318653,34.8371342],[135.1317822,34.8370569],[135.1317183,34.8369972],[135.1315717,34.8369131],[135.1314439,34.8368339],[135.1312394,34.8367919],[135.1309778,34.8367867],[135.1307733,34.8367972],[135.1305561,34.8368131],[135.1303325,34.8368078],[135.1302047,34.8368025],[135.1299747,34.8368289],[135.1297575,34.8368972],[135.1295019,34.8369919],[135.1293294,34.8370078],[135.1290997,34.8369761],[135.1288186,34.8368919],[135.1285442,34.8368497],[135.1284292,34.8368550],[135.1280778,34.8369550],[135.1279607,34.8369924],[135.1278797,34.8370183],[135.1276817,34.8370342],[135.1274006,34.8372183],[135.1273111,34.8372078],[135.1271325,34.8371342],[135.1269664,34.8370814],[135.1268386,34.8370394],[135.1264936,34.8369867],[135.1261678,34.8369867],[135.1259186,34.8370078],[135.1257206,34.8370550],[135.1254972,34.8370708],[135.1252100,34.8370550],[135.1250056,34.8371394],[135.1250000,34.8371416],[135.1246733,34.8372708],[135.1245264,34.8373342],[135.1241878,34.8374447],[135.1240536,34.8374606],[135.1235681,34.8374711],[135.1232169,34.8374606],[135.1230444,34.8374972],[135.1226803,34.8375658],[135.1225081,34.8376867],[135.1223292,34.8379392],[135.1222203,34.8381214],[135.1218056,34.8386106],[135.1215158,34.8388611],[135.1212481,34.8391236],[135.1211250,34.8392967],[135.1210236,34.8393919],[135.1208500,34.8394456],[135.1206183,34.8394456],[135.1205242,34.8394756],[135.1203361,34.8396186],[135.1202675,34.8397194],[135.1201694,34.8398633],[135.1199306,34.8401792],[135.1195978,34.8404656],[135.1195325,34.8405669],[135.1195036,34.8406981],[135.1195036,34.8409367],[135.1194747,34.8410561],[135.1194242,34.8411753],[135.1192361,34.8413186],[135.1192036,34.8413494],[135.1190911,34.8414558],[135.1189608,34.8416525],[135.1189562,34.8416667],[135.1188742,34.8419150],[135.1185939,34.8427025],[135.1184997,34.8428572],[135.1183406,34.8429767],[135.1178411,34.8432211],[135.1178068,34.8432364],[135.1177078,34.8432806],[135.1174936,34.8433764],[135.1172839,34.8435375],[135.1171608,34.8436864],[135.1169942,34.8437522],[135.1167769,34.8438594],[135.1166667,34.8439407],[135.1165744,34.8440086],[135.1164383,34.8441450],[135.1164081,34.8441756],[135.1161839,34.8445456],[135.1159158,34.8448439],[135.1155322,34.8453806],[135.1153369,34.8456011],[135.1149097,34.8459292],[135.1147361,34.8460306],[135.1141353,34.8461917],[135.1135706,34.8464125],[135.1134117,34.8464603],[135.1133225,34.8464533],[135.1132597,34.8464483],[135.1126878,34.8462514],[135.1117614,34.8461978],[135.1116383,34.8462217],[135.1114222,34.8463703],[135.1111544,34.8460722],[135.1109517,34.8457978],[135.1107853,34.8455711],[135.1103872,34.8452906],[135.1102497,34.8452131],[135.1101339,34.8452192],[135.1098444,34.8452608],[135.1097286,34.8452489],[135.1093522,34.8451597],[135.1091711,34.8451478],[135.1087297,34.8449928],[135.1085850,34.8449150],[135.1084256,34.8446825],[135.1083333,34.8446065],[135.1081650,34.8444678],[135.1078756,34.8443067],[135.1077381,34.8442292],[135.1076656,34.8441397],[135.1074725,34.8440083],[135.1070239,34.8437519],[135.1067994,34.8436922],[135.1065389,34.8436861],[135.1063000,34.8437100],[135.1061842,34.8436981],[135.1060756,34.8436506],[135.1059958,34.8435550],[135.1058367,34.8430836],[135.1057353,34.8428094],[135.1057208,34.8426842],[135.1057208,34.8424753],[135.1057642,34.8422547],[135.1058367,34.8419328],[135.1058222,34.8418372],[135.1057084,34.8416667],[135.1055036,34.8413600],[135.1054531,34.8412108],[135.1054242,34.8409067],[135.1051708,34.8406739],[135.1050911,34.8405367],[135.1050117,34.8403575],[135.1048956,34.8400953],[135.1047436,34.8399222],[135.1044831,34.8396661],[135.1043528,34.8393739],[135.1040708,34.8389264],[135.1039572,34.8387056],[135.1039497,34.8386103],[135.1039933,34.8383717],[135.1039572,34.8381928],[135.1039364,34.8381644],[135.1038267,34.8380136],[135.1036747,34.8377392],[135.1035228,34.8375186],[135.1026894,34.8365650],[135.1023639,34.8363794],[135.1021153,34.8362439],[135.1018756,34.8361781],[135.1017022,34.8361378],[135.1016036,34.8361203],[135.1015781,34.8361158],[135.1014447,34.8360350],[135.1013472,34.8358850],[135.1012894,34.8357678],[135.1012850,34.8356578],[135.1012986,34.8355822],[135.1013161,34.8354858],[135.1013472,34.8353575],[135.1013650,34.8351486],[135.1013339,34.8350094],[135.1012228,34.8347933],[135.1011428,34.8346908],[135.1009964,34.8345481],[135.1009819,34.8345417],[135.1008325,34.8344747],[135.1006414,34.8343650],[135.1004461,34.8342256],[135.1002508,34.8340611],[135.1002358,34.8340528],[135.1001708,34.8340172],[135.1000286,34.8339694],[135.1000000,34.8339620],[135.0998600,34.8339256],[135.0996381,34.8338119],[135.0994692,34.8336986],[135.0993139,34.8336472],[135.0991717,34.8336033],[135.0990697,34.8335958],[135.0989275,34.8335886],[135.0988300,34.8335739],[135.0987233,34.8335631],[135.0985458,34.8335228],[135.0982128,34.8334422],[135.0979464,34.8333944],[135.0977469,34.8333578],[135.0976616,34.8333333],[135.0975558,34.8333031],[135.0974583,34.8332517],[135.0968500,34.8329111],[135.0967211,34.8328378],[135.0965214,34.8327939],[135.0965117,34.8327958],[135.0963569,34.8328267],[135.0962283,34.8328889],[135.0961978,34.8329003],[135.0957133,34.8330831],[135.0955622,34.8331492],[135.0953892,34.8331858],[135.0951894,34.8332003],[135.0949983,34.8332003],[135.0947808,34.8331636],[135.0945325,34.8331161],[135.0943417,34.8330722],[135.0941994,34.8330283],[135.0939464,34.8329367],[135.0934003,34.8327242],[135.0930894,34.8325778],[135.0928317,34.8324839],[135.0927075,34.8324386],[135.0925211,34.8323725],[135.0924100,34.8323175],[135.0923792,34.8322700],[135.0923925,34.8321894],[135.0924633,34.8320869],[135.0925656,34.8319439],[135.0927742,34.8315814],[135.0928453,34.8313908],[135.0929164,34.8311567],[135.0929200,34.8310159],[135.0929208,34.8309847],[135.0929164,34.8308381],[135.0928586,34.8306036],[135.0927697,34.8302997],[135.0927208,34.8301642],[135.0926544,34.8300175],[135.0925967,34.8298308],[135.0925167,34.8297064],[135.0924944,34.8295744],[135.0925611,34.8294792],[135.0925611,34.8294169],[135.0925122,34.8293144],[135.0924233,34.8291897],[135.0923614,34.8290322],[135.0923214,34.8289150],[135.0923258,34.8287356],[135.0923392,34.8285014],[135.0923347,34.8283658],[135.0923214,34.8282122],[135.0922592,34.8280656],[135.0921436,34.8279594],[135.0919264,34.8278347],[135.0916667,34.8277099],[135.0916600,34.8277067],[135.0915889,34.8276736],[135.0913814,34.8275744],[135.0913136,34.8275419],[135.0912250,34.8274794],[135.0911450,34.8273953],[135.0911292,34.8273156],[135.0911139,34.8272378],[135.0911050,34.8270839],[135.0910694,34.8269814],[135.0909542,34.8269044],[135.0907764,34.8268458],[135.0905411,34.8268056],[135.0903103,34.8267836],[135.0900083,34.8267617],[135.0898350,34.8267631],[135.0895822,34.8267653],[135.0895333,34.8267506],[135.0894000,34.8266150],[135.0892314,34.8264833],[135.0888942,34.8262306],[135.0886411,34.8260475],[135.0884944,34.8259525],[135.0883258,34.8259158],[135.0882236,34.8259122],[135.0879839,34.8259267],[135.0877442,34.8259781],[135.0876197,34.8260217],[135.0874911,34.8260839],[135.0873225,34.8261536],[135.0871714,34.8262525],[135.0870869,34.8263000],[135.0870161,34.8263039],[135.0869450,34.8262817],[135.0868486,34.8262200],[135.0867850,34.8261792],[135.0866503,34.8260678],[135.0866342,34.8260547],[135.0862833,34.8257033],[135.0861725,34.8255569],[135.0861061,34.8254250],[135.0860572,34.8251722],[135.0859950,34.8250367],[135.0859472,34.8250000],[135.0858708,34.8249414],[135.0856356,34.8247839],[135.0854533,34.8246814],[135.0852669,34.8245569],[135.0850892,34.8243811],[135.0849828,34.8242603],[135.0849472,34.8241686],[135.0849117,34.8238867],[135.0848983,34.8237400],[135.0849783,34.8235678],[135.0851069,34.8233811],[135.0852358,34.8232167],[135.0853292,34.8231322],[135.0854311,34.8230847],[135.0855156,34.8229675],[135.0856222,34.8228247],[135.0856831,34.8226436],[135.0856886,34.8226269],[135.0856886,34.8223850],[135.0856708,34.8222672],[135.0856356,34.8220333],[135.0856178,34.8219236],[135.0855511,34.8217367],[135.0854578,34.8215903],[135.0853381,34.8214400],[135.0849561,34.8210372],[135.0848228,34.8209053],[135.0846497,34.8207589],[135.0843389,34.8205025],[135.0841969,34.8203636],[135.0840725,34.8202317],[135.0839750,34.8200850],[135.0838375,34.8198872],[135.0836200,34.8195942],[135.0835178,34.8194367],[135.0834333,34.8193306],[135.0833333,34.8192214],[135.0833092,34.8191950],[135.0831892,34.8190594],[135.0830383,34.8188508],[135.0827542,34.8184808],[135.0825942,34.8183561],[135.0824344,34.8182392],[135.0822481,34.8181144],[135.0819461,34.8179386],[135.0817594,34.8178508],[135.0815775,34.8177153],[135.0814353,34.8176056],[135.0813689,34.8174556],[135.0813203,34.8172906],[135.0812536,34.8171661],[135.0811647,34.8170525],[135.0810406,34.8169756],[135.0809278,34.8169489],[135.0808408,34.8169281],[135.0806275,34.8169428],[135.0804056,34.8169389],[135.0799972,34.8169061],[135.0797264,34.8169025],[135.0795397,34.8169536],[135.0793622,34.8170453],[135.0793222,34.8170856],[135.0791269,34.8171075],[135.0786651,34.8171259],[135.0784875,34.8171331],[135.0782836,34.8170892],[135.0782156,34.8170761],[135.0780350,34.8170417],[135.0777950,34.8170233],[135.0775953,34.8169975],[135.0774489,34.8169611],[135.0773067,34.8168475],[135.0772000,34.8167267],[135.0771049,34.8166667],[135.0770314,34.8166203],[135.0767961,34.8165214],[135.0766406,34.8164372],[135.0764631,34.8164006],[135.0762944,34.8163053],[135.0761478,34.8161881],[135.0759925,34.8160525],[135.0759658,34.8159097],[135.0759836,34.8158072],[135.0760900,34.8157231],[135.0761656,34.8156533],[135.0761522,34.8155472],[135.0761211,34.8152322],[135.0761211,34.8151111],[135.0761922,34.8149719],[135.0762767,34.8148950],[135.0764097,34.8147633],[135.0764808,34.8146608],[135.0764853,34.8145658],[135.0764408,34.8144853],[135.0763478,34.8143825],[135.0762233,34.8142764],[135.0760103,34.8141444],[135.0762144,34.8140200],[135.0763300,34.8139064],[135.0764053,34.8137744],[135.0764075,34.8137669],[135.0764808,34.8135328],[135.0764889,34.8135097],[135.0765519,34.8133278],[135.0765831,34.8131483],[135.0766142,34.8129467],[135.0766325,34.8128883],[135.0766672,34.8127783],[135.0767294,34.8126683],[135.0768094,34.8125731],[135.0769256,34.8124547],[135.0771469,34.8122289],[135.0772000,34.8121622],[135.0772844,34.8120567],[135.0773200,34.8119617],[135.0773067,34.8118189],[135.0773156,34.8117858],[135.0772711,34.8116725],[135.0771558,34.8115075],[135.0770714,34.8113719],[135.0770447,34.8112950],[135.0766655,34.8104361],[135.0765406,34.8101531],[135.0764919,34.8100428],[135.0764561,34.8099617],[135.0762800,34.8095628],[135.0761747,34.8093244],[135.0760964,34.8092389],[135.0758967,34.8090200],[135.0758372,34.8089547],[135.0758061,34.8089383],[135.0757753,34.8088597],[135.0757886,34.8087386],[135.0759172,34.8086656],[135.0761703,34.8085775],[135.0763392,34.8085117],[135.0765228,34.8084044],[135.0765419,34.8083931],[135.0765522,34.8083872],[135.0765903,34.8083333],[135.0766453,34.8082553],[135.0767075,34.8081489],[135.0767342,34.8080317],[135.0767475,34.8079144],[135.0766453,34.8077864],[135.0765844,34.8077606],[135.0764900,34.8077206],[135.0762947,34.8076361],[135.0760769,34.8075575],[135.0758061,34.8074550],[135.0756819,34.8073889],[135.0756108,34.8073158],[135.0755353,34.8071947],[135.0754600,34.8070411],[135.0754467,34.8067883],[135.0754511,34.8066492],[135.0753489,34.8065394],[135.0752467,34.8064478],[135.0750869,34.8063161],[135.0750336,34.8062317],[135.0750114,34.8061072],[135.0750000,34.8059983],[135.0749892,34.8058947],[135.0749536,34.8057189],[135.0750000,34.8056488],[135.0750069,34.8056383],[135.0751669,34.8055578],[135.0754022,34.8055139],[135.0756642,34.8054661],[135.0757797,34.8054258],[135.0759750,34.8053528],[135.0761214,34.8052061],[135.0762903,34.8050522],[135.0763922,34.8049936],[135.0765256,34.8049936],[135.0767742,34.8050011],[135.0768853,34.8049717],[135.0770983,34.8048361],[135.0771961,34.8046642],[135.0772803,34.8044883],[135.0772447,34.8043417],[135.0771872,34.8042061],[135.0771739,34.8041075],[135.0771828,34.8040161],[135.0773425,34.8038000],[135.0774758,34.8036389],[135.0775953,34.8035764],[135.0776625,34.8035539],[135.0777153,34.8035361],[135.0780172,34.8035436],[135.0782481,34.8035581],[135.0783767,34.8035400],[135.0785856,34.8034408],[135.0787364,34.8033164],[135.0788917,34.8031664],[135.0790117,34.8031150],[135.0792175,34.8031222],[135.0792203,34.8031222],[135.0793758,34.8030931],[135.0796067,34.8029794],[135.0798997,34.8028917],[135.0805628,34.8024172],[135.0812728,34.8019094],[135.0816711,34.8016244],[135.0819064,34.8015147],[135.0820128,34.8013753],[135.0821550,34.8011153],[135.0822703,34.8008883],[135.0823281,34.8007125],[135.0823503,34.8005403],[135.0824347,34.8003497],[135.0826036,34.8000000],[135.0826611,34.7998808],[135.0827544,34.7996797],[135.0828256,34.7995297],[135.0829364,34.7993392],[135.0829586,34.7992475],[135.0829436,34.7990917],[135.0829275,34.7989253],[135.0829053,34.7987714],[135.0829856,34.7986042],[135.0830742,34.7984197],[135.0831939,34.7979289],[135.0831974,34.7979105],[135.0832250,34.7977678],[135.0832783,34.7975700],[135.0833094,34.7973978],[135.0833333,34.7973642],[135.0835669,34.7970356],[135.0836389,34.7969692],[135.0839444,34.7966875],[135.0844639,34.7962039],[135.0846189,34.7960025],[135.0846900,34.7958525],[135.0847744,34.7956767],[135.0849786,34.7952369],[135.0850453,34.7950611],[135.0851117,34.7949075],[135.0851353,34.7948361],[135.0851736,34.7947206],[135.0851783,34.7947061],[135.0852058,34.7946431],[135.0853736,34.7942594],[135.0854536,34.7940689],[135.0855381,34.7939042],[135.0856092,34.7937283],[135.0856800,34.7935817],[135.0857689,34.7934828],[135.0858933,34.7933986],[135.0859597,34.7933400],[135.0862172,34.7932264],[135.0863817,34.7931128],[135.0864483,34.7929444],[135.0865547,34.7927758],[135.0866658,34.7926697],[135.0867767,34.7926000],[135.0869011,34.7925525],[135.0871008,34.7924719],[135.0873053,34.7924317],[135.0875539,34.7923839],[135.0879533,34.7923147],[135.0881711,34.7923000],[135.0883797,34.7922781],[135.0885881,34.7921644],[135.0886814,34.7921461],[135.0888011,34.7921572],[135.0889567,34.7922928],[135.0890631,34.7923656],[135.0891564,34.7923839],[135.0892497,34.7923656],[135.0893339,34.7922964],[135.0893650,34.7922194],[135.0894228,34.7920839],[135.0894806,34.7920289],[135.0896092,34.7919081],[135.0898581,34.7918383],[135.0904700,34.7916667],[135.0904839,34.7916628],[135.0906883,34.7915819],[135.0910656,34.7914428],[135.0916561,34.7912194],[135.0916667,34.7912144],[135.0918381,34.7911317],[135.0920692,34.7910436],[135.0922331,34.7909558],[135.0923975,34.7908933],[135.0926992,34.7906261],[135.0928414,34.7904978],[135.0929656,34.7903917],[135.0931567,34.7902853],[135.0933653,34.7902011],[135.0935872,34.7900656],[135.0937739,34.7899558],[135.0939336,34.7898461],[135.0940803,34.7897217],[135.0941689,34.7895203],[135.0942578,34.7893225],[135.0942889,34.7892819],[135.0944975,34.7892053],[135.0945997,34.7891467],[135.0947861,34.7890403],[135.0949458,34.7889011],[135.0951281,34.7887181],[135.0953856,34.7883847],[135.0954700,34.7882639],[135.0955808,34.7881172],[135.0956742,34.7879856],[135.0957542,34.7877914],[135.0956475,34.7873044],[135.0956431,34.7871469],[135.0956431,34.7869381],[135.0956697,34.7867661],[135.0957281,34.7865333],[135.0957325,34.7865164],[135.0957764,34.7863411],[135.0955256,34.7862506],[135.0953811,34.7861983],[135.0952167,34.7861653],[135.0949947,34.7861689],[135.0943556,34.7863742],[135.0941511,34.7864144],[135.0939647,34.7863703],[135.0937428,34.7861836],[135.0936050,34.7860261],[135.0934586,34.7859161],[135.0932589,34.7858431],[135.0930592,34.7857586],[135.0928817,34.7856928],[135.0927172,34.7856453],[135.0925353,34.7855828],[135.0925264,34.7855461],[135.0925797,34.7853411],[135.0926242,34.7851544],[135.0926731,34.7849675],[135.0927306,34.7847956],[135.0927839,34.7845247],[135.0928061,34.7844294],[135.0928861,34.7843672],[135.0930281,34.7843047],[135.0930858,34.7842572],[135.0931347,34.7841583],[135.0931381,34.7841419],[135.0931658,34.7840044],[135.0932058,34.7838469],[135.0932767,34.7836492],[135.0933206,34.7833333],[135.0933256,34.7832975],[135.0933281,34.7832611],[135.0933344,34.7831619],[135.0932989,34.7830778],[135.0931836,34.7829092],[135.0930014,34.7828031],[135.0929800,34.7827822],[135.0928817,34.7826858],[135.0928061,34.7825942],[135.0927794,34.7825064],[135.0927794,34.7825061],[135.0928194,34.7823931],[135.0928461,34.7822869],[135.0927972,34.7821183],[135.0927706,34.7819792],[135.0928106,34.7817961],[135.0929172,34.7816056],[135.0932058,34.7811000],[135.0932147,34.7810861],[135.0933033,34.7809464],[135.0933567,34.7807925],[135.0934456,34.7806092],[135.0935475,34.7803822],[135.0936453,34.7802722],[135.0937653,34.7801258],[135.0938983,34.7799942],[135.0940006,34.7798586],[135.0940628,34.7796975],[135.0941336,34.7794339],[135.0942003,34.7792800],[135.0943247,34.7791372],[135.0944267,34.7789942],[135.0945511,34.7788917],[135.0946839,34.7787050],[135.0946928,34.7786608],[135.0946400,34.7786206],[135.0941292,34.7785767],[135.0938628,34.7785658],[135.0936586,34.7785253],[135.0934367,34.7784303],[135.0931881,34.7782800],[135.0930592,34.7782397],[135.0928461,34.7782250],[135.0926331,34.7782617],[135.0924464,34.7783533],[135.0922867,34.7784850],[135.0921092,34.7786097],[135.0919981,34.7787233],[135.0918072,34.7788550],[135.0916667,34.7788885],[135.0916383,34.7788953],[135.0914936,34.7789239],[135.0914522,34.7789319],[135.0912614,34.7789758],[135.0908867,34.7790517],[135.0906442,34.7791006],[135.0903778,34.7791481],[135.0902000,34.7790675],[135.0899914,34.7789869],[135.0893919,34.7788550],[135.0891344,34.7787781],[135.0889036,34.7787453],[135.0887128,34.7787011],[135.0885794,34.7786353],[135.0884286,34.7785144],[135.0883444,34.7784631],[135.0882422,34.7784742],[135.0881625,34.7785217],[135.0880869,34.7785108],[135.0879047,34.7785400],[135.0877450,34.7786719],[135.0875053,34.7787525],[135.0874031,34.7787708],[135.0873011,34.7787672],[135.0872033,34.7787233],[135.0871011,34.7786683],[135.0869858,34.7786317],[135.0868481,34.7786572],[135.0867550,34.7787011],[135.0864972,34.7790017],[135.0862353,34.7791958],[135.0861467,34.7792322],[135.0860444,34.7792397],[135.0859333,34.7792139],[135.0857425,34.7791444],[135.0854939,34.7790822],[135.0852186,34.7790528],[135.0849703,34.7789978],[135.0846994,34.7789136],[135.0844864,34.7788586],[135.0842953,34.7787856],[135.0841000,34.7787086],[135.0837669,34.7786169],[135.0836781,34.7786097],[135.0834517,34.7786572],[135.0832831,34.7786572],[135.0832158,34.7786414],[135.0830656,34.7786061],[135.0828478,34.7785072],[135.0828300,34.7784956],[135.0826703,34.7783900],[135.0825372,34.7782544],[135.0823817,34.7781225],[135.0822353,34.7780272],[135.0820400,34.7779247],[135.0818536,34.7778222],[135.0817469,34.7777708],[135.0816894,34.7777194],[135.0816861,34.7776992],[135.0816672,34.7775803],[135.0816939,34.7773972],[135.0816939,34.7773203],[135.0816672,34.7771775],[135.0815783,34.7770053],[135.0813919,34.7768186],[135.0810278,34.7763831],[135.0809300,34.7762400],[135.0807703,34.7760825],[135.0806369,34.7759397],[135.0802331,34.7755917],[135.0801175,34.7754269],[135.0799844,34.7752583],[135.0798022,34.7750278],[135.0797756,34.7750000],[135.0794692,34.7746797],[135.0793408,34.7745369],[135.0791897,34.7744233],[135.0788878,34.7743281],[135.0784172,34.7741961],[135.0783064,34.7741817],[135.0780929,34.7741374],[135.0778978,34.7740936],[135.0777158,34.7739875],[135.0776225,34.7738192],[135.0776014,34.7736914],[135.0775958,34.7736581],[135.0776225,34.7735117],[135.0776536,34.7734308],[135.0777025,34.7732992],[135.0777867,34.7731122],[135.0778314,34.7729161],[135.0778400,34.7728778],[135.0779128,34.7726744],[135.0779289,34.7726289],[135.0780356,34.7723869],[135.0780931,34.7721856],[135.0781286,34.7720428],[135.0781600,34.7719378],[135.0781908,34.7718339],[135.0782842,34.7715703],[135.0783242,34.7713911],[135.0783283,34.7713067],[135.0782442,34.7712006],[135.0781864,34.7711567],[135.0780000,34.7710906],[135.0778517,34.7710806],[135.0777292,34.7710722],[135.0772739,34.7710753],[135.0771519,34.7710761],[135.0769208,34.7710650],[135.0767078,34.7710467],[135.0764194,34.7710175],[135.0762331,34.7710028],[135.0758333,34.7709147],[135.0755936,34.7708269],[135.0754250,34.7707500],[135.0752031,34.7706622],[135.0750000,34.7705643],[135.0746789,34.7704094],[135.0744836,34.7702556],[135.0743239,34.7701347],[135.0739242,34.7698892],[135.0736314,34.7697281],[135.0734094,34.7696256],[135.0732275,34.7695742],[135.0730053,34.7695156],[135.0727389,34.7694461],[135.0724503,34.7693253],[135.0722017,34.7691714],[135.0720508,34.7690908],[135.0718508,34.7690175],[135.0715492,34.7689478],[135.0712694,34.7689114],[135.0710339,34.7688931],[135.0709053,34.7687025],[135.0707764,34.7685119],[135.0706481,34.7683142],[135.0704525,34.7680836],[135.0702794,34.7679628],[135.0701197,34.7678311],[135.0698178,34.7675708],[135.0696222,34.7674428],[135.0692333,34.7674992],[135.0691428,34.7675122],[135.0689519,34.7675489],[135.0682769,34.7676697],[135.0681306,34.7676808],[135.0680506,34.7676881],[135.0675047,34.7676733],[135.0673094,34.7676953],[135.0669142,34.7677722],[135.0667633,34.7677647],[135.0666667,34.7677434],[135.0665811,34.7677244],[135.0663458,34.7676658],[135.0660233,34.7675092],[135.0658486,34.7674242],[135.0656708,34.7673547],[135.0655289,34.7672925],[135.0653203,34.7671900],[135.0651692,34.7670800],[135.0651069,34.7669994],[135.0651158,34.7668275],[135.0651449,34.7666667],[135.0651469,34.7666553],[135.0651647,34.7664611],[135.0652047,34.7662853],[135.0651781,34.7660728],[135.0651069,34.7658347],[135.0650494,34.7656808],[135.0649161,34.7655269],[135.0647300,34.7653953],[135.0645611,34.7652525],[135.0642194,34.7651756],[135.0640550,34.7651278],[135.0638731,34.7650911],[135.0635578,34.7650803],[135.0634200,34.7650656],[135.0632914,34.7649814],[135.0629317,34.7646700],[135.0627808,34.7645492],[135.0623456,34.7642381],[135.0620169,34.7640403],[135.0619922,34.7640317],[135.0616247,34.7639031],[135.0615244,34.7638681],[135.0613958,34.7637911],[135.0612047,34.7637544],[135.0610717,34.7637508],[135.0609383,34.7637728],[135.0607997,34.7638194],[135.0605567,34.7639011],[135.0603433,34.7639925],[135.0601703,34.7640511],[135.0594819,34.7642744],[135.0593472,34.7643033],[135.0592244,34.7643294],[135.0590247,34.7642781],[135.0587628,34.7641536],[135.0583333,34.7639598],[135.0581947,34.7638972],[135.0580261,34.7638022],[135.0578439,34.7637142],[135.0576131,34.7636631],[135.0573467,34.7636483],[135.0570092,34.7636772],[135.0567917,34.7637397],[135.0566053,34.7638347],[135.0564631,34.7639117],[135.0563300,34.7640400],[135.0562811,34.7641497],[135.0562544,34.7642231],[135.0561611,34.7642781],[135.0560414,34.7642892],[135.0557794,34.7643000],[135.0556017,34.7643111],[135.0554019,34.7643586],[135.0552508,34.7644172],[135.0551444,34.7644831],[135.0550378,34.7645197],[135.0549406,34.7645197],[135.0547894,34.7645125],[135.0547494,34.7645233],[135.0545675,34.7646003],[135.0543722,34.7646992],[135.0541944,34.7647981],[135.0540525,34.7649228],[135.0539503,34.7650656],[135.0538836,34.7652158],[135.0537950,34.7654536],[135.0537772,34.7655744],[135.0537683,34.7657356],[135.0538128,34.7659847],[135.0539192,34.7662300],[135.0538747,34.7663619],[135.0536928,34.7664425],[135.0536022,34.7664783],[135.0534886,34.7665231],[135.0533242,34.7666072],[135.0532495,34.7666667],[135.0532000,34.7667061],[135.0530933,34.7667539],[135.0529069,34.7667906],[135.0526939,34.7668308],[135.0525028,34.7668528],[135.0524008,34.7669222],[135.0523386,34.7670103],[135.0522883,34.7672319],[135.0522719,34.7673033],[135.0522053,34.7674058],[135.0521167,34.7674828],[135.0520322,34.7675044],[135.0517614,34.7675558],[135.0516503,34.7676144],[135.0515969,34.7676656],[135.0515439,34.7677756],[135.0515394,34.7679439],[135.0516014,34.7680100],[135.0517214,34.7680906],[135.0518325,34.7681600],[135.0518989,34.7682114],[135.0519256,34.7682883],[135.0519522,34.7684092],[135.0518633,34.7685483],[135.0517816,34.7686175],[135.0516814,34.7687022],[135.0515878,34.7687861],[135.0514194,34.7689367],[135.0513261,34.7690722],[135.0511456,34.7694467],[135.0511175,34.7695044],[135.0510022,34.7697389],[135.0508200,34.7697203],[135.0504475,34.7696908],[135.0502742,34.7696836],[135.0500878,34.7696908],[135.0500000,34.7697150],[135.0499144,34.7697386],[135.0497903,34.7697825],[135.0496881,34.7698339],[135.0495683,34.7699328],[135.0494572,34.7700681],[135.0493461,34.7701781],[135.0491331,34.7702403],[135.0489422,34.7702658],[135.0488267,34.7703172],[135.0487603,34.7703906],[135.0485114,34.7706506],[135.0483250,34.7708264],[135.0482094,34.7709583],[135.0480853,34.7710828],[135.0479078,34.7712072],[135.0476811,34.7714417],[135.0475258,34.7715517],[135.0473881,34.7716028],[135.0472106,34.7716611],[135.0469975,34.7716833],[135.0468019,34.7716356],[135.0467047,34.7715844],[135.0466803,34.7715572],[135.0465892,34.7714564],[135.0465225,34.7713281],[135.0464472,34.7712183],[135.0463139,34.7711303],[135.0461142,34.7710389],[135.0459233,34.7709986],[135.0457944,34.7710206],[135.0456525,34.7710681],[135.0455369,34.7709986],[135.0454258,34.7708886],[135.0452883,34.7707861],[135.0452706,34.7707056],[135.0452972,34.7705369],[135.0453017,34.7704272],[135.0451906,34.7702769],[135.0449464,34.7701450],[135.0446356,34.7700317],[135.0444403,34.7700500],[135.0442981,34.7700828],[135.0441517,34.7701669],[135.0439872,34.7702514],[135.0437697,34.7703686],[135.0435881,34.7704089],[135.0434414,34.7704308],[135.0433617,34.7704197],[135.0432772,34.7703942],[135.0431394,34.7702769],[135.0430108,34.7701525],[135.0428366,34.7700445],[135.0428333,34.7700425],[135.0426200,34.7699217],[135.0422958,34.7698081],[135.0419319,34.7698228],[135.0417453,34.7698850],[135.0416667,34.7698983],[135.0415500,34.7699181],[135.0413103,34.7699364],[135.0411328,34.7699144],[135.0408308,34.7699106],[135.0406708,34.7698850],[135.0405736,34.7698447],[135.0404803,34.7697275],[135.0404848,34.7695421],[135.0404936,34.7693208],[135.0405025,34.7691525],[135.0405958,34.7689328],[135.0406089,34.7687936],[135.0406044,34.7686544],[135.0405603,34.7684603],[135.0405411,34.7684156],[135.0405069,34.7683356],[135.0404225,34.7682000],[135.0403117,34.7680756],[135.0402850,34.7679767],[135.0402983,34.7678814],[135.0403514,34.7678008],[135.0404892,34.7675925],[135.0405233,34.7674919],[135.0405514,34.7674092],[135.0405247,34.7673031],[135.0404569,34.7672053],[135.0404536,34.7672006],[135.0403161,34.7670575],[135.0402006,34.7669331],[135.0401250,34.7667828],[135.0400827,34.7666667],[135.0400583,34.7665997],[135.0400142,34.7664275],[135.0399608,34.7662517],[135.0397122,34.7657572],[135.0396278,34.7655997],[135.0395211,34.7654422],[135.0393658,34.7652700],[135.0390594,34.7649917],[135.0389217,34.7648856],[135.0387753,34.7647903],[135.0386686,34.7647319],[135.0384989,34.7647597],[135.0383564,34.7647833],[135.0377928,34.7648761],[135.0377144,34.7648892],[135.0375233,34.7649406],[135.0371525,34.7650294],[135.0370350,34.7650578],[135.0358717,34.7653142],[135.0355608,34.7653947],[135.0353744,34.7654717],[135.0351481,34.7655522],[135.0340206,34.7659661],[135.0339400,34.7659831],[135.0338828,34.7659953],[135.0337950,34.7659756],[135.0336075,34.7659331],[135.0333678,34.7658597],[135.0333333,34.7658495],[135.0330969,34.7657792],[135.0328839,34.7657281],[135.0328172,34.7657397],[135.0327594,34.7657500],[135.0327300,34.7657483],[135.0325294,34.7657381],[135.0323378,34.7657281],[135.0321472,34.7657169],[135.0317475,34.7657353],[135.0316031,34.7656864],[135.0315378,34.7656642],[135.0314767,34.7656436],[135.0313211,34.7655814],[135.0311303,34.7654789],[135.0308550,34.7653544],[135.0303267,34.7650686],[135.0301519,34.7649650],[135.0299936,34.7648753],[135.0297811,34.7647694],[135.0291586,34.7646347],[135.0289856,34.7646103],[135.0287925,34.7645694],[135.0286197,34.7645492],[135.0282092,34.7645408],[135.0281039,34.7645303],[135.0279669,34.7645164],[135.0275814,34.7645125],[135.0273244,34.7644839],[135.0267197,34.7643989],[135.0267164,34.7643983],[135.0265533,34.7643778],[135.0264000,34.7643533],[135.0262758,34.7643167],[135.0260536,34.7642508],[135.0258908,34.7642025],[135.0257233,34.7641667],[135.0256239,34.7641453],[135.0256189,34.7638231],[135.0256289,34.7636967],[135.0256636,34.7634806],[135.0256436,34.7630319],[135.0256092,34.7627914],[135.0255447,34.7626486],[135.0254806,34.7625875],[135.0254064,34.7625344],[135.0253025,34.7624936],[135.0251642,34.7624608],[135.0250000,34.7624317],[135.0249811,34.7624283],[135.0248378,34.7624325],[135.0247292,34.7624569],[135.0245758,34.7625344],[135.0244572,34.7626364],[135.0242942,34.7627914],[135.0241261,34.7629258],[135.0238147,34.7631217],[135.0236714,34.7632358],[135.0234883,34.7633297],[135.0232561,34.7634194],[135.0231733,34.7634556],[135.0227319,34.7636478],[135.0225392,34.7637578],[135.0223711,34.7638394],[135.0212883,34.7643897],[135.0210858,34.7645122],[135.0206064,34.7647119],[135.0203692,34.7647608],[135.0201664,34.7647650],[135.0199639,34.7649117],[135.0197908,34.7649486],[135.0195981,34.7650056],[135.0194842,34.7650628],[135.0194100,34.7651564],[135.0193211,34.7652831],[135.0191233,34.7653606],[135.0188958,34.7653972],[135.0186586,34.7654011],[135.0184361,34.7654256],[135.0181939,34.7654908],[135.0180061,34.7655683],[135.0177933,34.7656297],[135.0176456,34.7656825],[135.0175119,34.7657111],[135.0174589,34.7657183],[135.0173289,34.7657356],[135.0171314,34.7658336],[135.0168842,34.7659844],[135.0167753,34.7661272],[135.0166667,34.7662201],[135.0166369,34.7662456],[135.0165133,34.7662903],[135.0160436,34.7663719],[135.0158558,34.7663922],[135.0157053,34.7664139],[135.0156581,34.7664208],[135.0154719,34.7664358],[135.0154058,34.7664411],[135.0149361,34.7664411],[135.0147136,34.7664167],[135.0145261,34.7663922],[135.0143233,34.7663597],[135.0139822,34.7663353],[135.0137106,34.7663269],[135.0134928,34.7663514],[135.0133447,34.7663800],[135.0132161,34.7664453],[135.0129986,34.7664942],[135.0127858,34.7665553],[135.0124189,34.7666667],[135.0122075,34.7667308],[135.0120247,34.7668042],[135.0118317,34.7668572],[135.0108383,34.7670733],[135.0106456,34.7671264],[135.0103883,34.7671589],[135.0097656,34.7672406],[135.0095678,34.7673058],[135.0094414,34.7673397],[135.0093850,34.7673547],[135.0092789,34.7673844],[135.0091378,34.7674242],[135.0089467,34.7674750],[135.0085542,34.7675792],[135.0083369,34.7676117],[135.0083333,34.7676119],[135.0081144,34.7676281],[135.0078872,34.7676892],[135.0076597,34.7677500],[135.0074719,34.7678072],[135.0073681,34.7678767],[135.0071900,34.7680111],[135.0070319,34.7681417],[135.0068836,34.7683375],[135.0067700,34.7685208],[135.0067253,34.7686472],[135.0066908,34.7687983],[135.0066661,34.7688961],[135.0065375,34.7690553],[135.0064189,34.7692183],[135.0062525,34.7693961],[135.0062503,34.7693986],[135.0060183,34.7696467],[135.0059803,34.7696881],[135.0059186,34.7697553],[135.0058947,34.7697811],[135.0057861,34.7698872],[135.0056675,34.7700178],[135.0055192,34.7701522],[135.0053956,34.7702133],[135.0052769,34.7702297],[135.0048964,34.7702503],[135.0046642,34.7702625],[135.0044614,34.7702664],[135.0042389,34.7702992],[135.0037731,34.7703053],[135.0036111,34.7703072],[135.0034033,34.7703031],[135.0031561,34.7702908],[135.0029386,34.7702992],[135.0023058,34.7702950],[135.0021131,34.7702747],[135.0019058,34.7702583],[135.0010011,34.7702011],[135.0007736,34.7701889],[135.0006253,34.7702625],[135.0005808,34.7704703],[135.0005067,34.7709922],[135.0004967,34.7711472],[135.0005164,34.7713389],[135.0005194,34.7715186],[135.0005214,34.7716283],[135.0005461,34.7717669],[135.0005956,34.7719097],[135.0006597,34.7720361],[135.0006844,34.7720975],[135.0007586,34.7722319],[135.0008231,34.7724114],[135.0009664,34.7725461],[135.0013469,34.7729089],[135.0014756,34.7730558],[135.0016092,34.7731536],[135.0017225,34.7732761],[135.0017967,34.7733575],[135.0018283,34.7734192],[135.0018906,34.7735408],[135.0019647,34.7736958],[135.0020042,34.7738508],[135.0020289,34.7740181],[135.0020536,34.7741772],[135.0020142,34.7743647],[135.0019350,34.7748622],[135.0019211,34.7750000],[135.0019153,34.7750581],[135.0019056,34.7751806],[135.0018631,34.7754481],[135.0018511,34.7755231],[135.0018264,34.7756208],[135.0017769,34.7756658],[135.0016533,34.7756658],[135.0015000,34.7756697],[135.0013422,34.7756536],[135.0011294,34.7756331],[135.0008675,34.7756250],[135.0005708,34.7756006],[135.0002892,34.7755475],[135.0001408,34.7755147],[135,34.7754741],[134.9999578,34.7754619],[134.9997106,34.7753803],[134.9994683,34.7752906],[134.9994386,34.7752744],[134.9993242,34.7752119],[134.9992064,34.7751478],[134.9990581,34.7750256],[134.9990294,34.7750000],[134.9989344,34.7749153],[134.9987119,34.7747969],[134.9985736,34.7747481],[134.9983661,34.7747931],[134.9981389,34.7748500],[134.9979608,34.7748989],[134.9977383,34.7749358],[134.9975506,34.7749603],[134.9974861,34.7749603],[134.9972322,34.7748653],[134.9970908,34.7747156],[134.9968478,34.7743908],[134.9967206,34.7742858],[134.9966281,34.7742431],[134.9964892,34.7742286],[134.9962867,34.7742383],[134.9960147,34.7742525],[134.9957372,34.7742239],[134.9955175,34.7741522],[134.9953036,34.7741189],[134.9951125,34.7741189],[134.9948175,34.7741333],[134.9944936,34.7741142],[134.9943208,34.7741111],[134.9939383,34.7741044],[134.9936778,34.7740903],[134.9933917,34.7740986],[134.9931197,34.7740842],[134.9929172,34.7740414],[134.9924372,34.7738361],[134.9921597,34.7737025],[134.9921475,34.7736942],[134.9919339,34.7735497],[134.9917894,34.7734878],[134.9916667,34.7734701],[134.9916564,34.7734686],[134.9915117,34.7734733],[134.9913267,34.7735164],[134.9909708,34.7736453],[134.9907394,34.7737550],[134.9904617,34.7739458],[134.9902708,34.7740222],[134.9901436,34.7739842],[134.9898775,34.7737503],[134.9896864,34.7735831],[134.9895422,34.7735211],[134.9893744,34.7734878],[134.9892356,34.7735069],[134.9890100,34.7735736],[134.9888536,34.7735975],[134.9887033,34.7735736],[134.9885181,34.7734642],[134.9879961,34.7730908],[134.9878572,34.7730144],[134.9877183,34.7729906],[134.9875392,34.7729858],[134.9871514,34.7730286],[134.9868506,34.7730478],[134.9866425,34.7730572],[134.9865592,34.7730467],[134.9864517,34.7730333],[134.9863233,34.7729931],[134.9862839,34.7729808],[134.9860525,34.7728856],[134.9859658,34.7728283],[134.9858675,34.7726661],[134.9854336,34.7720742],[134.9853583,34.7719358],[134.9852889,34.7719072],[134.9851906,34.7719167],[134.9850517,34.7719836],[134.9848131,34.7721322],[134.9846989,34.7722031],[134.9845225,34.7723164],[134.9842911,34.7724119],[134.9840711,34.7724594],[134.9837300,34.7725072],[134.9836028,34.7725025],[134.9833333,34.7724067],[134.9831864,34.7723544],[134.9830822,34.7722925],[134.9830186,34.7722400],[134.9828747,34.7722367],[134.9828161,34.7722353],[134.9827294,34.7722114],[134.9826425,34.7721683],[134.9825906,34.7720444],[134.9825450,34.7719497],[134.9824561,34.7717653],[134.9823842,34.7716156],[134.9822900,34.7714203],[134.9822550,34.7713475],[134.9820408,34.7709706],[134.9819483,34.7708231],[134.9818036,34.7705175],[134.9816881,34.7704269],[134.9815956,34.7703792],[134.9813178,34.7703122],[134.9810778,34.7702336],[134.9808003,34.7700714],[134.9807308,34.7699853],[134.9806961,34.7698756],[134.9806672,34.7696561],[134.9806094,34.7695319],[134.9805517,34.7694603],[134.9804706,34.7694317],[134.9804069,34.7694556],[134.9802797,34.7694700],[134.9801525,34.7694508],[134.9800308,34.7693792],[134.9799442,34.7692456],[134.9798806,34.7691503],[134.9797128,34.7690833],[134.9792744,34.7689478],[134.9792036,34.7689258],[134.9788189,34.7688389],[134.9786050,34.7688244],[134.9784256,34.7688483],[134.9780614,34.7689678],[134.9779225,34.7689725],[134.9778125,34.7689533],[134.9777317,34.7688817],[134.9776447,34.7683856],[134.9775986,34.7680994],[134.9775233,34.7674981],[134.9774481,34.7674264],[134.9773556,34.7674217],[134.9772008,34.7674481],[134.9768883,34.7675194],[134.9767611,34.7675242],[134.9766514,34.7674908],[134.9765703,34.7673956],[134.9765414,34.7671856],[134.9765586,34.7669611],[134.9766094,34.7668353],[134.9766777,34.7666667],[134.9767150,34.7665744],[134.9767497,34.7664219],[134.9767497,34.7663122],[134.9766917,34.7661881],[134.9765875,34.7660783],[134.9765694,34.7660642],[134.9763908,34.7659256],[134.9758239,34.7656822],[134.9756217,34.7655489],[134.9754394,34.7653031],[134.9753297,34.7651694],[134.9752486,34.7651122],[134.9750750,34.7650692],[134.9750000,34.7650627],[134.9747975,34.7650453],[134.9746703,34.7649928],[134.9745544,34.7648972],[134.9742883,34.7645203],[134.9739414,34.7641100],[134.9737792,34.7639525],[134.9737042,34.7638953],[134.9736231,34.7638953],[134.9735131,34.7639239],[134.9732703,34.7640717],[134.9730850,34.7639714],[134.9728536,34.7637903],[134.9728219,34.7637400],[134.9726858,34.7635228],[134.9726022,34.7633153],[134.9725272,34.7628192],[134.9723883,34.7625950],[134.9723072,34.7624614],[134.9721917,34.7623611],[134.9720817,34.7623181],[134.9719197,34.7623325],[134.9718272,34.7623467],[134.9717403,34.7623944],[134.9716478,34.7625233],[134.9715378,34.7627667],[134.9715089,34.7629194],[134.9714625,34.7629811],[134.9712717,34.7631197],[134.9711561,34.7632628],[134.9710578,34.7633917],[134.9709594,34.7634681],[134.9707858,34.7635253],[134.9704561,34.7636111],[134.9702622,34.7636494],[134.9701233,34.7636922],[134.9699731,34.7636922],[134.9698806,34.7636781],[134.9697706,34.7635539],[134.9694411,34.7631386],[134.9693311,34.7629811],[134.9691633,34.7626428],[134.9690303,34.7623706],[134.9689378,34.7622706],[134.9687931,34.7621892],[134.9686658,34.7621319],[134.9685269,34.7621225],[134.9683708,34.7621464],[134.9681972,34.7622131],[134.9680872,34.7622992],[134.9679889,34.7624517],[134.9678675,34.7626475],[134.9676997,34.7628192],[134.9675292,34.7629908],[134.9674075,34.7631100],[134.9672108,34.7632294],[134.9669622,34.7633344],[134.9667886,34.7633917],[134.9666667,34.7634136],[134.9666036,34.7634250],[134.9664186,34.7634347],[134.9662508,34.7634061],[134.9660078,34.7633344],[134.9658228,34.7632294],[134.9656378,34.7630861],[134.9654006,34.7628764],[134.9652211,34.7627428],[134.9649839,34.7625950],[134.9647756,34.7624947],[134.9645094,34.7624042],[134.9642261,34.7623372],[134.9640294,34.7623086],[134.9638558,34.7623133],[134.9637617,34.7623306],[134.9636186,34.7623564],[134.9634058,34.7623761],[134.9631569,34.7623903],[134.9627811,34.7624525],[134.9624108,34.7625289],[134.9623728,34.7625417],[134.9621678,34.7626100],[134.9618786,34.7627483],[134.9615544,34.7628819],[134.9614389,34.7629436],[134.9613956,34.7629903],[134.9613714,34.7630161],[134.9613317,34.7630019],[134.9611958,34.7629533],[134.9610858,34.7628911],[134.9610108,34.7628153],[134.9609875,34.7626814],[134.9609933,34.7625814],[134.9611264,34.7622664],[134.9612481,34.7619228],[134.9613347,34.7617103],[134.9614186,34.7615758],[134.9614331,34.7615528],[134.9615197,34.7613381],[134.9615444,34.7613089],[134.9615892,34.7612569],[134.9617975,34.7611997],[134.9619594,34.7611711],[134.9621736,34.7611997],[134.9622328,34.7612172],[134.9623819,34.7612617],[134.9626189,34.7612808],[134.9628156,34.7606606],[134.9629603,34.7602881],[134.9632197,34.7593789],[134.9633353,34.7589922],[134.9635147,34.7585150],[134.9635922,34.7583333],[134.9638139,34.7578134],[134.9638444,34.7577419],[134.9640758,34.7571503],[134.9643128,34.7566325],[134.9644978,34.7562842],[134.9645211,34.7561839],[134.9645383,34.7560408],[134.9645036,34.7558881],[134.9644342,34.7556994],[134.9643478,34.7554706],[134.9642900,34.7553033],[134.9642725,34.7551936],[134.9643072,34.7550983],[134.9643939,34.7549694],[134.9644856,34.7548900],[134.9646253,34.7547692],[134.9647756,34.7546356],[134.9648669,34.7545386],[134.9649158,34.7544867],[134.9649781,34.7544208],[134.9652711,34.7540453],[134.9653656,34.7539244],[134.9654047,34.7538650],[134.9654833,34.7537461],[134.9656092,34.7535547],[134.9656747,34.7534556],[134.9657242,34.7533806],[134.9658175,34.7532394],[134.9658558,34.7531853],[134.9658633,34.7531467],[134.9658647,34.7531128],[134.9660833,34.7529725],[134.9663125,34.7526508],[134.9663619,34.7525817],[134.9664219,34.7524975],[134.9664303,34.7524450],[134.9664517,34.7523092],[134.9664603,34.7522542],[134.9664753,34.7521600],[134.9664894,34.7520694],[134.9665044,34.7515817],[134.9665069,34.7514947],[134.9665119,34.7513336],[134.9663694,34.7513169],[134.9661964,34.7512964],[134.9661572,34.7512433],[134.9660936,34.7511575],[134.9649445,34.7500000],[134.9644119,34.7494636],[134.9642725,34.7493231],[134.9630769,34.7480936],[134.9624400,34.7474431],[134.9623661,34.7473675],[134.9622431,34.7472417],[134.9621281,34.7471242],[134.9620403,34.7470347],[134.9612444,34.7462219],[134.9606131,34.7455886],[134.9599136,34.7448717],[134.9598961,34.7448522],[134.9595303,34.7444431],[134.9593092,34.7441264],[134.9586453,34.7431767],[134.9583333,34.7428013],[134.9582506,34.7427017],[134.9579683,34.7422081],[134.9575458,34.7416667],[134.9572683,34.7413111],[134.9572128,34.7412397],[134.9563031,34.7401367],[134.9562375,34.7400569],[134.9559611,34.7396467],[134.9550494,34.7382931],[134.9548956,34.7380642],[134.9545539,34.7376381],[134.9540664,34.7370303],[134.9528939,34.7359597],[134.9516922,34.7348703],[134.9512811,34.7344975],[134.9507322,34.7340936],[134.9505086,34.7339294],[134.9500000,34.7335240],[134.9497608,34.7333333],[134.9492231,34.7329050],[134.9488283,34.7326817],[134.9487292,34.7326511],[134.9485239,34.7325883],[134.9484378,34.7325811],[134.9456989,34.7323556],[134.9446614,34.7324114],[134.9440639,34.7324114],[134.9433644,34.7323089],[134.9424511,34.7322067],[134.9416667,34.7320613],[134.9411936,34.7319736],[134.9406525,34.7318339],[134.9404467,34.7318019],[134.9402914,34.7317781],[134.9402522,34.7317647],[134.9398517,34.7316292],[134.9394117,34.7314711],[134.9391411,34.7313781],[134.9387858,34.7313089],[134.9387575,34.7313033],[134.9369872,34.7309867],[134.9363839,34.7308750],[134.9359992,34.7308036],[134.9358311,34.7307725],[134.9349292,34.7304931],[134.9348728,34.7304372],[134.9349517,34.7302417],[134.9350872,34.7299250],[134.9350644,34.7298692],[134.9333333,34.7293320],[134.9332939,34.7293197],[134.9333333,34.7292053],[134.9333389,34.7291892],[134.9333333,34.7291874],[134.9322678,34.7288450],[134.9319044,34.7287286],[134.9315403,34.7286122],[134.9310819,34.7284597],[134.9306719,34.7283233],[134.9302664,34.7282244],[134.9299839,34.7281558],[134.9294767,34.7280161],[134.9289917,34.7278297],[134.9281683,34.7274478],[134.9274353,34.7272244],[134.9274211,34.7272225],[134.9267758,34.7271311],[134.9261358,34.7271744],[134.9260878,34.7271778],[134.9257947,34.7272431],[134.9255014,34.7274014],[134.9251519,34.7275783],[134.9250000,34.7276193],[134.9246331,34.7277181],[134.9241931,34.7278111],[134.9235506,34.7278483],[134.9232433,34.7277850],[134.9231897,34.7277739],[134.9229753,34.7275875],[134.9225356,34.7273733],[134.9220336,34.7271872],[134.9211994,34.7270008],[134.9207714,34.7269556],[134.9207594,34.7269542],[134.9201731,34.7267958],[134.9195075,34.7265725],[134.9186956,34.7262561],[134.9182897,34.7260978],[134.9181094,34.7259767],[134.9176356,34.7255761],[134.9170349,34.7250000],[134.9166667,34.7246467],[134.9165869,34.7245703],[134.9160681,34.7241233],[134.9157844,34.7237761],[134.9154100,34.7233175],[134.9153189,34.7232064],[134.9151608,34.7230125],[134.9150869,34.7229222],[134.9148833,34.7227925],[134.9145258,34.7225650],[134.9139717,34.7222461],[134.9135856,34.7220828],[134.9132294,34.7218864],[134.9128831,34.7216658],[134.9128686,34.7216528],[134.9125167,34.7213389],[134.9124533,34.7213053],[134.9121703,34.7210122],[134.9120417,34.7209058],[134.9115961,34.7207506],[134.9110417,34.7206033],[134.9107053,34.7205042],[134.9106292,34.7204814],[134.9103492,34.7203989],[134.9100522,34.7203256],[134.9100225,34.7202764]]],[[[135.0284941,34.6361153],[135.0285204,34.6360910],[135.0286693,34.6362009],[135.0286431,34.6362252],[135.0284941,34.6361153]]],[[[135.0390709,34.6270492],[135.0406822,34.6261113],[135.0407647,34.6262063],[135.0391564,34.6271467],[135.0390709,34.6270492]]],[[[135.0413953,34.6256941],[135.0416155,34.6255893],[135.0416667,34.6255692],[135.0416726,34.6255669],[135.0417870,34.6255220],[135.0419625,34.6254580],[135.0421518,34.6254051],[135.0423235,34.6253637],[135.0425246,34.6253237],[135.0426907,34.6252936],[135.0428665,34.6252765],[135.0430015,34.6252708],[135.0430122,34.6253887],[135.0427934,34.6254062],[135.0425706,34.6254367],[135.0423480,34.6254832],[135.0421334,34.6255378],[135.0419988,34.6255822],[135.0418311,34.6256382],[135.0416887,34.6256955],[135.0416726,34.6257030],[135.0416667,34.6257057],[135.0415816,34.6257447],[135.0414725,34.6257954],[135.0413953,34.6256941]]],[[[135.0455955,34.6240325],[135.0478115,34.6239273],[135.0500000,34.6238216],[135.0500418,34.6238196],[135.0543137,34.6235911],[135.0558844,34.6231963],[135.0559205,34.6232858],[135.0543220,34.6236943],[135.0543270,34.6237349],[135.0541712,34.6237360],[135.0541712,34.6237171],[135.0511515,34.6238706],[135.0511517,34.6238503],[135.0500160,34.6239087],[135.0500000,34.6239095],[135.0478892,34.6240210],[135.0477402,34.6240919],[135.0456067,34.6241979],[135.0455955,34.6240325]]],[[[135.0869097,34.6337006],[135.0869236,34.6336858],[135.0869434,34.6336831],[135.0869601,34.6336893],[135.0869685,34.6337049],[135.0869647,34.6337193],[135.0869519,34.6337299],[135.0869381,34.6337317],[135.0869282,34.6337311],[135.0869116,34.6337191],[135.0869097,34.6337006]]],[[[135.1044246,34.6342279],[135.1044278,34.6342101],[135.1044353,34.6341912],[135.1044446,34.6341811],[135.1044595,34.6341690],[135.1044740,34.6341631],[135.1045058,34.6341543],[135.1045317,34.6341540],[135.1045480,34.6341555],[135.1045751,34.6341640],[135.1046012,34.6341837],[135.1046143,34.6342034],[135.1046222,34.6342265],[135.1046232,34.6342466],[135.1046185,34.6342620],[135.1046031,34.6342844],[135.1045937,34.6342954],[135.1045812,34.6343056],[135.1045705,34.6343107],[135.1045558,34.6343153],[135.1045388,34.6343195],[135.1045286,34.6343195],[135.1045196,34.6343202],[135.1045021,34.6343175],[135.1044914,34.6343141],[135.1044737,34.6343079],[135.1044518,34.6342966],[135.1044356,34.6342745],[135.1044282,34.6342600],[135.1044253,34.6342463],[135.1044246,34.6342279]]],[[[135.1113378,34.6382263],[135.1113811,34.6381605],[135.1114965,34.6382153],[135.1115285,34.6382305],[135.1115238,34.6382378],[135.1119532,34.6384440],[135.1119571,34.6384380],[135.1123366,34.6386160],[135.1126757,34.6387737],[135.1126813,34.6387668],[135.1128269,34.6388327],[135.1127811,34.6389013],[135.1127750,34.6388985],[135.1113378,34.6382263]]],[[[135.1135040,34.6391189],[135.1135364,34.6390436],[135.1136909,34.6390875],[135.1136890,34.6390925],[135.1138483,34.6391368],[135.1138462,34.6391425],[135.1140006,34.6391877],[135.1139935,34.6392050],[135.1141557,34.6392514],[135.1141669,34.6392273],[135.1143192,34.6392735],[135.1142899,34.6393471],[135.1142769,34.6393434],[135.1135040,34.6391189]]],[[[135.1149896,34.6395731],[135.1149921,34.6395508],[135.1150235,34.6394800],[135.1151815,34.6395274],[135.1154583,34.6396115],[135.1156935,34.6396777],[135.1159425,34.6397534],[135.1159210,34.6398039],[135.1159143,34.6398021],[135.1152256,34.6395991],[135.1151924,34.6395954],[135.1151620,34.6395988],[135.1151369,34.6396104],[135.1151239,34.6396156],[135.1151131,34.6396178],[135.1150998,34.6396166],[135.1149990,34.6395834],[135.1149928,34.6395791],[135.1149896,34.6395731]]],[[[135.1161764,34.6398776],[135.1161992,34.6398266],[135.1165799,34.6399431],[135.1166667,34.6399678],[135.1168333,34.6400152],[135.1169672,34.6400523],[135.1171243,34.6400918],[135.1170890,34.6401748],[135.1170826,34.6401826],[135.1170760,34.6401871],[135.1170688,34.6401888],[135.1170397,34.6401820],[135.1169429,34.6401530],[135.1169382,34.6401503],[135.1169353,34.6401481],[135.1169301,34.6401418],[135.1169237,34.6401304],[135.1169129,34.6401099],[135.1169041,34.6400996],[135.1168991,34.6400950],[135.1168930,34.6400905],[135.1168870,34.6400868],[135.1168641,34.6400787],[135.1168329,34.6400693],[135.1166667,34.6400207],[135.1161764,34.6398776]]],[[[135.1183390,34.6405276],[135.1183529,34.6404448],[135.1185127,34.6404637],[135.1189169,34.6405056],[135.1193174,34.6405469],[135.1198622,34.6406043],[135.1203808,34.6406539],[135.1207799,34.6406913],[135.1209340,34.6407062],[135.1209228,34.6407900],[135.1209201,34.6407977],[135.1209167,34.6408023],[135.1209107,34.6408065],[135.1209033,34.6408078],[135.1208957,34.6408079],[135.1207839,34.6407980],[135.1207772,34.6407956],[135.1207721,34.6407924],[135.1207693,34.6407893],[135.1207461,34.6407591],[135.1207336,34.6407510],[135.1207181,34.6407443],[135.1206981,34.6407392],[135.1206740,34.6407356],[135.1203472,34.6407033],[135.1186956,34.6405394],[135.1185663,34.6405267],[135.1185514,34.6405282],[135.1185364,34.6405307],[135.1185282,34.6405327],[135.1185210,34.6405358],[135.1185082,34.6405420],[135.1184968,34.6405509],[135.1184863,34.6405586],[135.1184768,34.6405637],[135.1184656,34.6405654],[135.1183574,34.6405557],[135.1183501,34.6405512],[135.1183436,34.6405446],[135.1183398,34.6405366],[135.1183390,34.6405276]]],[[[135.1216702,34.6408613],[135.1216820,34.6407746],[135.1218384,34.6407881],[135.1218344,34.6408162],[135.1218449,34.6408171],[135.1218429,34.6408327],[135.1222423,34.6408675],[135.1222506,34.6408252],[135.1224061,34.6408413],[135.1223946,34.6409267],[135.1223935,34.6409302],[135.1223909,34.6409340],[135.1223783,34.6409350],[135.1216791,34.6408704],[135.1216734,34.6408678],[135.1216706,34.6408646],[135.1216702,34.6408613]]],[[[135.1231471,34.6409091],[135.1233128,34.6409141],[135.1235820,34.6409177],[135.1240815,34.6409202],[135.1247554,34.6409251],[135.1250000,34.6409254],[135.1253511,34.6409259],[135.1258174,34.6409280],[135.1259754,34.6409264],[135.1259745,34.6410086],[135.1259724,34.6410163],[135.1259692,34.6410226],[135.1259661,34.6410263],[135.1259627,34.6410290],[135.1259588,34.6410312],[135.1259544,34.6410329],[135.1258422,34.6410335],[135.1258356,34.6410316],[135.1258317,34.6410293],[135.1258198,34.6410206],[135.1258087,34.6410096],[135.1257961,34.6409983],[135.1257880,34.6409926],[135.1257808,34.6409890],[135.1257704,34.6409858],[135.1257612,34.6409843],[135.1257437,34.6409825],[135.1257206,34.6409802],[135.1250000,34.6409764],[135.1247128,34.6409749],[135.1233661,34.6409680],[135.1233555,34.6409691],[135.1233442,34.6409730],[135.1233315,34.6409796],[135.1233202,34.6409881],[135.1233035,34.6410053],[135.1232929,34.6410125],[135.1232808,34.6410177],[135.1232611,34.6410195],[135.1231671,34.6410154],[135.1231602,34.6410119],[135.1231563,34.6410092],[135.1231532,34.6410064],[135.1231503,34.6410016],[135.1231481,34.6409921],[135.1231471,34.6409091]]],[[[135.1267530,34.6410211],[135.1267547,34.6409295],[135.1269166,34.6409327],[135.1269168,34.6409752],[135.1274641,34.6409761],[135.1274646,34.6409364],[135.1276202,34.6409370],[135.1276184,34.6410242],[135.1276167,34.6410274],[135.1276113,34.6410309],[135.1267664,34.6410292],[135.1267606,34.6410276],[135.1267552,34.6410247],[135.1267530,34.6410211]]],[[[135.1283973,34.6410380],[135.1283992,34.6409405],[135.1290755,34.6409443],[135.1297100,34.6409478],[135.1297075,34.6410426],[135.1290764,34.6410404],[135.1283973,34.6410380]]],[[[135.1314533,34.6401996],[135.1315084,34.6401791],[135.1315394,34.6402282],[135.1315772,34.6402879],[135.1316625,34.6404413],[135.1320077,34.6404057],[135.1333333,34.6403093],[135.1334323,34.6403021],[135.1347395,34.6402072],[135.1370129,34.6400419],[135.1370264,34.6401336],[135.1334332,34.6403928],[135.1333333,34.6404000],[135.1316529,34.6405212],[135.1314533,34.6401996]]],[[[135.1868062,34.6531927],[135.1868134,34.6531296],[135.1868644,34.6531336],[135.1868571,34.6531967],[135.1868062,34.6531927]]],[[[135.1885860,34.6705279],[135.1886642,34.6705016],[135.1886975,34.6705691],[135.1886193,34.6705954],[135.1885860,34.6705279]]],[[[135.1887129,34.6707667],[135.1887794,34.6707433],[135.1888083,34.6707992],[135.1887419,34.6708226],[135.1887129,34.6707667]]],[[[135.1887283,34.6710119],[135.1887959,34.6709877],[135.1888269,34.6709904],[135.1888769,34.6711079],[135.1889236,34.6710948],[135.1889349,34.6711231],[135.1888921,34.6711364],[135.1889882,34.6713264],[135.1890315,34.6713129],[135.1890420,34.6713429],[135.1890016,34.6713567],[135.1890089,34.6713730],[135.1890659,34.6713510],[135.1890729,34.6713642],[135.1890835,34.6713606],[135.1891029,34.6714062],[135.1890397,34.6714301],[135.1892873,34.6719028],[135.1892945,34.6719164],[135.1892775,34.6719234],[135.1892838,34.6719339],[135.1891470,34.6719841],[135.1891298,34.6719517],[135.1891379,34.6719474],[135.1891314,34.6719283],[135.1891441,34.6719216],[135.1891358,34.6719039],[135.1891140,34.6718571],[135.1891474,34.6718416],[135.1890780,34.6717097],[135.1890616,34.6717143],[135.1890436,34.6716778],[135.1890572,34.6716706],[135.1890431,34.6716483],[135.1890271,34.6716531],[135.1890058,34.6716136],[135.1890198,34.6716077],[135.1889946,34.6715590],[135.1889840,34.6715608],[135.1889747,34.6715383],[135.1889860,34.6715331],[135.1889686,34.6714953],[135.1889557,34.6714982],[135.1889436,34.6714719],[135.1889562,34.6714681],[135.1889135,34.6713833],[135.1888973,34.6713855],[135.1888862,34.6713615],[135.1888985,34.6713544],[135.1888051,34.6711623],[135.1887426,34.6710340],[135.1887332,34.6710365],[135.1887283,34.6710119]]],[[[135.1888459,34.6710183],[135.1889084,34.6709970],[135.1889362,34.6710524],[135.1888737,34.6710737],[135.1888459,34.6710183]]],[[[135.1888669,34.6704833],[135.1889954,34.6704640],[135.1890216,34.6705824],[135.1888931,34.6706018],[135.1888669,34.6704833]]],[[[135.1889992,34.6731966],[135.1890263,34.6731327],[135.1890953,34.6731528],[135.1890681,34.6732166],[135.1889992,34.6731966]]],[[[135.1890029,34.6709063],[135.1890992,34.6708923],[135.1891179,34.6709809],[135.1890216,34.6709948],[135.1890029,34.6709063]]],[[[135.1890806,34.6712183],[135.1891717,34.6712054],[135.1891893,34.6712901],[135.1890982,34.6713029],[135.1890806,34.6712183]]],[[[135.1902107,34.6529983],[135.1902311,34.6528751],[135.1903801,34.6528937],[135.1903724,34.6529385],[135.1903640,34.6529971],[135.1916667,34.6531370],[135.1932897,34.6533114],[135.1940822,34.6533942],[135.1960111,34.6536028],[135.1980306,34.6538212],[135.1998400,34.6540213],[135.1998380,34.6540303],[135.1999897,34.6540480],[135.1999923,34.6540404],[135.2000000,34.6540412],[135.2015112,34.6542026],[135.2022597,34.6542851],[135.2024620,34.6543081],[135.2024464,34.6543970],[135.2022988,34.6543800],[135.2023086,34.6543187],[135.2020204,34.6542853],[135.2016636,34.6542450],[135.2011980,34.6541947],[135.2007612,34.6541467],[135.2006018,34.6541285],[135.2000000,34.6540643],[135.1999886,34.6540631],[135.1999864,34.6540698],[135.1998373,34.6540543],[135.1998381,34.6540462],[135.1994689,34.6540061],[135.1990192,34.6539567],[135.1989470,34.6539487],[135.1981366,34.6538616],[135.1976979,34.6538142],[135.1972847,34.6537691],[135.1968557,34.6537206],[135.1963465,34.6536652],[135.1959455,34.6536211],[135.1956556,34.6535894],[135.1952704,34.6535487],[135.1949291,34.6535110],[135.1946506,34.6534828],[135.1946108,34.6534788],[135.1944730,34.6534708],[135.1944737,34.6534631],[135.1942667,34.6534398],[135.1940767,34.6534217],[135.1940751,34.6534282],[135.1937943,34.6533989],[135.1935522,34.6533713],[135.1935535,34.6533631],[135.1932892,34.6533335],[135.1932867,34.6533392],[135.1932112,34.6533305],[135.1931554,34.6533243],[135.1931557,34.6533197],[135.1928525,34.6532856],[135.1923256,34.6532290],[135.1918028,34.6531716],[135.1916667,34.6531569],[135.1914120,34.6531293],[135.1908992,34.6530723],[135.1906265,34.6530432],[135.1903832,34.6530175],[135.1902107,34.6529983]]],[[[135.2014420,34.6736293],[135.2014953,34.6727482],[135.2015352,34.6721124],[135.2015513,34.6718161],[135.2015775,34.6713361],[135.2016227,34.6706347],[135.2016730,34.6698552],[135.2017219,34.6691272],[135.2017666,34.6684103],[135.2018247,34.6675914],[135.2018598,34.6670946],[135.2018861,34.6666667],[135.2019028,34.6663949],[135.2019471,34.6657963],[135.2020199,34.6646526],[135.2021180,34.6632151],[135.2022347,34.6613798],[135.2023586,34.6592356],[135.2026316,34.6592442],[135.2027108,34.6592468],[135.2034386,34.6592772],[135.2036225,34.6592849],[135.2036235,34.6592751],[135.2041532,34.6593089],[135.2042163,34.6583333],[135.2042201,34.6582748],[135.2042899,34.6571951],[135.2042932,34.6571943],[135.2043254,34.6566555],[135.2043373,34.6566559],[135.2043403,34.6565993],[135.2043282,34.6565989],[135.2043409,34.6563531],[135.2043417,34.6563368],[135.2042572,34.6563334],[135.2042659,34.6562056],[135.2043795,34.6562092],[135.2043639,34.6565197],[135.2043513,34.6567231],[135.2043213,34.6571729],[135.2046268,34.6572821],[135.2057367,34.6577448],[135.2061137,34.6574892],[135.2061333,34.6574767],[135.2061994,34.6574279],[135.2066664,34.6571276],[135.2065400,34.6569932],[135.2067061,34.6568768],[135.2072098,34.6565449],[135.2082858,34.6558315],[135.2083333,34.6558001],[135.2107647,34.6541938],[135.2131141,34.6526546],[135.2147781,34.6515771],[135.2149085,34.6517197],[135.2155792,34.6512712],[135.2159416,34.6510270],[135.2160042,34.6509845],[135.2159249,34.6509016],[135.2165452,34.6504879],[135.2166667,34.6504076],[135.2171595,34.6500816],[135.2180491,34.6501011],[135.2192508,34.6501297],[135.2195840,34.6501405],[135.2195849,34.6502256],[135.2196297,34.6502263],[135.2206929,34.6502498],[135.2211860,34.6502605],[135.2215623,34.6502703],[135.2220557,34.6502837],[135.2225082,34.6502957],[135.2228780,34.6503036],[135.2232892,34.6503094],[135.2239395,34.6503188],[135.2242521,34.6503209],[135.2250000,34.6503349],[135.2251625,34.6503380],[135.2262099,34.6503659],[135.2266366,34.6503719],[135.2272460,34.6503801],[135.2277102,34.6503910],[135.2278765,34.6503971],[135.2279928,34.6504013],[135.2282841,34.6504091],[135.2284553,34.6504366],[135.2288026,34.6504433],[135.2294480,34.6504574],[135.2302271,34.6504732],[135.2307606,34.6504826],[135.2315313,34.6504956],[135.2323101,34.6505098],[135.2330400,34.6505207],[135.2333333,34.6505272],[135.2337621,34.6505367],[135.2347428,34.6505569],[135.2355173,34.6505741],[135.2378383,34.6506079],[135.2404410,34.6506656],[135.2416667,34.6506853],[135.2419080,34.6506893],[135.2430031,34.6507205],[135.2446531,34.6507460],[135.2451583,34.6507470],[135.2464598,34.6507564],[135.2469847,34.6507651],[135.2494747,34.6508049],[135.2494727,34.6508849],[135.2469856,34.6508451],[135.2464525,34.6508358],[135.2451446,34.6508160],[135.2451137,34.6508155],[135.2439684,34.6527433],[135.2416667,34.6566174],[135.2408407,34.6580077],[135.2406471,34.6583333],[135.2405806,34.6584454],[135.2400564,34.6593186],[135.2392627,34.6606588],[135.2389780,34.6611119],[135.2388931,34.6612471],[135.2384560,34.6611158],[135.2371772,34.6607315],[135.2355975,34.6602588],[135.2337253,34.6596834],[135.2333333,34.6595621],[135.2319470,34.6591333],[135.2293366,34.6583333],[135.2285699,34.6580984],[135.2281482,34.6579692],[135.2280723,34.6581021],[135.2279614,34.6582960],[135.2279401,34.6583333],[135.2275863,34.6589524],[135.2273446,34.6593669],[135.2269540,34.6599822],[135.2265662,34.6606024],[135.2265416,34.6606456],[135.2262943,34.6610500],[135.2261995,34.6612063],[135.2257227,34.6619960],[135.2277033,34.6626050],[135.2280088,34.6626987],[135.2295252,34.6631726],[135.2307001,34.6635289],[135.2307041,34.6635349],[135.2326010,34.6641128],[135.2333333,34.6643363],[135.2344041,34.6646631],[135.2352790,34.6649329],[135.2363445,34.6652566],[135.2364477,34.6652881],[135.2360397,34.6659603],[135.2356999,34.6665338],[135.2356200,34.6666667],[135.2340208,34.6693273],[135.2343236,34.6693581],[135.2350471,34.6694353],[135.2354726,34.6694820],[135.2404712,34.6700395],[135.2412172,34.6701224],[135.2416667,34.6701714],[135.2427819,34.6702931],[135.2432010,34.6703423],[135.2438001,34.6704113],[135.2443799,34.6704757],[135.2448580,34.6705293],[135.2453762,34.6705877],[135.2453842,34.6705948],[135.2453673,34.6706817],[135.2452441,34.6706646],[135.2452465,34.6706481],[135.2431845,34.6704192],[135.2430292,34.6713688],[135.2427499,34.6715157],[135.2424312,34.6716833],[135.2424350,34.6716890],[135.2424022,34.6717063],[135.2423738,34.6716709],[135.2424063,34.6716531],[135.2424093,34.6716578],[135.2426800,34.6715162],[135.2429933,34.6713524],[135.2431205,34.6705900],[135.2431064,34.6705882],[135.2431349,34.6704156],[135.2422466,34.6703130],[135.2416667,34.6702486],[135.2412937,34.6702073],[135.2406274,34.6701351],[135.2401571,34.6700824],[135.2391928,34.6699744],[135.2382142,34.6698661],[135.2374031,34.6697769],[135.2373821,34.6697746],[135.2363172,34.6696573],[135.2357501,34.6695951],[135.2348284,34.6694937],[135.2345246,34.6694617],[135.2343034,34.6694393],[135.2342369,34.6694327],[135.2341361,34.6694224],[135.2340899,34.6695126],[135.2340490,34.6695914],[135.2336106,34.6705751],[135.2334020,34.6710487],[135.2333333,34.6710277],[135.2307727,34.6702447],[135.2289336,34.6696949],[135.2280812,34.6694345],[135.2270855,34.6691303],[135.2253585,34.6686026],[135.2250000,34.6684931],[135.2211220,34.6673089],[135.2211117,34.6673250],[135.2209921,34.6672870],[135.2209352,34.6673836],[135.2209194,34.6673780],[135.2195977,34.6695806],[135.2196134,34.6695872],[135.2195664,34.6696570],[135.2212808,34.6701791],[135.2234167,34.6708238],[135.2250000,34.6713108],[135.2253888,34.6714304],[135.2260652,34.6716390],[135.2281117,34.6722703],[135.2318863,34.6734344],[135.2317247,34.6737523],[135.2300276,34.6747004],[135.2294873,34.6750000],[135.2281490,34.6757419],[135.2280220,34.6758124],[135.2254274,34.6750315],[135.2253220,34.6750000],[135.2250000,34.6749038],[135.2244556,34.6747413],[135.2177751,34.6726779],[135.2177412,34.6728584],[135.2166764,34.6746315],[135.2166667,34.6746481],[135.2165787,34.6747987],[135.2165275,34.6748863],[135.2163835,34.6750000],[135.2163136,34.6750552],[135.2166667,34.6751617],[135.2169918,34.6752598],[135.2176200,34.6754525],[135.2180826,34.6755936],[135.2193981,34.6759934],[135.2200576,34.6761999],[135.2204181,34.6763071],[135.2208466,34.6764384],[135.2212999,34.6765776],[135.2218035,34.6767326],[135.2223875,34.6769108],[135.2250000,34.6777251],[135.2254579,34.6778679],[135.2255231,34.6778882],[135.2254596,34.6780291],[135.2253338,34.6783080],[135.2250000,34.6785865],[135.2228081,34.6804153],[135.2227943,34.6804282],[135.2199988,34.6827792],[135.2177327,34.6824405],[135.2177281,34.6824559],[135.2166667,34.6822961],[135.2156150,34.6821378],[135.2156148,34.6821139],[135.2135214,34.6818172],[135.2135292,34.6817665],[135.2102922,34.6812894],[135.2104357,34.6806310],[135.2103093,34.6806056],[135.2100115,34.6804610],[135.2099630,34.6804376],[135.2099342,34.6804224],[135.2098492,34.6803770],[135.2097597,34.6803257],[135.2097308,34.6803089],[135.2096351,34.6802508],[135.2095994,34.6802284],[135.2094981,34.6801643],[135.2093974,34.6800950],[135.2093742,34.6800782],[135.2092182,34.6799622],[135.2092443,34.6799367],[135.2094010,34.6800532],[135.2094236,34.6800697],[135.2095232,34.6801382],[135.2096239,34.6802019],[135.2096592,34.6802240],[135.2097544,34.6802817],[135.2097829,34.6802984],[135.2098717,34.6803492],[135.2099560,34.6803943],[135.2099841,34.6804090],[135.2100319,34.6804323],[135.2103475,34.6805855],[135.2104318,34.6801716],[135.2107028,34.6789392],[135.2089192,34.6780506],[135.2083333,34.6777581],[135.2064803,34.6768328],[135.2063373,34.6769323],[135.2051501,34.6777579],[135.2063533,34.6784488],[135.2068199,34.6787168],[135.2067598,34.6787921],[135.2063544,34.6785593],[135.2051161,34.6778482],[135.2051031,34.6778682],[135.2050533,34.6778369],[135.2047934,34.6780170],[135.2045111,34.6778550],[135.2044257,34.6778087],[135.2043920,34.6777827],[135.2044680,34.6776934],[135.2042245,34.6775349],[135.2042049,34.6775234],[135.2041150,34.6776285],[135.2036278,34.6773524],[135.2032266,34.6771253],[135.2033025,34.6770312],[135.2024687,34.6765398],[135.2021548,34.6763517],[135.2020285,34.6762657],[135.2019862,34.6762259],[135.2019551,34.6761889],[135.2019132,34.6761435],[135.2018869,34.6761023],[135.2017851,34.6759492],[135.2016094,34.6756529],[135.2015831,34.6755899],[135.2015592,34.6755300],[135.2015430,34.6754626],[135.2015286,34.6754006],[135.2015226,34.6753427],[135.2015175,34.6752832],[135.2015205,34.6752134],[135.2015301,34.6751241],[135.2015386,34.6750000],[135.2015957,34.6741688],[135.2016405,34.6741709],[135.2015834,34.6750000],[135.2015747,34.6751267],[135.2015652,34.6752157],[135.2015624,34.6752825],[135.2015672,34.6753398],[135.2015729,34.6753955],[135.2015869,34.6754555],[135.2016025,34.6755206],[135.2016256,34.6755780],[135.2016509,34.6756387],[135.2018247,34.6759321],[135.2019263,34.6760847],[135.2019511,34.6761236],[135.2019913,34.6761671],[135.2020216,34.6762032],[135.2020598,34.6762390],[135.2021822,34.6763224],[135.2024949,34.6765099],[135.2033265,34.6770000],[135.2036204,34.6766538],[135.2042457,34.6759172],[135.2036075,34.6754168],[135.2030759,34.6750000],[135.2029444,34.6748969],[135.2027296,34.6747285],[135.2027866,34.6737897],[135.2015954,34.6737446],[135.2016017,34.6736414],[135.2014420,34.6736293]]],[[[135.2022425,34.6535299],[135.2023915,34.6533857],[135.2043531,34.6514517],[135.2044338,34.6515072],[135.2042223,34.6517140],[135.2041936,34.6516946],[135.2037635,34.6521166],[135.2029675,34.6529015],[135.2022962,34.6535647],[135.2022425,34.6535299]]],[[[135.2025609,34.6591937],[135.2027546,34.6589683],[135.2030970,34.6589808],[135.2034375,34.6591713],[135.2035514,34.6592349],[135.2034381,34.6592303],[135.2027070,34.6592009],[135.2026286,34.6591964],[135.2025609,34.6591937]]],[[[135.2088632,34.6337624],[135.2089122,34.6333333],[135.2091115,34.6315865],[135.2091119,34.6315824],[135.2091136,34.6315680],[135.2091142,34.6315631],[135.2092767,34.6301386],[135.2109950,34.6294166],[135.2148026,34.6305401],[135.2166667,34.6306860],[135.2247354,34.6313172],[135.2250000,34.6313379],[135.2270712,34.6314999],[135.2283726,34.6306269],[135.2286336,34.6306493],[135.2296859,34.6317084],[135.2333333,34.6319866],[135.2377277,34.6323218],[135.2387111,34.6323968],[135.2404921,34.6331062],[135.2404661,34.6333333],[135.2403891,34.6340064],[135.2403873,34.6340225],[135.2402938,34.6348397],[135.2384908,34.6352651],[135.2382332,34.6375093],[135.2381926,34.6376548],[135.2381282,34.6378423],[135.2378588,34.6383614],[135.2365492,34.6408089],[135.2362896,34.6412940],[135.2361608,34.6415151],[135.2361167,34.6415710],[135.2360015,34.6416578],[135.2359800,34.6416667],[135.2358727,34.6417109],[135.2356999,34.6417277],[135.2349059,34.6416667],[135.2333333,34.6415457],[135.2319702,34.6414409],[135.2321023,34.6402572],[135.2287887,34.6400108],[135.2287811,34.6400102],[135.2287562,34.6400084],[135.2287389,34.6400071],[135.2287278,34.6400062],[135.2286671,34.6400017],[135.2279829,34.6399508],[135.2278439,34.6411317],[135.2271986,34.6410809],[135.2271843,34.6411498],[135.2264795,34.6410897],[135.2257761,34.6410342],[135.2250000,34.6409739],[135.2248327,34.6409608],[135.2240264,34.6408969],[135.2239208,34.6408896],[135.2239270,34.6408236],[135.2208675,34.6405829],[135.2195543,34.6404811],[135.2195533,34.6404893],[135.2195501,34.6405154],[135.2195921,34.6405538],[135.2194804,34.6406281],[135.2190076,34.6405960],[135.2183926,34.6405452],[135.2183101,34.6404489],[135.2182914,34.6404202],[135.2169918,34.6403185],[135.2169606,34.6403446],[135.2168742,34.6404042],[135.2166667,34.6403880],[135.2164465,34.6403707],[135.2163700,34.6402964],[135.2163410,34.6402711],[135.2157097,34.6402235],[135.2157134,34.6401892],[135.2155352,34.6401740],[135.2153623,34.6401601],[135.2142762,34.6400730],[135.2142772,34.6400644],[135.2137401,34.6400222],[135.2135165,34.6399998],[135.2133402,34.6399634],[135.2131606,34.6399103],[135.2130115,34.6398319],[135.2129335,34.6397731],[135.2127946,34.6396388],[135.2126963,34.6395185],[135.2126082,34.6393758],[135.2099694,34.6354884],[135.2089954,34.6340534],[135.2089005,34.6339051],[135.2088734,34.6338547],[135.2088666,34.6338072],[135.2088632,34.6337624]]],[[[135.2217077,34.6814694],[135.2217085,34.6814359],[135.2224716,34.6814486],[135.2224718,34.6814393],[135.2229362,34.6814470],[135.2229340,34.6815360],[135.2227805,34.6815334],[135.2227819,34.6814718],[135.2224755,34.6814667],[135.2224751,34.6814822],[135.2217077,34.6814694]]],[[[135.2240453,34.6907951],[135.2240803,34.6904819],[135.2241476,34.6904857],[135.2241129,34.6908023],[135.2240453,34.6907951]]],[[[135.2240814,34.6904706],[135.2241164,34.6901549],[135.2241842,34.6901572],[135.2241492,34.6904733],[135.2240814,34.6904706]]],[[[135.2241175,34.6901432],[135.2241523,34.6898273],[135.2242201,34.6898308],[135.2241850,34.6901474],[135.2241175,34.6901432]]],[[[135.2241535,34.6898149],[135.2241885,34.6895010],[135.2242562,34.6895042],[135.2242212,34.6898201],[135.2241535,34.6898149]]],[[[135.2241901,34.6894873],[135.2242244,34.6891726],[135.2242923,34.6891760],[135.2242574,34.6894915],[135.2241901,34.6894873]]],[[[135.2322196,34.6849579],[135.2322343,34.6848740],[135.2322758,34.6848785],[135.2333333,34.6849960],[135.2340752,34.6850784],[135.2342759,34.6851009],[135.2352016,34.6852045],[135.2356744,34.6852534],[135.2405039,34.6857846],[135.2404853,34.6858997],[135.2402955,34.6858819],[135.2402983,34.6858519],[135.2356612,34.6853409],[135.2336028,34.6851115],[135.2335547,34.6851062],[135.2333333,34.6850816],[135.2322196,34.6849579]]],[[[135.2323068,34.6857609],[135.2323124,34.6857019],[135.2323250,34.6856949],[135.2323950,34.6857001],[135.2324037,34.6857089],[135.2323978,34.6857656],[135.2323907,34.6857730],[135.2323157,34.6857678],[135.2323068,34.6857609]]],[[[135.2330593,34.6859042],[135.2330686,34.6858590],[135.2330739,34.6858543],[135.2331371,34.6858614],[135.2331432,34.6858648],[135.2331327,34.6859169],[135.2331160,34.6859196],[135.2330719,34.6859141],[135.2330593,34.6859042]]],[[[135.2337093,34.6859751],[135.2337159,34.6859290],[135.2337229,34.6859250],[135.2337857,34.6859303],[135.2337908,34.6859348],[135.2337814,34.6859834],[135.2337654,34.6859883],[135.2337233,34.6859845],[135.2337093,34.6859751]]],[[[135.2344688,34.6859958],[135.2344776,34.6859411],[135.2344860,34.6859353],[135.2345625,34.6859413],[135.2345669,34.6859478],[135.2345618,34.6860044],[135.2345482,34.6860141],[135.2344770,34.6860058],[135.2344688,34.6859958]]],[[[135.2352224,34.6861427],[135.2352310,34.6860966],[135.2352411,34.6860944],[135.2352935,34.6861001],[135.2353001,34.6861040],[135.2352912,34.6861550],[135.2352758,34.6861589],[135.2352331,34.6861550],[135.2352224,34.6861427]]],[[[135.2358654,34.6862222],[135.2358805,34.6861644],[135.2359496,34.6861735],[135.2359350,34.6862307],[135.2358654,34.6862222]]],[[[135.2366249,34.6862420],[135.2366349,34.6861719],[135.2367282,34.6861826],[135.2367178,34.6862487],[135.2366249,34.6862420]]],[[[135.2373778,34.6863955],[135.2373897,34.6863399],[135.2374647,34.6863455],[135.2374551,34.6864006],[135.2373778,34.6863955]]],[[[135.2380271,34.6864618],[135.2380399,34.6864049],[135.2381153,34.6864105],[135.2381063,34.6864667],[135.2380271,34.6864618]]],[[[135.2388003,34.6864846],[135.2388128,34.6864164],[135.2389052,34.6864244],[135.2388959,34.6864918],[135.2388003,34.6864846]]],[[[135.2448671,34.6697563],[135.2465642,34.6678567],[135.2466660,34.6679208],[135.2449677,34.6698173],[135.2448671,34.6697563]]],[[[135.2495280,34.6508858],[135.2495300,34.6508057],[135.2496986,34.6508084],[135.2500000,34.6508141],[135.2501833,34.6508176],[135.2516489,34.6508453],[135.2516475,34.6509263],[135.2501759,34.6508994],[135.2500000,34.6508954],[135.2496994,34.6508885],[135.2495280,34.6508858]]],[[[135.2522058,34.6933007],[135.2523579,34.6923460],[135.2524678,34.6916667],[135.2529050,34.6889745],[135.2529423,34.6887599],[135.2529693,34.6885318],[135.2527032,34.6884958],[135.2527712,34.6880531],[135.2529043,34.6873495],[135.2530831,34.6862232],[135.2532461,34.6852496],[135.2532919,34.6849588],[135.2534080,34.6842206],[135.2535515,34.6833333],[135.2539136,34.6810959],[135.2541263,34.6797921],[135.2543972,34.6780847],[135.2544631,34.6777611],[135.2570933,34.6780642],[135.2583333,34.6782009],[135.2585645,34.6782264],[135.2623206,34.6786355],[135.2637303,34.6788034],[135.2661206,34.6790723],[135.2660949,34.6792152],[135.2666667,34.6792801],[135.2691261,34.6795594],[135.2693385,34.6795851],[135.2697276,34.6796273],[135.2701289,34.6796759],[135.2703286,34.6796957],[135.2703603,34.6797023],[135.2707306,34.6797412],[135.2714903,34.6798288],[135.2718437,34.6798691],[135.2719389,34.6798799],[135.2724952,34.6799425],[135.2732576,34.6800278],[135.2734685,34.6800513],[135.2739086,34.6800910],[135.2746811,34.6801668],[135.2749579,34.6801949],[135.2749682,34.6801302],[135.2750000,34.6801336],[135.2755218,34.6801905],[135.2766307,34.6803127],[135.2769334,34.6803433],[135.2769351,34.6803290],[135.2768784,34.6803251],[135.2768802,34.6803151],[135.2767131,34.6803019],[135.2767123,34.6803121],[135.2766436,34.6803061],[135.2766432,34.6802709],[135.2766562,34.6802716],[135.2766580,34.6801910],[135.2767369,34.6801955],[135.2767361,34.6802120],[135.2769173,34.6802299],[135.2769516,34.6802304],[135.2769547,34.6801866],[135.2778620,34.6802852],[135.2793871,34.6804573],[135.2804180,34.6805757],[135.2820154,34.6807499],[135.2833333,34.6809003],[135.2845258,34.6810362],[135.2898140,34.6816244],[135.2905051,34.6817036],[135.2903780,34.6824470],[135.2902334,34.6833333],[135.2902127,34.6834603],[135.2900230,34.6846427],[135.2900169,34.6846761],[135.2899645,34.6849654],[135.2898971,34.6853863],[135.2898227,34.6858426],[135.2897538,34.6862555],[135.2896776,34.6866947],[135.2895921,34.6872106],[135.2895221,34.6876668],[135.2895095,34.6877697],[135.2894842,34.6879276],[135.2894702,34.6880297],[135.2880026,34.6882457],[135.2846047,34.6887623],[135.2835554,34.6889229],[135.2833333,34.6889575],[135.2823134,34.6891167],[135.2818031,34.6891961],[135.2800278,34.6894651],[135.2790523,34.6896135],[135.2787697,34.6896694],[135.2784555,34.6916667],[135.2783331,34.6924449],[135.2792823,34.6923016],[135.2801555,34.6921717],[135.2818684,34.6919018],[135.2833333,34.6916876],[135.2834763,34.6916667],[135.2840927,34.6915765],[135.2848749,34.6914602],[135.2854122,34.6913777],[135.2860952,34.6912762],[135.2869666,34.6911398],[135.2877868,34.6910141],[135.2885276,34.6909031],[135.2889437,34.6908536],[135.2889629,34.6908509],[135.2889732,34.6908503],[135.2889780,34.6908507],[135.2889813,34.6908527],[135.2889831,34.6908550],[135.2889841,34.6908574],[135.2889842,34.6908612],[135.2891036,34.6908717],[135.2889729,34.6916667],[135.2888312,34.6925291],[135.2885653,34.6941723],[135.2883640,34.6953924],[135.2882744,34.6959498],[135.2881583,34.6966677],[135.2880365,34.6966537],[135.2880192,34.6967572],[135.2864429,34.6967375],[135.2857790,34.6967365],[135.2857786,34.6967832],[135.2857764,34.6970505],[135.2853689,34.6970442],[135.2851245,34.6970423],[135.2849596,34.6970404],[135.2849595,34.6970327],[135.2845611,34.6970307],[135.2840036,34.6970215],[135.2835537,34.6970162],[135.2833333,34.6970125],[135.2832091,34.6970105],[135.2832043,34.6971734],[135.2832056,34.6972086],[135.2832054,34.6973357],[135.2831110,34.6973351],[135.2827664,34.6973314],[135.2824515,34.6973242],[135.2822841,34.6973185],[135.2820920,34.6973155],[135.2817001,34.6973051],[135.2814168,34.6973002],[135.2813989,34.6973003],[135.2813980,34.6973234],[135.2813952,34.6974414],[135.2813897,34.6976095],[135.2806560,34.6977057],[135.2795246,34.6978569],[135.2783981,34.6980042],[135.2777496,34.6980914],[135.2762196,34.6982899],[135.2760893,34.6983067],[135.2750000,34.6984471],[135.2740302,34.6985781],[135.2728486,34.6987401],[135.2727686,34.6987536],[135.2727255,34.6985061],[135.2726909,34.6983330],[135.2726600,34.6981782],[135.2725020,34.6973880],[135.2723568,34.6965631],[135.2720318,34.6965270],[135.2714048,34.6964574],[135.2701443,34.6963184],[135.2693138,34.6962286],[135.2683960,34.6961231],[135.2684045,34.6960793],[135.2681038,34.6960359],[135.2680942,34.6960916],[135.2673558,34.6960146],[135.2666667,34.6959409],[135.2653422,34.6957997],[135.2648164,34.6967648],[135.2642542,34.6977928],[135.2641728,34.6977637],[135.2641606,34.6977814],[135.2638082,34.6976496],[135.2634509,34.6975160],[135.2629831,34.6973359],[135.2617674,34.6968803],[135.2600724,34.6962495],[135.2595147,34.6960429],[135.2587895,34.6957637],[135.2583333,34.6955943],[135.2540033,34.6939867],[135.2522172,34.6933159],[135.2522058,34.6933007]]],[[[135.2538250,34.6687936],[135.2539350,34.6687474],[135.2542316,34.6691795],[135.2544393,34.6694840],[135.2545895,34.6696909],[135.2549922,34.6702745],[135.2550921,34.6704055],[135.2552557,34.6706016],[135.2554865,34.6708452],[135.2560248,34.6712719],[135.2561934,34.6713793],[135.2562716,34.6714205],[135.2563225,34.6714461],[135.2566709,34.6716156],[135.2571100,34.6717873],[135.2571730,34.6718102],[135.2572093,34.6718219],[135.2572757,34.6718404],[135.2573624,34.6718608],[135.2574157,34.6718718],[135.2575463,34.6718963],[135.2576253,34.6719097],[135.2577636,34.6719317],[135.2579892,34.6719651],[135.2581217,34.6719836],[135.2583333,34.6720121],[135.2583475,34.6720141],[135.2587528,34.6720661],[135.2591873,34.6721196],[135.2594330,34.6721491],[135.2598397,34.6721970],[135.2605412,34.6722778],[135.2618192,34.6724211],[135.2632062,34.6725731],[135.2639961,34.6726585],[135.2653097,34.6727994],[135.2666667,34.6729433],[135.2675895,34.6730411],[135.2702703,34.6733223],[135.2717717,34.6734787],[135.2750000,34.6738509],[135.2791471,34.6743289],[135.2833333,34.6747938],[135.2851906,34.6750000],[135.2909059,34.6756347],[135.2916667,34.6757191],[135.2936235,34.6759363],[135.2957925,34.6761901],[135.2957814,34.6762588],[135.2936244,34.6760162],[135.2916667,34.6757989],[135.2909069,34.6757146],[135.2844468,34.6750000],[135.2833333,34.6748768],[135.2784304,34.6743345],[135.2750000,34.6739390],[135.2717727,34.6735670],[135.2702571,34.6734091],[135.2675761,34.6731279],[135.2666667,34.6730314],[135.2652961,34.6728861],[135.2639824,34.6727453],[135.2631923,34.6726598],[135.2618051,34.6725077],[135.2605268,34.6723644],[135.2598249,34.6722836],[135.2594180,34.6722356],[135.2591719,34.6722060],[135.2587368,34.6721525],[135.2583333,34.6721007],[135.2581043,34.6720699],[135.2579711,34.6720513],[135.2577442,34.6720177],[135.2576046,34.6719954],[135.2575239,34.6719817],[135.2573911,34.6719569],[135.2573351,34.6719453],[135.2572442,34.6719240],[135.2571731,34.6719041],[135.2571324,34.6718910],[135.2570674,34.6718674],[135.2569177,34.6718061],[135.2567848,34.6717481],[135.2566349,34.6716794],[135.2565281,34.6716311],[135.2563807,34.6715614],[135.2561853,34.6714536],[135.2561262,34.6714152],[135.2559787,34.6713297],[135.2555998,34.6710496],[135.2552866,34.6707520],[135.2550820,34.6705208],[135.2549960,34.6704055],[135.2549180,34.6703049],[135.2549326,34.6702978],[135.2545458,34.6697494],[135.2543602,34.6694893],[135.2541042,34.6691221],[135.2539318,34.6688766],[135.2538907,34.6688925],[135.2538250,34.6687936]]],[[[135.2547508,34.6488289],[135.2550263,34.6487007],[135.2552262,34.6486045],[135.2555526,34.6484495],[135.2559490,34.6482605],[135.2559900,34.6483160],[135.2555894,34.6485038],[135.2552603,34.6486633],[135.2550542,34.6487606],[135.2547897,34.6488835],[135.2547508,34.6488289]]],[[[135.2745355,34.6654170],[135.2747720,34.6638488],[135.2750000,34.6624462],[135.2750114,34.6623760],[135.2750846,34.6619898],[135.2753747,34.6601401],[135.2756634,34.6583333],[135.2756703,34.6582903],[135.2759772,34.6564592],[135.2762729,34.6546188],[135.2765685,34.6527737],[135.2768079,34.6513009],[135.2801922,34.6513521],[135.2828473,34.6514103],[135.2825601,34.6531972],[135.2823596,34.6544156],[135.2822257,34.6552315],[135.2821068,34.6560495],[135.2819679,34.6568654],[135.2818340,34.6576875],[135.2817254,34.6583333],[135.2816976,34.6584993],[135.2815637,34.6593110],[135.2814297,34.6601311],[135.2812958,34.6609511],[135.2811744,34.6617608],[135.2810630,34.6623691],[135.2806519,34.6648912],[135.2804576,34.6660755],[135.2770052,34.6656800],[135.2750000,34.6654665],[135.2745355,34.6654170]]],[[[135.2922085,34.7120333],[135.2922396,34.7118391],[135.2922531,34.7117027],[135.2922642,34.7115916],[135.2923749,34.7109052],[135.2924227,34.7106214],[135.2925031,34.7103006],[135.2923434,34.7102422],[135.2923642,34.7101727],[135.2924103,34.7100187],[135.2924388,34.7099234],[135.2924719,34.7099168],[135.2925620,34.7099474],[135.2925604,34.7098546],[135.2925955,34.7094453],[135.2926409,34.7091637],[135.2926966,34.7087699],[135.2927680,34.7083333],[135.2927887,34.7082063],[135.2928492,34.7078925],[135.2929178,34.7075463],[135.2929747,34.7072464],[135.2930356,34.7068564],[135.2931201,34.7062693],[135.2932161,34.7056361],[135.2932888,34.7051688],[135.2933515,34.7047276],[135.2936410,34.7045377],[135.2939542,34.7045686],[135.2941778,34.7045906],[135.2946392,34.7046417],[135.2951401,34.7046959],[135.2954676,34.7047321],[135.2961949,34.7048241],[135.2965896,34.7048756],[135.2969091,34.7049202],[135.2969669,34.7049282],[135.2971495,34.7049536],[135.2979559,34.7050389],[135.2983788,34.7050795],[135.2988422,34.7051250],[135.2990062,34.7051476],[135.2997103,34.7052246],[135.3000000,34.7052539],[135.3009324,34.7053485],[135.3011996,34.7053788],[135.3017137,34.7054457],[135.3022783,34.7055113],[135.3029406,34.7055687],[135.3035355,34.7056323],[135.3040712,34.7056994],[135.3042942,34.7059218],[135.3042496,34.7063954],[135.3041826,34.7071187],[135.3041181,34.7079543],[135.3040815,34.7083333],[135.3040499,34.7086611],[135.3039688,34.7097442],[135.3039482,34.7099848],[135.3038589,34.7104841],[135.3038068,34.7109648],[135.3037849,34.7111761],[135.3037624,34.7114516],[135.3037540,34.7116116],[135.3037538,34.7116144],[135.3037237,34.7119039],[135.3037126,34.7120100],[135.3037103,34.7120347],[135.3036945,34.7121731],[135.3036588,34.7124882],[135.3037248,34.7124910],[135.3036286,34.7134551],[135.3035460,34.7142909],[135.3035052,34.7147033],[135.3034819,34.7149386],[135.3033094,34.7166667],[135.3032884,34.7168768],[135.3000000,34.7173631],[135.2983934,34.7176007],[135.2969334,34.7185856],[135.2947835,34.7185805],[135.2945902,34.7185705],[135.2945716,34.7185695],[135.2945491,34.7185683],[135.2942237,34.7185109],[135.2941149,34.7184655],[135.2937798,34.7183253],[135.2938689,34.7176138],[135.2941005,34.7172206],[135.2944267,34.7166667],[135.2950989,34.7155254],[135.2940762,34.7151180],[135.2933014,34.7148093],[135.2932920,34.7147843],[135.2929291,34.7138278],[135.2928751,34.7136637],[135.2923814,34.7124934],[135.2922085,34.7120333]]]]},"properties":{"uri":"https://uedayou.net/loa/兵庫県神戸市","name":"兵庫県神戸市","prefecture":"兵庫県","municipality":"神戸市","notation":"兵庫県神戸市"}}