{"type":"FeatureCollection","features":[{"type":"Feature","geometry":{"type":"Point","coordinates":[135.17693,34.68112]},"properties":{"layer":"two_stage_required_sign","city":"神戸市","title":"二段階右折 指定（標識あり）","detail":"「原動機付自転車の右折方法（二段階）」の標識。車線数に関係なく二段階右折が必要。","cond":"","src":"兵庫県警/JARTIC交通規制情報","uk":"28000000000000000000012221400001","confidence":"sign"}},{"type":"Feature","geometry":{"type":"Point","coordinates":[135.09681,34.68052]},"properties":{"layer":"two_stage_required_sign","city":"神戸市","title":"二段階右折 指定（標識あり）","detail":"「原動機付自転車の右折方法（二段階）」の標識。車線数に関係なく二段階右折が必要。","cond":"","src":"兵庫県警/JARTIC交通規制情報","uk":"28000000000000000000012222300001","confidence":"sign"}},{"type":"Feature","geometry":{"type":"Point","coordinates":[135.0336,34.73077]},"properties":{"layer":"two_stage_required_sign","city":"神戸市","title":"二段階右折 指定（標識あり）","detail":"「原動機付自転車の右折方法（二段階）」の標識。車線数に関係なく二段階右折が必要。","cond":"","src":"兵庫県警/JARTIC交通規制情報","uk":"28000000000000000000012222600001","confidence":"sign"}},{"type":"Feature","geometry":{"type":"Point","coordinates":[135.27288,34.72222]},"properties":{"layer":"two_stage_forbidden","city":"神戸市","title":"二段階右折 禁止（小回り指定）","detail":"「原動機付自転車の右折方法（小回り）」の標識。車線が多くても普通に右折レーンから右折する。","cond":"","src":"兵庫県警/JARTIC交通規制情報","uk":"28000000000000000000012223200001","confidence":"sign"}},{"type":"Feature","geometry":{"type":"Point","coordinates":[135.26897,34.72115]},"properties":{"layer":"two_stage_forbidden","city":"神戸市","title":"二段階右折 禁止（小回り指定）","detail":"「原動機付自転車の右折方法（小回り）」の標識。車線が多くても普通に右折レーンから右折する。","cond":"","src":"兵庫県警/JARTIC交通規制情報","uk":"28000000000000000000012223300001","confidence":"sign"}},{"type":"Feature","geometry":{"type":"Point","coordinates":[135.25269,34.71658]},"properties":{"layer":"two_stage_forbidden","city":"神戸市","title":"二段階右折 禁止（小回り指定）","detail":"「原動機付自転車の右折方法（小回り）」の標識。車線が多くても普通に右折レーンから右折する。","cond":"","src":"兵庫県警/JARTIC交通規制情報","uk":"28000000000000000000012223700001","confidence":"sign"}},{"type":"Feature","geometry":{"type":"Point","coordinates":[135.29279,34.72109]},"properties":{"layer":"two_stage_forbidden","city":"神戸市","title":"二段階右折 禁止（小回り指定）","detail":"「原動機付自転車の右折方法（小回り）」の標識。車線が多くても普通に右折レーンから右折する。","cond":"","src":"兵庫県警/JARTIC交通規制情報","uk":"28000000000000000000012224100001","confidence":"sign"}},{"type":"Feature","geometry":{"type":"Point","coordinates":[135.24948,34.7208]},"properties":{"layer":"two_stage_forbidden","city":"神戸市","title":"二段階右折 禁止（小回り指定）","detail":"「原動機付自転車の右折方法（小回り）」の標識。車線が多くても普通に右折レーンから右折する。","cond":"","src":"兵庫県警/JARTIC交通規制情報","uk":"28000000000000000000012224200001","confidence":"sign"}},{"type":"Feature","geometry":{"type":"Point","coordinates":[135.25078,34.72117]},"properties":{"layer":"two_stage_forbidden","city":"神戸市","title":"二段階右折 禁止（小回り指定）","detail":"「原動機付自転車の右折方法（小回り）」の標識。車線が多くても普通に右折レーンから右折する。","cond":"","src":"兵庫県警/JARTIC交通規制情報","uk":"28000000000000000000012224300001","confidence":"sign"}},{"type":"Feature","geometry":{"type":"Point","coordinates":[135.25238,34.72142]},"properties":{"layer":"two_stage_forbidden","city":"神戸市","title":"二段階右折 禁止（小回り指定）","detail":"「原動機付自転車の右折方法（小回り）」の標識。車線が多くても普通に右折レーンから右折する。","cond":"","src":"兵庫県警/JARTIC交通規制情報","uk":"28000000000000000000012224400001","confidence":"sign"}},{"type":"Feature","geometry":{"type":"Point","coordinates":[135.25432,34.72179]},"properties":{"layer":"two_stage_forbidden","city":"神戸市","title":"二段階右折 禁止（小回り指定）","detail":"「原動機付自転車の右折方法（小回り）」の標識。車線が多くても普通に右折レーンから右折する。","cond":"","src":"兵庫県警/JARTIC交通規制情報","uk":"28000000000000000000012224500001","confidence":"sign"}},{"type":"Feature","geometry":{"type":"Point","coordinates":[135.27557,34.7229]},"properties":{"layer":"two_stage_forbidden","city":"神戸市","title":"二段階右折 禁止（小回り指定）","detail":"「原動機付自転車の右折方法（小回り）」の標識。車線が多くても普通に右折レーンから右折する。","cond":"","src":"兵庫県警/JARTIC交通規制情報","uk":"28000000000000000000012224600001","confidence":"sign"}},{"type":"Feature","geometry":{"type":"Point","coordinates":[135.26061,34.70679]},"properties":{"layer":"two_stage_forbidden","city":"神戸市","title":"二段階右折 禁止（小回り指定）","detail":"「原動機付自転車の右折方法（小回り）」の標識。車線が多くても普通に右折レーンから右折する。","cond":"","src":"兵庫県警/JARTIC交通規制情報","uk":"28000000000000000000012224700001","confidence":"sign"}},{"type":"Feature","geometry":{"type":"Point","coordinates":[135.26034,34.70813]},"properties":{"layer":"two_stage_forbidden","city":"神戸市","title":"二段階右折 禁止（小回り指定）","detail":"「原動機付自転車の右折方法（小回り）」の標識。車線が多くても普通に右折レーンから右折する。","cond":"","src":"兵庫県警/JARTIC交通規制情報","uk":"28000000000000000000012224800001","confidence":"sign"}},{"type":"Feature","geometry":{"type":"Point","coordinates":[135.27985,34.72427]},"properties":{"layer":"two_stage_forbidden","city":"神戸市","title":"二段階右折 禁止（小回り指定）","detail":"「原動機付自転車の右折方法（小回り）」の標識。車線が多くても普通に右折レーンから右折する。","cond":"","src":"兵庫県警/JARTIC交通規制情報","uk":"28000000000000000000012224900001","confidence":"sign"}},{"type":"Feature","geometry":{"type":"Point","coordinates":[135.26367,34.72411]},"properties":{"layer":"two_stage_forbidden","city":"神戸市","title":"二段階右折 禁止（小回り指定）","detail":"「原動機付自転車の右折方法（小回り）」の標識。車線が多くても普通に右折レーンから右折する。","cond":"","src":"兵庫県警/JARTIC交通規制情報","uk":"28000000000000000000012225000001","confidence":"sign"}},{"type":"Feature","geometry":{"type":"Point","coordinates":[135.26334,34.72394]},"properties":{"layer":"two_stage_forbidden","city":"神戸市","title":"二段階右折 禁止（小回り指定）","detail":"「原動機付自転車の右折方法（小回り）」の標識。車線が多くても普通に右折レーンから右折する。","cond":"","src":"兵庫県警/JARTIC交通規制情報","uk":"28000000000000000000012225100001","confidence":"sign"}},{"type":"Feature","geometry":{"type":"Point","coordinates":[135.28658,34.72644]},"properties":{"layer":"two_stage_forbidden","city":"神戸市","title":"二段階右折 禁止（小回り指定）","detail":"「原動機付自転車の右折方法（小回り）」の標識。車線が多くても普通に右折レーンから右折する。","cond":"","src":"兵庫県警/JARTIC交通規制情報","uk":"28000000000000000000012225200001","confidence":"sign"}},{"type":"Feature","geometry":{"type":"Point","coordinates":[135.28654,34.72947]},"properties":{"layer":"two_stage_forbidden","city":"神戸市","title":"二段階右折 禁止（小回り指定）","detail":"「原動機付自転車の右折方法（小回り）」の標識。車線が多くても普通に右折レーンから右折する。","cond":"","src":"兵庫県警/JARTIC交通規制情報","uk":"28000000000000000000012225300001","confidence":"sign"}},{"type":"Feature","geometry":{"type":"Point","coordinates":[135.26456,34.72467]},"properties":{"layer":"two_stage_forbidden","city":"神戸市","title":"二段階右折 禁止（小回り指定）","detail":"「原動機付自転車の右折方法（小回り）」の標識。車線が多くても普通に右折レーンから右折する。","cond":"","src":"兵庫県警/JARTIC交通規制情報","uk":"28000000000000000000012225400001","confidence":"sign"}},{"type":"Feature","geometry":{"type":"Point","coordinates":[135.27026,34.72581]},"properties":{"layer":"two_stage_forbidden","city":"神戸市","title":"二段階右折 禁止（小回り指定）","detail":"「原動機付自転車の右折方法（小回り）」の標識。車線が多くても普通に右折レーンから右折する。","cond":"","src":"兵庫県警/JARTIC交通規制情報","uk":"28000000000000000000012225500001","confidence":"sign"}},{"type":"Feature","geometry":{"type":"Point","coordinates":[135.27841,34.68426]},"properties":{"layer":"two_stage_forbidden","city":"神戸市","title":"二段階右折 禁止（小回り指定）","detail":"「原動機付自転車の右折方法（小回り）」の標識。車線が多くても普通に右折レーンから右折する。","cond":"","src":"兵庫県警/JARTIC交通規制情報","uk":"28000000000000000000012225600001","confidence":"sign"}},{"type":"Feature","geometry":{"type":"Point","coordinates":[135.27646,34.69461]},"properties":{"layer":"two_stage_forbidden","city":"神戸市","title":"二段階右折 禁止（小回り指定）","detail":"「原動機付自転車の右折方法（小回り）」の標識。車線が多くても普通に右折レーンから右折する。","cond":"","src":"兵庫県警/JARTIC交通規制情報","uk":"28000000000000000000012225700001","confidence":"sign"}},{"type":"Feature","geometry":{"type":"Point","coordinates":[135.26865,34.69407]},"properties":{"layer":"two_stage_forbidden","city":"神戸市","title":"二段階右折 禁止（小回り指定）","detail":"「原動機付自転車の右折方法（小回り）」の標識。車線が多くても普通に右折レーンから右折する。","cond":"","src":"兵庫県警/JARTIC交通規制情報","uk":"28000000000000000000012225800001","confidence":"sign"}},{"type":"Feature","geometry":{"type":"Point","coordinates":[135.26055,34.6923]},"properties":{"layer":"two_stage_forbidden","city":"神戸市","title":"二段階右折 禁止（小回り指定）","detail":"「原動機付自転車の右折方法（小回り）」の標識。車線が多くても普通に右折レーンから右折する。","cond":"","src":"兵庫県警/JARTIC交通規制情報","uk":"28000000000000000000012225900001","confidence":"sign"}},{"type":"Feature","geometry":{"type":"Point","coordinates":[135.26207,34.68256]},"properties":{"layer":"two_stage_forbidden","city":"神戸市","title":"二段階右折 禁止（小回り指定）","detail":"「原動機付自転車の右折方法（小回り）」の標識。車線が多くても普通に右折レーンから右折する。","cond":"","src":"兵庫県警/JARTIC交通規制情報","uk":"28000000000000000000012226000001","confidence":"sign"}},{"type":"Feature","geometry":{"type":"Point","coordinates":[135.27748,34.68858]},"properties":{"layer":"two_stage_forbidden","city":"神戸市","title":"二段階右折 禁止（小回り指定）","detail":"「原動機付自転車の右折方法（小回り）」の標識。車線が多くても普通に右折レーンから右折する。","cond":"","src":"兵庫県警/JARTIC交通規制情報","uk":"28000000000000000000018643400001","confidence":"sign"}},{"type":"Feature","geometry":{"type":"Point","coordinates":[135.22632,34.70745]},"properties":{"layer":"two_stage_forbidden","city":"神戸市","title":"二段階右折 禁止（小回り指定）","detail":"「原動機付自転車の右折方法（小回り）」の標識。車線が多くても普通に右折レーンから右折する。","cond":"","src":"兵庫県警/JARTIC交通規制情報","uk":"28000000000000000000012226200001","confidence":"sign"}},{"type":"Feature","geometry":{"type":"Point","coordinates":[135.22468,34.70397]},"properties":{"layer":"two_stage_forbidden","city":"神戸市","title":"二段階右折 禁止（小回り指定）","detail":"「原動機付自転車の右折方法（小回り）」の標識。車線が多くても普通に右折レーンから右折する。","cond":"","src":"兵庫県警/JARTIC交通規制情報","uk":"28000000000000000000012226300001","confidence":"sign"}},{"type":"Feature","geometry":{"type":"Point","coordinates":[135.21776,34.70938]},"properties":{"layer":"two_stage_forbidden","city":"神戸市","title":"二段階右折 禁止（小回り指定）","detail":"「原動機付自転車の右折方法（小回り）」の標識。車線が多くても普通に右折レーンから右折する。","cond":"","src":"兵庫県警/JARTIC交通規制情報","uk":"28000000000000000000012226400001","confidence":"sign"}},{"type":"Feature","geometry":{"type":"Point","coordinates":[135.21592,34.70755]},"properties":{"layer":"two_stage_forbidden","city":"神戸市","title":"二段階右折 禁止（小回り指定）","detail":"「原動機付自転車の右折方法（小回り）」の標識。車線が多くても普通に右折レーンから右折する。","cond":"","src":"兵庫県警/JARTIC交通規制情報","uk":"28000000000000000000012226500001","confidence":"sign"}},{"type":"Feature","geometry":{"type":"Point","coordinates":[135.24165,34.71276]},"properties":{"layer":"two_stage_forbidden","city":"神戸市","title":"二段階右折 禁止（小回り指定）","detail":"「原動機付自転車の右折方法（小回り）」の標識。車線が多くても普通に右折レーンから右折する。","cond":"","src":"兵庫県警/JARTIC交通規制情報","uk":"28000000000000000000012226600001","confidence":"sign"}},{"type":"Feature","geometry":{"type":"Point","coordinates":[135.21586,34.70731]},"properties":{"layer":"two_stage_forbidden","city":"神戸市","title":"二段階右折 禁止（小回り指定）","detail":"「原動機付自転車の右折方法（小回り）」の標識。車線が多くても普通に右折レーンから右折する。","cond":"","src":"兵庫県警/JARTIC交通規制情報","uk":"28000000000000000000012226700001","confidence":"sign"}},{"type":"Feature","geometry":{"type":"Point","coordinates":[135.22477,34.71286]},"properties":{"layer":"two_stage_forbidden","city":"神戸市","title":"二段階右折 禁止（小回り指定）","detail":"「原動機付自転車の右折方法（小回り）」の標識。車線が多くても普通に右折レーンから右折する。","cond":"","src":"兵庫県警/JARTIC交通規制情報","uk":"28000000000000000000012226900001","confidence":"sign"}},{"type":"Feature","geometry":{"type":"Point","coordinates":[135.21464,34.70633]},"properties":{"layer":"two_stage_forbidden","city":"神戸市","title":"二段階右折 禁止（小回り指定）","detail":"「原動機付自転車の右折方法（小回り）」の標識。車線が多くても普通に右折レーンから右折する。","cond":"","src":"兵庫県警/JARTIC交通規制情報","uk":"28000000000000000000012227100001","confidence":"sign"}},{"type":"Feature","geometry":{"type":"Point","coordinates":[135.24046,34.72433]},"properties":{"layer":"two_stage_forbidden","city":"神戸市","title":"二段階右折 禁止（小回り指定）","detail":"「原動機付自転車の右折方法（小回り）」の標識。車線が多くても普通に右折レーンから右折する。","cond":"","src":"兵庫県警/JARTIC交通規制情報","uk":"28000000000000000000012227200001","confidence":"sign"}},{"type":"Feature","geometry":{"type":"Point","coordinates":[135.24912,34.7155]},"properties":{"layer":"two_stage_forbidden","city":"神戸市","title":"二段階右折 禁止（小回り指定）","detail":"「原動機付自転車の右折方法（小回り）」の標識。車線が多くても普通に右折レーンから右折する。","cond":"","src":"兵庫県警/JARTIC交通規制情報","uk":"28000000000000000000012227300001","confidence":"sign"}},{"type":"Feature","geometry":{"type":"Point","coordinates":[135.22387,34.71237]},"properties":{"layer":"two_stage_forbidden","city":"神戸市","title":"二段階右折 禁止（小回り指定）","detail":"「原動機付自転車の右折方法（小回り）」の標識。車線が多くても普通に右折レーンから右折する。","cond":"","src":"兵庫県警/JARTIC交通規制情報","uk":"28000000000000000000012227400001","confidence":"sign"}},{"type":"Feature","geometry":{"type":"Point","coordinates":[135.22641,34.70226]},"properties":{"layer":"two_stage_forbidden","city":"神戸市","title":"二段階右折 禁止（小回り指定）","detail":"「原動機付自転車の右折方法（小回り）」の標識。車線が多くても普通に右折レーンから右折する。","cond":"","src":"兵庫県警/JARTIC交通規制情報","uk":"28000000000000000000012227500001","confidence":"sign"}},{"type":"Feature","geometry":{"type":"Point","coordinates":[135.22326,34.70138]},"properties":{"layer":"two_stage_forbidden","city":"神戸市","title":"二段階右折 禁止（小回り指定）","detail":"「原動機付自転車の右折方法（小回り）」の標識。車線が多くても普通に右折レーンから右折する。","cond":"","src":"兵庫県警/JARTIC交通規制情報","uk":"28000000000000000000012227600001","confidence":"sign"}},{"type":"Feature","geometry":{"type":"Point","coordinates":[135.2393,34.71192]},"properties":{"layer":"two_stage_forbidden","city":"神戸市","title":"二段階右折 禁止（小回り指定）","detail":"「原動機付自転車の右折方法（小回り）」の標識。車線が多くても普通に右折レーンから右折する。","cond":"","src":"兵庫県警/JARTIC交通規制情報","uk":"28000000000000000000012227800001","confidence":"sign"}},{"type":"Feature","geometry":{"type":"Point","coordinates":[135.22708,34.70003]},"properties":{"layer":"two_stage_forbidden","city":"神戸市","title":"二段階右折 禁止（小回り指定）","detail":"「原動機付自転車の右折方法（小回り）」の標識。車線が多くても普通に右折レーンから右折する。","cond":"","src":"兵庫県警/JARTIC交通規制情報","uk":"28000000000000000000012227900001","confidence":"sign"}},{"type":"Feature","geometry":{"type":"Point","coordinates":[135.21524,34.70911]},"properties":{"layer":"two_stage_forbidden","city":"神戸市","title":"二段階右折 禁止（小回り指定）","detail":"「原動機付自転車の右折方法（小回り）」の標識。車線が多くても普通に右折レーンから右折する。","cond":"","src":"兵庫県警/JARTIC交通規制情報","uk":"28000000000000000000012228000001","confidence":"sign"}},{"type":"Feature","geometry":{"type":"Point","coordinates":[135.22612,34.69662]},"properties":{"layer":"two_stage_forbidden","city":"神戸市","title":"二段階右折 禁止（小回り指定）","detail":"「原動機付自転車の右折方法（小回り）」の標識。車線が多くても普通に右折レーンから右折する。","cond":"","src":"兵庫県警/JARTIC交通規制情報","uk":"28000000000000000000012228100001","confidence":"sign"}},{"type":"Feature","geometry":{"type":"Point","coordinates":[135.22732,34.69808]},"properties":{"layer":"two_stage_forbidden","city":"神戸市","title":"二段階右折 禁止（小回り指定）","detail":"「原動機付自転車の右折方法（小回り）」の標識。車線が多くても普通に右折レーンから右折する。","cond":"","src":"兵庫県警/JARTIC交通規制情報","uk":"28000000000000000000012228200001","confidence":"sign"}},{"type":"Feature","geometry":{"type":"Point","coordinates":[135.22521,34.7053]},"properties":{"layer":"two_stage_forbidden","city":"神戸市","title":"二段階右折 禁止（小回り指定）","detail":"「原動機付自転車の右折方法（小回り）」の標識。車線が多くても普通に右折レーンから右折する。","cond":"","src":"兵庫県警/JARTIC交通規制情報","uk":"28000000000000000000012228300001","confidence":"sign"}},{"type":"Feature","geometry":{"type":"Point","coordinates":[135.23806,34.72825]},"properties":{"layer":"two_stage_forbidden","city":"神戸市","title":"二段階右折 禁止（小回り指定）","detail":"「原動機付自転車の右折方法（小回り）」の標識。車線が多くても普通に右折レーンから右折する。","cond":"","src":"兵庫県警/JARTIC交通規制情報","uk":"28000000000000000000017101900001","confidence":"sign"}},{"type":"Feature","geometry":{"type":"Point","coordinates":[135.19355,34.69454]},"properties":{"layer":"two_stage_forbidden","city":"神戸市","title":"二段階右折 禁止（小回り指定）","detail":"「原動機付自転車の右折方法（小回り）」の標識。車線が多くても普通に右折レーンから右折する。","cond":"","src":"兵庫県警/JARTIC交通規制情報","uk":"28000000000000000000012228400001","confidence":"sign"}},{"type":"Feature","geometry":{"type":"Point","coordinates":[135.19537,34.69153]},"properties":{"layer":"two_stage_forbidden","city":"神戸市","title":"二段階右折 禁止（小回り指定）","detail":"「原動機付自転車の右折方法（小回り）」の標識。車線が多くても普通に右折レーンから右折する。","cond":"","src":"兵庫県警/JARTIC交通規制情報","uk":"28000000000000000000012228500001","confidence":"sign"}},{"type":"Feature","geometry":{"type":"Point","coordinates":[135.19682,34.6894]},"properties":{"layer":"two_stage_forbidden","city":"神戸市","title":"二段階右折 禁止（小回り指定）","detail":"「原動機付自転車の右折方法（小回り）」の標識。車線が多くても普通に右折レーンから右折する。","cond":"","src":"兵庫県警/JARTIC交通規制情報","uk":"28000000000000000000012228600001","confidence":"sign"}},{"type":"Feature","geometry":{"type":"Point","coordinates":[135.19637,34.70501]},"properties":{"layer":"two_stage_forbidden","city":"神戸市","title":"二段階右折 禁止（小回り指定）","detail":"「原動機付自転車の右折方法（小回り）」の標識。車線が多くても普通に右折レーンから右折する。","cond":"","src":"兵庫県警/JARTIC交通規制情報","uk":"28000000000000000000012228900001","confidence":"sign"}},{"type":"Feature","geometry":{"type":"Point","coordinates":[135.19687,34.70437]},"properties":{"layer":"two_stage_forbidden","city":"神戸市","title":"二段階右折 禁止（小回り指定）","detail":"「原動機付自転車の右折方法（小回り）」の標識。車線が多くても普通に右折レーンから右折する。","cond":"","src":"兵庫県警/JARTIC交通規制情報","uk":"28000000000000000000012229000001","confidence":"sign"}},{"type":"Feature","geometry":{"type":"Point","coordinates":[135.19682,34.70578]},"properties":{"layer":"two_stage_forbidden","city":"神戸市","title":"二段階右折 禁止（小回り指定）","detail":"「原動機付自転車の右折方法（小回り）」の標識。車線が多くても普通に右折レーンから右折する。","cond":"","src":"兵庫県警/JARTIC交通規制情報","uk":"28000000000000000000012229200001","confidence":"sign"}},{"type":"Feature","geometry":{"type":"Point","coordinates":[135.19561,34.69109]},"properties":{"layer":"two_stage_forbidden","city":"神戸市","title":"二段階右折 禁止（小回り指定）","detail":"「原動機付自転車の右折方法（小回り）」の標識。車線が多くても普通に右折レーンから右折する。","cond":"","src":"兵庫県警/JARTIC交通規制情報","uk":"28000000000000000000012229300001","confidence":"sign"}},{"type":"Feature","geometry":{"type":"Point","coordinates":[135.21869,34.70016]},"properties":{"layer":"two_stage_forbidden","city":"神戸市","title":"二段階右折 禁止（小回り指定）","detail":"「原動機付自転車の右折方法（小回り）」の標識。車線が多くても普通に右折レーンから右折する。","cond":"","src":"兵庫県警/JARTIC交通規制情報","uk":"28000000000000000000012229400001","confidence":"sign"}},{"type":"Feature","geometry":{"type":"Point","coordinates":[135.2089,34.69579]},"properties":{"layer":"two_stage_forbidden","city":"神戸市","title":"二段階右折 禁止（小回り指定）","detail":"「原動機付自転車の右折方法（小回り）」の標識。車線が多くても普通に右折レーンから右折する。","cond":"","src":"兵庫県警/JARTIC交通規制情報","uk":"28000000000000000000012229500001","confidence":"sign"}},{"type":"Feature","geometry":{"type":"Point","coordinates":[135.20469,34.70301]},"properties":{"layer":"two_stage_forbidden","city":"神戸市","title":"二段階右折 禁止（小回り指定）","detail":"「原動機付自転車の右折方法（小回り）」の標識。車線が多くても普通に右折レーンから右折する。","cond":"","src":"兵庫県警/JARTIC交通規制情報","uk":"28000000000000000000012229700001","confidence":"sign"}},{"type":"Feature","geometry":{"type":"Point","coordinates":[135.20664,34.70376]},"properties":{"layer":"two_stage_forbidden","city":"神戸市","title":"二段階右折 禁止（小回り指定）","detail":"「原動機付自転車の右折方法（小回り）」の標識。車線が多くても普通に右折レーンから右折する。","cond":"","src":"兵庫県警/JARTIC交通規制情報","uk":"28000000000000000000012229800001","confidence":"sign"}},{"type":"Feature","geometry":{"type":"Point","coordinates":[135.20746,34.70431]},"properties":{"layer":"two_stage_forbidden","city":"神戸市","title":"二段階右折 禁止（小回り指定）","detail":"「原動機付自転車の右折方法（小回り）」の標識。車線が多くても普通に右折レーンから右折する。","cond":"","src":"兵庫県警/JARTIC交通規制情報","uk":"28000000000000000000012229900001","confidence":"sign"}},{"type":"Feature","geometry":{"type":"Point","coordinates":[135.19956,34.70098]},"properties":{"layer":"two_stage_forbidden","city":"神戸市","title":"二段階右折 禁止（小回り指定）","detail":"「原動機付自転車の右折方法（小回り）」の標識。車線が多くても普通に右折レーンから右折する。","cond":"","src":"兵庫県警/JARTIC交通規制情報","uk":"28000000000000000000012230100001","confidence":"sign"}},{"type":"Feature","geometry":{"type":"Point","coordinates":[135.2007,34.69848]},"properties":{"layer":"two_stage_forbidden","city":"神戸市","title":"二段階右折 禁止（小回り指定）","detail":"「原動機付自転車の右折方法（小回り）」の標識。車線が多くても普通に右折レーンから右折する。","cond":"","src":"兵庫県警/JARTIC交通規制情報","uk":"28000000000000000000012230200001","confidence":"sign"}},{"type":"Feature","geometry":{"type":"Point","coordinates":[135.20945,34.70477]},"properties":{"layer":"two_stage_forbidden","city":"神戸市","title":"二段階右折 禁止（小回り指定）","detail":"「原動機付自転車の右折方法（小回り）」の標識。車線が多くても普通に右折レーンから右折する。","cond":"","src":"兵庫県警/JARTIC交通規制情報","uk":"28000000000000000000012230300001","confidence":"sign"}},{"type":"Feature","geometry":{"type":"Point","coordinates":[135.20225,34.69276]},"properties":{"layer":"two_stage_forbidden","city":"神戸市","title":"二段階右折 禁止（小回り指定）","detail":"「原動機付自転車の右折方法（小回り）」の標識。車線が多くても普通に右折レーンから右折する。","cond":"","src":"兵庫県警/JARTIC交通規制情報","uk":"28000000000000000000012230400001","confidence":"sign"}},{"type":"Feature","geometry":{"type":"Point","coordinates":[135.19534,34.69143]},"properties":{"layer":"two_stage_forbidden","city":"神戸市","title":"二段階右折 禁止（小回り指定）","detail":"「原動機付自転車の右折方法（小回り）」の標識。車線が多くても普通に右折レーンから右折する。","cond":"","src":"兵庫県警/JARTIC交通規制情報","uk":"28000000000000000000012230500001","confidence":"sign"}},{"type":"Feature","geometry":{"type":"Point","coordinates":[135.1806,34.68263]},"properties":{"layer":"two_stage_forbidden","city":"神戸市","title":"二段階右折 禁止（小回り指定）","detail":"「原動機付自転車の右折方法（小回り）」の標識。車線が多くても普通に右折レーンから右折する。","cond":"","src":"兵庫県警/JARTIC交通規制情報","uk":"28000000000000000000012230700001","confidence":"sign"}},{"type":"Feature","geometry":{"type":"Point","coordinates":[135.17599,34.6819]},"properties":{"layer":"two_stage_forbidden","city":"神戸市","title":"二段階右折 禁止（小回り指定）","detail":"「原動機付自転車の右折方法（小回り）」の標識。車線が多くても普通に右折レーンから右折する。","cond":"","src":"兵庫県警/JARTIC交通規制情報","uk":"28000000000000000000012230900001","confidence":"sign"}},{"type":"Feature","geometry":{"type":"Point","coordinates":[135.1758,34.68595]},"properties":{"layer":"two_stage_forbidden","city":"神戸市","title":"二段階右折 禁止（小回り指定）","detail":"「原動機付自転車の右折方法（小回り）」の標識。車線が多くても普通に右折レーンから右折する。","cond":"","src":"兵庫県警/JARTIC交通規制情報","uk":"28000000000000000000012231100001","confidence":"sign"}},{"type":"Feature","geometry":{"type":"Point","coordinates":[135.18975,34.68884]},"properties":{"layer":"two_stage_forbidden","city":"神戸市","title":"二段階右折 禁止（小回り指定）","detail":"「原動機付自転車の右折方法（小回り）」の標識。車線が多くても普通に右折レーンから右折する。","cond":"","src":"兵庫県警/JARTIC交通規制情報","uk":"28000000000000000000012231200001","confidence":"sign"}},{"type":"Feature","geometry":{"type":"Point","coordinates":[135.18022,34.67982]},"properties":{"layer":"two_stage_forbidden","city":"神戸市","title":"二段階右折 禁止（小回り指定）","detail":"「原動機付自転車の右折方法（小回り）」の標識。車線が多くても普通に右折レーンから右折する。","cond":"","src":"兵庫県警/JARTIC交通規制情報","uk":"28000000000000000000012231700001","confidence":"sign"}},{"type":"Feature","geometry":{"type":"Point","coordinates":[135.18325,34.68069]},"properties":{"layer":"two_stage_forbidden","city":"神戸市","title":"二段階右折 禁止（小回り指定）","detail":"「原動機付自転車の右折方法（小回り）」の標識。車線が多くても普通に右折レーンから右折する。","cond":"","src":"兵庫県警/JARTIC交通規制情報","uk":"28000000000000000000012231800001","confidence":"sign"}},{"type":"Feature","geometry":{"type":"Point","coordinates":[135.18239,34.68165]},"properties":{"layer":"two_stage_forbidden","city":"神戸市","title":"二段階右折 禁止（小回り指定）","detail":"「原動機付自転車の右折方法（小回り）」の標識。車線が多くても普通に右折レーンから右折する。","cond":"","src":"兵庫県警/JARTIC交通規制情報","uk":"28000000000000000000012231900001","confidence":"sign"}},{"type":"Feature","geometry":{"type":"Point","coordinates":[135.18128,34.67616]},"properties":{"layer":"two_stage_forbidden","city":"神戸市","title":"二段階右折 禁止（小回り指定）","detail":"「原動機付自転車の右折方法（小回り）」の標識。車線が多くても普通に右折レーンから右折する。","cond":"","src":"兵庫県警/JARTIC交通規制情報","uk":"28000000000000000000012232000001","confidence":"sign"}},{"type":"Feature","geometry":{"type":"Point","coordinates":[135.19308,34.69078]},"properties":{"layer":"two_stage_forbidden","city":"神戸市","title":"二段階右折 禁止（小回り指定）","detail":"「原動機付自転車の右折方法（小回り）」の標識。車線が多くても普通に右折レーンから右折する。","cond":"","src":"兵庫県警/JARTIC交通規制情報","uk":"28000000000000000000012232100001","confidence":"sign"}},{"type":"Feature","geometry":{"type":"Point","coordinates":[135.17886,34.68088]},"properties":{"layer":"two_stage_forbidden","city":"神戸市","title":"二段階右折 禁止（小回り指定）","detail":"「原動機付自転車の右折方法（小回り）」の標識。車線が多くても普通に右折レーンから右折する。","cond":"","src":"兵庫県警/JARTIC交通規制情報","uk":"28000000000000000000012232200001","confidence":"sign"}},{"type":"Feature","geometry":{"type":"Point","coordinates":[135.19169,34.69215]},"properties":{"layer":"two_stage_forbidden","city":"神戸市","title":"二段階右折 禁止（小回り指定）","detail":"「原動機付自転車の右折方法（小回り）」の標識。車線が多くても普通に右折レーンから右折する。","cond":"","src":"兵庫県警/JARTIC交通規制情報","uk":"28000000000000000000012232300001","confidence":"sign"}},{"type":"Feature","geometry":{"type":"Point","coordinates":[135.1777,34.67676]},"properties":{"layer":"two_stage_forbidden","city":"神戸市","title":"二段階右折 禁止（小回り指定）","detail":"「原動機付自転車の右折方法（小回り）」の標識。車線が多くても普通に右折レーンから右折する。","cond":"","src":"兵庫県警/JARTIC交通規制情報","uk":"28000000000000000000012232400001","confidence":"sign"}},{"type":"Feature","geometry":{"type":"Point","coordinates":[135.17726,34.6769]},"properties":{"layer":"two_stage_forbidden","city":"神戸市","title":"二段階右折 禁止（小回り指定）","detail":"「原動機付自転車の右折方法（小回り）」の標識。車線が多くても普通に右折レーンから右折する。","cond":"","src":"兵庫県警/JARTIC交通規制情報","uk":"28000000000000000000012232500001","confidence":"sign"}},{"type":"Feature","geometry":{"type":"Point","coordinates":[135.18307,34.69044]},"properties":{"layer":"two_stage_forbidden","city":"神戸市","title":"二段階右折 禁止（小回り指定）","detail":"「原動機付自転車の右折方法（小回り）」の標識。車線が多くても普通に右折レーンから右折する。","cond":"","src":"兵庫県警/JARTIC交通規制情報","uk":"28000000000000000000012232600001","confidence":"sign"}},{"type":"Feature","geometry":{"type":"Point","coordinates":[135.17007,34.68437]},"properties":{"layer":"two_stage_forbidden","city":"神戸市","title":"二段階右折 禁止（小回り指定）","detail":"「原動機付自転車の右折方法（小回り）」の標識。車線が多くても普通に右折レーンから右折する。","cond":"","src":"兵庫県警/JARTIC交通規制情報","uk":"28000000000000000000014952800001","confidence":"sign"}},{"type":"Feature","geometry":{"type":"Point","coordinates":[135.18092,34.68976]},"properties":{"layer":"two_stage_forbidden","city":"神戸市","title":"二段階右折 禁止（小回り指定）","detail":"「原動機付自転車の右折方法（小回り）」の標識。車線が多くても普通に右折レーンから右折する。","cond":"","src":"兵庫県警/JARTIC交通規制情報","uk":"28000000000000000000014952900001","confidence":"sign"}},{"type":"Feature","geometry":{"type":"Point","coordinates":[135.18789,34.69467]},"properties":{"layer":"two_stage_forbidden","city":"神戸市","title":"二段階右折 禁止（小回り指定）","detail":"「原動機付自転車の右折方法（小回り）」の標識。車線が多くても普通に右折レーンから右折する。","cond":"","src":"兵庫県警/JARTIC交通規制情報","uk":"28000000000000000000018932000001","confidence":"sign"}},{"type":"Feature","geometry":{"type":"Point","coordinates":[135.16468,34.66887]},"properties":{"layer":"two_stage_forbidden","city":"神戸市","title":"二段階右折 禁止（小回り指定）","detail":"「原動機付自転車の右折方法（小回り）」の標識。車線が多くても普通に右折レーンから右折する。","cond":"","src":"兵庫県警/JARTIC交通規制情報","uk":"28000000000000000000012232800001","confidence":"sign"}},{"type":"Feature","geometry":{"type":"Point","coordinates":[135.16906,34.66732]},"properties":{"layer":"two_stage_forbidden","city":"神戸市","title":"二段階右折 禁止（小回り指定）","detail":"「原動機付自転車の右折方法（小回り）」の標識。車線が多くても普通に右折レーンから右折する。","cond":"","src":"兵庫県警/JARTIC交通規制情報","uk":"28000000000000000000012232900001","confidence":"sign"}},{"type":"Feature","geometry":{"type":"Point","coordinates":[135.16946,34.68597]},"properties":{"layer":"two_stage_forbidden","city":"神戸市","title":"二段階右折 禁止（小回り指定）","detail":"「原動機付自転車の右折方法（小回り）」の標識。車線が多くても普通に右折レーンから右折する。","cond":"","src":"兵庫県警/JARTIC交通規制情報","uk":"28000000000000000000012233000001","confidence":"sign"}},{"type":"Feature","geometry":{"type":"Point","coordinates":[135.15327,34.68036]},"properties":{"layer":"two_stage_forbidden","city":"神戸市","title":"二段階右折 禁止（小回り指定）","detail":"「原動機付自転車の右折方法（小回り）」の標識。車線が多くても普通に右折レーンから右折する。","cond":"","src":"兵庫県警/JARTIC交通規制情報","uk":"28000000000000000000012233400001","confidence":"sign"}},{"type":"Feature","geometry":{"type":"Point","coordinates":[135.16855,34.68804]},"properties":{"layer":"two_stage_forbidden","city":"神戸市","title":"二段階右折 禁止（小回り指定）","detail":"「原動機付自転車の右折方法（小回り）」の標識。車線が多くても普通に右折レーンから右折する。","cond":"","src":"兵庫県警/JARTIC交通規制情報","uk":"28000000000000000000012233500001","confidence":"sign"}},{"type":"Feature","geometry":{"type":"Point","coordinates":[135.16745,34.69044]},"properties":{"layer":"two_stage_forbidden","city":"神戸市","title":"二段階右折 禁止（小回り指定）","detail":"「原動機付自転車の右折方法（小回り）」の標識。車線が多くても普通に右折レーンから右折する。","cond":"","src":"兵庫県警/JARTIC交通規制情報","uk":"28000000000000000000012233600001","confidence":"sign"}},{"type":"Feature","geometry":{"type":"Point","coordinates":[135.16887,34.68747]},"properties":{"layer":"two_stage_forbidden","city":"神戸市","title":"二段階右折 禁止（小回り指定）","detail":"「原動機付自転車の右折方法（小回り）」の標識。車線が多くても普通に右折レーンから右折する。","cond":"","src":"兵庫県警/JARTIC交通規制情報","uk":"28000000000000000000012233700001","confidence":"sign"}},{"type":"Feature","geometry":{"type":"Point","coordinates":[135.16174,34.6754]},"properties":{"layer":"two_stage_forbidden","city":"神戸市","title":"二段階右折 禁止（小回り指定）","detail":"「原動機付自転車の右折方法（小回り）」の標識。車線が多くても普通に右折レーンから右折する。","cond":"","src":"兵庫県警/JARTIC交通規制情報","uk":"28000000000000000000012234000001","confidence":"sign"}},{"type":"Feature","geometry":{"type":"Point","coordinates":[135.16238,34.67597]},"properties":{"layer":"two_stage_forbidden","city":"神戸市","title":"二段階右折 禁止（小回り指定）","detail":"「原動機付自転車の右折方法（小回り）」の標識。車線が多くても普通に右折レーンから右折する。","cond":"","src":"兵庫県警/JARTIC交通規制情報","uk":"28000000000000000000012234100001","confidence":"sign"}},{"type":"Feature","geometry":{"type":"Point","coordinates":[135.16021,34.67453]},"properties":{"layer":"two_stage_forbidden","city":"神戸市","title":"二段階右折 禁止（小回り指定）","detail":"「原動機付自転車の右折方法（小回り）」の標識。車線が多くても普通に右折レーンから右折する。","cond":"","src":"兵庫県警/JARTIC交通規制情報","uk":"28000000000000000000012234200001","confidence":"sign"}},{"type":"Feature","geometry":{"type":"Point","coordinates":[135.17062,34.65509]},"properties":{"layer":"two_stage_forbidden","city":"神戸市","title":"二段階右折 禁止（小回り指定）","detail":"「原動機付自転車の右折方法（小回り）」の標識。車線が多くても普通に右折レーンから右折する。","cond":"","src":"兵庫県警/JARTIC交通規制情報","uk":"28000000000000000000012234300001","confidence":"sign"}},{"type":"Feature","geometry":{"type":"Point","coordinates":[135.17753,34.6718]},"properties":{"layer":"two_stage_forbidden","city":"神戸市","title":"二段階右折 禁止（小回り指定）","detail":"「原動機付自転車の右折方法（小回り）」の標識。車線が多くても普通に右折レーンから右折する。","cond":"","src":"兵庫県警/JARTIC交通規制情報","uk":"28000000000000000000012234400001","confidence":"sign"}},{"type":"Feature","geometry":{"type":"Point","coordinates":[135.16202,34.68301]},"properties":{"layer":"two_stage_forbidden","city":"神戸市","title":"二段階右折 禁止（小回り指定）","detail":"「原動機付自転車の右折方法（小回り）」の標識。車線が多くても普通に右折レーンから右折する。","cond":"","src":"兵庫県警/JARTIC交通規制情報","uk":"28000000000000000000012234500001","confidence":"sign"}},{"type":"Feature","geometry":{"type":"Point","coordinates":[135.17594,34.66846]},"properties":{"layer":"two_stage_forbidden","city":"神戸市","title":"二段階右折 禁止（小回り指定）","detail":"「原動機付自転車の右折方法（小回り）」の標識。車線が多くても普通に右折レーンから右折する。","cond":"","src":"兵庫県警/JARTIC交通規制情報","uk":"28000000000000000000012234600001","confidence":"sign"}},{"type":"Feature","geometry":{"type":"Point","coordinates":[135.17586,34.66482]},"properties":{"layer":"two_stage_forbidden","city":"神戸市","title":"二段階右折 禁止（小回り指定）","detail":"「原動機付自転車の右折方法（小回り）」の標識。車線が多くても普通に右折レーンから右折する。","cond":"","src":"兵庫県警/JARTIC交通規制情報","uk":"28000000000000000000012234700001","confidence":"sign"}},{"type":"Feature","geometry":{"type":"Point","coordinates":[135.17341,34.65577]},"properties":{"layer":"two_stage_forbidden","city":"神戸市","title":"二段階右折 禁止（小回り指定）","detail":"「原動機付自転車の右折方法（小回り）」の標識。車線が多くても普通に右折レーンから右折する。","cond":"","src":"兵庫県警/JARTIC交通規制情報","uk":"28000000000000000000012234800001","confidence":"sign"}},{"type":"Feature","geometry":{"type":"Point","coordinates":[135.1758,34.66327]},"properties":{"layer":"two_stage_forbidden","city":"神戸市","title":"二段階右折 禁止（小回り指定）","detail":"「原動機付自転車の右折方法（小回り）」の標識。車線が多くても普通に右折レーンから右折する。","cond":"","src":"兵庫県警/JARTIC交通規制情報","uk":"28000000000000000000012234900001","confidence":"sign"}},{"type":"Feature","geometry":{"type":"Point","coordinates":[135.16473,34.66372]},"properties":{"layer":"two_stage_forbidden","city":"神戸市","title":"二段階右折 禁止（小回り指定）","detail":"「原動機付自転車の右折方法（小回り）」の標識。車線が多くても普通に右折レーンから右折する。","cond":"","src":"兵庫県警/JARTIC交通規制情報","uk":"28000000000000000000016678000001","confidence":"sign"}},{"type":"Feature","geometry":{"type":"Point","coordinates":[135.1405,34.65988]},"properties":{"layer":"two_stage_forbidden","city":"神戸市","title":"二段階右折 禁止（小回り指定）","detail":"「原動機付自転車の右折方法（小回り）」の標識。車線が多くても普通に右折レーンから右折する。","cond":"","src":"兵庫県警/JARTIC交通規制情報","uk":"28000000000000000000012235000001","confidence":"sign"}},{"type":"Feature","geometry":{"type":"Point","coordinates":[135.15121,34.66806]},"properties":{"layer":"two_stage_forbidden","city":"神戸市","title":"二段階右折 禁止（小回り指定）","detail":"「原動機付自転車の右折方法（小回り）」の標識。車線が多くても普通に右折レーンから右折する。","cond":"","src":"兵庫県警/JARTIC交通規制情報","uk":"28000000000000000000012235200001","confidence":"sign"}},{"type":"Feature","geometry":{"type":"Point","coordinates":[135.15742,34.66852]},"properties":{"layer":"two_stage_forbidden","city":"神戸市","title":"二段階右折 禁止（小回り指定）","detail":"「原動機付自転車の右折方法（小回り）」の標識。車線が多くても普通に右折レーンから右折する。","cond":"","src":"兵庫県警/JARTIC交通規制情報","uk":"28000000000000000000012235500001","confidence":"sign"}},{"type":"Feature","geometry":{"type":"Point","coordinates":[135.1374,34.66155]},"properties":{"layer":"two_stage_forbidden","city":"神戸市","title":"二段階右折 禁止（小回り指定）","detail":"「原動機付自転車の右折方法（小回り）」の標識。車線が多くても普通に右折レーンから右折する。","cond":"","src":"兵庫県警/JARTIC交通規制情報","uk":"28000000000000000000012235600001","confidence":"sign"}},{"type":"Feature","geometry":{"type":"Point","coordinates":[135.14308,34.66195]},"properties":{"layer":"two_stage_forbidden","city":"神戸市","title":"二段階右折 禁止（小回り指定）","detail":"「原動機付自転車の右折方法（小回り）」の標識。車線が多くても普通に右折レーンから右折する。","cond":"","src":"兵庫県警/JARTIC交通規制情報","uk":"28000000000000000000012235700001","confidence":"sign"}},{"type":"Feature","geometry":{"type":"Point","coordinates":[135.1415,34.66027]},"properties":{"layer":"two_stage_forbidden","city":"神戸市","title":"二段階右折 禁止（小回り指定）","detail":"「原動機付自転車の右折方法（小回り）」の標識。車線が多くても普通に右折レーンから右折する。","cond":"","src":"兵庫県警/JARTIC交通規制情報","uk":"28000000000000000000012235900001","confidence":"sign"}},{"type":"Feature","geometry":{"type":"Point","coordinates":[135.15692,34.66199]},"properties":{"layer":"two_stage_forbidden","city":"神戸市","title":"二段階右折 禁止（小回り指定）","detail":"「原動機付自転車の右折方法（小回り）」の標識。車線が多くても普通に右折レーンから右折する。","cond":"","src":"兵庫県警/JARTIC交通規制情報","uk":"28000000000000000000012236000001","confidence":"sign"}},{"type":"Feature","geometry":{"type":"Point","coordinates":[135.14596,34.6558]},"properties":{"layer":"two_stage_forbidden","city":"神戸市","title":"二段階右折 禁止（小回り指定）","detail":"「原動機付自転車の右折方法（小回り）」の標識。車線が多くても普通に右折レーンから右折する。","cond":"","src":"兵庫県警/JARTIC交通規制情報","uk":"28000000000000000000012236100001","confidence":"sign"}},{"type":"Feature","geometry":{"type":"Point","coordinates":[135.15425,34.6678]},"properties":{"layer":"two_stage_forbidden","city":"神戸市","title":"二段階右折 禁止（小回り指定）","detail":"「原動機付自転車の右折方法（小回り）」の標識。車線が多くても普通に右折レーンから右折する。","cond":"","src":"兵庫県警/JARTIC交通規制情報","uk":"28000000000000000000012236200001","confidence":"sign"}},{"type":"Feature","geometry":{"type":"Point","coordinates":[135.1455,34.65626]},"properties":{"layer":"two_stage_forbidden","city":"神戸市","title":"二段階右折 禁止（小回り指定）","detail":"「原動機付自転車の右折方法（小回り）」の標識。車線が多くても普通に右折レーンから右折する。","cond":"","src":"兵庫県警/JARTIC交通規制情報","uk":"28000000000000000000012236300001","confidence":"sign"}},{"type":"Feature","geometry":{"type":"Point","coordinates":[135.13577,34.66119]},"properties":{"layer":"two_stage_forbidden","city":"神戸市","title":"二段階右折 禁止（小回り指定）","detail":"「原動機付自転車の右折方法（小回り）」の標識。車線が多くても普通に右折レーンから右折する。","cond":"","src":"兵庫県警/JARTIC交通規制情報","uk":"28000000000000000000018085800001","confidence":"sign"}},{"type":"Feature","geometry":{"type":"Point","coordinates":[135.10924,34.65634]},"properties":{"layer":"two_stage_forbidden","city":"神戸市","title":"二段階右折 禁止（小回り指定）","detail":"「原動機付自転車の右折方法（小回り）」の標識。車線が多くても普通に右折レーンから右折する。","cond":"","src":"兵庫県警/JARTIC交通規制情報","uk":"28000000000000000000012236400001","confidence":"sign"}},{"type":"Feature","geometry":{"type":"Point","coordinates":[135.11015,34.65604]},"properties":{"layer":"two_stage_forbidden","city":"神戸市","title":"二段階右折 禁止（小回り指定）","detail":"「原動機付自転車の右折方法（小回り）」の標識。車線が多くても普通に右折レーンから右折する。","cond":"","src":"兵庫県警/JARTIC交通規制情報","uk":"28000000000000000000012236500001","confidence":"sign"}},{"type":"Feature","geometry":{"type":"Point","coordinates":[135.12115,34.65231]},"properties":{"layer":"two_stage_forbidden","city":"神戸市","title":"二段階右折 禁止（小回り指定）","detail":"「原動機付自転車の右折方法（小回り）」の標識。車線が多くても普通に右折レーンから右折する。","cond":"","src":"兵庫県警/JARTIC交通規制情報","uk":"28000000000000000000012236600001","confidence":"sign"}},{"type":"Feature","geometry":{"type":"Point","coordinates":[135.13298,34.64517]},"properties":{"layer":"two_stage_forbidden","city":"神戸市","title":"二段階右折 禁止（小回り指定）","detail":"「原動機付自転車の右折方法（小回り）」の標識。車線が多くても普通に右折レーンから右折する。","cond":"","src":"兵庫県警/JARTIC交通規制情報","uk":"28000000000000000000012236700001","confidence":"sign"}},{"type":"Feature","geometry":{"type":"Point","coordinates":[135.09895,34.68701]},"properties":{"layer":"two_stage_forbidden","city":"神戸市","title":"二段階右折 禁止（小回り指定）","detail":"「原動機付自転車の右折方法（小回り）」の標識。車線が多くても普通に右折レーンから右折する。","cond":"","src":"兵庫県警/JARTIC交通規制情報","uk":"28000000000000000000012236800001","confidence":"sign"}},{"type":"Feature","geometry":{"type":"Point","coordinates":[135.10321,34.67009]},"properties":{"layer":"two_stage_forbidden","city":"神戸市","title":"二段階右折 禁止（小回り指定）","detail":"「原動機付自転車の右折方法（小回り）」の標識。車線が多くても普通に右折レーンから右折する。","cond":"","src":"兵庫県警/JARTIC交通規制情報","uk":"28000000000000000000012236900001","confidence":"sign"}},{"type":"Feature","geometry":{"type":"Point","coordinates":[135.10376,34.66877]},"properties":{"layer":"two_stage_forbidden","city":"神戸市","title":"二段階右折 禁止（小回り指定）","detail":"「原動機付自転車の右折方法（小回り）」の標識。車線が多くても普通に右折レーンから右折する。","cond":"","src":"兵庫県警/JARTIC交通規制情報","uk":"28000000000000000000012237000001","confidence":"sign"}},{"type":"Feature","geometry":{"type":"Point","coordinates":[135.13772,34.65802]},"properties":{"layer":"two_stage_forbidden","city":"神戸市","title":"二段階右折 禁止（小回り指定）","detail":"「原動機付自転車の右折方法（小回り）」の標識。車線が多くても普通に右折レーンから右折する。","cond":"","src":"兵庫県警/JARTIC交通規制情報","uk":"28000000000000000000012237100001","confidence":"sign"}},{"type":"Feature","geometry":{"type":"Point","coordinates":[135.09899,34.68735]},"properties":{"layer":"two_stage_forbidden","city":"神戸市","title":"二段階右折 禁止（小回り指定）","detail":"「原動機付自転車の右折方法（小回り）」の標識。車線が多くても普通に右折レーンから右折する。","cond":"","src":"兵庫県警/JARTIC交通規制情報","uk":"28000000000000000000012237200001","confidence":"sign"}},{"type":"Feature","geometry":{"type":"Point","coordinates":[135.09343,34.67682]},"properties":{"layer":"two_stage_forbidden","city":"神戸市","title":"二段階右折 禁止（小回り指定）","detail":"「原動機付自転車の右折方法（小回り）」の標識。車線が多くても普通に右折レーンから右折する。","cond":"","src":"兵庫県警/JARTIC交通規制情報","uk":"28000000000000000000012237300001","confidence":"sign"}},{"type":"Feature","geometry":{"type":"Point","coordinates":[135.11302,34.6433]},"properties":{"layer":"two_stage_forbidden","city":"神戸市","title":"二段階右折 禁止（小回り指定）","detail":"「原動機付自転車の右折方法（小回り）」の標識。車線が多くても普通に右折レーンから右折する。","cond":"","src":"兵庫県警/JARTIC交通規制情報","uk":"28000000000000000000012237400001","confidence":"sign"}},{"type":"Feature","geometry":{"type":"Point","coordinates":[135.11543,34.64362]},"properties":{"layer":"two_stage_forbidden","city":"神戸市","title":"二段階右折 禁止（小回り指定）","detail":"「原動機付自転車の右折方法（小回り）」の標識。車線が多くても普通に右折レーンから右折する。","cond":"","src":"兵庫県警/JARTIC交通規制情報","uk":"28000000000000000000012237500001","confidence":"sign"}},{"type":"Feature","geometry":{"type":"Point","coordinates":[135.10394,34.66082]},"properties":{"layer":"two_stage_forbidden","city":"神戸市","title":"二段階右折 禁止（小回り指定）","detail":"「原動機付自転車の右折方法（小回り）」の標識。車線が多くても普通に右折レーンから右折する。","cond":"","src":"兵庫県警/JARTIC交通規制情報","uk":"28000000000000000000012237600001","confidence":"sign"}},{"type":"Feature","geometry":{"type":"Point","coordinates":[135.10343,34.66699]},"properties":{"layer":"two_stage_forbidden","city":"神戸市","title":"二段階右折 禁止（小回り指定）","detail":"「原動機付自転車の右折方法（小回り）」の標識。車線が多くても普通に右折レーンから右折する。","cond":"","src":"兵庫県警/JARTIC交通規制情報","uk":"28000000000000000000012237800001","confidence":"sign"}},{"type":"Feature","geometry":{"type":"Point","coordinates":[135.07088,34.68376]},"properties":{"layer":"two_stage_forbidden","city":"神戸市","title":"二段階右折 禁止（小回り指定）","detail":"「原動機付自転車の右折方法（小回り）」の標識。車線が多くても普通に右折レーンから右折する。","cond":"","src":"兵庫県警/JARTIC交通規制情報","uk":"28000000000000000000012237900001","confidence":"sign"}},{"type":"Feature","geometry":{"type":"Point","coordinates":[135.09394,34.6801]},"properties":{"layer":"two_stage_forbidden","city":"神戸市","title":"二段階右折 禁止（小回り指定）","detail":"「原動機付自転車の右折方法（小回り）」の標識。車線が多くても普通に右折レーンから右折する。","cond":"","src":"兵庫県警/JARTIC交通規制情報","uk":"28000000000000000000012238000001","confidence":"sign"}},{"type":"Feature","geometry":{"type":"Point","coordinates":[135.13058,34.68108]},"properties":{"layer":"two_stage_forbidden","city":"神戸市","title":"二段階右折 禁止（小回り指定）","detail":"「原動機付自転車の右折方法（小回り）」の標識。車線が多くても普通に右折レーンから右折する。","cond":"","src":"兵庫県警/JARTIC交通規制情報","uk":"28000000000000000000012238100001","confidence":"sign"}},{"type":"Feature","geometry":{"type":"Point","coordinates":[135.1314,34.6539]},"properties":{"layer":"two_stage_forbidden","city":"神戸市","title":"二段階右折 禁止（小回り指定）","detail":"「原動機付自転車の右折方法（小回り）」の標識。車線が多くても普通に右折レーンから右折する。","cond":"","src":"兵庫県警/JARTIC交通規制情報","uk":"28000000000000000000012238200001","confidence":"sign"}},{"type":"Feature","geometry":{"type":"Point","coordinates":[135.1328,34.65986]},"properties":{"layer":"two_stage_forbidden","city":"神戸市","title":"二段階右折 禁止（小回り指定）","detail":"「原動機付自転車の右折方法（小回り）」の標識。車線が多くても普通に右折レーンから右折する。","cond":"","src":"兵庫県警/JARTIC交通規制情報","uk":"28000000000000000000012238300001","confidence":"sign"}},{"type":"Feature","geometry":{"type":"Point","coordinates":[135.10058,34.63713]},"properties":{"layer":"two_stage_forbidden","city":"神戸市","title":"二段階右折 禁止（小回り指定）","detail":"「原動機付自転車の右折方法（小回り）」の標識。車線が多くても普通に右折レーンから右折する。","cond":"","src":"兵庫県警/JARTIC交通規制情報","uk":"28000000000000000000012238400001","confidence":"sign"}},{"type":"Feature","geometry":{"type":"Point","coordinates":[135.13047,34.65341]},"properties":{"layer":"two_stage_forbidden","city":"神戸市","title":"二段階右折 禁止（小回り指定）","detail":"「原動機付自転車の右折方法（小回り）」の標識。車線が多くても普通に右折レーンから右折する。","cond":"","src":"兵庫県警/JARTIC交通規制情報","uk":"28000000000000000000012238500001","confidence":"sign"}},{"type":"Feature","geometry":{"type":"Point","coordinates":[135.10355,34.66971]},"properties":{"layer":"two_stage_forbidden","city":"神戸市","title":"二段階右折 禁止（小回り指定）","detail":"「原動機付自転車の右折方法（小回り）」の標識。車線が多くても普通に右折レーンから右折する。","cond":"","src":"兵庫県警/JARTIC交通規制情報","uk":"28000000000000000000012238600001","confidence":"sign"}},{"type":"Feature","geometry":{"type":"Point","coordinates":[135.10823,34.67815]},"properties":{"layer":"two_stage_forbidden","city":"神戸市","title":"二段階右折 禁止（小回り指定）","detail":"「原動機付自転車の右折方法（小回り）」の標識。車線が多くても普通に右折レーンから右折する。","cond":"","src":"兵庫県警/JARTIC交通規制情報","uk":"28000000000000000000012238700001","confidence":"sign"}},{"type":"Feature","geometry":{"type":"Point","coordinates":[135.13188,34.66172]},"properties":{"layer":"two_stage_forbidden","city":"神戸市","title":"二段階右折 禁止（小回り指定）","detail":"「原動機付自転車の右折方法（小回り）」の標識。車線が多くても普通に右折レーンから右折する。","cond":"","src":"兵庫県警/JARTIC交通規制情報","uk":"28000000000000000000012238900001","confidence":"sign"}},{"type":"Feature","geometry":{"type":"Point","coordinates":[135.12696,34.65127]},"properties":{"layer":"two_stage_forbidden","city":"神戸市","title":"二段階右折 禁止（小回り指定）","detail":"「原動機付自転車の右折方法（小回り）」の標識。車線が多くても普通に右折レーンから右折する。","cond":"","src":"兵庫県警/JARTIC交通規制情報","uk":"28000000000000000000012239000001","confidence":"sign"}},{"type":"Feature","geometry":{"type":"Point","coordinates":[135.12931,34.65257]},"properties":{"layer":"two_stage_forbidden","city":"神戸市","title":"二段階右折 禁止（小回り指定）","detail":"「原動機付自転車の右折方法（小回り）」の標識。車線が多くても普通に右折レーンから右折する。","cond":"","src":"兵庫県警/JARTIC交通規制情報","uk":"28000000000000000000012239100001","confidence":"sign"}},{"type":"Feature","geometry":{"type":"Point","coordinates":[135.11053,34.67744]},"properties":{"layer":"two_stage_forbidden","city":"神戸市","title":"二段階右折 禁止（小回り指定）","detail":"「原動機付自転車の右折方法（小回り）」の標識。車線が多くても普通に右折レーンから右折する。","cond":"","src":"兵庫県警/JARTIC交通規制情報","uk":"28000000000000000000012239200001","confidence":"sign"}},{"type":"Feature","geometry":{"type":"Point","coordinates":[135.13375,34.66033]},"properties":{"layer":"two_stage_forbidden","city":"神戸市","title":"二段階右折 禁止（小回り指定）","detail":"「原動機付自転車の右折方法（小回り）」の標識。車線が多くても普通に右折レーンから右折する。","cond":"","src":"兵庫県警/JARTIC交通規制情報","uk":"28000000000000000000012239300001","confidence":"sign"}},{"type":"Feature","geometry":{"type":"Point","coordinates":[135.11486,34.64354]},"properties":{"layer":"two_stage_forbidden","city":"神戸市","title":"二段階右折 禁止（小回り指定）","detail":"「原動機付自転車の右折方法（小回り）」の標識。車線が多くても普通に右折レーンから右折する。","cond":"","src":"兵庫県警/JARTIC交通規制情報","uk":"28000000000000000000012239400001","confidence":"sign"}},{"type":"Feature","geometry":{"type":"Point","coordinates":[135.13503,34.66077]},"properties":{"layer":"two_stage_forbidden","city":"神戸市","title":"二段階右折 禁止（小回り指定）","detail":"「原動機付自転車の右折方法（小回り）」の標識。車線が多くても普通に右折レーンから右折する。","cond":"","src":"兵庫県警/JARTIC交通規制情報","uk":"28000000000000000000018089600001","confidence":"sign"}},{"type":"Feature","geometry":{"type":"Point","coordinates":[135.11531,34.64416]},"properties":{"layer":"two_stage_forbidden","city":"神戸市","title":"二段階右折 禁止（小回り指定）","detail":"「原動機付自転車の右折方法（小回り）」の標識。車線が多くても普通に右折レーンから右折する。","cond":"","src":"兵庫県警/JARTIC交通規制情報","uk":"28000000000000000000018247400001","confidence":"sign"}},{"type":"Feature","geometry":{"type":"Point","coordinates":[135.05793,34.62862]},"properties":{"layer":"two_stage_forbidden","city":"神戸市","title":"二段階右折 禁止（小回り指定）","detail":"「原動機付自転車の右折方法（小回り）」の標識。車線が多くても普通に右折レーンから右折する。","cond":"","src":"兵庫県警/JARTIC交通規制情報","uk":"28000000000000000000012239500001","confidence":"sign"}},{"type":"Feature","geometry":{"type":"Point","coordinates":[135.05818,34.63087]},"properties":{"layer":"two_stage_forbidden","city":"神戸市","title":"二段階右折 禁止（小回り指定）","detail":"「原動機付自転車の右折方法（小回り）」の標識。車線が多くても普通に右折レーンから右折する。","cond":"","src":"兵庫県警/JARTIC交通規制情報","uk":"28000000000000000000012239700001","confidence":"sign"}},{"type":"Feature","geometry":{"type":"Point","coordinates":[135.05873,34.63229]},"properties":{"layer":"two_stage_forbidden","city":"神戸市","title":"二段階右折 禁止（小回り指定）","detail":"「原動機付自転車の右折方法（小回り）」の標識。車線が多くても普通に右折レーンから右折する。","cond":"","src":"兵庫県警/JARTIC交通規制情報","uk":"28000000000000000000012239800001","confidence":"sign"}},{"type":"Feature","geometry":{"type":"Point","coordinates":[135.06823,34.66528]},"properties":{"layer":"two_stage_forbidden","city":"神戸市","title":"二段階右折 禁止（小回り指定）","detail":"「原動機付自転車の右折方法（小回り）」の標識。車線が多くても普通に右折レーンから右折する。","cond":"","src":"兵庫県警/JARTIC交通規制情報","uk":"28000000000000000000012239900001","confidence":"sign"}},{"type":"Feature","geometry":{"type":"Point","coordinates":[135.03808,34.65209]},"properties":{"layer":"two_stage_forbidden","city":"神戸市","title":"二段階右折 禁止（小回り指定）","detail":"「原動機付自転車の右折方法（小回り）」の標識。車線が多くても普通に右折レーンから右折する。","cond":"","src":"兵庫県警/JARTIC交通規制情報","uk":"28000000000000000000012240100001","confidence":"sign"}},{"type":"Feature","geometry":{"type":"Point","coordinates":[135.03725,34.6512]},"properties":{"layer":"two_stage_forbidden","city":"神戸市","title":"二段階右折 禁止（小回り指定）","detail":"「原動機付自転車の右折方法（小回り）」の標識。車線が多くても普通に右折レーンから右折する。","cond":"","src":"兵庫県警/JARTIC交通規制情報","uk":"28000000000000000000012240200001","confidence":"sign"}},{"type":"Feature","geometry":{"type":"Point","coordinates":[135.05969,34.63572]},"properties":{"layer":"two_stage_forbidden","city":"神戸市","title":"二段階右折 禁止（小回り指定）","detail":"「原動機付自転車の右折方法（小回り）」の標識。車線が多くても普通に右折レーンから右折する。","cond":"","src":"兵庫県警/JARTIC交通規制情報","uk":"28000000000000000000012240300001","confidence":"sign"}},{"type":"Feature","geometry":{"type":"Point","coordinates":[135.06652,34.64939]},"properties":{"layer":"two_stage_forbidden","city":"神戸市","title":"二段階右折 禁止（小回り指定）","detail":"「原動機付自転車の右折方法（小回り）」の標識。車線が多くても普通に右折レーンから右折する。","cond":"","src":"兵庫県警/JARTIC交通規制情報","uk":"28000000000000000000012240400001","confidence":"sign"}},{"type":"Feature","geometry":{"type":"Point","coordinates":[135.07714,34.67145]},"properties":{"layer":"two_stage_forbidden","city":"神戸市","title":"二段階右折 禁止（小回り指定）","detail":"「原動機付自転車の右折方法（小回り）」の標識。車線が多くても普通に右折レーンから右折する。","cond":"","src":"兵庫県警/JARTIC交通規制情報","uk":"28000000000000000000012240500001","confidence":"sign"}},{"type":"Feature","geometry":{"type":"Point","coordinates":[135.03413,34.6326]},"properties":{"layer":"two_stage_forbidden","city":"神戸市","title":"二段階右折 禁止（小回り指定）","detail":"「原動機付自転車の右折方法（小回り）」の標識。車線が多くても普通に右折レーンから右折する。","cond":"","src":"兵庫県警/JARTIC交通規制情報","uk":"28000000000000000000012240600001","confidence":"sign"}},{"type":"Feature","geometry":{"type":"Point","coordinates":[135.07242,34.66278]},"properties":{"layer":"two_stage_forbidden","city":"神戸市","title":"二段階右折 禁止（小回り指定）","detail":"「原動機付自転車の右折方法（小回り）」の標識。車線が多くても普通に右折レーンから右折する。","cond":"","src":"兵庫県警/JARTIC交通規制情報","uk":"28000000000000000000012240700001","confidence":"sign"}},{"type":"Feature","geometry":{"type":"Point","coordinates":[135.0601,34.673]},"properties":{"layer":"two_stage_forbidden","city":"神戸市","title":"二段階右折 禁止（小回り指定）","detail":"「原動機付自転車の右折方法（小回り）」の標識。車線が多くても普通に右折レーンから右折する。","cond":"","src":"兵庫県警/JARTIC交通規制情報","uk":"28000000000000000000012240900001","confidence":"sign"}},{"type":"Feature","geometry":{"type":"Point","coordinates":[135.05901,34.66797]},"properties":{"layer":"two_stage_forbidden","city":"神戸市","title":"二段階右折 禁止（小回り指定）","detail":"「原動機付自転車の右折方法（小回り）」の標識。車線が多くても普通に右折レーンから右折する。","cond":"","src":"兵庫県警/JARTIC交通規制情報","uk":"28000000000000000000012241000001","confidence":"sign"}},{"type":"Feature","geometry":{"type":"Point","coordinates":[135.06557,34.6292]},"properties":{"layer":"two_stage_forbidden","city":"神戸市","title":"二段階右折 禁止（小回り指定）","detail":"「原動機付自転車の右折方法（小回り）」の標識。車線が多くても普通に右折レーンから右折する。","cond":"","src":"兵庫県警/JARTIC交通規制情報","uk":"28000000000000000000012241100001","confidence":"sign"}},{"type":"Feature","geometry":{"type":"Point","coordinates":[135.07397,34.66755]},"properties":{"layer":"two_stage_forbidden","city":"神戸市","title":"二段階右折 禁止（小回り指定）","detail":"「原動機付自転車の右折方法（小回り）」の標識。車線が多くても普通に右折レーンから右折する。","cond":"","src":"兵庫県警/JARTIC交通規制情報","uk":"28000000000000000000012241200001","confidence":"sign"}},{"type":"Feature","geometry":{"type":"Point","coordinates":[135.06078,34.63904]},"properties":{"layer":"two_stage_forbidden","city":"神戸市","title":"二段階右折 禁止（小回り指定）","detail":"「原動機付自転車の右折方法（小回り）」の標識。車線が多くても普通に右折レーンから右折する。","cond":"","src":"兵庫県警/JARTIC交通規制情報","uk":"28000000000000000000012241300001","confidence":"sign"}},{"type":"Feature","geometry":{"type":"Point","coordinates":[135.05798,34.63002]},"properties":{"layer":"two_stage_forbidden","city":"神戸市","title":"二段階右折 禁止（小回り指定）","detail":"「原動機付自転車の右折方法（小回り）」の標識。車線が多くても普通に右折レーンから右折する。","cond":"","src":"兵庫県警/JARTIC交通規制情報","uk":"28000000000000000000012241400001","confidence":"sign"}},{"type":"Feature","geometry":{"type":"Point","coordinates":[135.07331,34.66544]},"properties":{"layer":"two_stage_forbidden","city":"神戸市","title":"二段階右折 禁止（小回り指定）","detail":"「原動機付自転車の右折方法（小回り）」の標識。車線が多くても普通に右折レーンから右折する。","cond":"","src":"兵庫県警/JARTIC交通規制情報","uk":"28000000000000000000012241500001","confidence":"sign"}},{"type":"Feature","geometry":{"type":"Point","coordinates":[135.06924,34.65215]},"properties":{"layer":"two_stage_forbidden","city":"神戸市","title":"二段階右折 禁止（小回り指定）","detail":"「原動機付自転車の右折方法（小回り）」の標識。車線が多くても普通に右折レーンから右折する。","cond":"","src":"兵庫県警/JARTIC交通規制情報","uk":"28000000000000000000012241600001","confidence":"sign"}},{"type":"Feature","geometry":{"type":"Point","coordinates":[135.21911,34.66592]},"properties":{"layer":"two_stage_forbidden","city":"神戸市","title":"二段階右折 禁止（小回り指定）","detail":"「原動機付自転車の右折方法（小回り）」の標識。車線が多くても普通に右折レーンから右折する。","cond":"","src":"兵庫県警/JARTIC交通規制情報","uk":"28000000000000000000012241700001","confidence":"sign"}},{"type":"Feature","geometry":{"type":"Point","coordinates":[135.19843,34.6855]},"properties":{"layer":"two_stage_forbidden","city":"神戸市","title":"二段階右折 禁止（小回り指定）","detail":"「原動機付自転車の右折方法（小回り）」の標識。車線が多くても普通に右折レーンから右折する。","cond":"","src":"兵庫県警/JARTIC交通規制情報","uk":"28000000000000000000012241800001","confidence":"sign"}},{"type":"Feature","geometry":{"type":"Point","coordinates":[135.20647,34.6716]},"properties":{"layer":"two_stage_forbidden","city":"神戸市","title":"二段階右折 禁止（小回り指定）","detail":"「原動機付自転車の右折方法（小回り）」の標識。車線が多くても普通に右折レーンから右折する。","cond":"","src":"兵庫県警/JARTIC交通規制情報","uk":"28000000000000000000012241900001","confidence":"sign"}},{"type":"Feature","geometry":{"type":"Point","coordinates":[135.20719,34.66576]},"properties":{"layer":"two_stage_forbidden","city":"神戸市","title":"二段階右折 禁止（小回り指定）","detail":"「原動機付自転車の右折方法（小回り）」の標識。車線が多くても普通に右折レーンから右折する。","cond":"","src":"兵庫県警/JARTIC交通規制情報","uk":"28000000000000000000012242000001","confidence":"sign"}},{"type":"Feature","geometry":{"type":"Point","coordinates":[135.21266,34.67721]},"properties":{"layer":"two_stage_forbidden","city":"神戸市","title":"二段階右折 禁止（小回り指定）","detail":"「原動機付自転車の右折方法（小回り）」の標識。車線が多くても普通に右折レーンから右折する。","cond":"","src":"兵庫県警/JARTIC交通規制情報","uk":"28000000000000000000012242100001","confidence":"sign"}},{"type":"Feature","geometry":{"type":"Point","coordinates":[135.2136,34.67462]},"properties":{"layer":"two_stage_forbidden","city":"神戸市","title":"二段階右折 禁止（小回り指定）","detail":"「原動機付自転車の右折方法（小回り）」の標識。車線が多くても普通に右折レーンから右折する。","cond":"","src":"兵庫県警/JARTIC交通規制情報","uk":"28000000000000000000012242200001","confidence":"sign"}},{"type":"Feature","geometry":{"type":"Point","coordinates":[135.2165,34.6645]},"properties":{"layer":"two_stage_forbidden","city":"神戸市","title":"二段階右折 禁止（小回り指定）","detail":"「原動機付自転車の右折方法（小回り）」の標識。車線が多くても普通に右折レーンから右折する。","cond":"","src":"兵庫県警/JARTIC交通規制情報","uk":"28000000000000000000012242400001","confidence":"sign"}},{"type":"Feature","geometry":{"type":"Point","coordinates":[135.20035,34.6849]},"properties":{"layer":"two_stage_forbidden","city":"神戸市","title":"二段階右折 禁止（小回り指定）","detail":"「原動機付自転車の右折方法（小回り）」の標識。車線が多くても普通に右折レーンから右折する。","cond":"","src":"兵庫県警/JARTIC交通規制情報","uk":"28000000000000000000012242500001","confidence":"sign"}},{"type":"Feature","geometry":{"type":"Point","coordinates":[135.18562,34.68529]},"properties":{"layer":"two_stage_forbidden","city":"神戸市","title":"二段階右折 禁止（小回り指定）","detail":"「原動機付自転車の右折方法（小回り）」の標識。車線が多くても普通に右折レーンから右折する。","cond":"","src":"兵庫県警/JARTIC交通規制情報","uk":"28000000000000000000012242800001","confidence":"sign"}},{"type":"Feature","geometry":{"type":"Point","coordinates":[135.20443,34.69212]},"properties":{"layer":"two_stage_forbidden","city":"神戸市","title":"二段階右折 禁止（小回り指定）","detail":"「原動機付自転車の右折方法（小回り）」の標識。車線が多くても普通に右折レーンから右折する。","cond":"","src":"兵庫県警/JARTIC交通規制情報","uk":"28000000000000000000012243000001","confidence":"sign"}},{"type":"Feature","geometry":{"type":"Point","coordinates":[135.21045,34.67315]},"properties":{"layer":"two_stage_forbidden","city":"神戸市","title":"二段階右折 禁止（小回り指定）","detail":"「原動機付自転車の右折方法（小回り）」の標識。車線が多くても普通に右折レーンから右折する。","cond":"","src":"兵庫県警/JARTIC交通規制情報","uk":"28000000000000000000012243100001","confidence":"sign"}},{"type":"Feature","geometry":{"type":"Point","coordinates":[135.21368,34.6634]},"properties":{"layer":"two_stage_forbidden","city":"神戸市","title":"二段階右折 禁止（小回り指定）","detail":"「原動機付自転車の右折方法（小回り）」の標識。車線が多くても普通に右折レーンから右折する。","cond":"","src":"兵庫県警/JARTIC交通規制情報","uk":"28000000000000000000012243200001","confidence":"sign"}},{"type":"Feature","geometry":{"type":"Point","coordinates":[135.19544,34.68469]},"properties":{"layer":"two_stage_forbidden","city":"神戸市","title":"二段階右折 禁止（小回り指定）","detail":"「原動機付自転車の右折方法（小回り）」の標識。車線が多くても普通に右折レーンから右折する。","cond":"","src":"兵庫県警/JARTIC交通規制情報","uk":"28000000000000000000015862200001","confidence":"sign"}},{"type":"Feature","geometry":{"type":"Point","coordinates":[135.19585,34.68385]},"properties":{"layer":"two_stage_forbidden","city":"神戸市","title":"二段階右折 禁止（小回り指定）","detail":"「原動機付自転車の右折方法（小回り）」の標識。車線が多くても普通に右折レーンから右折する。","cond":"","src":"兵庫県警/JARTIC交通規制情報","uk":"28000000000000000000018694900001","confidence":"sign"}},{"type":"Feature","geometry":{"type":"Point","coordinates":[135.20063,34.68843]},"properties":{"layer":"two_stage_forbidden","city":"神戸市","title":"二段階右折 禁止（小回り指定）","detail":"「原動機付自転車の右折方法（小回り）」の標識。車線が多くても普通に右折レーンから右折する。","cond":"","src":"兵庫県警/JARTIC交通規制情報","uk":"28000000000000000000019076100001","confidence":"sign"}},{"type":"Feature","geometry":{"type":"Point","coordinates":[134.98249,34.6857]},"properties":{"layer":"two_stage_forbidden","city":"神戸市","title":"二段階右折 禁止（小回り指定）","detail":"「原動機付自転車の右折方法（小回り）」の標識。車線が多くても普通に右折レーンから右折する。","cond":"","src":"兵庫県警/JARTIC交通規制情報","uk":"28000000000000000000012243400001","confidence":"sign"}},{"type":"Feature","geometry":{"type":"Point","coordinates":[135.01996,34.72218]},"properties":{"layer":"two_stage_forbidden","city":"神戸市","title":"二段階右折 禁止（小回り指定）","detail":"「原動機付自転車の右折方法（小回り）」の標識。車線が多くても普通に右折レーンから右折する。","cond":"","src":"兵庫県警/JARTIC交通規制情報","uk":"28000000000000000000012243500001","confidence":"sign"}},{"type":"Feature","geometry":{"type":"Point","coordinates":[135.05869,34.68049]},"properties":{"layer":"two_stage_forbidden","city":"神戸市","title":"二段階右折 禁止（小回り指定）","detail":"「原動機付自転車の右折方法（小回り）」の標識。車線が多くても普通に右折レーンから右折する。","cond":"","src":"兵庫県警/JARTIC交通規制情報","uk":"28000000000000000000012243600001","confidence":"sign"}},{"type":"Feature","geometry":{"type":"Point","coordinates":[135.05846,34.68177]},"properties":{"layer":"two_stage_forbidden","city":"神戸市","title":"二段階右折 禁止（小回り指定）","detail":"「原動機付自転車の右折方法（小回り）」の標識。車線が多くても普通に右折レーンから右折する。","cond":"","src":"兵庫県警/JARTIC交通規制情報","uk":"28000000000000000000012243700001","confidence":"sign"}},{"type":"Feature","geometry":{"type":"Point","coordinates":[134.98257,34.68634]},"properties":{"layer":"two_stage_forbidden","city":"神戸市","title":"二段階右折 禁止（小回り指定）","detail":"「原動機付自転車の右折方法（小回り）」の標識。車線が多くても普通に右折レーンから右折する。","cond":"","src":"兵庫県警/JARTIC交通規制情報","uk":"28000000000000000000012243800001","confidence":"sign"}},{"type":"Feature","geometry":{"type":"Point","coordinates":[135.02043,34.71977]},"properties":{"layer":"two_stage_forbidden","city":"神戸市","title":"二段階右折 禁止（小回り指定）","detail":"「原動機付自転車の右折方法（小回り）」の標識。車線が多くても普通に右折レーンから右折する。","cond":"","src":"兵庫県警/JARTIC交通規制情報","uk":"28000000000000000000012243900001","confidence":"sign"}},{"type":"Feature","geometry":{"type":"Point","coordinates":[135.01633,34.71947]},"properties":{"layer":"two_stage_forbidden","city":"神戸市","title":"二段階右折 禁止（小回り指定）","detail":"「原動機付自転車の右折方法（小回り）」の標識。車線が多くても普通に右折レーンから右折する。","cond":"","src":"兵庫県警/JARTIC交通規制情報","uk":"28000000000000000000012244000001","confidence":"sign"}},{"type":"Feature","geometry":{"type":"Point","coordinates":[135.01585,34.72107]},"properties":{"layer":"two_stage_forbidden","city":"神戸市","title":"二段階右折 禁止（小回り指定）","detail":"「原動機付自転車の右折方法（小回り）」の標識。車線が多くても普通に右折レーンから右折する。","cond":"","src":"兵庫県警/JARTIC交通規制情報","uk":"28000000000000000000012244100001","confidence":"sign"}},{"type":"Feature","geometry":{"type":"Point","coordinates":[135.03247,34.71753]},"properties":{"layer":"two_stage_forbidden","city":"神戸市","title":"二段階右折 禁止（小回り指定）","detail":"「原動機付自転車の右折方法（小回り）」の標識。車線が多くても普通に右折レーンから右折する。","cond":"","src":"兵庫県警/JARTIC交通規制情報","uk":"28000000000000000000012244200001","confidence":"sign"}},{"type":"Feature","geometry":{"type":"Point","coordinates":[135.02325,34.71363]},"properties":{"layer":"two_stage_forbidden","city":"神戸市","title":"二段階右折 禁止（小回り指定）","detail":"「原動機付自転車の右折方法（小回り）」の標識。車線が多くても普通に右折レーンから右折する。","cond":"","src":"兵庫県警/JARTIC交通規制情報","uk":"28000000000000000000012244300001","confidence":"sign"}},{"type":"Feature","geometry":{"type":"Point","coordinates":[135.02137,34.71219]},"properties":{"layer":"two_stage_forbidden","city":"神戸市","title":"二段階右折 禁止（小回り指定）","detail":"「原動機付自転車の右折方法（小回り）」の標識。車線が多くても普通に右折レーンから右折する。","cond":"","src":"兵庫県警/JARTIC交通規制情報","uk":"28000000000000000000012244400001","confidence":"sign"}},{"type":"Feature","geometry":{"type":"Point","coordinates":[134.98237,34.68408]},"properties":{"layer":"two_stage_forbidden","city":"神戸市","title":"二段階右折 禁止（小回り指定）","detail":"「原動機付自転車の右折方法（小回り）」の標識。車線が多くても普通に右折レーンから右折する。","cond":"","src":"兵庫県警/JARTIC交通規制情報","uk":"28000000000000000000012244600001","confidence":"sign"}},{"type":"Feature","geometry":{"type":"Point","coordinates":[134.9812,34.67096]},"properties":{"layer":"two_stage_forbidden","city":"神戸市","title":"二段階右折 禁止（小回り指定）","detail":"「原動機付自転車の右折方法（小回り）」の標識。車線が多くても普通に右折レーンから右折する。","cond":"","src":"兵庫県警/JARTIC交通規制情報","uk":"28000000000000000000012244700001","confidence":"sign"}},{"type":"Feature","geometry":{"type":"Point","coordinates":[135.05903,34.67864]},"properties":{"layer":"two_stage_forbidden","city":"神戸市","title":"二段階右折 禁止（小回り指定）","detail":"「原動機付自転車の右折方法（小回り）」の標識。車線が多くても普通に右折レーンから右折する。","cond":"","src":"兵庫県警/JARTIC交通規制情報","uk":"28000000000000000000012244800001","confidence":"sign"}},{"type":"Feature","geometry":{"type":"Point","coordinates":[135.05941,34.67656]},"properties":{"layer":"two_stage_forbidden","city":"神戸市","title":"二段階右折 禁止（小回り指定）","detail":"「原動機付自転車の右折方法（小回り）」の標識。車線が多くても普通に右折レーンから右折する。","cond":"","src":"兵庫県警/JARTIC交通規制情報","uk":"28000000000000000000012244900001","confidence":"sign"}},{"type":"Feature","geometry":{"type":"Point","coordinates":[135.01084,34.70839]},"properties":{"layer":"two_stage_forbidden","city":"神戸市","title":"二段階右折 禁止（小回り指定）","detail":"「原動機付自転車の右折方法（小回り）」の標識。車線が多くても普通に右折レーンから右折する。","cond":"","src":"兵庫県警/JARTIC交通規制情報","uk":"28000000000000000000012245000001","confidence":"sign"}},{"type":"Feature","geometry":{"type":"Point","coordinates":[135.01858,34.71627]},"properties":{"layer":"two_stage_forbidden","city":"神戸市","title":"二段階右折 禁止（小回り指定）","detail":"「原動機付自転車の右折方法（小回り）」の標識。車線が多くても普通に右折レーンから右折する。","cond":"","src":"兵庫県警/JARTIC交通規制情報","uk":"28000000000000000000012245100001","confidence":"sign"}},{"type":"Feature","geometry":{"type":"Point","coordinates":[135.01321,34.72343]},"properties":{"layer":"two_stage_forbidden","city":"神戸市","title":"二段階右折 禁止（小回り指定）","detail":"「原動機付自転車の右折方法（小回り）」の標識。車線が多くても普通に右折レーンから右折する。","cond":"","src":"兵庫県警/JARTIC交通規制情報","uk":"28000000000000000000012245200001","confidence":"sign"}},{"type":"Feature","geometry":{"type":"Point","coordinates":[134.99959,34.71645]},"properties":{"layer":"two_stage_forbidden","city":"神戸市","title":"二段階右折 禁止（小回り指定）","detail":"「原動機付自転車の右折方法（小回り）」の標識。車線が多くても普通に右折レーンから右折する。","cond":"","src":"兵庫県警/JARTIC交通規制情報","uk":"28000000000000000000012245300001","confidence":"sign"}},{"type":"Feature","geometry":{"type":"Point","coordinates":[135.05346,34.70352]},"properties":{"layer":"two_stage_forbidden","city":"神戸市","title":"二段階右折 禁止（小回り指定）","detail":"「原動機付自転車の右折方法（小回り）」の標識。車線が多くても普通に右折レーンから右折する。","cond":"","src":"兵庫県警/JARTIC交通規制情報","uk":"28000000000000000000012245400001","confidence":"sign"}},{"type":"Feature","geometry":{"type":"Point","coordinates":[135.00932,34.7253]},"properties":{"layer":"two_stage_forbidden","city":"神戸市","title":"二段階右折 禁止（小回り指定）","detail":"「原動機付自転車の右折方法（小回り）」の標識。車線が多くても普通に右折レーンから右折する。","cond":"","src":"兵庫県警/JARTIC交通規制情報","uk":"28000000000000000000012245500001","confidence":"sign"}},{"type":"Feature","geometry":{"type":"Point","coordinates":[135.0479,34.70057]},"properties":{"layer":"two_stage_forbidden","city":"神戸市","title":"二段階右折 禁止（小回り指定）","detail":"「原動機付自転車の右折方法（小回り）」の標識。車線が多くても普通に右折レーンから右折する。","cond":"","src":"兵庫県警/JARTIC交通規制情報","uk":"28000000000000000000012245600001","confidence":"sign"}},{"type":"Feature","geometry":{"type":"Point","coordinates":[134.99855,34.71608]},"properties":{"layer":"two_stage_forbidden","city":"神戸市","title":"二段階右折 禁止（小回り指定）","detail":"「原動機付自転車の右折方法（小回り）」の標識。車線が多くても普通に右折レーンから右折する。","cond":"","src":"兵庫県警/JARTIC交通規制情報","uk":"28000000000000000000012245700001","confidence":"sign"}},{"type":"Feature","geometry":{"type":"Point","coordinates":[135.03584,34.69726]},"properties":{"layer":"two_stage_forbidden","city":"神戸市","title":"二段階右折 禁止（小回り指定）","detail":"「原動機付自転車の右折方法（小回り）」の標識。車線が多くても普通に右折レーンから右折する。","cond":"","src":"兵庫県警/JARTIC交通規制情報","uk":"28000000000000000000012245900001","confidence":"sign"}},{"type":"Feature","geometry":{"type":"Point","coordinates":[135.03956,34.70062]},"properties":{"layer":"two_stage_forbidden","city":"神戸市","title":"二段階右折 禁止（小回り指定）","detail":"「原動機付自転車の右折方法（小回り）」の標識。車線が多くても普通に右折レーンから右折する。","cond":"","src":"兵庫県警/JARTIC交通規制情報","uk":"28000000000000000000012246000001","confidence":"sign"}},{"type":"Feature","geometry":{"type":"Point","coordinates":[135.04207,34.70117]},"properties":{"layer":"two_stage_forbidden","city":"神戸市","title":"二段階右折 禁止（小回り指定）","detail":"「原動機付自転車の右折方法（小回り）」の標識。車線が多くても普通に右折レーンから右折する。","cond":"","src":"兵庫県警/JARTIC交通規制情報","uk":"28000000000000000000012246100001","confidence":"sign"}},{"type":"Feature","geometry":{"type":"Point","coordinates":[134.98994,34.70332]},"properties":{"layer":"two_stage_forbidden","city":"神戸市","title":"二段階右折 禁止（小回り指定）","detail":"「原動機付自転車の右折方法（小回り）」の標識。車線が多くても普通に右折レーンから右折する。","cond":"","src":"兵庫県警/JARTIC交通規制情報","uk":"28000000000000000000012246200001","confidence":"sign"}},{"type":"Feature","geometry":{"type":"Point","coordinates":[135.05158,34.702]},"properties":{"layer":"two_stage_forbidden","city":"神戸市","title":"二段階右折 禁止（小回り指定）","detail":"「原動機付自転車の右折方法（小回り）」の標識。車線が多くても普通に右折レーンから右折する。","cond":"","src":"兵庫県警/JARTIC交通規制情報","uk":"28000000000000000000012246300001","confidence":"sign"}},{"type":"Feature","geometry":{"type":"Point","coordinates":[134.99401,34.7135]},"properties":{"layer":"two_stage_forbidden","city":"神戸市","title":"二段階右折 禁止（小回り指定）","detail":"「原動機付自転車の右折方法（小回り）」の標識。車線が多くても普通に右折レーンから右折する。","cond":"","src":"兵庫県警/JARTIC交通規制情報","uk":"28000000000000000000012246400001","confidence":"sign"}},{"type":"Feature","geometry":{"type":"Point","coordinates":[134.98248,34.68627]},"properties":{"layer":"two_stage_forbidden","city":"神戸市","title":"二段階右折 禁止（小回り指定）","detail":"「原動機付自転車の右折方法（小回り）」の標識。車線が多くても普通に右折レーンから右折する。","cond":"","src":"兵庫県警/JARTIC交通規制情報","uk":"28000000000000000000012246500001","confidence":"sign"}},{"type":"Feature","geometry":{"type":"Point","coordinates":[134.98278,34.68784]},"properties":{"layer":"two_stage_forbidden","city":"神戸市","title":"二段階右折 禁止（小回り指定）","detail":"「原動機付自転車の右折方法（小回り）」の標識。車線が多くても普通に右折レーンから右折する。","cond":"","src":"兵庫県警/JARTIC交通規制情報","uk":"28000000000000000000012246600001","confidence":"sign"}},{"type":"Feature","geometry":{"type":"Point","coordinates":[134.98299,34.69103]},"properties":{"layer":"two_stage_forbidden","city":"神戸市","title":"二段階右折 禁止（小回り指定）","detail":"「原動機付自転車の右折方法（小回り）」の標識。車線が多くても普通に右折レーンから右折する。","cond":"","src":"兵庫県警/JARTIC交通規制情報","uk":"28000000000000000000012246700001","confidence":"sign"}},{"type":"Feature","geometry":{"type":"Point","coordinates":[134.941,34.70988]},"properties":{"layer":"two_stage_forbidden","city":"神戸市","title":"二段階右折 禁止（小回り指定）","detail":"「原動機付自転車の右折方法（小回り）」の標識。車線が多くても普通に右折レーンから右折する。","cond":"","src":"兵庫県警/JARTIC交通規制情報","uk":"28000000000000000000012246800001","confidence":"sign"}},{"type":"Feature","geometry":{"type":"Point","coordinates":[135.00496,34.72192]},"properties":{"layer":"two_stage_forbidden","city":"神戸市","title":"二段階右折 禁止（小回り指定）","detail":"「原動機付自転車の右折方法（小回り）」の標識。車線が多くても普通に右折レーンから右折する。","cond":"","src":"兵庫県警/JARTIC交通規制情報","uk":"28000000000000000000012246900001","confidence":"sign"}},{"type":"Feature","geometry":{"type":"Point","coordinates":[135.05514,34.70504]},"properties":{"layer":"two_stage_forbidden","city":"神戸市","title":"二段階右折 禁止（小回り指定）","detail":"「原動機付自転車の右折方法（小回り）」の標識。車線が多くても普通に右折レーンから右折する。","cond":"","src":"兵庫県警/JARTIC交通規制情報","uk":"28000000000000000000012247000001","confidence":"sign"}},{"type":"Feature","geometry":{"type":"Point","coordinates":[135.0291,34.69476]},"properties":{"layer":"two_stage_forbidden","city":"神戸市","title":"二段階右折 禁止（小回り指定）","detail":"「原動機付自転車の右折方法（小回り）」の標識。車線が多くても普通に右折レーンから右折する。","cond":"","src":"兵庫県警/JARTIC交通規制情報","uk":"28000000000000000000012247100001","confidence":"sign"}},{"type":"Feature","geometry":{"type":"Point","coordinates":[135.0271,34.69319]},"properties":{"layer":"two_stage_forbidden","city":"神戸市","title":"二段階右折 禁止（小回り指定）","detail":"「原動機付自転車の右折方法（小回り）」の標識。車線が多くても普通に右折レーンから右折する。","cond":"","src":"兵庫県警/JARTIC交通規制情報","uk":"28000000000000000000012247200001","confidence":"sign"}},{"type":"Feature","geometry":{"type":"Point","coordinates":[135.02058,34.68826]},"properties":{"layer":"two_stage_forbidden","city":"神戸市","title":"二段階右折 禁止（小回り指定）","detail":"「原動機付自転車の右折方法（小回り）」の標識。車線が多くても普通に右折レーンから右折する。","cond":"","src":"兵庫県警/JARTIC交通規制情報","uk":"28000000000000000000012247300001","confidence":"sign"}},{"type":"Feature","geometry":{"type":"Point","coordinates":[135.02413,34.69049]},"properties":{"layer":"two_stage_forbidden","city":"神戸市","title":"二段階右折 禁止（小回り指定）","detail":"「原動機付自転車の右折方法（小回り）」の標識。車線が多くても普通に右折レーンから右折する。","cond":"","src":"兵庫県警/JARTIC交通規制情報","uk":"28000000000000000000012247400001","confidence":"sign"}},{"type":"Feature","geometry":{"type":"Point","coordinates":[135.03193,34.69613]},"properties":{"layer":"two_stage_forbidden","city":"神戸市","title":"二段階右折 禁止（小回り指定）","detail":"「原動機付自転車の右折方法（小回り）」の標識。車線が多くても普通に右折レーンから右折する。","cond":"","src":"兵庫県警/JARTIC交通規制情報","uk":"28000000000000000000012247500001","confidence":"sign"}},{"type":"Feature","geometry":{"type":"Point","coordinates":[135.03352,34.69743]},"properties":{"layer":"two_stage_forbidden","city":"神戸市","title":"二段階右折 禁止（小回り指定）","detail":"「原動機付自転車の右折方法（小回り）」の標識。車線が多くても普通に右折レーンから右折する。","cond":"","src":"兵庫県警/JARTIC交通規制情報","uk":"28000000000000000000012247600001","confidence":"sign"}},{"type":"Feature","geometry":{"type":"Point","coordinates":[134.98203,34.67959]},"properties":{"layer":"two_stage_forbidden","city":"神戸市","title":"二段階右折 禁止（小回り指定）","detail":"「原動機付自転車の右折方法（小回り）」の標識。車線が多くても普通に右折レーンから右折する。","cond":"","src":"兵庫県警/JARTIC交通規制情報","uk":"28000000000000000000012247800001","confidence":"sign"}},{"type":"Feature","geometry":{"type":"Point","coordinates":[134.99495,34.73881]},"properties":{"layer":"two_stage_forbidden","city":"神戸市","title":"二段階右折 禁止（小回り指定）","detail":"「原動機付自転車の右折方法（小回り）」の標識。車線が多くても普通に右折レーンから右折する。","cond":"","src":"兵庫県警/JARTIC交通規制情報","uk":"28000000000000000000012248000001","confidence":"sign"}},{"type":"Feature","geometry":{"type":"Point","coordinates":[134.9822,34.68212]},"properties":{"layer":"two_stage_forbidden","city":"神戸市","title":"二段階右折 禁止（小回り指定）","detail":"「原動機付自転車の右折方法（小回り）」の標識。車線が多くても普通に右折レーンから右折する。","cond":"","src":"兵庫県警/JARTIC交通規制情報","uk":"28000000000000000000012248100001","confidence":"sign"}},{"type":"Feature","geometry":{"type":"Point","coordinates":[135.0185,34.74172]},"properties":{"layer":"two_stage_forbidden","city":"神戸市","title":"二段階右折 禁止（小回り指定）","detail":"「原動機付自転車の右折方法（小回り）」の標識。車線が多くても普通に右折レーンから右折する。","cond":"","src":"兵庫県警/JARTIC交通規制情報","uk":"28000000000000000000012248200001","confidence":"sign"}},{"type":"Feature","geometry":{"type":"Point","coordinates":[135.00917,34.73988]},"properties":{"layer":"two_stage_forbidden","city":"神戸市","title":"二段階右折 禁止（小回り指定）","detail":"「原動機付自転車の右折方法（小回り）」の標識。車線が多くても普通に右折レーンから右折する。","cond":"","src":"兵庫県警/JARTIC交通規制情報","uk":"28000000000000000000012248300001","confidence":"sign"}},{"type":"Feature","geometry":{"type":"Point","coordinates":[135.02667,34.7391]},"properties":{"layer":"two_stage_forbidden","city":"神戸市","title":"二段階右折 禁止（小回り指定）","detail":"「原動機付自転車の右折方法（小回り）」の標識。車線が多くても普通に右折レーンから右折する。","cond":"","src":"兵庫県警/JARTIC交通規制情報","uk":"28000000000000000000012248400001","confidence":"sign"}},{"type":"Feature","geometry":{"type":"Point","coordinates":[135.01341,34.74166]},"properties":{"layer":"two_stage_forbidden","city":"神戸市","title":"二段階右折 禁止（小回り指定）","detail":"「原動機付自転車の右折方法（小回り）」の標識。車線が多くても普通に右折レーンから右折する。","cond":"","src":"兵庫県警/JARTIC交通規制情報","uk":"28000000000000000000012248500001","confidence":"sign"}},{"type":"Feature","geometry":{"type":"Point","coordinates":[135.04418,34.71583]},"properties":{"layer":"two_stage_forbidden","city":"神戸市","title":"二段階右折 禁止（小回り指定）","detail":"「原動機付自転車の右折方法（小回り）」の標識。車線が多くても普通に右折レーンから右折する。","cond":"","src":"兵庫県警/JARTIC交通規制情報","uk":"28000000000000000000012248600001","confidence":"sign"}},{"type":"Feature","geometry":{"type":"Point","coordinates":[135.07669,34.69585]},"properties":{"layer":"two_stage_forbidden","city":"神戸市","title":"二段階右折 禁止（小回り指定）","detail":"「原動機付自転車の右折方法（小回り）」の標識。車線が多くても普通に右折レーンから右折する。","cond":"","src":"兵庫県警/JARTIC交通規制情報","uk":"28000000000000000000012248700001","confidence":"sign"}},{"type":"Feature","geometry":{"type":"Point","coordinates":[135.0739,34.69855]},"properties":{"layer":"two_stage_forbidden","city":"神戸市","title":"二段階右折 禁止（小回り指定）","detail":"「原動機付自転車の右折方法（小回り）」の標識。車線が多くても普通に右折レーンから右折する。","cond":"","src":"兵庫県警/JARTIC交通規制情報","uk":"28000000000000000000012248900001","confidence":"sign"}},{"type":"Feature","geometry":{"type":"Point","coordinates":[135.02319,34.66196]},"properties":{"layer":"two_stage_forbidden","city":"神戸市","title":"二段階右折 禁止（小回り指定）","detail":"「原動機付自転車の右折方法（小回り）」の標識。車線が多くても普通に右折レーンから右折する。","cond":"","src":"兵庫県警/JARTIC交通規制情報","uk":"28000000000000000000012249000001","confidence":"sign"}},{"type":"Feature","geometry":{"type":"Point","coordinates":[135.05322,34.709]},"properties":{"layer":"two_stage_forbidden","city":"神戸市","title":"二段階右折 禁止（小回り指定）","detail":"「原動機付自転車の右折方法（小回り）」の標識。車線が多くても普通に右折レーンから右折する。","cond":"","src":"兵庫県警/JARTIC交通規制情報","uk":"28000000000000000000012249100001","confidence":"sign"}},{"type":"Feature","geometry":{"type":"Point","coordinates":[134.98288,34.69888]},"properties":{"layer":"two_stage_forbidden","city":"神戸市","title":"二段階右折 禁止（小回り指定）","detail":"「原動機付自転車の右折方法（小回り）」の標識。車線が多くても普通に右折レーンから右折する。","cond":"","src":"兵庫県警/JARTIC交通規制情報","uk":"28000000000000000000012249200001","confidence":"sign"}},{"type":"Feature","geometry":{"type":"Point","coordinates":[134.98284,34.69736]},"properties":{"layer":"two_stage_forbidden","city":"神戸市","title":"二段階右折 禁止（小回り指定）","detail":"「原動機付自転車の右折方法（小回り）」の標識。車線が多くても普通に右折レーンから右折する。","cond":"","src":"兵庫県警/JARTIC交通規制情報","uk":"28000000000000000000012249300001","confidence":"sign"}},{"type":"Feature","geometry":{"type":"Point","coordinates":[134.98283,34.76876]},"properties":{"layer":"two_stage_forbidden","city":"神戸市","title":"二段階右折 禁止（小回り指定）","detail":"「原動機付自転車の右折方法（小回り）」の標識。車線が多くても普通に右折レーンから右折する。","cond":"","src":"兵庫県警/JARTIC交通規制情報","uk":"28000000000000000000012249400001","confidence":"sign"}},{"type":"Feature","geometry":{"type":"Point","coordinates":[134.98457,34.77133]},"properties":{"layer":"two_stage_forbidden","city":"神戸市","title":"二段階右折 禁止（小回り指定）","detail":"「原動機付自転車の右折方法（小回り）」の標識。車線が多くても普通に右折レーンから右折する。","cond":"","src":"兵庫県警/JARTIC交通規制情報","uk":"28000000000000000000012249500001","confidence":"sign"}},{"type":"Feature","geometry":{"type":"Point","coordinates":[134.98293,34.69585]},"properties":{"layer":"two_stage_forbidden","city":"神戸市","title":"二段階右折 禁止（小回り指定）","detail":"「原動機付自転車の右折方法（小回り）」の標識。車線が多くても普通に右折レーンから右折する。","cond":"","src":"兵庫県警/JARTIC交通規制情報","uk":"28000000000000000000012249600001","confidence":"sign"}},{"type":"Feature","geometry":{"type":"Point","coordinates":[135.07975,34.69455]},"properties":{"layer":"two_stage_forbidden","city":"神戸市","title":"二段階右折 禁止（小回り指定）","detail":"「原動機付自転車の右折方法（小回り）」の標識。車線が多くても普通に右折レーンから右折する。","cond":"","src":"兵庫県警/JARTIC交通規制情報","uk":"28000000000000000000012249700001","confidence":"sign"}},{"type":"Feature","geometry":{"type":"Point","coordinates":[135.04006,34.72125]},"properties":{"layer":"two_stage_forbidden","city":"神戸市","title":"二段階右折 禁止（小回り指定）","detail":"「原動機付自転車の右折方法（小回り）」の標識。車線が多くても普通に右折レーンから右折する。","cond":"","src":"兵庫県警/JARTIC交通規制情報","uk":"28000000000000000000012249800001","confidence":"sign"}},{"type":"Feature","geometry":{"type":"Point","coordinates":[135.08279,34.73243]},"properties":{"layer":"two_stage_forbidden","city":"神戸市","title":"二段階右折 禁止（小回り指定）","detail":"「原動機付自転車の右折方法（小回り）」の標識。車線が多くても普通に右折レーンから右折する。","cond":"","src":"兵庫県警/JARTIC交通規制情報","uk":"28000000000000000000012249900001","confidence":"sign"}},{"type":"Feature","geometry":{"type":"Point","coordinates":[135.09045,34.69977]},"properties":{"layer":"two_stage_forbidden","city":"神戸市","title":"二段階右折 禁止（小回り指定）","detail":"「原動機付自転車の右折方法（小回り）」の標識。車線が多くても普通に右折レーンから右折する。","cond":"","src":"兵庫県警/JARTIC交通規制情報","uk":"28000000000000000000012250100001","confidence":"sign"}},{"type":"Feature","geometry":{"type":"Point","coordinates":[134.97284,34.66953]},"properties":{"layer":"two_stage_forbidden","city":"神戸市","title":"二段階右折 禁止（小回り指定）","detail":"「原動機付自転車の右折方法（小回り）」の標識。車線が多くても普通に右折レーンから右折する。","cond":"","src":"兵庫県警/JARTIC交通規制情報","uk":"28000000000000000000017612900001","confidence":"sign"}},{"type":"Feature","geometry":{"type":"Point","coordinates":[135.07174,34.74655]},"properties":{"layer":"two_stage_forbidden","city":"神戸市","title":"二段階右折 禁止（小回り指定）","detail":"「原動機付自転車の右折方法（小回り）」の標識。車線が多くても普通に右折レーンから右折する。","cond":"","src":"兵庫県警/JARTIC交通規制情報","uk":"28000000000000000000018834000001","confidence":"sign"}},{"type":"Feature","geometry":{"type":"Point","coordinates":[135.07625,34.74142]},"properties":{"layer":"two_stage_forbidden","city":"神戸市","title":"二段階右折 禁止（小回り指定）","detail":"「原動機付自転車の右折方法（小回り）」の標識。車線が多くても普通に右折レーンから右折する。","cond":"","src":"兵庫県警/JARTIC交通規制情報","uk":"28000000000000000000018834100001","confidence":"sign"}},{"type":"Feature","geometry":{"type":"Point","coordinates":[135.20878,34.78728]},"properties":{"layer":"two_stage_forbidden","city":"神戸市","title":"二段階右折 禁止（小回り指定）","detail":"「原動機付自転車の右折方法（小回り）」の標識。車線が多くても普通に右折レーンから右折する。","cond":"","src":"兵庫県警/JARTIC交通規制情報","uk":"28000000000000000000012250200001","confidence":"sign"}},{"type":"Feature","geometry":{"type":"Point","coordinates":[135.21195,34.87596]},"properties":{"layer":"two_stage_forbidden","city":"神戸市","title":"二段階右折 禁止（小回り指定）","detail":"「原動機付自転車の右折方法（小回り）」の標識。車線が多くても普通に右折レーンから右折する。","cond":"","src":"兵庫県警/JARTIC交通規制情報","uk":"28000000000000000000012250400001","confidence":"sign"}},{"type":"Feature","geometry":{"type":"Point","coordinates":[135.21568,34.83781]},"properties":{"layer":"two_stage_forbidden","city":"神戸市","title":"二段階右折 禁止（小回り指定）","detail":"「原動機付自転車の右折方法（小回り）」の標識。車線が多くても普通に右折レーンから右折する。","cond":"","src":"兵庫県警/JARTIC交通規制情報","uk":"28000000000000000000012250500001","confidence":"sign"}},{"type":"Feature","geometry":{"type":"Point","coordinates":[135.21795,34.8349]},"properties":{"layer":"two_stage_forbidden","city":"神戸市","title":"二段階右折 禁止（小回り指定）","detail":"「原動機付自転車の右折方法（小回り）」の標識。車線が多くても普通に右折レーンから右折する。","cond":"","src":"兵庫県警/JARTIC交通規制情報","uk":"28000000000000000000012250600001","confidence":"sign"}},{"type":"Feature","geometry":{"type":"Point","coordinates":[135.21573,34.86547]},"properties":{"layer":"two_stage_forbidden","city":"神戸市","title":"二段階右折 禁止（小回り指定）","detail":"「原動機付自転車の右折方法（小回り）」の標識。車線が多くても普通に右折レーンから右折する。","cond":"","src":"兵庫県警/JARTIC交通規制情報","uk":"28000000000000000000012250700001","confidence":"sign"}},{"type":"Feature","geometry":{"type":"Point","coordinates":[135.21403,34.87101]},"properties":{"layer":"two_stage_forbidden","city":"神戸市","title":"二段階右折 禁止（小回り指定）","detail":"「原動機付自転車の右折方法（小回り）」の標識。車線が多くても普通に右折レーンから右折する。","cond":"","src":"兵庫県警/JARTIC交通規制情報","uk":"28000000000000000000012250800001","confidence":"sign"}},{"type":"Feature","geometry":{"type":"Point","coordinates":[135.22154,34.8224]},"properties":{"layer":"two_stage_forbidden","city":"神戸市","title":"二段階右折 禁止（小回り指定）","detail":"「原動機付自転車の右折方法（小回り）」の標識。車線が多くても普通に右折レーンから右折する。","cond":"","src":"兵庫県警/JARTIC交通規制情報","uk":"28000000000000000000012250900001","confidence":"sign"}},{"type":"Feature","geometry":{"type":"Point","coordinates":[135.20809,34.85062]},"properties":{"layer":"two_stage_forbidden","city":"神戸市","title":"二段階右折 禁止（小回り指定）","detail":"「原動機付自転車の右折方法（小回り）」の標識。車線が多くても普通に右折レーンから右折する。","cond":"","src":"兵庫県警/JARTIC交通規制情報","uk":"28000000000000000000012251000001","confidence":"sign"}},{"type":"Feature","geometry":{"type":"Point","coordinates":[135.21807,34.85939]},"properties":{"layer":"two_stage_forbidden","city":"神戸市","title":"二段階右折 禁止（小回り指定）","detail":"「原動機付自転車の右折方法（小回り）」の標識。車線が多くても普通に右折レーンから右折する。","cond":"","src":"兵庫県警/JARTIC交通規制情報","uk":"28000000000000000000012251100001","confidence":"sign"}},{"type":"Feature","geometry":{"type":"Point","coordinates":[135.20702,34.81212]},"properties":{"layer":"two_stage_forbidden","city":"神戸市","title":"二段階右折 禁止（小回り指定）","detail":"「原動機付自転車の右折方法（小回り）」の標識。車線が多くても普通に右折レーンから右折する。","cond":"","src":"兵庫県警/JARTIC交通規制情報","uk":"28000000000000000000012251200001","confidence":"sign"}},{"type":"Feature","geometry":{"type":"Point","coordinates":[135.20871,34.81521]},"properties":{"layer":"two_stage_forbidden","city":"神戸市","title":"二段階右折 禁止（小回り指定）","detail":"「原動機付自転車の右折方法（小回り）」の標識。車線が多くても普通に右折レーンから右折する。","cond":"","src":"兵庫県警/JARTIC交通規制情報","uk":"28000000000000000000012251300001","confidence":"sign"}},{"type":"Feature","geometry":{"type":"Point","coordinates":[135.21199,34.81813]},"properties":{"layer":"two_stage_forbidden","city":"神戸市","title":"二段階右折 禁止（小回り指定）","detail":"「原動機付自転車の右折方法（小回り）」の標識。車線が多くても普通に右折レーンから右折する。","cond":"","src":"兵庫県警/JARTIC交通規制情報","uk":"28000000000000000000012251400001","confidence":"sign"}},{"type":"Feature","geometry":{"type":"Point","coordinates":[135.21528,34.82205]},"properties":{"layer":"two_stage_forbidden","city":"神戸市","title":"二段階右折 禁止（小回り指定）","detail":"「原動機付自転車の右折方法（小回り）」の標識。車線が多くても普通に右折レーンから右折する。","cond":"","src":"兵庫県警/JARTIC交通規制情報","uk":"28000000000000000000012251500001","confidence":"sign"}},{"type":"Feature","geometry":{"type":"Point","coordinates":[135.21859,34.82329]},"properties":{"layer":"two_stage_forbidden","city":"神戸市","title":"二段階右折 禁止（小回り指定）","detail":"「原動機付自転車の右折方法（小回り）」の標識。車線が多くても普通に右折レーンから右折する。","cond":"","src":"兵庫県警/JARTIC交通規制情報","uk":"28000000000000000000012251600001","confidence":"sign"}},{"type":"Feature","geometry":{"type":"Point","coordinates":[135.21935,34.82959]},"properties":{"layer":"two_stage_forbidden","city":"神戸市","title":"二段階右折 禁止（小回り指定）","detail":"「原動機付自転車の右折方法（小回り）」の標識。車線が多くても普通に右折レーンから右折する。","cond":"","src":"兵庫県警/JARTIC交通規制情報","uk":"28000000000000000000012251700001","confidence":"sign"}},{"type":"Feature","geometry":{"type":"Point","coordinates":[135.21447,34.80729]},"properties":{"layer":"two_stage_forbidden","city":"神戸市","title":"二段階右折 禁止（小回り指定）","detail":"「原動機付自転車の右折方法（小回り）」の標識。車線が多くても普通に右折レーンから右折する。","cond":"","src":"兵庫県警/JARTIC交通規制情報","uk":"28000000000000000000012252000001","confidence":"sign"}},{"type":"Feature","geometry":{"type":"Point","coordinates":[135.2244,34.87143]},"properties":{"layer":"two_stage_forbidden","city":"神戸市","title":"二段階右折 禁止（小回り指定）","detail":"「原動機付自転車の右折方法（小回り）」の標識。車線が多くても普通に右折レーンから右折する。","cond":"","src":"兵庫県警/JARTIC交通規制情報","uk":"28000000000000000000012252100001","confidence":"sign"}},{"type":"Feature","geometry":{"type":"Point","coordinates":[135.22526,34.87026]},"properties":{"layer":"two_stage_forbidden","city":"神戸市","title":"二段階右折 禁止（小回り指定）","detail":"「原動機付自転車の右折方法（小回り）」の標識。車線が多くても普通に右折レーンから右折する。","cond":"","src":"兵庫県警/JARTIC交通規制情報","uk":"28000000000000000000012252200001","confidence":"sign"}},{"type":"Feature","geometry":{"type":"Point","coordinates":[135.23027,34.86582]},"properties":{"layer":"two_stage_forbidden","city":"神戸市","title":"二段階右折 禁止（小回り指定）","detail":"「原動機付自転車の右折方法（小回り）」の標識。車線が多くても普通に右折レーンから右折する。","cond":"","src":"兵庫県警/JARTIC交通規制情報","uk":"28000000000000000000012252300001","confidence":"sign"}},{"type":"Feature","geometry":{"type":"Point","coordinates":[135.22348,34.87418]},"properties":{"layer":"two_stage_forbidden","city":"神戸市","title":"二段階右折 禁止（小回り指定）","detail":"「原動機付自転車の右折方法（小回り）」の標識。車線が多くても普通に右折レーンから右折する。","cond":"","src":"兵庫県警/JARTIC交通規制情報","uk":"28000000000000000000012252400001","confidence":"sign"}},{"type":"Feature","geometry":{"type":"Point","coordinates":[135.23221,34.86038]},"properties":{"layer":"two_stage_forbidden","city":"神戸市","title":"二段階右折 禁止（小回り指定）","detail":"「原動機付自転車の右折方法（小回り）」の標識。車線が多くても普通に右折レーンから右折する。","cond":"","src":"兵庫県警/JARTIC交通規制情報","uk":"28000000000000000000012252500001","confidence":"sign"}},{"type":"Feature","geometry":{"type":"Point","coordinates":[135.21244,34.81044]},"properties":{"layer":"two_stage_forbidden","city":"神戸市","title":"二段階右折 禁止（小回り指定）","detail":"「原動機付自転車の右折方法（小回り）」の標識。車線が多くても普通に右折レーンから右折する。","cond":"","src":"兵庫県警/JARTIC交通規制情報","uk":"28000000000000000000012252600001","confidence":"sign"}},{"type":"Feature","geometry":{"type":"Point","coordinates":[135.20395,34.81212]},"properties":{"layer":"two_stage_forbidden","city":"神戸市","title":"二段階右折 禁止（小回り指定）","detail":"「原動機付自転車の右折方法（小回り）」の標識。車線が多くても普通に右折レーンから右折する。","cond":"","src":"兵庫県警/JARTIC交通規制情報","uk":"28000000000000000000012252700001","confidence":"sign"}},{"type":"Feature","geometry":{"type":"Point","coordinates":[135.23438,34.85434]},"properties":{"layer":"two_stage_forbidden","city":"神戸市","title":"二段階右折 禁止（小回り指定）","detail":"「原動機付自転車の右折方法（小回り）」の標識。車線が多くても普通に右折レーンから右折する。","cond":"","src":"兵庫県警/JARTIC交通規制情報","uk":"28000000000000000000012252800001","confidence":"sign"}},{"type":"Feature","geometry":{"type":"Point","coordinates":[135.20759,34.773]},"properties":{"layer":"two_stage_forbidden","city":"神戸市","title":"二段階右折 禁止（小回り指定）","detail":"「原動機付自転車の右折方法（小回り）」の標識。車線が多くても普通に右折レーンから右折する。","cond":"","src":"兵庫県警/JARTIC交通規制情報","uk":"28000000000000000000012252900001","confidence":"sign"}},{"type":"Feature","geometry":{"type":"Point","coordinates":[135.23559,34.84791]},"properties":{"layer":"two_stage_forbidden","city":"神戸市","title":"二段階右折 禁止（小回り指定）","detail":"「原動機付自転車の右折方法（小回り）」の標識。車線が多くても普通に右折レーンから右折する。","cond":"","src":"兵庫県警/JARTIC交通規制情報","uk":"28000000000000000000012253000001","confidence":"sign"}},{"type":"Feature","geometry":{"type":"Point","coordinates":[135.21187,34.86094]},"properties":{"layer":"two_stage_forbidden","city":"神戸市","title":"二段階右折 禁止（小回り指定）","detail":"「原動機付自転車の右折方法（小回り）」の標識。車線が多くても普通に右折レーンから右折する。","cond":"","src":"兵庫県警/JARTIC交通規制情報","uk":"28000000000000000000012253100001","confidence":"sign"}},{"type":"Feature","geometry":{"type":"Point","coordinates":[135.21545,34.80956]},"properties":{"layer":"two_stage_forbidden","city":"神戸市","title":"二段階右折 禁止（小回り指定）","detail":"「原動機付自転車の右折方法（小回り）」の標識。車線が多くても普通に右折レーンから右折する。","cond":"","src":"兵庫県警/JARTIC交通規制情報","uk":"28000000000000000000012253200001","confidence":"sign"}},{"type":"Feature","geometry":{"type":"Point","coordinates":[135.18903,34.86614]},"properties":{"layer":"two_stage_forbidden","city":"神戸市","title":"二段階右折 禁止（小回り指定）","detail":"「原動機付自転車の右折方法（小回り）」の標識。車線が多くても普通に右折レーンから右折する。","cond":"","src":"兵庫県警/JARTIC交通規制情報","uk":"28000000000000000000012253300001","confidence":"sign"}},{"type":"Feature","geometry":{"type":"Point","coordinates":[135.19065,34.86471]},"properties":{"layer":"two_stage_forbidden","city":"神戸市","title":"二段階右折 禁止（小回り指定）","detail":"「原動機付自転車の右折方法（小回り）」の標識。車線が多くても普通に右折レーンから右折する。","cond":"","src":"兵庫県警/JARTIC交通規制情報","uk":"28000000000000000000012253400001","confidence":"sign"}},{"type":"Feature","geometry":{"type":"Point","coordinates":[135.19282,34.86212]},"properties":{"layer":"two_stage_forbidden","city":"神戸市","title":"二段階右折 禁止（小回り指定）","detail":"「原動機付自転車の右折方法（小回り）」の標識。車線が多くても普通に右折レーンから右折する。","cond":"","src":"兵庫県警/JARTIC交通規制情報","uk":"28000000000000000000012253500001","confidence":"sign"}},{"type":"Feature","geometry":{"type":"Point","coordinates":[135.22156,34.85486]},"properties":{"layer":"two_stage_forbidden","city":"神戸市","title":"二段階右折 禁止（小回り指定）","detail":"「原動機付自転車の右折方法（小回り）」の標識。車線が多くても普通に右折レーンから右折する。","cond":"","src":"兵庫県警/JARTIC交通規制情報","uk":"28000000000000000000012253600001","confidence":"sign"}},{"type":"Feature","geometry":{"type":"Point","coordinates":[135.19565,34.86199]},"properties":{"layer":"two_stage_forbidden","city":"神戸市","title":"二段階右折 禁止（小回り指定）","detail":"「原動機付自転車の右折方法（小回り）」の標識。車線が多くても普通に右折レーンから右折する。","cond":"","src":"兵庫県警/JARTIC交通規制情報","uk":"28000000000000000000012253700001","confidence":"sign"}},{"type":"Feature","geometry":{"type":"Point","coordinates":[135.21624,34.86284]},"properties":{"layer":"two_stage_forbidden","city":"神戸市","title":"二段階右折 禁止（小回り指定）","detail":"「原動機付自転車の右折方法（小回り）」の標識。車線が多くても普通に右折レーンから右折する。","cond":"","src":"兵庫県警/JARTIC交通規制情報","uk":"28000000000000000000012253800001","confidence":"sign"}},{"type":"Feature","geometry":{"type":"Point","coordinates":[135.21015,34.85535]},"properties":{"layer":"two_stage_forbidden","city":"神戸市","title":"二段階右折 禁止（小回り指定）","detail":"「原動機付自転車の右折方法（小回り）」の標識。車線が多くても普通に右折レーンから右折する。","cond":"","src":"兵庫県警/JARTIC交通規制情報","uk":"28000000000000000000012253900001","confidence":"sign"}},{"type":"Feature","geometry":{"type":"Point","coordinates":[135.21102,34.85841]},"properties":{"layer":"two_stage_forbidden","city":"神戸市","title":"二段階右折 禁止（小回り指定）","detail":"「原動機付自転車の右折方法（小回り）」の標識。車線が多くても普通に右折レーンから右折する。","cond":"","src":"兵庫県警/JARTIC交通規制情報","uk":"28000000000000000000012254000001","confidence":"sign"}},{"type":"Feature","geometry":{"type":"Point","coordinates":[135.21576,34.8328]},"properties":{"layer":"two_stage_forbidden","city":"神戸市","title":"二段階右折 禁止（小回り指定）","detail":"「原動機付自転車の右折方法（小回り）」の標識。車線が多くても普通に右折レーンから右折する。","cond":"","src":"兵庫県警/JARTIC交通規制情報","uk":"28000000000000000000012254100001","confidence":"sign"}},{"type":"Feature","geometry":{"type":"Point","coordinates":[135.13572,34.72366]},"properties":{"layer":"two_stage_forbidden","city":"神戸市","title":"二段階右折 禁止（小回り指定）","detail":"「原動機付自転車の右折方法（小回り）」の標識。車線が多くても普通に右折レーンから右折する。","cond":"","src":"兵庫県警/JARTIC交通規制情報","uk":"28000000000000000000012254200001","confidence":"sign"}},{"type":"Feature","geometry":{"type":"Point","coordinates":[135.12855,34.7218]},"properties":{"layer":"two_stage_forbidden","city":"神戸市","title":"二段階右折 禁止（小回り指定）","detail":"「原動機付自転車の右折方法（小回り）」の標識。車線が多くても普通に右折レーンから右折する。","cond":"","src":"兵庫県警/JARTIC交通規制情報","uk":"28000000000000000000012254300001","confidence":"sign"}},{"type":"Feature","geometry":{"type":"Point","coordinates":[135.15643,34.76002]},"properties":{"layer":"two_stage_forbidden","city":"神戸市","title":"二段階右折 禁止（小回り指定）","detail":"「原動機付自転車の右折方法（小回り）」の標識。車線が多くても普通に右折レーンから右折する。","cond":"","src":"兵庫県警/JARTIC交通規制情報","uk":"28000000000000000000012254400001","confidence":"sign"}},{"type":"Feature","geometry":{"type":"Point","coordinates":[135.12159,34.7159]},"properties":{"layer":"two_stage_forbidden","city":"神戸市","title":"二段階右折 禁止（小回り指定）","detail":"「原動機付自転車の右折方法（小回り）」の標識。車線が多くても普通に右折レーンから右折する。","cond":"","src":"兵庫県警/JARTIC交通規制情報","uk":"28000000000000000000012254500001","confidence":"sign"}},{"type":"Feature","geometry":{"type":"Point","coordinates":[135.15456,34.75807]},"properties":{"layer":"two_stage_forbidden","city":"神戸市","title":"二段階右折 禁止（小回り指定）","detail":"「原動機付自転車の右折方法（小回り）」の標識。車線が多くても普通に右折レーンから右折する。","cond":"","src":"兵庫県警/JARTIC交通規制情報","uk":"28000000000000000000012254600001","confidence":"sign"}},{"type":"Feature","geometry":{"type":"Point","coordinates":[135.15342,34.75622]},"properties":{"layer":"two_stage_forbidden","city":"神戸市","title":"二段階右折 禁止（小回り指定）","detail":"「原動機付自転車の右折方法（小回り）」の標識。車線が多くても普通に右折レーンから右折する。","cond":"","src":"兵庫県警/JARTIC交通規制情報","uk":"28000000000000000000012254800001","confidence":"sign"}},{"type":"Feature","geometry":{"type":"Point","coordinates":[135.12233,34.70295]},"properties":{"layer":"two_stage_forbidden","city":"神戸市","title":"二段階右折 禁止（小回り指定）","detail":"「原動機付自転車の右折方法（小回り）」の標識。車線が多くても普通に右折レーンから右折する。","cond":"","src":"兵庫県警/JARTIC交通規制情報","uk":"28000000000000000000012254900001","confidence":"sign"}},{"type":"Feature","geometry":{"type":"Point","coordinates":[135.14271,34.73266]},"properties":{"layer":"two_stage_forbidden","city":"神戸市","title":"二段階右折 禁止（小回り指定）","detail":"「原動機付自転車の右折方法（小回り）」の標識。車線が多くても普通に右折レーンから右折する。","cond":"","src":"兵庫県警/JARTIC交通規制情報","uk":"28000000000000000000012255000001","confidence":"sign"}},{"type":"Feature","geometry":{"type":"Point","coordinates":[135.13685,34.72688]},"properties":{"layer":"two_stage_forbidden","city":"神戸市","title":"二段階右折 禁止（小回り指定）","detail":"「原動機付自転車の右折方法（小回り）」の標識。車線が多くても普通に右折レーンから右折する。","cond":"","src":"兵庫県警/JARTIC交通規制情報","uk":"28000000000000000000012255100001","confidence":"sign"}},{"type":"Feature","geometry":{"type":"Point","coordinates":[135.14397,34.75499]},"properties":{"layer":"two_stage_forbidden","city":"神戸市","title":"二段階右折 禁止（小回り指定）","detail":"「原動機付自転車の右折方法（小回り）」の標識。車線が多くても普通に右折レーンから右折する。","cond":"","src":"兵庫県警/JARTIC交通規制情報","uk":"28000000000000000000012255200001","confidence":"sign"}},{"type":"Feature","geometry":{"type":"Point","coordinates":[135.13419,34.72276]},"properties":{"layer":"two_stage_forbidden","city":"神戸市","title":"二段階右折 禁止（小回り指定）","detail":"「原動機付自転車の右折方法（小回り）」の標識。車線が多くても普通に右折レーンから右折する。","cond":"","src":"兵庫県警/JARTIC交通規制情報","uk":"28000000000000000000012255500001","confidence":"sign"}},{"type":"Feature","geometry":{"type":"Point","coordinates":[135.13639,34.72519]},"properties":{"layer":"two_stage_forbidden","city":"神戸市","title":"二段階右折 禁止（小回り指定）","detail":"「原動機付自転車の右折方法（小回り）」の標識。車線が多くても普通に右折レーンから右折する。","cond":"","src":"兵庫県警/JARTIC交通規制情報","uk":"28000000000000000000012255600001","confidence":"sign"}},{"type":"Feature","geometry":{"type":"Point","coordinates":[135.33757,34.73863]},"properties":{"layer":"two_stage_forbidden","city":"西宮市","title":"二段階右折 禁止（小回り指定）","detail":"「原動機付自転車の右折方法（小回り）」の標識。車線が多くても普通に右折レーンから右折する。","cond":"","src":"兵庫県警/JARTIC交通規制情報","uk":"28000000000000000000012257000001","confidence":"sign"}},{"type":"Feature","geometry":{"type":"Point","coordinates":[135.33601,34.73864]},"properties":{"layer":"two_stage_forbidden","city":"西宮市","title":"二段階右折 禁止（小回り指定）","detail":"「原動機付自転車の右折方法（小回り）」の標識。車線が多くても普通に右折レーンから右折する。","cond":"","src":"兵庫県警/JARTIC交通規制情報","uk":"28000000000000000000012257200001","confidence":"sign"}},{"type":"Feature","geometry":{"type":"Point","coordinates":[135.34726,34.73773]},"properties":{"layer":"two_stage_forbidden","city":"西宮市","title":"二段階右折 禁止（小回り指定）","detail":"「原動機付自転車の右折方法（小回り）」の標識。車線が多くても普通に右折レーンから右折する。","cond":"","src":"兵庫県警/JARTIC交通規制情報","uk":"28000000000000000000012257300001","confidence":"sign"}},{"type":"Feature","geometry":{"type":"Point","coordinates":[135.33159,34.73381]},"properties":{"layer":"two_stage_forbidden","city":"西宮市","title":"二段階右折 禁止（小回り指定）","detail":"「原動機付自転車の右折方法（小回り）」の標識。車線が多くても普通に右折レーンから右折する。","cond":"","src":"兵庫県警/JARTIC交通規制情報","uk":"28000000000000000000012257400001","confidence":"sign"}},{"type":"Feature","geometry":{"type":"Point","coordinates":[135.23992,34.83502]},"properties":{"layer":"two_stage_forbidden","city":"西宮市","title":"二段階右折 禁止（小回り指定）","detail":"「原動機付自転車の右折方法（小回り）」の標識。車線が多くても普通に右折レーンから右折する。","cond":"","src":"兵庫県警/JARTIC交通規制情報","uk":"28000000000000000000012257500001","confidence":"sign"}},{"type":"Feature","geometry":{"type":"Point","coordinates":[135.24117,34.83263]},"properties":{"layer":"two_stage_forbidden","city":"西宮市","title":"二段階右折 禁止（小回り指定）","detail":"「原動機付自転車の右折方法（小回り）」の標識。車線が多くても普通に右折レーンから右折する。","cond":"","src":"兵庫県警/JARTIC交通規制情報","uk":"28000000000000000000012257600001","confidence":"sign"}},{"type":"Feature","geometry":{"type":"Point","coordinates":[135.24018,34.83381]},"properties":{"layer":"two_stage_forbidden","city":"西宮市","title":"二段階右折 禁止（小回り指定）","detail":"「原動機付自転車の右折方法（小回り）」の標識。車線が多くても普通に右折レーンから右折する。","cond":"","src":"兵庫県警/JARTIC交通規制情報","uk":"28000000000000000000012257700001","confidence":"sign"}},{"type":"Feature","geometry":{"type":"Point","coordinates":[135.32923,34.73768]},"properties":{"layer":"two_stage_forbidden","city":"西宮市","title":"二段階右折 禁止（小回り指定）","detail":"「原動機付自転車の右折方法（小回り）」の標識。車線が多くても普通に右折レーンから右折する。","cond":"","src":"兵庫県警/JARTIC交通規制情報","uk":"28000000000000000000012257800001","confidence":"sign"}},{"type":"Feature","geometry":{"type":"Point","coordinates":[135.3721,34.7647]},"properties":{"layer":"two_stage_forbidden","city":"西宮市","title":"二段階右折 禁止（小回り指定）","detail":"「原動機付自転車の右折方法（小回り）」の標識。車線が多くても普通に右折レーンから右折する。","cond":"","src":"兵庫県警/JARTIC交通規制情報","uk":"28000000000000000000012257900001","confidence":"sign"}},{"type":"Feature","geometry":{"type":"Point","coordinates":[135.36965,34.76436]},"properties":{"layer":"two_stage_forbidden","city":"西宮市","title":"二段階右折 禁止（小回り指定）","detail":"「原動機付自転車の右折方法（小回り）」の標識。車線が多くても普通に右折レーンから右折する。","cond":"","src":"兵庫県警/JARTIC交通規制情報","uk":"28000000000000000000012258000001","confidence":"sign"}},{"type":"Feature","geometry":{"type":"Point","coordinates":[135.23944,34.83674]},"properties":{"layer":"two_stage_forbidden","city":"西宮市","title":"二段階右折 禁止（小回り指定）","detail":"「原動機付自転車の右折方法（小回り）」の標識。車線が多くても普通に右折レーンから右折する。","cond":"","src":"兵庫県警/JARTIC交通規制情報","uk":"28000000000000000000012258200001","confidence":"sign"}},{"type":"Feature","geometry":{"type":"Point","coordinates":[135.23887,34.83948]},"properties":{"layer":"two_stage_forbidden","city":"西宮市","title":"二段階右折 禁止（小回り指定）","detail":"「原動機付自転車の右折方法（小回り）」の標識。車線が多くても普通に右折レーンから右折する。","cond":"","src":"兵庫県警/JARTIC交通規制情報","uk":"28000000000000000000012258300001","confidence":"sign"}},{"type":"Feature","geometry":{"type":"Point","coordinates":[135.23844,34.84155]},"properties":{"layer":"two_stage_forbidden","city":"西宮市","title":"二段階右折 禁止（小回り指定）","detail":"「原動機付自転車の右折方法（小回り）」の標識。車線が多くても普通に右折レーンから右折する。","cond":"","src":"兵庫県警/JARTIC交通規制情報","uk":"28000000000000000000012258400001","confidence":"sign"}},{"type":"Feature","geometry":{"type":"Point","coordinates":[135.36651,34.76215]},"properties":{"layer":"two_stage_forbidden","city":"西宮市","title":"二段階右折 禁止（小回り指定）","detail":"「原動機付自転車の右折方法（小回り）」の標識。車線が多くても普通に右折レーンから右折する。","cond":"","src":"兵庫県警/JARTIC交通規制情報","uk":"28000000000000000000012258500001","confidence":"sign"}},{"type":"Feature","geometry":{"type":"Point","coordinates":[135.34972,34.73744]},"properties":{"layer":"two_stage_forbidden","city":"西宮市","title":"二段階右折 禁止（小回り指定）","detail":"「原動機付自転車の右折方法（小回り）」の標識。車線が多くても普通に右折レーンから右折する。","cond":"","src":"兵庫県警/JARTIC交通規制情報","uk":"28000000000000000000012258600001","confidence":"sign"}},{"type":"Feature","geometry":{"type":"Point","coordinates":[135.24924,34.82866]},"properties":{"layer":"two_stage_forbidden","city":"西宮市","title":"二段階右折 禁止（小回り指定）","detail":"「原動機付自転車の右折方法（小回り）」の標識。車線が多くても普通に右折レーンから右折する。","cond":"","src":"兵庫県警/JARTIC交通規制情報","uk":"28000000000000000000012258700001","confidence":"sign"}},{"type":"Feature","geometry":{"type":"Point","coordinates":[135.33364,34.71656]},"properties":{"layer":"two_stage_forbidden","city":"西宮市","title":"二段階右折 禁止（小回り指定）","detail":"「原動機付自転車の右折方法（小回り）」の標識。車線が多くても普通に右折レーンから右折する。","cond":"","src":"兵庫県警/JARTIC交通規制情報","uk":"28000000000000000000012258800001","confidence":"sign"}},{"type":"Feature","geometry":{"type":"Point","coordinates":[135.33795,34.72573]},"properties":{"layer":"two_stage_forbidden","city":"西宮市","title":"二段階右折 禁止（小回り指定）","detail":"「原動機付自転車の右折方法（小回り）」の標識。車線が多くても普通に右折レーンから右折する。","cond":"","src":"兵庫県警/JARTIC交通規制情報","uk":"28000000000000000000012258900001","confidence":"sign"}},{"type":"Feature","geometry":{"type":"Point","coordinates":[135.33549,34.81489]},"properties":{"layer":"two_stage_forbidden","city":"西宮市","title":"二段階右折 禁止（小回り指定）","detail":"「原動機付自転車の右折方法（小回り）」の標識。車線が多くても普通に右折レーンから右折する。","cond":"","src":"兵庫県警/JARTIC交通規制情報","uk":"28000000000000000000012259200001","confidence":"sign"}},{"type":"Feature","geometry":{"type":"Point","coordinates":[135.24625,34.82532]},"properties":{"layer":"two_stage_forbidden","city":"西宮市","title":"二段階右折 禁止（小回り指定）","detail":"「原動機付自転車の右折方法（小回り）」の標識。車線が多くても普通に右折レーンから右折する。","cond":"","src":"兵庫県警/JARTIC交通規制情報","uk":"28000000000000000000012259300001","confidence":"sign"}},{"type":"Feature","geometry":{"type":"Point","coordinates":[135.23775,34.84457]},"properties":{"layer":"two_stage_forbidden","city":"西宮市","title":"二段階右折 禁止（小回り指定）","detail":"「原動機付自転車の右折方法（小回り）」の標識。車線が多くても普通に右折レーンから右折する。","cond":"","src":"兵庫県警/JARTIC交通規制情報","uk":"28000000000000000000012259400001","confidence":"sign"}},{"type":"Feature","geometry":{"type":"Point","coordinates":[135.25498,34.83171]},"properties":{"layer":"two_stage_forbidden","city":"西宮市","title":"二段階右折 禁止（小回り指定）","detail":"「原動機付自転車の右折方法（小回り）」の標識。車線が多くても普通に右折レーンから右折する。","cond":"","src":"兵庫県警/JARTIC交通規制情報","uk":"28000000000000000000012259500001","confidence":"sign"}},{"type":"Feature","geometry":{"type":"Point","coordinates":[135.2607,34.83451]},"properties":{"layer":"two_stage_forbidden","city":"西宮市","title":"二段階右折 禁止（小回り指定）","detail":"「原動機付自転車の右折方法（小回り）」の標識。車線が多くても普通に右折レーンから右折する。","cond":"","src":"兵庫県警/JARTIC交通規制情報","uk":"28000000000000000000012259600001","confidence":"sign"}},{"type":"Feature","geometry":{"type":"Point","coordinates":[135.3423,34.73832]},"properties":{"layer":"two_stage_forbidden","city":"西宮市","title":"二段階右折 禁止（小回り指定）","detail":"「原動機付自転車の右折方法（小回り）」の標識。車線が多くても普通に右折レーンから右折する。","cond":"","src":"兵庫県警/JARTIC交通規制情報","uk":"28000000000000000000012259700001","confidence":"sign"}},{"type":"Feature","geometry":{"type":"Point","coordinates":[135.34715,34.72683]},"properties":{"layer":"two_stage_forbidden","city":"西宮市","title":"二段階右折 禁止（小回り指定）","detail":"「原動機付自転車の右折方法（小回り）」の標識。車線が多くても普通に右折レーンから右折する。","cond":"","src":"兵庫県警/JARTIC交通規制情報","uk":"28000000000000000000012259900001","confidence":"sign"}},{"type":"Feature","geometry":{"type":"Point","coordinates":[135.35776,34.74419]},"properties":{"layer":"two_stage_forbidden","city":"西宮市","title":"二段階右折 禁止（小回り指定）","detail":"「原動機付自転車の右折方法（小回り）」の標識。車線が多くても普通に右折レーンから右折する。","cond":"","src":"兵庫県警/JARTIC交通規制情報","uk":"28000000000000000000012260000001","confidence":"sign"}},{"type":"Feature","geometry":{"type":"Point","coordinates":[135.23568,34.83423]},"properties":{"layer":"two_stage_forbidden","city":"西宮市","title":"二段階右折 禁止（小回り指定）","detail":"「原動機付自転車の右折方法（小回り）」の標識。車線が多くても普通に右折レーンから右折する。","cond":"","src":"兵庫県警/JARTIC交通規制情報","uk":"28000000000000000000012260100001","confidence":"sign"}},{"type":"Feature","geometry":{"type":"Point","coordinates":[135.35194,34.74434]},"properties":{"layer":"two_stage_forbidden","city":"西宮市","title":"二段階右折 禁止（小回り指定）","detail":"「原動機付自転車の右折方法（小回り）」の標識。車線が多くても普通に右折レーンから右折する。","cond":"","src":"兵庫県警/JARTIC交通規制情報","uk":"28000000000000000000012260300001","confidence":"sign"}},{"type":"Feature","geometry":{"type":"Point","coordinates":[135.34447,34.73808]},"properties":{"layer":"two_stage_forbidden","city":"西宮市","title":"二段階右折 禁止（小回り指定）","detail":"「原動機付自転車の右折方法（小回り）」の標識。車線が多くても普通に右折レーンから右折する。","cond":"","src":"兵庫県警/JARTIC交通規制情報","uk":"28000000000000000000012260400001","confidence":"sign"}},{"type":"Feature","geometry":{"type":"Point","coordinates":[135.23689,34.83441]},"properties":{"layer":"two_stage_forbidden","city":"西宮市","title":"二段階右折 禁止（小回り指定）","detail":"「原動機付自転車の右折方法（小回り）」の標識。車線が多くても普通に右折レーンから右折する。","cond":"","src":"兵庫県警/JARTIC交通規制情報","uk":"28000000000000000000012260700001","confidence":"sign"}},{"type":"Feature","geometry":{"type":"Point","coordinates":[135.34675,34.74826]},"properties":{"layer":"two_stage_forbidden","city":"西宮市","title":"二段階右折 禁止（小回り指定）","detail":"「原動機付自転車の右折方法（小回り）」の標識。車線が多くても普通に右折レーンから右折する。","cond":"","src":"兵庫県警/JARTIC交通規制情報","uk":"28000000000000000000012260900001","confidence":"sign"}},{"type":"Feature","geometry":{"type":"Point","coordinates":[135.24658,34.82686]},"properties":{"layer":"two_stage_forbidden","city":"西宮市","title":"二段階右折 禁止（小回り指定）","detail":"「原動機付自転車の右折方法（小回り）」の標識。車線が多くても普通に右折レーンから右折する。","cond":"","src":"兵庫県警/JARTIC交通規制情報","uk":"28000000000000000000012261000001","confidence":"sign"}},{"type":"Feature","geometry":{"type":"Point","coordinates":[135.32859,34.71691]},"properties":{"layer":"two_stage_forbidden","city":"西宮市","title":"二段階右折 禁止（小回り指定）","detail":"「原動機付自転車の右折方法（小回り）」の標識。車線が多くても普通に右折レーンから右折する。","cond":"","src":"兵庫県警/JARTIC交通規制情報","uk":"28000000000000000000012261100001","confidence":"sign"}},{"type":"Feature","geometry":{"type":"Point","coordinates":[135.36485,34.7486]},"properties":{"layer":"two_stage_forbidden","city":"西宮市","title":"二段階右折 禁止（小回り指定）","detail":"「原動機付自転車の右折方法（小回り）」の標識。車線が多くても普通に右折レーンから右折する。","cond":"","src":"兵庫県警/JARTIC交通規制情報","uk":"28000000000000000000012261200001","confidence":"sign"}},{"type":"Feature","geometry":{"type":"Point","coordinates":[135.31045,34.82432]},"properties":{"layer":"two_stage_forbidden","city":"西宮市","title":"二段階右折 禁止（小回り指定）","detail":"「原動機付自転車の右折方法（小回り）」の標識。車線が多くても普通に右折レーンから右折する。","cond":"","src":"兵庫県警/JARTIC交通規制情報","uk":"28000000000000000000012261300001","confidence":"sign"}},{"type":"Feature","geometry":{"type":"Point","coordinates":[135.33944,34.73862]},"properties":{"layer":"two_stage_forbidden","city":"西宮市","title":"二段階右折 禁止（小回り指定）","detail":"「原動機付自転車の右折方法（小回り）」の標識。車線が多くても普通に右折レーンから右折する。","cond":"","src":"兵庫県警/JARTIC交通規制情報","uk":"28000000000000000000018059500001","confidence":"sign"}},{"type":"Feature","geometry":{"type":"Point","coordinates":[135.35619,34.73658]},"properties":{"layer":"two_stage_forbidden","city":"西宮市","title":"二段階右折 禁止（小回り指定）","detail":"「原動機付自転車の右折方法（小回り）」の標識。車線が多くても普通に右折レーンから右折する。","cond":"","src":"兵庫県警/JARTIC交通規制情報","uk":"28000000000000000000018893200001","confidence":"sign"}},{"type":"Feature","geometry":{"type":"Point","coordinates":[135.36525,34.71587]},"properties":{"layer":"two_stage_forbidden","city":"西宮市","title":"二段階右折 禁止（小回り指定）","detail":"「原動機付自転車の右折方法（小回り）」の標識。車線が多くても普通に右折レーンから右折する。","cond":"","src":"兵庫県警/JARTIC交通規制情報","uk":"28000000000000000000012261400001","confidence":"sign"}},{"type":"Feature","geometry":{"type":"Point","coordinates":[135.37019,34.73395]},"properties":{"layer":"two_stage_forbidden","city":"西宮市","title":"二段階右折 禁止（小回り指定）","detail":"「原動機付自転車の右折方法（小回り）」の標識。車線が多くても普通に右折レーンから右折する。","cond":"","src":"兵庫県警/JARTIC交通規制情報","uk":"28000000000000000000012261500001","confidence":"sign"}},{"type":"Feature","geometry":{"type":"Point","coordinates":[135.37383,34.73326]},"properties":{"layer":"two_stage_forbidden","city":"西宮市","title":"二段階右折 禁止（小回り指定）","detail":"「原動機付自転車の右折方法（小回り）」の標識。車線が多くても普通に右折レーンから右折する。","cond":"","src":"兵庫県警/JARTIC交通規制情報","uk":"28000000000000000000012261600001","confidence":"sign"}},{"type":"Feature","geometry":{"type":"Point","coordinates":[135.36868,34.73438]},"properties":{"layer":"two_stage_forbidden","city":"西宮市","title":"二段階右折 禁止（小回り指定）","detail":"「原動機付自転車の右折方法（小回り）」の標識。車線が多くても普通に右折レーンから右折する。","cond":"","src":"兵庫県警/JARTIC交通規制情報","uk":"28000000000000000000012261700001","confidence":"sign"}},{"type":"Feature","geometry":{"type":"Point","coordinates":[135.36316,34.6978]},"properties":{"layer":"two_stage_forbidden","city":"西宮市","title":"二段階右折 禁止（小回り指定）","detail":"「原動機付自転車の右折方法（小回り）」の標識。車線が多くても普通に右折レーンから右折する。","cond":"","src":"兵庫県警/JARTIC交通規制情報","uk":"28000000000000000000012261800001","confidence":"sign"}},{"type":"Feature","geometry":{"type":"Point","coordinates":[135.36541,34.70228]},"properties":{"layer":"two_stage_forbidden","city":"西宮市","title":"二段階右折 禁止（小回り指定）","detail":"「原動機付自転車の右折方法（小回り）」の標識。車線が多くても普通に右折レーンから右折する。","cond":"","src":"兵庫県警/JARTIC交通規制情報","uk":"28000000000000000000012261900001","confidence":"sign"}},{"type":"Feature","geometry":{"type":"Point","coordinates":[135.36663,34.71513]},"properties":{"layer":"two_stage_forbidden","city":"西宮市","title":"二段階右折 禁止（小回り指定）","detail":"「原動機付自転車の右折方法（小回り）」の標識。車線が多くても普通に右折レーンから右折する。","cond":"","src":"兵庫県警/JARTIC交通規制情報","uk":"28000000000000000000012262100001","confidence":"sign"}},{"type":"Feature","geometry":{"type":"Point","coordinates":[135.37509,34.7194]},"properties":{"layer":"two_stage_forbidden","city":"西宮市","title":"二段階右折 禁止（小回り指定）","detail":"「原動機付自転車の右折方法（小回り）」の標識。車線が多くても普通に右折レーンから右折する。","cond":"","src":"兵庫県警/JARTIC交通規制情報","uk":"28000000000000000000012262200001","confidence":"sign"}},{"type":"Feature","geometry":{"type":"Point","coordinates":[135.36573,34.69981]},"properties":{"layer":"two_stage_forbidden","city":"西宮市","title":"二段階右折 禁止（小回り指定）","detail":"「原動機付自転車の右折方法（小回り）」の標識。車線が多くても普通に右折レーンから右折する。","cond":"","src":"兵庫県警/JARTIC交通規制情報","uk":"28000000000000000000015719700001","confidence":"sign"}},{"type":"Feature","geometry":{"type":"Point","coordinates":[135.35506,34.80699]},"properties":{"layer":"two_stage_forbidden","city":"宝塚市","title":"二段階右折 禁止（小回り指定）","detail":"「原動機付自転車の右折方法（小回り）」の標識。車線が多くても普通に右折レーンから右折する。","cond":"","src":"兵庫県警/JARTIC交通規制情報","uk":"28000000000000000000012278500001","confidence":"sign"}},{"type":"Feature","geometry":{"type":"Point","coordinates":[135.3683,34.8315]},"properties":{"layer":"two_stage_forbidden","city":"宝塚市","title":"二段階右折 禁止（小回り指定）","detail":"「原動機付自転車の右折方法（小回り）」の標識。車線が多くても普通に右折レーンから右折する。","cond":"","src":"兵庫県警/JARTIC交通規制情報","uk":"28000000000000000000012278700001","confidence":"sign"}},{"type":"Feature","geometry":{"type":"Point","coordinates":[135.33675,34.81329]},"properties":{"layer":"two_stage_forbidden","city":"宝塚市","title":"二段階右折 禁止（小回り指定）","detail":"「原動機付自転車の右折方法（小回り）」の標識。車線が多くても普通に右折レーンから右折する。","cond":"","src":"兵庫県警/JARTIC交通規制情報","uk":"28000000000000000000012278900001","confidence":"sign"}},{"type":"Feature","geometry":{"type":"Point","coordinates":[135.36483,34.78778]},"properties":{"layer":"two_stage_forbidden","city":"宝塚市","title":"二段階右折 禁止（小回り指定）","detail":"「原動機付自転車の右折方法（小回り）」の標識。車線が多くても普通に右折レーンから右折する。","cond":"","src":"兵庫県警/JARTIC交通規制情報","uk":"28000000000000000000012279100001","confidence":"sign"}},{"type":"Feature","geometry":{"type":"Point","coordinates":[135.36646,34.78792]},"properties":{"layer":"two_stage_forbidden","city":"宝塚市","title":"二段階右折 禁止（小回り指定）","detail":"「原動機付自転車の右折方法（小回り）」の標識。車線が多くても普通に右折レーンから右折する。","cond":"","src":"兵庫県警/JARTIC交通規制情報","uk":"28000000000000000000012279200001","confidence":"sign"}},{"type":"Feature","geometry":{"type":"Point","coordinates":[135.36777,34.78793]},"properties":{"layer":"two_stage_forbidden","city":"宝塚市","title":"二段階右折 禁止（小回り指定）","detail":"「原動機付自転車の右折方法（小回り）」の標識。車線が多くても普通に右折レーンから右折する。","cond":"","src":"兵庫県警/JARTIC交通規制情報","uk":"28000000000000000000012279300001","confidence":"sign"}},{"type":"Feature","geometry":{"type":"Point","coordinates":[135.35565,34.79348]},"properties":{"layer":"two_stage_forbidden","city":"宝塚市","title":"二段階右折 禁止（小回り指定）","detail":"「原動機付自転車の右折方法（小回り）」の標識。車線が多くても普通に右折レーンから右折する。","cond":"","src":"兵庫県警/JARTIC交通規制情報","uk":"28000000000000000000012279400001","confidence":"sign"}},{"type":"Feature","geometry":{"type":"Point","coordinates":[135.35629,34.79204]},"properties":{"layer":"two_stage_forbidden","city":"宝塚市","title":"二段階右折 禁止（小回り指定）","detail":"「原動機付自転車の右折方法（小回り）」の標識。車線が多くても普通に右折レーンから右折する。","cond":"","src":"兵庫県警/JARTIC交通規制情報","uk":"28000000000000000000012279500001","confidence":"sign"}},{"type":"Feature","geometry":{"type":"Point","coordinates":[135.35807,34.7878]},"properties":{"layer":"two_stage_forbidden","city":"宝塚市","title":"二段階右折 禁止（小回り指定）","detail":"「原動機付自転車の右折方法（小回り）」の標識。車線が多くても普通に右折レーンから右折する。","cond":"","src":"兵庫県警/JARTIC交通規制情報","uk":"28000000000000000000012279600001","confidence":"sign"}},{"type":"Feature","geometry":{"type":"Point","coordinates":[135.35844,34.78602]},"properties":{"layer":"two_stage_forbidden","city":"宝塚市","title":"二段階右折 禁止（小回り指定）","detail":"「原動機付自転車の右折方法（小回り）」の標識。車線が多くても普通に右折レーンから右折する。","cond":"","src":"兵庫県警/JARTIC交通規制情報","uk":"28000000000000000000012279700001","confidence":"sign"}},{"type":"Feature","geometry":{"type":"Point","coordinates":[135.35787,34.78275]},"properties":{"layer":"two_stage_forbidden","city":"宝塚市","title":"二段階右折 禁止（小回り指定）","detail":"「原動機付自転車の右折方法（小回り）」の標識。車線が多くても普通に右折レーンから右折する。","cond":"","src":"兵庫県警/JARTIC交通規制情報","uk":"28000000000000000000012279800001","confidence":"sign"}},{"type":"Feature","geometry":{"type":"Point","coordinates":[135.3592,34.7992]},"properties":{"layer":"two_stage_forbidden","city":"宝塚市","title":"二段階右折 禁止（小回り指定）","detail":"「原動機付自転車の右折方法（小回り）」の標識。車線が多くても普通に右折レーンから右折する。","cond":"","src":"兵庫県警/JARTIC交通規制情報","uk":"28000000000000000000012279900001","confidence":"sign"}},{"type":"Feature","geometry":{"type":"Point","coordinates":[135.37209,34.79729]},"properties":{"layer":"two_stage_forbidden","city":"宝塚市","title":"二段階右折 禁止（小回り指定）","detail":"「原動機付自転車の右折方法（小回り）」の標識。車線が多くても普通に右折レーンから右折する。","cond":"","src":"兵庫県警/JARTIC交通規制情報","uk":"28000000000000000000017981700001","confidence":"sign"}},{"type":"Feature","geometry":{"type":"Point","coordinates":[135.37273,34.7966]},"properties":{"layer":"two_stage_forbidden","city":"宝塚市","title":"二段階右折 禁止（小回り指定）","detail":"「原動機付自転車の右折方法（小回り）」の標識。車線が多くても普通に右折レーンから右折する。","cond":"","src":"兵庫県警/JARTIC交通規制情報","uk":"28000000000000000000017982200001","confidence":"sign"}},{"type":"Feature","geometry":{"type":"LineString","coordinates":[[135.2768,34.70734],[135.2766,34.70696]]},"properties":{"layer":"two_stage_likely_line","city":"神戸市","lanes":4,"title":"二段階右折 の可能性（片側4車線・信号交差点）","uk":"28000000000000000000008658700001","confidence":"estimated","koma":null}},{"type":"Feature","geometry":{"type":"Point","coordinates":[135.2766,34.70696]},"properties":{"layer":"two_stage_likely","city":"神戸市","lanes":4,"title":"二段階右折（推定）片側4車線","detail":"車両通行帯が3以上の信号交差点への進入路。原付一種はこの方向から右折するとき二段階右折。※推定（現地の標識が優先）","cond":"","src":"兵庫県警/JARTIC交通規制情報（車両通行帯＋信号機から推定）","uk":"28000000000000000000008658700001","confidence":"estimated","koma":null}},{"type":"Feature","geometry":{"type":"LineString","coordinates":[[135.24744,34.70859],[135.24724,34.70817],[135.24782,34.70874],[135.24846,34.70874]]},"properties":{"layer":"two_stage_likely_line","city":"神戸市","lanes":3,"title":"二段階右折 の可能性（片側3車線・信号交差点）","uk":"28000000000000000000008659300001","confidence":"estimated","koma":null}},{"type":"Feature","geometry":{"type":"Point","coordinates":[135.24744,34.70859]},"properties":{"layer":"two_stage_likely","city":"神戸市","lanes":3,"title":"二段階右折（推定）片側3車線","detail":"車両通行帯が3以上の信号交差点への進入路。原付一種はこの方向から右折するとき二段階右折。※推定（現地の標識が優先）","cond":"","src":"兵庫県警/JARTIC交通規制情報（車両通行帯＋信号機から推定）","uk":"28000000000000000000008659300001","confidence":"estimated","koma":null}},{"type":"Feature","geometry":{"type":"LineString","coordinates":[[135.26653,34.72032],[135.26716,34.72051],[135.26676,34.72053]]},"properties":{"layer":"two_stage_likely_line","city":"神戸市","lanes":3,"title":"二段階右折 の可能性（片側3車線・信号交差点）","uk":"28000000000000000000008659400001","confidence":"estimated","koma":null}},{"type":"Feature","geometry":{"type":"Point","coordinates":[135.26676,34.72053]},"properties":{"layer":"two_stage_likely","city":"神戸市","lanes":3,"title":"二段階右折（推定）片側3車線","detail":"車両通行帯が3以上の信号交差点への進入路。原付一種はこの方向から右折するとき二段階右折。※推定（現地の標識が優先）","cond":"","src":"兵庫県警/JARTIC交通規制情報（車両通行帯＋信号機から推定）","uk":"28000000000000000000008659400001","confidence":"estimated","koma":null}},{"type":"Feature","geometry":{"type":"LineString","coordinates":[[135.26635,34.72021],[135.26613,34.7201],[135.2666,34.72004]]},"properties":{"layer":"two_stage_likely_line","city":"神戸市","lanes":3,"title":"二段階右折 の可能性（片側3車線・信号交差点）","uk":"28000000000000000000008659500001","confidence":"estimated","koma":null}},{"type":"Feature","geometry":{"type":"Point","coordinates":[135.2666,34.72004]},"properties":{"layer":"two_stage_likely","city":"神戸市","lanes":3,"title":"二段階右折（推定）片側3車線","detail":"車両通行帯が3以上の信号交差点への進入路。原付一種はこの方向から右折するとき二段階右折。※推定（現地の標識が優先）","cond":"","src":"兵庫県警/JARTIC交通規制情報（車両通行帯＋信号機から推定）","uk":"28000000000000000000008659500001","confidence":"estimated","koma":null}},{"type":"Feature","geometry":{"type":"LineString","coordinates":[[135.26049,34.70635],[135.26053,34.70598],[135.26011,34.70681],[135.26112,34.70648]]},"properties":{"layer":"two_stage_likely_line","city":"神戸市","lanes":4,"title":"二段階右折 の可能性（片側4車線・信号交差点）","uk":"28000000000000000000008660000001","confidence":"estimated","koma":null}},{"type":"Feature","geometry":{"type":"Point","coordinates":[135.26112,34.70648]},"properties":{"layer":"two_stage_likely","city":"神戸市","lanes":4,"title":"二段階右折（推定）片側4車線","detail":"車両通行帯が3以上の信号交差点への進入路。原付一種はこの方向から右折するとき二段階右折。※推定（現地の標識が優先）","cond":"","src":"兵庫県警/JARTIC交通規制情報（車両通行帯＋信号機から推定）","uk":"28000000000000000000008660000001","confidence":"estimated","koma":null}},{"type":"Feature","geometry":{"type":"LineString","coordinates":[[135.26047,34.70858],[135.26132,34.70822]]},"properties":{"layer":"two_stage_likely_line","city":"神戸市","lanes":4,"title":"二段階右折 の可能性（片側4車線・信号交差点）","uk":"28000000000000000000008660100001","confidence":"estimated","koma":null}},{"type":"Feature","geometry":{"type":"Point","coordinates":[135.26132,34.70822]},"properties":{"layer":"two_stage_likely","city":"神戸市","lanes":4,"title":"二段階右折（推定）片側4車線","detail":"車両通行帯が3以上の信号交差点への進入路。原付一種はこの方向から右折するとき二段階右折。※推定（現地の標識が優先）","cond":"","src":"兵庫県警/JARTIC交通規制情報（車両通行帯＋信号機から推定）","uk":"28000000000000000000008660100001","confidence":"estimated","koma":null}},{"type":"Feature","geometry":{"type":"LineString","coordinates":[[135.25227,34.72193],[135.25266,34.72144]]},"properties":{"layer":"two_stage_likely_line","city":"神戸市","lanes":4,"title":"二段階右折 の可能性（片側4車線・信号交差点）","uk":"28000000000000000000008660200001","confidence":"estimated","koma":25}},{"type":"Feature","geometry":{"type":"Point","coordinates":[135.25266,34.72144]},"properties":{"layer":"two_stage_likely","city":"神戸市","lanes":4,"title":"二段階右折（推定）片側4車線","detail":"車両通行帯が3以上の信号交差点への進入路。原付一種はこの方向から右折するとき二段階右折。※推定（現地の標識が優先）","cond":"","src":"兵庫県警/JARTIC交通規制情報（車両通行帯＋信号機から推定）","uk":"28000000000000000000008660200001","confidence":"estimated","koma":25}},{"type":"Feature","geometry":{"type":"LineString","coordinates":[[135.27461,34.72259],[135.27401,34.72252]]},"properties":{"layer":"two_stage_likely_line","city":"神戸市","lanes":4,"title":"二段階右折 の可能性（片側4車線・信号交差点）","uk":"28000000000000000000008661600001","confidence":"estimated","koma":null}},{"type":"Feature","geometry":{"type":"Point","coordinates":[135.27401,34.72252]},"properties":{"layer":"two_stage_likely","city":"神戸市","lanes":4,"title":"二段階右折（推定）片側4車線","detail":"車両通行帯が3以上の信号交差点への進入路。原付一種はこの方向から右折するとき二段階右折。※推定（現地の標識が優先）","cond":"","src":"兵庫県警/JARTIC交通規制情報（車両通行帯＋信号機から推定）","uk":"28000000000000000000008661600001","confidence":"estimated","koma":null}},{"type":"Feature","geometry":{"type":"LineString","coordinates":[[135.26363,34.71899],[135.26307,34.71902]]},"properties":{"layer":"two_stage_likely_line","city":"神戸市","lanes":3,"title":"二段階右折 の可能性（片側3車線・信号交差点）","uk":"28000000000000000000008662000001","confidence":"estimated","koma":null}},{"type":"Feature","geometry":{"type":"Point","coordinates":[135.26307,34.71902]},"properties":{"layer":"two_stage_likely","city":"神戸市","lanes":3,"title":"二段階右折（推定）片側3車線","detail":"車両通行帯が3以上の信号交差点への進入路。原付一種はこの方向から右折するとき二段階右折。※推定（現地の標識が優先）","cond":"","src":"兵庫県警/JARTIC交通規制情報（車両通行帯＋信号機から推定）","uk":"28000000000000000000008662000001","confidence":"estimated","koma":null}},{"type":"Feature","geometry":{"type":"LineString","coordinates":[[135.26107,34.71821],[135.26037,34.71782]]},"properties":{"layer":"two_stage_likely_line","city":"神戸市","lanes":4,"title":"二段階右折 の可能性（片側4車線・信号交差点）","uk":"28000000000000000000008662100001","confidence":"estimated","koma":null}},{"type":"Feature","geometry":{"type":"Point","coordinates":[135.26037,34.71782]},"properties":{"layer":"two_stage_likely","city":"神戸市","lanes":4,"title":"二段階右折（推定）片側4車線","detail":"車両通行帯が3以上の信号交差点への進入路。原付一種はこの方向から右折するとき二段階右折。※推定（現地の標識が優先）","cond":"","src":"兵庫県警/JARTIC交通規制情報（車両通行帯＋信号機から推定）","uk":"28000000000000000000008662100001","confidence":"estimated","koma":null}},{"type":"Feature","geometry":{"type":"LineString","coordinates":[[135.2539,34.7164],[135.25404,34.71689]]},"properties":{"layer":"two_stage_likely_line","city":"神戸市","lanes":4,"title":"二段階右折 の可能性（片側4車線・信号交差点）","uk":"28000000000000000000008662400001","confidence":"estimated","koma":null}},{"type":"Feature","geometry":{"type":"Point","coordinates":[135.25404,34.71689]},"properties":{"layer":"two_stage_likely","city":"神戸市","lanes":4,"title":"二段階右折（推定）片側4車線","detail":"車両通行帯が3以上の信号交差点への進入路。原付一種はこの方向から右折するとき二段階右折。※推定（現地の標識が優先）","cond":"","src":"兵庫県警/JARTIC交通規制情報（車両通行帯＋信号機から推定）","uk":"28000000000000000000008662400001","confidence":"estimated","koma":null}},{"type":"Feature","geometry":{"type":"LineString","coordinates":[[135.28783,34.72659],[135.2884,34.72697],[135.2875,34.72677]]},"properties":{"layer":"two_stage_likely_line","city":"神戸市","lanes":3,"title":"二段階右折 の可能性（片側3車線・信号交差点）","uk":"28000000000000000000008662900001","confidence":"estimated","koma":null}},{"type":"Feature","geometry":{"type":"Point","coordinates":[135.2875,34.72677]},"properties":{"layer":"two_stage_likely","city":"神戸市","lanes":3,"title":"二段階右折（推定）片側3車線","detail":"車両通行帯が3以上の信号交差点への進入路。原付一種はこの方向から右折するとき二段階右折。※推定（現地の標識が優先）","cond":"","src":"兵庫県警/JARTIC交通規制情報（車両通行帯＋信号機から推定）","uk":"28000000000000000000008662900001","confidence":"estimated","koma":null}},{"type":"Feature","geometry":{"type":"LineString","coordinates":[[135.29054,34.72098],[135.29066,34.72073],[135.29111,34.72056],[135.29132,34.72066]]},"properties":{"layer":"two_stage_likely_line","city":"神戸市","lanes":3,"title":"二段階右折 の可能性（片側3車線・信号交差点）","uk":"28000000000000000000008663300001","confidence":"estimated","koma":null}},{"type":"Feature","geometry":{"type":"Point","coordinates":[135.29132,34.72066]},"properties":{"layer":"two_stage_likely","city":"神戸市","lanes":3,"title":"二段階右折（推定）片側3車線","detail":"車両通行帯が3以上の信号交差点への進入路。原付一種はこの方向から右折するとき二段階右折。※推定（現地の標識が優先）","cond":"","src":"兵庫県警/JARTIC交通規制情報（車両通行帯＋信号機から推定）","uk":"28000000000000000000008663300001","confidence":"estimated","koma":null}},{"type":"Feature","geometry":{"type":"LineString","coordinates":[[135.28627,34.71784],[135.2861,34.71878]]},"properties":{"layer":"two_stage_likely_line","city":"神戸市","lanes":4,"title":"二段階右折 の可能性（片側4車線・信号交差点）","uk":"28000000000000000000008663400001","confidence":"estimated","koma":null}},{"type":"Feature","geometry":{"type":"Point","coordinates":[135.2861,34.71878]},"properties":{"layer":"two_stage_likely","city":"神戸市","lanes":4,"title":"二段階右折（推定）片側4車線","detail":"車両通行帯が3以上の信号交差点への進入路。原付一種はこの方向から右折するとき二段階右折。※推定（現地の標識が優先）","cond":"","src":"兵庫県警/JARTIC交通規制情報（車両通行帯＋信号機から推定）","uk":"28000000000000000000008663400001","confidence":"estimated","koma":null}},{"type":"Feature","geometry":{"type":"LineString","coordinates":[[135.27792,34.71447],[135.27807,34.71418],[135.27841,34.71394]]},"properties":{"layer":"two_stage_likely_line","city":"神戸市","lanes":4,"title":"二段階右折 の可能性（片側4車線・信号交差点）","uk":"28000000000000000000008663600001","confidence":"estimated","koma":null}},{"type":"Feature","geometry":{"type":"Point","coordinates":[135.27841,34.71394]},"properties":{"layer":"two_stage_likely","city":"神戸市","lanes":4,"title":"二段階右折（推定）片側4車線","detail":"車両通行帯が3以上の信号交差点への進入路。原付一種はこの方向から右折するとき二段階右折。※推定（現地の標識が優先）","cond":"","src":"兵庫県警/JARTIC交通規制情報（車両通行帯＋信号機から推定）","uk":"28000000000000000000008663600001","confidence":"estimated","koma":null}},{"type":"Feature","geometry":{"type":"LineString","coordinates":[[135.25957,34.71127],[135.26042,34.71109]]},"properties":{"layer":"two_stage_likely_line","city":"神戸市","lanes":3,"title":"二段階右折 の可能性（片側3車線・信号交差点）","uk":"28000000000000000000008664000001","confidence":"estimated","koma":null}},{"type":"Feature","geometry":{"type":"Point","coordinates":[135.26042,34.71109]},"properties":{"layer":"two_stage_likely","city":"神戸市","lanes":3,"title":"二段階右折（推定）片側3車線","detail":"車両通行帯が3以上の信号交差点への進入路。原付一種はこの方向から右折するとき二段階右折。※推定（現地の標識が優先）","cond":"","src":"兵庫県警/JARTIC交通規制情報（車両通行帯＋信号機から推定）","uk":"28000000000000000000008664000001","confidence":"estimated","koma":null}},{"type":"Feature","geometry":{"type":"LineString","coordinates":[[135.2553,34.71107],[135.25631,34.71081]]},"properties":{"layer":"two_stage_likely_line","city":"神戸市","lanes":4,"title":"二段階右折 の可能性（片側4車線・信号交差点）","uk":"28000000000000000000008664100001","confidence":"estimated","koma":null}},{"type":"Feature","geometry":{"type":"Point","coordinates":[135.25631,34.71081]},"properties":{"layer":"two_stage_likely","city":"神戸市","lanes":4,"title":"二段階右折（推定）片側4車線","detail":"車両通行帯が3以上の信号交差点への進入路。原付一種はこの方向から右折するとき二段階右折。※推定（現地の標識が優先）","cond":"","src":"兵庫県警/JARTIC交通規制情報（車両通行帯＋信号機から推定）","uk":"28000000000000000000008664100001","confidence":"estimated","koma":null}},{"type":"Feature","geometry":{"type":"LineString","coordinates":[[135.24715,34.71095],[135.24728,34.71014]]},"properties":{"layer":"two_stage_likely_line","city":"神戸市","lanes":4,"title":"二段階右折 の可能性（片側4車線・信号交差点）","uk":"28000000000000000000008664300001","confidence":"estimated","koma":null}},{"type":"Feature","geometry":{"type":"Point","coordinates":[135.24728,34.71014]},"properties":{"layer":"two_stage_likely","city":"神戸市","lanes":4,"title":"二段階右折（推定）片側4車線","detail":"車両通行帯が3以上の信号交差点への進入路。原付一種はこの方向から右折するとき二段階右折。※推定（現地の標識が優先）","cond":"","src":"兵庫県警/JARTIC交通規制情報（車両通行帯＋信号機から推定）","uk":"28000000000000000000008664300001","confidence":"estimated","koma":null}},{"type":"Feature","geometry":{"type":"LineString","coordinates":[[135.29203,34.72116],[135.29251,34.72136],[135.29288,34.72134]]},"properties":{"layer":"two_stage_likely_line","city":"神戸市","lanes":3,"title":"二段階右折 の可能性（片側3車線・信号交差点）","uk":"28000000000000000000008664400001","confidence":"estimated","koma":29}},{"type":"Feature","geometry":{"type":"Point","coordinates":[135.29288,34.72134]},"properties":{"layer":"two_stage_likely","city":"神戸市","lanes":3,"title":"二段階右折（推定）片側3車線","detail":"車両通行帯が3以上の信号交差点への進入路。原付一種はこの方向から右折するとき二段階右折。※推定（現地の標識が優先）","cond":"","src":"兵庫県警/JARTIC交通規制情報（車両通行帯＋信号機から推定）","uk":"28000000000000000000008664400001","confidence":"estimated","koma":29}},{"type":"Feature","geometry":{"type":"LineString","coordinates":[[135.28572,34.72935],[135.28679,34.72955]]},"properties":{"layer":"two_stage_likely_line","city":"神戸市","lanes":4,"title":"二段階右折 の可能性（片側4車線・信号交差点）","uk":"28000000000000000000008664500001","confidence":"estimated","koma":25}},{"type":"Feature","geometry":{"type":"Point","coordinates":[135.28679,34.72955]},"properties":{"layer":"two_stage_likely","city":"神戸市","lanes":4,"title":"二段階右折（推定）片側4車線","detail":"車両通行帯が3以上の信号交差点への進入路。原付一種はこの方向から右折するとき二段階右折。※推定（現地の標識が優先）","cond":"","src":"兵庫県警/JARTIC交通規制情報（車両通行帯＋信号機から推定）","uk":"28000000000000000000008664500001","confidence":"estimated","koma":25}},{"type":"Feature","geometry":{"type":"LineString","coordinates":[[135.29881,34.71166],[135.29864,34.71132]]},"properties":{"layer":"two_stage_likely_line","city":"神戸市","lanes":4,"title":"二段階右折 の可能性（片側4車線・信号交差点）","uk":"28000000000000000000008665300001","confidence":"estimated","koma":null}},{"type":"Feature","geometry":{"type":"Point","coordinates":[135.29864,34.71132]},"properties":{"layer":"two_stage_likely","city":"神戸市","lanes":4,"title":"二段階右折（推定）片側4車線","detail":"車両通行帯が3以上の信号交差点への進入路。原付一種はこの方向から右折するとき二段階右折。※推定（現地の標識が優先）","cond":"","src":"兵庫県警/JARTIC交通規制情報（車両通行帯＋信号機から推定）","uk":"28000000000000000000008665300001","confidence":"estimated","koma":null}},{"type":"Feature","geometry":{"type":"LineString","coordinates":[[135.2736,34.69425],[135.27467,34.69437],[135.2714,34.69426],[135.27335,34.69507],[135.27318,34.69389]]},"properties":{"layer":"two_stage_likely_line","city":"神戸市","lanes":4,"title":"二段階右折 の可能性（片側4車線・信号交差点）","uk":"28000000000000000000008666500001","confidence":"estimated","koma":null}},{"type":"Feature","geometry":{"type":"Point","coordinates":[135.27318,34.69389]},"properties":{"layer":"two_stage_likely","city":"神戸市","lanes":4,"title":"二段階右折（推定）片側4車線","detail":"車両通行帯が3以上の信号交差点への進入路。原付一種はこの方向から右折するとき二段階右折。※推定（現地の標識が優先）","cond":"","src":"兵庫県警/JARTIC交通規制情報（車両通行帯＋信号機から推定）","uk":"28000000000000000000008666500001","confidence":"estimated","koma":null}},{"type":"Feature","geometry":{"type":"LineString","coordinates":[[135.26099,34.68803],[135.26105,34.68759],[135.26021,34.68831],[135.26096,34.68932]]},"properties":{"layer":"two_stage_likely_line","city":"神戸市","lanes":3,"title":"二段階右折 の可能性（片側3車線・信号交差点）","uk":"28000000000000000000008666600001","confidence":"estimated","koma":null}},{"type":"Feature","geometry":{"type":"Point","coordinates":[135.26099,34.68803]},"properties":{"layer":"two_stage_likely","city":"神戸市","lanes":3,"title":"二段階右折（推定）片側3車線","detail":"車両通行帯が3以上の信号交差点への進入路。原付一種はこの方向から右折するとき二段階右折。※推定（現地の標識が優先）","cond":"","src":"兵庫県警/JARTIC交通規制情報（車両通行帯＋信号機から推定）","uk":"28000000000000000000008666600001","confidence":"estimated","koma":null}},{"type":"Feature","geometry":{"type":"LineString","coordinates":[[135.26893,34.69375],[135.26964,34.69383],[135.26766,34.69384],[135.26857,34.69412]]},"properties":{"layer":"two_stage_likely_line","city":"神戸市","lanes":3,"title":"二段階右折 の可能性（片側3車線・信号交差点）","uk":"28000000000000000000008666700001","confidence":"estimated","koma":9}},{"type":"Feature","geometry":{"type":"Point","coordinates":[135.26857,34.69412]},"properties":{"layer":"two_stage_likely","city":"神戸市","lanes":3,"title":"二段階右折（推定）片側3車線","detail":"車両通行帯が3以上の信号交差点への進入路。原付一種はこの方向から右折するとき二段階右折。※推定（現地の標識が優先）","cond":"","src":"兵庫県警/JARTIC交通規制情報（車両通行帯＋信号機から推定）","uk":"28000000000000000000008666700001","confidence":"estimated","koma":9}},{"type":"Feature","geometry":{"type":"LineString","coordinates":[[135.2651,34.69335],[135.26551,34.6934],[135.26412,34.69352],[135.26479,34.69413],[135.26491,34.69267],[135.26479,34.69413]]},"properties":{"layer":"two_stage_likely_line","city":"神戸市","lanes":4,"title":"二段階右折 の可能性（片側4車線・信号交差点）","uk":"28000000000000000000008666800001","confidence":"estimated","koma":null}},{"type":"Feature","geometry":{"type":"Point","coordinates":[135.26479,34.69413]},"properties":{"layer":"two_stage_likely","city":"神戸市","lanes":4,"title":"二段階右折（推定）片側4車線","detail":"車両通行帯が3以上の信号交差点への進入路。原付一種はこの方向から右折するとき二段階右折。※推定（現地の標識が優先）","cond":"","src":"兵庫県警/JARTIC交通規制情報（車両通行帯＋信号機から推定）","uk":"28000000000000000000008666800001","confidence":"estimated","koma":null}},{"type":"Feature","geometry":{"type":"LineString","coordinates":[[135.26155,34.68545],[135.26147,34.686],[135.26069,34.68505],[135.26145,34.68476]]},"properties":{"layer":"two_stage_likely_line","city":"神戸市","lanes":3,"title":"二段階右折 の可能性（片側3車線・信号交差点）","uk":"28000000000000000000008667000001","confidence":"estimated","koma":null}},{"type":"Feature","geometry":{"type":"Point","coordinates":[135.26145,34.68476]},"properties":{"layer":"two_stage_likely","city":"神戸市","lanes":3,"title":"二段階右折（推定）片側3車線","detail":"車両通行帯が3以上の信号交差点への進入路。原付一種はこの方向から右折するとき二段階右折。※推定（現地の標識が優先）","cond":"","src":"兵庫県警/JARTIC交通規制情報（車両通行帯＋信号機から推定）","uk":"28000000000000000000008667000001","confidence":"estimated","koma":null}},{"type":"Feature","geometry":{"type":"LineString","coordinates":[[135.26827,34.68313],[135.26821,34.68348],[135.26858,34.68284]]},"properties":{"layer":"two_stage_likely_line","city":"神戸市","lanes":3,"title":"二段階右折 の可能性（片側3車線・信号交差点）","uk":"28000000000000000000008667800001","confidence":"estimated","koma":null}},{"type":"Feature","geometry":{"type":"Point","coordinates":[135.26858,34.68284]},"properties":{"layer":"two_stage_likely","city":"神戸市","lanes":3,"title":"二段階右折（推定）片側3車線","detail":"車両通行帯が3以上の信号交差点への進入路。原付一種はこの方向から右折するとき二段階右折。※推定（現地の標識が優先）","cond":"","src":"兵庫県警/JARTIC交通規制情報（車両通行帯＋信号機から推定）","uk":"28000000000000000000008667800001","confidence":"estimated","koma":null}},{"type":"Feature","geometry":{"type":"LineString","coordinates":[[135.27866,34.68396],[135.27905,34.684],[135.27823,34.68499],[135.27724,34.68397]]},"properties":{"layer":"two_stage_likely_line","city":"神戸市","lanes":3,"title":"二段階右折 の可能性（片側3車線・信号交差点）","uk":"28000000000000000000008667900001","confidence":"estimated","koma":null}},{"type":"Feature","geometry":{"type":"Point","coordinates":[135.27724,34.68397]},"properties":{"layer":"two_stage_likely","city":"神戸市","lanes":3,"title":"二段階右折（推定）片側3車線","detail":"車両通行帯が3以上の信号交差点への進入路。原付一種はこの方向から右折するとき二段階右折。※推定（現地の標識が優先）","cond":"","src":"兵庫県警/JARTIC交通規制情報（車両通行帯＋信号機から推定）","uk":"28000000000000000000008667900001","confidence":"estimated","koma":null}},{"type":"Feature","geometry":{"type":"LineString","coordinates":[[135.2773,34.69477],[135.27625,34.69478]]},"properties":{"layer":"two_stage_likely_line","city":"神戸市","lanes":3,"title":"二段階右折 の可能性（片側3車線・信号交差点）","uk":"28000000000000000000008668000001","confidence":"estimated","koma":26}},{"type":"Feature","geometry":{"type":"Point","coordinates":[135.27625,34.69478]},"properties":{"layer":"two_stage_likely","city":"神戸市","lanes":3,"title":"二段階右折（推定）片側3車線","detail":"車両通行帯が3以上の信号交差点への進入路。原付一種はこの方向から右折するとき二段階右折。※推定（現地の標識が優先）","cond":"","src":"兵庫県警/JARTIC交通規制情報（車両通行帯＋信号機から推定）","uk":"28000000000000000000008668000001","confidence":"estimated","koma":26}},{"type":"Feature","geometry":{"type":"LineString","coordinates":[[135.27659,34.68362],[135.27664,34.68321],[135.27589,34.68382],[135.27676,34.68375]]},"properties":{"layer":"two_stage_likely_line","city":"神戸市","lanes":3,"title":"二段階右折 の可能性（片側3車線・信号交差点）","uk":"28000000000000000000008668100001","confidence":"estimated","koma":null}},{"type":"Feature","geometry":{"type":"Point","coordinates":[135.27676,34.68375]},"properties":{"layer":"two_stage_likely","city":"神戸市","lanes":3,"title":"二段階右折（推定）片側3車線","detail":"車両通行帯が3以上の信号交差点への進入路。原付一種はこの方向から右折するとき二段階右折。※推定（現地の標識が優先）","cond":"","src":"兵庫県警/JARTIC交通規制情報（車両通行帯＋信号機から推定）","uk":"28000000000000000000008668100001","confidence":"estimated","koma":null}},{"type":"Feature","geometry":{"type":"LineString","coordinates":[[135.25694,34.7226],[135.25703,34.7221]]},"properties":{"layer":"two_stage_likely_line","city":"神戸市","lanes":4,"title":"二段階右折 の可能性（片側4車線・信号交差点）","uk":"28000000000000000000008668300001","confidence":"estimated","koma":null}},{"type":"Feature","geometry":{"type":"Point","coordinates":[135.25703,34.7221]},"properties":{"layer":"two_stage_likely","city":"神戸市","lanes":4,"title":"二段階右折（推定）片側4車線","detail":"車両通行帯が3以上の信号交差点への進入路。原付一種はこの方向から右折するとき二段階右折。※推定（現地の標識が優先）","cond":"","src":"兵庫県警/JARTIC交通規制情報（車両通行帯＋信号機から推定）","uk":"28000000000000000000008668300001","confidence":"estimated","koma":null}},{"type":"Feature","geometry":{"type":"LineString","coordinates":[[135.26026,34.69209],[135.26031,34.69182],[135.261,34.69264],[135.25972,34.69259],[135.26,34.69319]]},"properties":{"layer":"two_stage_likely_line","city":"神戸市","lanes":4,"title":"二段階右折 の可能性（片側4車線・信号交差点）","uk":"28000000000000000000008670900001","confidence":"estimated","koma":null}},{"type":"Feature","geometry":{"type":"Point","coordinates":[135.26,34.69319]},"properties":{"layer":"two_stage_likely","city":"神戸市","lanes":4,"title":"二段階右折（推定）片側4車線","detail":"車両通行帯が3以上の信号交差点への進入路。原付一種はこの方向から右折するとき二段階右折。※推定（現地の標識が優先）","cond":"","src":"兵庫県警/JARTIC交通規制情報（車両通行帯＋信号機から推定）","uk":"28000000000000000000008670900001","confidence":"estimated","koma":null}},{"type":"Feature","geometry":{"type":"LineString","coordinates":[[135.26606,34.69228],[135.26673,34.69174]]},"properties":{"layer":"two_stage_likely_line","city":"神戸市","lanes":3,"title":"二段階右折 の可能性（片側3車線・信号交差点）","uk":"28000000000000000000015275300001","confidence":"estimated","koma":null}},{"type":"Feature","geometry":{"type":"Point","coordinates":[135.26673,34.69174]},"properties":{"layer":"two_stage_likely","city":"神戸市","lanes":3,"title":"二段階右折（推定）片側3車線","detail":"車両通行帯が3以上の信号交差点への進入路。原付一種はこの方向から右折するとき二段階右折。※推定（現地の標識が優先）","cond":"","src":"兵庫県警/JARTIC交通規制情報（車両通行帯＋信号機から推定）","uk":"28000000000000000000015275300001","confidence":"estimated","koma":null}},{"type":"Feature","geometry":{"type":"LineString","coordinates":[[135.27017,34.69272],[135.27153,34.69278]]},"properties":{"layer":"two_stage_likely_line","city":"神戸市","lanes":3,"title":"二段階右折 の可能性（片側3車線・信号交差点）","uk":"28000000000000000000015275200001","confidence":"estimated","koma":null}},{"type":"Feature","geometry":{"type":"Point","coordinates":[135.27153,34.69278]},"properties":{"layer":"two_stage_likely","city":"神戸市","lanes":3,"title":"二段階右折（推定）片側3車線","detail":"車両通行帯が3以上の信号交差点への進入路。原付一種はこの方向から右折するとき二段階右折。※推定（現地の標識が優先）","cond":"","src":"兵庫県警/JARTIC交通規制情報（車両通行帯＋信号機から推定）","uk":"28000000000000000000015275200001","confidence":"estimated","koma":null}},{"type":"Feature","geometry":{"type":"LineString","coordinates":[[135.26872,34.69312],[135.2686,34.69256]]},"properties":{"layer":"two_stage_likely_line","city":"神戸市","lanes":3,"title":"二段階右折 の可能性（片側3車線・信号交差点）","uk":"28000000000000000000015253700001","confidence":"estimated","koma":null}},{"type":"Feature","geometry":{"type":"Point","coordinates":[135.2686,34.69256]},"properties":{"layer":"two_stage_likely","city":"神戸市","lanes":3,"title":"二段階右折（推定）片側3車線","detail":"車両通行帯が3以上の信号交差点への進入路。原付一種はこの方向から右折するとき二段階右折。※推定（現地の標識が優先）","cond":"","src":"兵庫県警/JARTIC交通規制情報（車両通行帯＋信号機から推定）","uk":"28000000000000000000015253700001","confidence":"estimated","koma":null}},{"type":"Feature","geometry":{"type":"LineString","coordinates":[[135.26427,34.69357],[135.26529,34.69358]]},"properties":{"layer":"two_stage_likely_line","city":"神戸市","lanes":4,"title":"二段階右折 の可能性（片側4車線・信号交差点）","uk":"28000000000000000000019310500001","confidence":"estimated","koma":null}},{"type":"Feature","geometry":{"type":"Point","coordinates":[135.26529,34.69358]},"properties":{"layer":"two_stage_likely","city":"神戸市","lanes":4,"title":"二段階右折（推定）片側4車線","detail":"車両通行帯が3以上の信号交差点への進入路。原付一種はこの方向から右折するとき二段階右折。※推定（現地の標識が優先）","cond":"","src":"兵庫県警/JARTIC交通規制情報（車両通行帯＋信号機から推定）","uk":"28000000000000000000019310500001","confidence":"estimated","koma":null}},{"type":"Feature","geometry":{"type":"LineString","coordinates":[[135.24733,34.72011],[135.24696,34.71988]]},"properties":{"layer":"two_stage_likely_line","city":"神戸市","lanes":4,"title":"二段階右折 の可能性（片側4車線・信号交差点）","uk":"28000000000000000000014871200001","confidence":"estimated","koma":null}},{"type":"Feature","geometry":{"type":"Point","coordinates":[135.24696,34.71988]},"properties":{"layer":"two_stage_likely","city":"神戸市","lanes":4,"title":"二段階右折（推定）片側4車線","detail":"車両通行帯が3以上の信号交差点への進入路。原付一種はこの方向から右折するとき二段階右折。※推定（現地の標識が優先）","cond":"","src":"兵庫県警/JARTIC交通規制情報（車両通行帯＋信号機から推定）","uk":"28000000000000000000014871200001","confidence":"estimated","koma":null}},{"type":"Feature","geometry":{"type":"LineString","coordinates":[[135.24097,34.71246],[135.24048,34.71251]]},"properties":{"layer":"two_stage_likely_line","city":"神戸市","lanes":4,"title":"二段階右折 の可能性（片側4車線・信号交差点）","uk":"28000000000000000000008671300001","confidence":"estimated","koma":null}},{"type":"Feature","geometry":{"type":"Point","coordinates":[135.24048,34.71251]},"properties":{"layer":"two_stage_likely","city":"神戸市","lanes":4,"title":"二段階右折（推定）片側4車線","detail":"車両通行帯が3以上の信号交差点への進入路。原付一種はこの方向から右折するとき二段階右折。※推定（現地の標識が優先）","cond":"","src":"兵庫県警/JARTIC交通規制情報（車両通行帯＋信号機から推定）","uk":"28000000000000000000008671300001","confidence":"estimated","koma":null}},{"type":"Feature","geometry":{"type":"LineString","coordinates":[[135.22635,34.7075],[135.22561,34.70726]]},"properties":{"layer":"two_stage_likely_line","city":"神戸市","lanes":3,"title":"二段階右折 の可能性（片側3車線・信号交差点）","uk":"28000000000000000000008671800001","confidence":"estimated","koma":null}},{"type":"Feature","geometry":{"type":"Point","coordinates":[135.22561,34.70726]},"properties":{"layer":"two_stage_likely","city":"神戸市","lanes":3,"title":"二段階右折（推定）片側3車線","detail":"車両通行帯が3以上の信号交差点への進入路。原付一種はこの方向から右折するとき二段階右折。※推定（現地の標識が優先）","cond":"","src":"兵庫県警/JARTIC交通規制情報（車両通行帯＋信号機から推定）","uk":"28000000000000000000008671800001","confidence":"estimated","koma":null}},{"type":"Feature","geometry":{"type":"LineString","coordinates":[[135.21863,34.7095],[135.21789,34.70935]]},"properties":{"layer":"two_stage_likely_line","city":"神戸市","lanes":3,"title":"二段階右折 の可能性（片側3車線・信号交差点）","uk":"28000000000000000000008671900001","confidence":"estimated","koma":12}},{"type":"Feature","geometry":{"type":"Point","coordinates":[135.21789,34.70935]},"properties":{"layer":"two_stage_likely","city":"神戸市","lanes":3,"title":"二段階右折（推定）片側3車線","detail":"車両通行帯が3以上の信号交差点への進入路。原付一種はこの方向から右折するとき二段階右折。※推定（現地の標識が優先）","cond":"","src":"兵庫県警/JARTIC交通規制情報（車両通行帯＋信号機から推定）","uk":"28000000000000000000008671900001","confidence":"estimated","koma":12}},{"type":"Feature","geometry":{"type":"LineString","coordinates":[[135.24645,34.71445],[135.24592,34.71448]]},"properties":{"layer":"two_stage_likely_line","city":"神戸市","lanes":4,"title":"二段階右折 の可能性（片側4車線・信号交差点）","uk":"28000000000000000000008672500001","confidence":"estimated","koma":null}},{"type":"Feature","geometry":{"type":"Point","coordinates":[135.24592,34.71448]},"properties":{"layer":"two_stage_likely","city":"神戸市","lanes":4,"title":"二段階右折（推定）片側4車線","detail":"車両通行帯が3以上の信号交差点への進入路。原付一種はこの方向から右折するとき二段階右折。※推定（現地の標識が優先）","cond":"","src":"兵庫県警/JARTIC交通規制情報（車両通行帯＋信号機から推定）","uk":"28000000000000000000008672500001","confidence":"estimated","koma":null}},{"type":"Feature","geometry":{"type":"LineString","coordinates":[[135.21774,34.70922],[135.21757,34.70947]]},"properties":{"layer":"two_stage_likely_line","city":"神戸市","lanes":4,"title":"二段階右折 の可能性（片側4車線・信号交差点）","uk":"28000000000000000000008673500001","confidence":"estimated","koma":20}},{"type":"Feature","geometry":{"type":"Point","coordinates":[135.21757,34.70947]},"properties":{"layer":"two_stage_likely","city":"神戸市","lanes":4,"title":"二段階右折（推定）片側4車線","detail":"車両通行帯が3以上の信号交差点への進入路。原付一種はこの方向から右折するとき二段階右折。※推定（現地の標識が優先）","cond":"","src":"兵庫県警/JARTIC交通規制情報（車両通行帯＋信号機から推定）","uk":"28000000000000000000008673500001","confidence":"estimated","koma":20}},{"type":"Feature","geometry":{"type":"LineString","coordinates":[[135.22931,34.71223],[135.2289,34.71236]]},"properties":{"layer":"two_stage_likely_line","city":"神戸市","lanes":4,"title":"二段階右折 の可能性（片側4車線・信号交差点）","uk":"28000000000000000000008673600001","confidence":"estimated","koma":null}},{"type":"Feature","geometry":{"type":"Point","coordinates":[135.2289,34.71236]},"properties":{"layer":"two_stage_likely","city":"神戸市","lanes":4,"title":"二段階右折（推定）片側4車線","detail":"車両通行帯が3以上の信号交差点への進入路。原付一種はこの方向から右折するとき二段階右折。※推定（現地の標識が優先）","cond":"","src":"兵庫県警/JARTIC交通規制情報（車両通行帯＋信号機から推定）","uk":"28000000000000000000008673600001","confidence":"estimated","koma":null}},{"type":"Feature","geometry":{"type":"LineString","coordinates":[[135.227,34.7024],[135.22638,34.70239]]},"properties":{"layer":"two_stage_likely_line","city":"神戸市","lanes":4,"title":"二段階右折 の可能性（片側4車線・信号交差点）","uk":"28000000000000000000008673700001","confidence":"estimated","koma":14}},{"type":"Feature","geometry":{"type":"Point","coordinates":[135.22638,34.70239]},"properties":{"layer":"two_stage_likely","city":"神戸市","lanes":4,"title":"二段階右折（推定）片側4車線","detail":"車両通行帯が3以上の信号交差点への進入路。原付一種はこの方向から右折するとき二段階右折。※推定（現地の標識が優先）","cond":"","src":"兵庫県警/JARTIC交通規制情報（車両通行帯＋信号機から推定）","uk":"28000000000000000000008673700001","confidence":"estimated","koma":14}},{"type":"Feature","geometry":{"type":"LineString","coordinates":[[135.23102,34.70901],[135.23063,34.70911]]},"properties":{"layer":"two_stage_likely_line","city":"神戸市","lanes":4,"title":"二段階右折 の可能性（片側4車線・信号交差点）","uk":"28000000000000000000008674100001","confidence":"estimated","koma":null}},{"type":"Feature","geometry":{"type":"Point","coordinates":[135.23063,34.70911]},"properties":{"layer":"two_stage_likely","city":"神戸市","lanes":4,"title":"二段階右折（推定）片側4車線","detail":"車両通行帯が3以上の信号交差点への進入路。原付一種はこの方向から右折するとき二段階右折。※推定（現地の標識が優先）","cond":"","src":"兵庫県警/JARTIC交通規制情報（車両通行帯＋信号機から推定）","uk":"28000000000000000000008674100001","confidence":"estimated","koma":null}},{"type":"Feature","geometry":{"type":"LineString","coordinates":[[135.22441,34.70394],[135.22586,34.70404],[135.22508,34.70423],[135.22528,34.70325]]},"properties":{"layer":"two_stage_likely_line","city":"神戸市","lanes":4,"title":"二段階右折 の可能性（片側4車線・信号交差点）","uk":"28000000000000000000008674400001","confidence":"estimated","koma":null}},{"type":"Feature","geometry":{"type":"Point","coordinates":[135.22528,34.70325]},"properties":{"layer":"two_stage_likely","city":"神戸市","lanes":4,"title":"二段階右折（推定）片側4車線","detail":"車両通行帯が3以上の信号交差点への進入路。原付一種はこの方向から右折するとき二段階右折。※推定（現地の標識が優先）","cond":"","src":"兵庫県警/JARTIC交通規制情報（車両通行帯＋信号機から推定）","uk":"28000000000000000000008674400001","confidence":"estimated","koma":null}},{"type":"Feature","geometry":{"type":"LineString","coordinates":[[135.2489,34.71578],[135.24877,34.71539]]},"properties":{"layer":"two_stage_likely_line","city":"神戸市","lanes":3,"title":"二段階右折 の可能性（片側3車線・信号交差点）","uk":"28000000000000000000008674500001","confidence":"estimated","koma":33}},{"type":"Feature","geometry":{"type":"Point","coordinates":[135.24877,34.71539]},"properties":{"layer":"two_stage_likely","city":"神戸市","lanes":3,"title":"二段階右折（推定）片側3車線","detail":"車両通行帯が3以上の信号交差点への進入路。原付一種はこの方向から右折するとき二段階右折。※推定（現地の標識が優先）","cond":"","src":"兵庫県警/JARTIC交通規制情報（車両通行帯＋信号機から推定）","uk":"28000000000000000000008674500001","confidence":"estimated","koma":33}},{"type":"Feature","geometry":{"type":"LineString","coordinates":[[135.2402,34.72464],[135.24037,34.72443],[135.24016,34.72421],[135.24057,34.72415]]},"properties":{"layer":"two_stage_likely_line","city":"神戸市","lanes":3,"title":"二段階右折 の可能性（片側3車線・信号交差点）","uk":"28000000000000000000008674800001","confidence":"estimated","koma":22}},{"type":"Feature","geometry":{"type":"Point","coordinates":[135.24057,34.72415]},"properties":{"layer":"two_stage_likely","city":"神戸市","lanes":3,"title":"二段階右折（推定）片側3車線","detail":"車両通行帯が3以上の信号交差点への進入路。原付一種はこの方向から右折するとき二段階右折。※推定（現地の標識が優先）","cond":"","src":"兵庫県警/JARTIC交通規制情報（車両通行帯＋信号機から推定）","uk":"28000000000000000000008674800001","confidence":"estimated","koma":22}},{"type":"Feature","geometry":{"type":"LineString","coordinates":[[135.2418,34.70942],[135.24193,34.70903],[135.24167,34.70965],[135.24219,34.70971],[135.24165,34.71009]]},"properties":{"layer":"two_stage_likely_line","city":"神戸市","lanes":4,"title":"二段階右折 の可能性（片側4車線・信号交差点）","uk":"28000000000000000000008675000001","confidence":"estimated","koma":null}},{"type":"Feature","geometry":{"type":"Point","coordinates":[135.24165,34.71009]},"properties":{"layer":"two_stage_likely","city":"神戸市","lanes":4,"title":"二段階右折（推定）片側4車線","detail":"車両通行帯が3以上の信号交差点への進入路。原付一種はこの方向から右折するとき二段階右折。※推定（現地の標識が優先）","cond":"","src":"兵庫県警/JARTIC交通規制情報（車両通行帯＋信号機から推定）","uk":"28000000000000000000008675000001","confidence":"estimated","koma":null}},{"type":"Feature","geometry":{"type":"LineString","coordinates":[[135.22493,34.71291],[135.2246,34.71284]]},"properties":{"layer":"two_stage_likely_line","city":"神戸市","lanes":3,"title":"二段階右折 の可能性（片側3車線・信号交差点）","uk":"28000000000000000000008675400001","confidence":"estimated","koma":15}},{"type":"Feature","geometry":{"type":"Point","coordinates":[135.2246,34.71284]},"properties":{"layer":"two_stage_likely","city":"神戸市","lanes":3,"title":"二段階右折（推定）片側3車線","detail":"車両通行帯が3以上の信号交差点への進入路。原付一種はこの方向から右折するとき二段階右折。※推定（現地の標識が優先）","cond":"","src":"兵庫県警/JARTIC交通規制情報（車両通行帯＋信号機から推定）","uk":"28000000000000000000008675400001","confidence":"estimated","koma":15}},{"type":"Feature","geometry":{"type":"LineString","coordinates":[[135.22814,34.7139],[135.2278,34.71365]]},"properties":{"layer":"two_stage_likely_line","city":"神戸市","lanes":3,"title":"二段階右折 の可能性（片側3車線・信号交差点）","uk":"28000000000000000000008675500001","confidence":"estimated","koma":null}},{"type":"Feature","geometry":{"type":"Point","coordinates":[135.2278,34.71365]},"properties":{"layer":"two_stage_likely","city":"神戸市","lanes":3,"title":"二段階右折（推定）片側3車線","detail":"車両通行帯が3以上の信号交差点への進入路。原付一種はこの方向から右折するとき二段階右折。※推定（現地の標識が優先）","cond":"","src":"兵庫県警/JARTIC交通規制情報（車両通行帯＋信号機から推定）","uk":"28000000000000000000008675500001","confidence":"estimated","koma":null}},{"type":"Feature","geometry":{"type":"LineString","coordinates":[[135.21822,34.70256],[135.21746,34.70228]]},"properties":{"layer":"two_stage_likely_line","city":"神戸市","lanes":3,"title":"二段階右折 の可能性（片側3車線・信号交差点）","uk":"28000000000000000000008675600001","confidence":"estimated","koma":null}},{"type":"Feature","geometry":{"type":"Point","coordinates":[135.21746,34.70228]},"properties":{"layer":"two_stage_likely","city":"神戸市","lanes":3,"title":"二段階右折（推定）片側3車線","detail":"車両通行帯が3以上の信号交差点への進入路。原付一種はこの方向から右折するとき二段階右折。※推定（現地の標識が優先）","cond":"","src":"兵庫県警/JARTIC交通規制情報（車両通行帯＋信号機から推定）","uk":"28000000000000000000008675600001","confidence":"estimated","koma":null}},{"type":"Feature","geometry":{"type":"LineString","coordinates":[[135.22342,34.70144],[135.22267,34.70136]]},"properties":{"layer":"two_stage_likely_line","city":"神戸市","lanes":3,"title":"二段階右折 の可能性（片側3車線・信号交差点）","uk":"28000000000000000000008675700001","confidence":"estimated","koma":null}},{"type":"Feature","geometry":{"type":"Point","coordinates":[135.22267,34.70136]},"properties":{"layer":"two_stage_likely","city":"神戸市","lanes":3,"title":"二段階右折（推定）片側3車線","detail":"車両通行帯が3以上の信号交差点への進入路。原付一種はこの方向から右折するとき二段階右折。※推定（現地の標識が優先）","cond":"","src":"兵庫県警/JARTIC交通規制情報（車両通行帯＋信号機から推定）","uk":"28000000000000000000008675700001","confidence":"estimated","koma":null}},{"type":"Feature","geometry":{"type":"LineString","coordinates":[[135.23266,34.72173],[135.23221,34.72193]]},"properties":{"layer":"two_stage_likely_line","city":"神戸市","lanes":4,"title":"二段階右折 の可能性（片側4車線・信号交差点）","uk":"28000000000000000000008676100001","confidence":"estimated","koma":null}},{"type":"Feature","geometry":{"type":"Point","coordinates":[135.23221,34.72193]},"properties":{"layer":"two_stage_likely","city":"神戸市","lanes":4,"title":"二段階右折（推定）片側4車線","detail":"車両通行帯が3以上の信号交差点への進入路。原付一種はこの方向から右折するとき二段階右折。※推定（現地の標識が優先）","cond":"","src":"兵庫県警/JARTIC交通規制情報（車両通行帯＋信号機から推定）","uk":"28000000000000000000008676100001","confidence":"estimated","koma":null}},{"type":"Feature","geometry":{"type":"LineString","coordinates":[[135.22641,34.70968],[135.2263,34.70948]]},"properties":{"layer":"two_stage_likely_line","city":"神戸市","lanes":4,"title":"二段階右折 の可能性（片側4車線・信号交差点）","uk":"28000000000000000000008676200001","confidence":"estimated","koma":null}},{"type":"Feature","geometry":{"type":"Point","coordinates":[135.2263,34.70948]},"properties":{"layer":"two_stage_likely","city":"神戸市","lanes":4,"title":"二段階右折（推定）片側4車線","detail":"車両通行帯が3以上の信号交差点への進入路。原付一種はこの方向から右折するとき二段階右折。※推定（現地の標識が優先）","cond":"","src":"兵庫県警/JARTIC交通規制情報（車両通行帯＋信号機から推定）","uk":"28000000000000000000008676200001","confidence":"estimated","koma":null}},{"type":"Feature","geometry":{"type":"LineString","coordinates":[[135.24052,34.71785],[135.24013,34.71788]]},"properties":{"layer":"two_stage_likely_line","city":"神戸市","lanes":3,"title":"二段階右折 の可能性（片側3車線・信号交差点）","uk":"28000000000000000000008677100001","confidence":"estimated","koma":null}},{"type":"Feature","geometry":{"type":"Point","coordinates":[135.24013,34.71788]},"properties":{"layer":"two_stage_likely","city":"神戸市","lanes":3,"title":"二段階右折（推定）片側3車線","detail":"車両通行帯が3以上の信号交差点への進入路。原付一種はこの方向から右折するとき二段階右折。※推定（現地の標識が優先）","cond":"","src":"兵庫県警/JARTIC交通規制情報（車両通行帯＋信号機から推定）","uk":"28000000000000000000008677100001","confidence":"estimated","koma":null}},{"type":"Feature","geometry":{"type":"LineString","coordinates":[[135.23871,34.71732],[135.23827,34.71739]]},"properties":{"layer":"two_stage_likely_line","city":"神戸市","lanes":4,"title":"二段階右折 の可能性（片側4車線・信号交差点）","uk":"28000000000000000000008677200001","confidence":"estimated","koma":null}},{"type":"Feature","geometry":{"type":"Point","coordinates":[135.23827,34.71739]},"properties":{"layer":"two_stage_likely","city":"神戸市","lanes":4,"title":"二段階右折（推定）片側4車線","detail":"車両通行帯が3以上の信号交差点への進入路。原付一種はこの方向から右折するとき二段階右折。※推定（現地の標識が優先）","cond":"","src":"兵庫県警/JARTIC交通規制情報（車両通行帯＋信号機から推定）","uk":"28000000000000000000008677200001","confidence":"estimated","koma":null}},{"type":"Feature","geometry":{"type":"LineString","coordinates":[[135.23343,34.71574],[135.23379,34.71562]]},"properties":{"layer":"two_stage_likely_line","city":"神戸市","lanes":4,"title":"二段階右折 の可能性（片側4車線・信号交差点）","uk":"28000000000000000000008677300001","confidence":"estimated","koma":null}},{"type":"Feature","geometry":{"type":"Point","coordinates":[135.23379,34.71562]},"properties":{"layer":"two_stage_likely","city":"神戸市","lanes":4,"title":"二段階右折（推定）片側4車線","detail":"車両通行帯が3以上の信号交差点への進入路。原付一種はこの方向から右折するとき二段階右折。※推定（現地の標識が優先）","cond":"","src":"兵庫県警/JARTIC交通規制情報（車両通行帯＋信号機から推定）","uk":"28000000000000000000008677300001","confidence":"estimated","koma":null}},{"type":"Feature","geometry":{"type":"LineString","coordinates":[[135.23099,34.71485],[135.23029,34.7147]]},"properties":{"layer":"two_stage_likely_line","city":"神戸市","lanes":4,"title":"二段階右折 の可能性（片側4車線・信号交差点）","uk":"28000000000000000000008678000001","confidence":"estimated","koma":null}},{"type":"Feature","geometry":{"type":"Point","coordinates":[135.23029,34.7147]},"properties":{"layer":"two_stage_likely","city":"神戸市","lanes":4,"title":"二段階右折（推定）片側4車線","detail":"車両通行帯が3以上の信号交差点への進入路。原付一種はこの方向から右折するとき二段階右折。※推定（現地の標識が優先）","cond":"","src":"兵庫県警/JARTIC交通規制情報（車両通行帯＋信号機から推定）","uk":"28000000000000000000008678000001","confidence":"estimated","koma":null}},{"type":"Feature","geometry":{"type":"LineString","coordinates":[[135.24453,34.71916],[135.24377,34.71919]]},"properties":{"layer":"two_stage_likely_line","city":"神戸市","lanes":4,"title":"二段階右折 の可能性（片側4車線・信号交差点）","uk":"28000000000000000000008679000001","confidence":"estimated","koma":null}},{"type":"Feature","geometry":{"type":"Point","coordinates":[135.24377,34.71919]},"properties":{"layer":"two_stage_likely","city":"神戸市","lanes":4,"title":"二段階右折（推定）片側4車線","detail":"車両通行帯が3以上の信号交差点への進入路。原付一種はこの方向から右折するとき二段階右折。※推定（現地の標識が優先）","cond":"","src":"兵庫県警/JARTIC交通規制情報（車両通行帯＋信号機から推定）","uk":"28000000000000000000008679000001","confidence":"estimated","koma":null}},{"type":"Feature","geometry":{"type":"LineString","coordinates":[[135.22776,34.69799],[135.2274,34.6984]]},"properties":{"layer":"two_stage_likely_line","city":"神戸市","lanes":3,"title":"二段階右折 の可能性（片側3車線・信号交差点）","uk":"28000000000000000000008679200001","confidence":"estimated","koma":37}},{"type":"Feature","geometry":{"type":"Point","coordinates":[135.2274,34.6984]},"properties":{"layer":"two_stage_likely","city":"神戸市","lanes":3,"title":"二段階右折（推定）片側3車線","detail":"車両通行帯が3以上の信号交差点への進入路。原付一種はこの方向から右折するとき二段階右折。※推定（現地の標識が優先）","cond":"","src":"兵庫県警/JARTIC交通規制情報（車両通行帯＋信号機から推定）","uk":"28000000000000000000008679200001","confidence":"estimated","koma":37}},{"type":"Feature","geometry":{"type":"LineString","coordinates":[[135.22625,34.69621],[135.22589,34.69661]]},"properties":{"layer":"two_stage_likely_line","city":"神戸市","lanes":4,"title":"二段階右折 の可能性（片側4車線・信号交差点）","uk":"28000000000000000000008679300001","confidence":"estimated","koma":21}},{"type":"Feature","geometry":{"type":"Point","coordinates":[135.22589,34.69661]},"properties":{"layer":"two_stage_likely","city":"神戸市","lanes":4,"title":"二段階右折（推定）片側4車線","detail":"車両通行帯が3以上の信号交差点への進入路。原付一種はこの方向から右折するとき二段階右折。※推定（現地の標識が優先）","cond":"","src":"兵庫県警/JARTIC交通規制情報（車両通行帯＋信号機から推定）","uk":"28000000000000000000008679300001","confidence":"estimated","koma":21}},{"type":"Feature","geometry":{"type":"LineString","coordinates":[[135.21235,34.70033],[135.21193,34.70078]]},"properties":{"layer":"two_stage_likely_line","city":"神戸市","lanes":3,"title":"二段階右折 の可能性（片側3車線・信号交差点）","uk":"28000000000000000000008680200001","confidence":"estimated","koma":null}},{"type":"Feature","geometry":{"type":"Point","coordinates":[135.21193,34.70078]},"properties":{"layer":"two_stage_likely","city":"神戸市","lanes":3,"title":"二段階右折（推定）片側3車線","detail":"車両通行帯が3以上の信号交差点への進入路。原付一種はこの方向から右折するとき二段階右折。※推定（現地の標識が優先）","cond":"","src":"兵庫県警/JARTIC交通規制情報（車両通行帯＋信号機から推定）","uk":"28000000000000000000008680200001","confidence":"estimated","koma":null}},{"type":"Feature","geometry":{"type":"LineString","coordinates":[[135.19435,34.69356],[135.19516,34.69338]]},"properties":{"layer":"two_stage_likely_line","city":"神戸市","lanes":4,"title":"二段階右折 の可能性（片側4車線・信号交差点）","uk":"28000000000000000000008680700001","confidence":"estimated","koma":null}},{"type":"Feature","geometry":{"type":"Point","coordinates":[135.19516,34.69338]},"properties":{"layer":"two_stage_likely","city":"神戸市","lanes":4,"title":"二段階右折（推定）片側4車線","detail":"車両通行帯が3以上の信号交差点への進入路。原付一種はこの方向から右折するとき二段階右折。※推定（現地の標識が優先）","cond":"","src":"兵庫県警/JARTIC交通規制情報（車両通行帯＋信号機から推定）","uk":"28000000000000000000008680700001","confidence":"estimated","koma":null}},{"type":"Feature","geometry":{"type":"LineString","coordinates":[[135.19517,34.69148],[135.19531,34.69164]]},"properties":{"layer":"two_stage_likely_line","city":"神戸市","lanes":3,"title":"二段階右折 の可能性（片側3車線・信号交差点）","uk":"28000000000000000000008680800001","confidence":"estimated","koma":13}},{"type":"Feature","geometry":{"type":"Point","coordinates":[135.19531,34.69164]},"properties":{"layer":"two_stage_likely","city":"神戸市","lanes":3,"title":"二段階右折（推定）片側3車線","detail":"車両通行帯が3以上の信号交差点への進入路。原付一種はこの方向から右折するとき二段階右折。※推定（現地の標識が優先）","cond":"","src":"兵庫県警/JARTIC交通規制情報（車両通行帯＋信号機から推定）","uk":"28000000000000000000008680800001","confidence":"estimated","koma":13}},{"type":"Feature","geometry":{"type":"LineString","coordinates":[[135.19671,34.68939],[135.19648,34.68942]]},"properties":{"layer":"two_stage_likely_line","city":"神戸市","lanes":3,"title":"二段階右折 の可能性（片側3車線・信号交差点）","uk":"28000000000000000000008681000001","confidence":"estimated","koma":32}},{"type":"Feature","geometry":{"type":"Point","coordinates":[135.19648,34.68942]},"properties":{"layer":"two_stage_likely","city":"神戸市","lanes":3,"title":"二段階右折（推定）片側3車線","detail":"車両通行帯が3以上の信号交差点への進入路。原付一種はこの方向から右折するとき二段階右折。※推定（現地の標識が優先）","cond":"","src":"兵庫県警/JARTIC交通規制情報（車両通行帯＋信号機から推定）","uk":"28000000000000000000008681000001","confidence":"estimated","koma":32}},{"type":"Feature","geometry":{"type":"LineString","coordinates":[[135.1967,34.69386],[135.19638,34.69462]]},"properties":{"layer":"two_stage_likely_line","city":"神戸市","lanes":4,"title":"二段階右折 の可能性（片側4車線・信号交差点）","uk":"28000000000000000000008681400001","confidence":"estimated","koma":null}},{"type":"Feature","geometry":{"type":"Point","coordinates":[135.19638,34.69462]},"properties":{"layer":"two_stage_likely","city":"神戸市","lanes":4,"title":"二段階右折（推定）片側4車線","detail":"車両通行帯が3以上の信号交差点への進入路。原付一種はこの方向から右折するとき二段階右折。※推定（現地の標識が優先）","cond":"","src":"兵庫県警/JARTIC交通規制情報（車両通行帯＋信号機から推定）","uk":"28000000000000000000008681400001","confidence":"estimated","koma":null}},{"type":"Feature","geometry":{"type":"LineString","coordinates":[[135.19524,34.70391],[135.1959,34.70402]]},"properties":{"layer":"two_stage_likely_line","city":"神戸市","lanes":3,"title":"二段階右折 の可能性（片側3車線・信号交差点）","uk":"28000000000000000000008681900001","confidence":"estimated","koma":null}},{"type":"Feature","geometry":{"type":"Point","coordinates":[135.1959,34.70402]},"properties":{"layer":"two_stage_likely","city":"神戸市","lanes":3,"title":"二段階右折（推定）片側3車線","detail":"車両通行帯が3以上の信号交差点への進入路。原付一種はこの方向から右折するとき二段階右折。※推定（現地の標識が優先）","cond":"","src":"兵庫県警/JARTIC交通規制情報（車両通行帯＋信号機から推定）","uk":"28000000000000000000008681900001","confidence":"estimated","koma":null}},{"type":"Feature","geometry":{"type":"LineString","coordinates":[[135.20724,34.69737],[135.20769,34.69661]]},"properties":{"layer":"two_stage_likely_line","city":"神戸市","lanes":4,"title":"二段階右折 の可能性（片側4車線・信号交差点）","uk":"28000000000000000000008682300001","confidence":"estimated","koma":null}},{"type":"Feature","geometry":{"type":"Point","coordinates":[135.20769,34.69661]},"properties":{"layer":"two_stage_likely","city":"神戸市","lanes":4,"title":"二段階右折（推定）片側4車線","detail":"車両通行帯が3以上の信号交差点への進入路。原付一種はこの方向から右折するとき二段階右折。※推定（現地の標識が優先）","cond":"","src":"兵庫県警/JARTIC交通規制情報（車両通行帯＋信号機から推定）","uk":"28000000000000000000008682300001","confidence":"estimated","koma":null}},{"type":"Feature","geometry":{"type":"LineString","coordinates":[[135.19379,34.69445],[135.1939,34.69526]]},"properties":{"layer":"two_stage_likely_line","city":"神戸市","lanes":3,"title":"二段階右折 の可能性（片側3車線・信号交差点）","uk":"28000000000000000000008682400001","confidence":"estimated","koma":23}},{"type":"Feature","geometry":{"type":"Point","coordinates":[135.19379,34.69445]},"properties":{"layer":"two_stage_likely","city":"神戸市","lanes":3,"title":"二段階右折（推定）片側3車線","detail":"車両通行帯が3以上の信号交差点への進入路。原付一種はこの方向から右折するとき二段階右折。※推定（現地の標識が優先）","cond":"","src":"兵庫県警/JARTIC交通規制情報（車両通行帯＋信号機から推定）","uk":"28000000000000000000008682400001","confidence":"estimated","koma":23}},{"type":"Feature","geometry":{"type":"LineString","coordinates":[[135.20235,34.69666],[135.20312,34.69676]]},"properties":{"layer":"two_stage_likely_line","city":"神戸市","lanes":3,"title":"二段階右折 の可能性（片側3車線・信号交差点）","uk":"28000000000000000000008682700001","confidence":"estimated","koma":null}},{"type":"Feature","geometry":{"type":"Point","coordinates":[135.20235,34.69666]},"properties":{"layer":"two_stage_likely","city":"神戸市","lanes":3,"title":"二段階右折（推定）片側3車線","detail":"車両通行帯が3以上の信号交差点への進入路。原付一種はこの方向から右折するとき二段階右折。※推定（現地の標識が優先）","cond":"","src":"兵庫県警/JARTIC交通規制情報（車両通行帯＋信号機から推定）","uk":"28000000000000000000008682700001","confidence":"estimated","koma":null}},{"type":"Feature","geometry":{"type":"LineString","coordinates":[[135.19686,34.70454],[135.19616,34.70423]]},"properties":{"layer":"two_stage_likely_line","city":"神戸市","lanes":4,"title":"二段階右折 の可能性（片側4車線・信号交差点）","uk":"28000000000000000000008683300001","confidence":"estimated","koma":null}},{"type":"Feature","geometry":{"type":"Point","coordinates":[135.19616,34.70423]},"properties":{"layer":"two_stage_likely","city":"神戸市","lanes":4,"title":"二段階右折（推定）片側4車線","detail":"車両通行帯が3以上の信号交差点への進入路。原付一種はこの方向から右折するとき二段階右折。※推定（現地の標識が優先）","cond":"","src":"兵庫県警/JARTIC交通規制情報（車両通行帯＋信号機から推定）","uk":"28000000000000000000008683300001","confidence":"estimated","koma":null}},{"type":"Feature","geometry":{"type":"LineString","coordinates":[[135.20174,34.69641],[135.20239,34.69649]]},"properties":{"layer":"two_stage_likely_line","city":"神戸市","lanes":4,"title":"二段階右折 の可能性（片側4車線・信号交差点）","uk":"28000000000000000000008683800001","confidence":"estimated","koma":null}},{"type":"Feature","geometry":{"type":"Point","coordinates":[135.20239,34.69649]},"properties":{"layer":"two_stage_likely","city":"神戸市","lanes":4,"title":"二段階右折（推定）片側4車線","detail":"車両通行帯が3以上の信号交差点への進入路。原付一種はこの方向から右折するとき二段階右折。※推定（現地の標識が優先）","cond":"","src":"兵庫県警/JARTIC交通規制情報（車両通行帯＋信号機から推定）","uk":"28000000000000000000008683800001","confidence":"estimated","koma":null}},{"type":"Feature","geometry":{"type":"LineString","coordinates":[[135.19945,34.70111],[135.19955,34.70077]]},"properties":{"layer":"two_stage_likely_line","city":"神戸市","lanes":3,"title":"二段階右折 の可能性（片側3車線・信号交差点）","uk":"28000000000000000000008683900001","confidence":"estimated","koma":23}},{"type":"Feature","geometry":{"type":"Point","coordinates":[135.19955,34.70077]},"properties":{"layer":"two_stage_likely","city":"神戸市","lanes":3,"title":"二段階右折（推定）片側3車線","detail":"車両通行帯が3以上の信号交差点への進入路。原付一種はこの方向から右折するとき二段階右折。※推定（現地の標識が優先）","cond":"","src":"兵庫県警/JARTIC交通規制情報（車両通行帯＋信号機から推定）","uk":"28000000000000000000008683900001","confidence":"estimated","koma":23}},{"type":"Feature","geometry":{"type":"LineString","coordinates":[[135.19917,34.70104],[135.19905,34.70056]]},"properties":{"layer":"two_stage_likely_line","city":"神戸市","lanes":4,"title":"二段階右折 の可能性（片側4車線・信号交差点）","uk":"28000000000000000000008684000001","confidence":"estimated","koma":null}},{"type":"Feature","geometry":{"type":"Point","coordinates":[135.19905,34.70056]},"properties":{"layer":"two_stage_likely","city":"神戸市","lanes":4,"title":"二段階右折（推定）片側4車線","detail":"車両通行帯が3以上の信号交差点への進入路。原付一種はこの方向から右折するとき二段階右折。※推定（現地の標識が優先）","cond":"","src":"兵庫県警/JARTIC交通規制情報（車両通行帯＋信号機から推定）","uk":"28000000000000000000008684000001","confidence":"estimated","koma":null}},{"type":"Feature","geometry":{"type":"LineString","coordinates":[[135.20403,34.70246],[135.20427,34.70233],[135.20458,34.70267]]},"properties":{"layer":"two_stage_likely_line","city":"神戸市","lanes":3,"title":"二段階右折 の可能性（片側3車線・信号交差点）","uk":"28000000000000000000008684100001","confidence":"estimated","koma":39}},{"type":"Feature","geometry":{"type":"Point","coordinates":[135.20458,34.70267]},"properties":{"layer":"two_stage_likely","city":"神戸市","lanes":3,"title":"二段階右折（推定）片側3車線","detail":"車両通行帯が3以上の信号交差点への進入路。原付一種はこの方向から右折するとき二段階右折。※推定（現地の標識が優先）","cond":"","src":"兵庫県警/JARTIC交通規制情報（車両通行帯＋信号機から推定）","uk":"28000000000000000000008684100001","confidence":"estimated","koma":39}},{"type":"Feature","geometry":{"type":"LineString","coordinates":[[135.21686,34.69975],[135.21706,34.69943]]},"properties":{"layer":"two_stage_likely_line","city":"神戸市","lanes":4,"title":"二段階右折 の可能性（片側4車線・信号交差点）","uk":"28000000000000000000008684700001","confidence":"estimated","koma":null}},{"type":"Feature","geometry":{"type":"Point","coordinates":[135.21706,34.69943]},"properties":{"layer":"two_stage_likely","city":"神戸市","lanes":4,"title":"二段階右折（推定）片側4車線","detail":"車両通行帯が3以上の信号交差点への進入路。原付一種はこの方向から右折するとき二段階右折。※推定（現地の標識が優先）","cond":"","src":"兵庫県警/JARTIC交通規制情報（車両通行帯＋信号機から推定）","uk":"28000000000000000000008684700001","confidence":"estimated","koma":null}},{"type":"Feature","geometry":{"type":"LineString","coordinates":[[135.2176,34.70168],[135.21766,34.70149],[135.21731,34.70173],[135.2181,34.70195],[135.21764,34.70198]]},"properties":{"layer":"two_stage_likely_line","city":"神戸市","lanes":4,"title":"二段階右折 の可能性（片側4車線・信号交差点）","uk":"28000000000000000000008684800001","confidence":"estimated","koma":null}},{"type":"Feature","geometry":{"type":"Point","coordinates":[135.21764,34.70198]},"properties":{"layer":"two_stage_likely","city":"神戸市","lanes":4,"title":"二段階右折（推定）片側4車線","detail":"車両通行帯が3以上の信号交差点への進入路。原付一種はこの方向から右折するとき二段階右折。※推定（現地の標識が優先）","cond":"","src":"兵庫県警/JARTIC交通規制情報（車両通行帯＋信号機から推定）","uk":"28000000000000000000008684800001","confidence":"estimated","koma":null}},{"type":"Feature","geometry":{"type":"LineString","coordinates":[[135.21811,34.70058],[135.21804,34.70006]]},"properties":{"layer":"two_stage_likely_line","city":"神戸市","lanes":3,"title":"二段階右折 の可能性（片側3車線・信号交差点）","uk":"28000000000000000000008684900001","confidence":"estimated","koma":null}},{"type":"Feature","geometry":{"type":"Point","coordinates":[135.21804,34.70006]},"properties":{"layer":"two_stage_likely","city":"神戸市","lanes":3,"title":"二段階右折（推定）片側3車線","detail":"車両通行帯が3以上の信号交差点への進入路。原付一種はこの方向から右折するとき二段階右折。※推定（現地の標識が優先）","cond":"","src":"兵庫県警/JARTIC交通規制情報（車両通行帯＋信号機から推定）","uk":"28000000000000000000008684900001","confidence":"estimated","koma":null}},{"type":"Feature","geometry":{"type":"LineString","coordinates":[[135.21227,34.69766],[135.2114,34.69742]]},"properties":{"layer":"two_stage_likely_line","city":"神戸市","lanes":4,"title":"二段階右折 の可能性（片側4車線・信号交差点）","uk":"28000000000000000000008685000001","confidence":"estimated","koma":null}},{"type":"Feature","geometry":{"type":"Point","coordinates":[135.2114,34.69742]},"properties":{"layer":"two_stage_likely","city":"神戸市","lanes":4,"title":"二段階右折（推定）片側4車線","detail":"車両通行帯が3以上の信号交差点への進入路。原付一種はこの方向から右折するとき二段階右折。※推定（現地の標識が優先）","cond":"","src":"兵庫県警/JARTIC交通規制情報（車両通行帯＋信号機から推定）","uk":"28000000000000000000008685000001","confidence":"estimated","koma":null}},{"type":"Feature","geometry":{"type":"LineString","coordinates":[[135.20907,34.69595],[135.20838,34.69564]]},"properties":{"layer":"two_stage_likely_line","city":"神戸市","lanes":3,"title":"二段階右折 の可能性（片側3車線・信号交差点）","uk":"28000000000000000000008685100001","confidence":"estimated","koma":null}},{"type":"Feature","geometry":{"type":"Point","coordinates":[135.20838,34.69564]},"properties":{"layer":"two_stage_likely","city":"神戸市","lanes":3,"title":"二段階右折（推定）片側3車線","detail":"車両通行帯が3以上の信号交差点への進入路。原付一種はこの方向から右折するとき二段階右折。※推定（現地の標識が優先）","cond":"","src":"兵庫県警/JARTIC交通規制情報（車両通行帯＋信号機から推定）","uk":"28000000000000000000008685100001","confidence":"estimated","koma":null}},{"type":"Feature","geometry":{"type":"LineString","coordinates":[[135.21345,34.69881],[135.21343,34.69826]]},"properties":{"layer":"two_stage_likely_line","city":"神戸市","lanes":4,"title":"二段階右折 の可能性（片側4車線・信号交差点）","uk":"28000000000000000000008685400001","confidence":"estimated","koma":null}},{"type":"Feature","geometry":{"type":"Point","coordinates":[135.21343,34.69826]},"properties":{"layer":"two_stage_likely","city":"神戸市","lanes":4,"title":"二段階右折（推定）片側4車線","detail":"車両通行帯が3以上の信号交差点への進入路。原付一種はこの方向から右折するとき二段階右折。※推定（現地の標識が優先）","cond":"","src":"兵庫県警/JARTIC交通規制情報（車両通行帯＋信号機から推定）","uk":"28000000000000000000008685400001","confidence":"estimated","koma":null}},{"type":"Feature","geometry":{"type":"LineString","coordinates":[[135.21014,34.70478],[135.20982,34.70458]]},"properties":{"layer":"two_stage_likely_line","city":"神戸市","lanes":3,"title":"二段階右折 の可能性（片側3車線・信号交差点）","uk":"28000000000000000000008686200001","confidence":"estimated","koma":40}},{"type":"Feature","geometry":{"type":"Point","coordinates":[135.20982,34.70458]},"properties":{"layer":"two_stage_likely","city":"神戸市","lanes":3,"title":"二段階右折（推定）片側3車線","detail":"車両通行帯が3以上の信号交差点への進入路。原付一種はこの方向から右折するとき二段階右折。※推定（現地の標識が優先）","cond":"","src":"兵庫県警/JARTIC交通規制情報（車両通行帯＋信号機から推定）","uk":"28000000000000000000008686200001","confidence":"estimated","koma":40}},{"type":"Feature","geometry":{"type":"LineString","coordinates":[[135.17562,34.68015],[135.17644,34.68034]]},"properties":{"layer":"two_stage_likely_line","city":"神戸市","lanes":3,"title":"二段階右折 の可能性（片側3車線・信号交差点）","uk":"28000000000000000000008690100001","confidence":"estimated","koma":null}},{"type":"Feature","geometry":{"type":"Point","coordinates":[135.17644,34.68034]},"properties":{"layer":"two_stage_likely","city":"神戸市","lanes":3,"title":"二段階右折（推定）片側3車線","detail":"車両通行帯が3以上の信号交差点への進入路。原付一種はこの方向から右折するとき二段階右折。※推定（現地の標識が優先）","cond":"","src":"兵庫県警/JARTIC交通規制情報（車両通行帯＋信号機から推定）","uk":"28000000000000000000008690100001","confidence":"estimated","koma":null}},{"type":"Feature","geometry":{"type":"LineString","coordinates":[[135.19006,34.69104],[135.18963,34.6907]]},"properties":{"layer":"two_stage_likely_line","city":"神戸市","lanes":3,"title":"二段階右折 の可能性（片側3車線・信号交差点）","uk":"28000000000000000000008690800001","confidence":"estimated","koma":null}},{"type":"Feature","geometry":{"type":"Point","coordinates":[135.18963,34.6907]},"properties":{"layer":"two_stage_likely","city":"神戸市","lanes":3,"title":"二段階右折（推定）片側3車線","detail":"車両通行帯が3以上の信号交差点への進入路。原付一種はこの方向から右折するとき二段階右折。※推定（現地の標識が優先）","cond":"","src":"兵庫県警/JARTIC交通規制情報（車両通行帯＋信号機から推定）","uk":"28000000000000000000008690800001","confidence":"estimated","koma":null}},{"type":"Feature","geometry":{"type":"LineString","coordinates":[[135.17731,34.68056],[135.17759,34.68103],[135.17732,34.68088],[135.17687,34.68112]]},"properties":{"layer":"two_stage_likely_line","city":"神戸市","lanes":4,"title":"二段階右折 の可能性（片側4車線・信号交差点）","uk":"28000000000000000000008690900001","confidence":"estimated","koma":null}},{"type":"Feature","geometry":{"type":"Point","coordinates":[135.17687,34.68112]},"properties":{"layer":"two_stage_likely","city":"神戸市","lanes":4,"title":"二段階右折（推定）片側4車線","detail":"車両通行帯が3以上の信号交差点への進入路。原付一種はこの方向から右折するとき二段階右折。※推定（現地の標識が優先）","cond":"","src":"兵庫県警/JARTIC交通規制情報（車両通行帯＋信号機から推定）","uk":"28000000000000000000008690900001","confidence":"estimated","koma":null}},{"type":"Feature","geometry":{"type":"LineString","coordinates":[[135.19167,34.69206],[135.19236,34.69215]]},"properties":{"layer":"two_stage_likely_line","city":"神戸市","lanes":3,"title":"二段階右折 の可能性（片側3車線・信号交差点）","uk":"28000000000000000000008691000001","confidence":"estimated","koma":null}},{"type":"Feature","geometry":{"type":"Point","coordinates":[135.19236,34.69215]},"properties":{"layer":"two_stage_likely","city":"神戸市","lanes":3,"title":"二段階右折（推定）片側3車線","detail":"車両通行帯が3以上の信号交差点への進入路。原付一種はこの方向から右折するとき二段階右折。※推定（現地の標識が優先）","cond":"","src":"兵庫県警/JARTIC交通規制情報（車両通行帯＋信号機から推定）","uk":"28000000000000000000008691000001","confidence":"estimated","koma":null}},{"type":"Feature","geometry":{"type":"LineString","coordinates":[[135.18603,34.69373],[135.18693,34.69408]]},"properties":{"layer":"two_stage_likely_line","city":"神戸市","lanes":3,"title":"二段階右折 の可能性（片側3車線・信号交差点）","uk":"28000000000000000000008691100001","confidence":"estimated","koma":null}},{"type":"Feature","geometry":{"type":"Point","coordinates":[135.18693,34.69408]},"properties":{"layer":"two_stage_likely","city":"神戸市","lanes":3,"title":"二段階右折（推定）片側3車線","detail":"車両通行帯が3以上の信号交差点への進入路。原付一種はこの方向から右折するとき二段階右折。※推定（現地の標識が優先）","cond":"","src":"兵庫県警/JARTIC交通規制情報（車両通行帯＋信号機から推定）","uk":"28000000000000000000008691100001","confidence":"estimated","koma":null}},{"type":"Feature","geometry":{"type":"LineString","coordinates":[[135.17454,34.67879],[135.17403,34.67939]]},"properties":{"layer":"two_stage_likely_line","city":"神戸市","lanes":4,"title":"二段階右折 の可能性（片側4車線・信号交差点）","uk":"28000000000000000000008691700001","confidence":"estimated","koma":null}},{"type":"Feature","geometry":{"type":"Point","coordinates":[135.17403,34.67939]},"properties":{"layer":"two_stage_likely","city":"神戸市","lanes":4,"title":"二段階右折（推定）片側4車線","detail":"車両通行帯が3以上の信号交差点への進入路。原付一種はこの方向から右折するとき二段階右折。※推定（現地の標識が優先）","cond":"","src":"兵庫県警/JARTIC交通規制情報（車両通行帯＋信号機から推定）","uk":"28000000000000000000008691700001","confidence":"estimated","koma":null}},{"type":"Feature","geometry":{"type":"LineString","coordinates":[[135.17184,34.68228],[135.17113,34.68203]]},"properties":{"layer":"two_stage_likely_line","city":"神戸市","lanes":4,"title":"二段階右折 の可能性（片側4車線・信号交差点）","uk":"28000000000000000000008692000001","confidence":"estimated","koma":null}},{"type":"Feature","geometry":{"type":"Point","coordinates":[135.17113,34.68203]},"properties":{"layer":"two_stage_likely","city":"神戸市","lanes":4,"title":"二段階右折（推定）片側4車線","detail":"車両通行帯が3以上の信号交差点への進入路。原付一種はこの方向から右折するとき二段階右折。※推定（現地の標識が優先）","cond":"","src":"兵庫県警/JARTIC交通規制情報（車両通行帯＋信号機から推定）","uk":"28000000000000000000008692000001","confidence":"estimated","koma":null}},{"type":"Feature","geometry":{"type":"LineString","coordinates":[[135.17442,34.68374],[135.17405,34.68431]]},"properties":{"layer":"two_stage_likely_line","city":"神戸市","lanes":4,"title":"二段階右折 の可能性（片側4車線・信号交差点）","uk":"28000000000000000000008692100001","confidence":"estimated","koma":null}},{"type":"Feature","geometry":{"type":"Point","coordinates":[135.17405,34.68431]},"properties":{"layer":"two_stage_likely","city":"神戸市","lanes":4,"title":"二段階右折（推定）片側4車線","detail":"車両通行帯が3以上の信号交差点への進入路。原付一種はこの方向から右折するとき二段階右折。※推定（現地の標識が優先）","cond":"","src":"兵庫県警/JARTIC交通規制情報（車両通行帯＋信号機から推定）","uk":"28000000000000000000008692100001","confidence":"estimated","koma":null}},{"type":"Feature","geometry":{"type":"LineString","coordinates":[[135.17531,34.68609],[135.17579,34.68595]]},"properties":{"layer":"two_stage_likely_line","city":"神戸市","lanes":3,"title":"二段階右折 の可能性（片側3車線・信号交差点）","uk":"28000000000000000000008692800001","confidence":"estimated","koma":1}},{"type":"Feature","geometry":{"type":"Point","coordinates":[135.17579,34.68595]},"properties":{"layer":"two_stage_likely","city":"神戸市","lanes":3,"title":"二段階右折（推定）片側3車線","detail":"車両通行帯が3以上の信号交差点への進入路。原付一種はこの方向から右折するとき二段階右折。※推定（現地の標識が優先）","cond":"","src":"兵庫県警/JARTIC交通規制情報（車両通行帯＋信号機から推定）","uk":"28000000000000000000008692800001","confidence":"estimated","koma":1}},{"type":"Feature","geometry":{"type":"LineString","coordinates":[[135.18416,34.69089],[135.18439,34.69119]]},"properties":{"layer":"two_stage_likely_line","city":"神戸市","lanes":3,"title":"二段階右折 の可能性（片側3車線・信号交差点）","uk":"28000000000000000000008692900001","confidence":"estimated","koma":null}},{"type":"Feature","geometry":{"type":"Point","coordinates":[135.18439,34.69119]},"properties":{"layer":"two_stage_likely","city":"神戸市","lanes":3,"title":"二段階右折（推定）片側3車線","detail":"車両通行帯が3以上の信号交差点への進入路。原付一種はこの方向から右折するとき二段階右折。※推定（現地の標識が優先）","cond":"","src":"兵庫県警/JARTIC交通規制情報（車両通行帯＋信号機から推定）","uk":"28000000000000000000008692900001","confidence":"estimated","koma":null}},{"type":"Feature","geometry":{"type":"LineString","coordinates":[[135.17557,34.68568],[135.1748,34.68502]]},"properties":{"layer":"two_stage_likely_line","city":"神戸市","lanes":3,"title":"二段階右折 の可能性（片側3車線・信号交差点）","uk":"28000000000000000000008693200001","confidence":"estimated","koma":null}},{"type":"Feature","geometry":{"type":"Point","coordinates":[135.1748,34.68502]},"properties":{"layer":"two_stage_likely","city":"神戸市","lanes":3,"title":"二段階右折（推定）片側3車線","detail":"車両通行帯が3以上の信号交差点への進入路。原付一種はこの方向から右折するとき二段階右折。※推定（現地の標識が優先）","cond":"","src":"兵庫県警/JARTIC交通規制情報（車両通行帯＋信号機から推定）","uk":"28000000000000000000008693200001","confidence":"estimated","koma":null}},{"type":"Feature","geometry":{"type":"LineString","coordinates":[[135.18185,34.69023],[135.18204,34.69078]]},"properties":{"layer":"two_stage_likely_line","city":"神戸市","lanes":3,"title":"二段階右折 の可能性（片側3車線・信号交差点）","uk":"28000000000000000000008693300001","confidence":"estimated","koma":null}},{"type":"Feature","geometry":{"type":"Point","coordinates":[135.18204,34.69078]},"properties":{"layer":"two_stage_likely","city":"神戸市","lanes":3,"title":"二段階右折（推定）片側3車線","detail":"車両通行帯が3以上の信号交差点への進入路。原付一種はこの方向から右折するとき二段階右折。※推定（現地の標識が優先）","cond":"","src":"兵庫県警/JARTIC交通規制情報（車両通行帯＋信号機から推定）","uk":"28000000000000000000008693300001","confidence":"estimated","koma":null}},{"type":"Feature","geometry":{"type":"LineString","coordinates":[[135.19463,34.69858],[135.19368,34.69816]]},"properties":{"layer":"two_stage_likely_line","city":"神戸市","lanes":4,"title":"二段階右折 の可能性（片側4車線・信号交差点）","uk":"28000000000000000000008693600001","confidence":"estimated","koma":null}},{"type":"Feature","geometry":{"type":"Point","coordinates":[135.19368,34.69816]},"properties":{"layer":"two_stage_likely","city":"神戸市","lanes":4,"title":"二段階右折（推定）片側4車線","detail":"車両通行帯が3以上の信号交差点への進入路。原付一種はこの方向から右折するとき二段階右折。※推定（現地の標識が優先）","cond":"","src":"兵庫県警/JARTIC交通規制情報（車両通行帯＋信号機から推定）","uk":"28000000000000000000008693600001","confidence":"estimated","koma":null}},{"type":"Feature","geometry":{"type":"LineString","coordinates":[[135.18028,34.68934],[135.18094,34.68953]]},"properties":{"layer":"two_stage_likely_line","city":"神戸市","lanes":3,"title":"二段階右折 の可能性（片側3車線・信号交差点）","uk":"28000000000000000000008693700001","confidence":"estimated","koma":25}},{"type":"Feature","geometry":{"type":"Point","coordinates":[135.18094,34.68953]},"properties":{"layer":"two_stage_likely","city":"神戸市","lanes":3,"title":"二段階右折（推定）片側3車線","detail":"車両通行帯が3以上の信号交差点への進入路。原付一種はこの方向から右折するとき二段階右折。※推定（現地の標識が優先）","cond":"","src":"兵庫県警/JARTIC交通規制情報（車両通行帯＋信号機から推定）","uk":"28000000000000000000008693700001","confidence":"estimated","koma":25}},{"type":"Feature","geometry":{"type":"LineString","coordinates":[[135.19348,34.69061],[135.19351,34.6902]]},"properties":{"layer":"two_stage_likely_line","city":"神戸市","lanes":3,"title":"二段階右折 の可能性（片側3車線・信号交差点）","uk":"28000000000000000000008694200001","confidence":"estimated","koma":null}},{"type":"Feature","geometry":{"type":"Point","coordinates":[135.19351,34.6902]},"properties":{"layer":"two_stage_likely","city":"神戸市","lanes":3,"title":"二段階右折（推定）片側3車線","detail":"車両通行帯が3以上の信号交差点への進入路。原付一種はこの方向から右折するとき二段階右折。※推定（現地の標識が優先）","cond":"","src":"兵庫県警/JARTIC交通規制情報（車両通行帯＋信号機から推定）","uk":"28000000000000000000008694200001","confidence":"estimated","koma":null}},{"type":"Feature","geometry":{"type":"LineString","coordinates":[[135.19341,34.68708],[135.19392,34.68693]]},"properties":{"layer":"two_stage_likely_line","city":"神戸市","lanes":3,"title":"二段階右折 の可能性（片側3車線・信号交差点）","uk":"28000000000000000000008695100001","confidence":"estimated","koma":null}},{"type":"Feature","geometry":{"type":"Point","coordinates":[135.19392,34.68693]},"properties":{"layer":"two_stage_likely","city":"神戸市","lanes":3,"title":"二段階右折（推定）片側3車線","detail":"車両通行帯が3以上の信号交差点への進入路。原付一種はこの方向から右折するとき二段階右折。※推定（現地の標識が優先）","cond":"","src":"兵庫県警/JARTIC交通規制情報（車両通行帯＋信号機から推定）","uk":"28000000000000000000008695100001","confidence":"estimated","koma":null}},{"type":"Feature","geometry":{"type":"LineString","coordinates":[[135.19336,34.68794],[135.19321,34.68808]]},"properties":{"layer":"two_stage_likely_line","city":"神戸市","lanes":3,"title":"二段階右折 の可能性（片側3車線・信号交差点）","uk":"28000000000000000000008695200001","confidence":"estimated","koma":null}},{"type":"Feature","geometry":{"type":"Point","coordinates":[135.19321,34.68808]},"properties":{"layer":"two_stage_likely","city":"神戸市","lanes":3,"title":"二段階右折（推定）片側3車線","detail":"車両通行帯が3以上の信号交差点への進入路。原付一種はこの方向から右折するとき二段階右折。※推定（現地の標識が優先）","cond":"","src":"兵庫県警/JARTIC交通規制情報（車両通行帯＋信号機から推定）","uk":"28000000000000000000008695200001","confidence":"estimated","koma":null}},{"type":"Feature","geometry":{"type":"LineString","coordinates":[[135.18136,34.67641],[135.18132,34.67615]]},"properties":{"layer":"two_stage_likely_line","city":"神戸市","lanes":3,"title":"二段階右折 の可能性（片側3車線・信号交差点）","uk":"28000000000000000000008695500001","confidence":"estimated","koma":4}},{"type":"Feature","geometry":{"type":"Point","coordinates":[135.18132,34.67615]},"properties":{"layer":"two_stage_likely","city":"神戸市","lanes":3,"title":"二段階右折（推定）片側3車線","detail":"車両通行帯が3以上の信号交差点への進入路。原付一種はこの方向から右折するとき二段階右折。※推定（現地の標識が優先）","cond":"","src":"兵庫県警/JARTIC交通規制情報（車両通行帯＋信号機から推定）","uk":"28000000000000000000008695500001","confidence":"estimated","koma":4}},{"type":"Feature","geometry":{"type":"LineString","coordinates":[[135.18974,34.68801],[135.18968,34.68752]]},"properties":{"layer":"two_stage_likely_line","city":"神戸市","lanes":3,"title":"二段階右折 の可能性（片側3車線・信号交差点）","uk":"28000000000000000000008696000001","confidence":"estimated","koma":null}},{"type":"Feature","geometry":{"type":"Point","coordinates":[135.18968,34.68752]},"properties":{"layer":"two_stage_likely","city":"神戸市","lanes":3,"title":"二段階右折（推定）片側3車線","detail":"車両通行帯が3以上の信号交差点への進入路。原付一種はこの方向から右折するとき二段階右折。※推定（現地の標識が優先）","cond":"","src":"兵庫県警/JARTIC交通規制情報（車両通行帯＋信号機から推定）","uk":"28000000000000000000008696000001","confidence":"estimated","koma":null}},{"type":"Feature","geometry":{"type":"LineString","coordinates":[[135.17979,34.6841],[135.17937,34.68349]]},"properties":{"layer":"two_stage_likely_line","city":"神戸市","lanes":4,"title":"二段階右折 の可能性（片側4車線・信号交差点）","uk":"28000000000000000000008696100001","confidence":"estimated","koma":null}},{"type":"Feature","geometry":{"type":"Point","coordinates":[135.17937,34.68349]},"properties":{"layer":"two_stage_likely","city":"神戸市","lanes":4,"title":"二段階右折（推定）片側4車線","detail":"車両通行帯が3以上の信号交差点への進入路。原付一種はこの方向から右折するとき二段階右折。※推定（現地の標識が優先）","cond":"","src":"兵庫県警/JARTIC交通規制情報（車両通行帯＋信号機から推定）","uk":"28000000000000000000008696100001","confidence":"estimated","koma":null}},{"type":"Feature","geometry":{"type":"LineString","coordinates":[[135.18276,34.68132],[135.18201,34.68189]]},"properties":{"layer":"two_stage_likely_line","city":"神戸市","lanes":4,"title":"二段階右折 の可能性（片側4車線・信号交差点）","uk":"28000000000000000000008696700001","confidence":"estimated","koma":44}},{"type":"Feature","geometry":{"type":"Point","coordinates":[135.18201,34.68189]},"properties":{"layer":"two_stage_likely","city":"神戸市","lanes":4,"title":"二段階右折（推定）片側4車線","detail":"車両通行帯が3以上の信号交差点への進入路。原付一種はこの方向から右折するとき二段階右折。※推定（現地の標識が優先）","cond":"","src":"兵庫県警/JARTIC交通規制情報（車両通行帯＋信号機から推定）","uk":"28000000000000000000008696700001","confidence":"estimated","koma":44}},{"type":"Feature","geometry":{"type":"LineString","coordinates":[[135.18055,34.6794],[135.18041,34.67985]]},"properties":{"layer":"two_stage_likely_line","city":"神戸市","lanes":4,"title":"二段階右折 の可能性（片側4車線・信号交差点）","uk":"28000000000000000000008696800001","confidence":"estimated","koma":18}},{"type":"Feature","geometry":{"type":"Point","coordinates":[135.18041,34.67985]},"properties":{"layer":"two_stage_likely","city":"神戸市","lanes":4,"title":"二段階右折（推定）片側4車線","detail":"車両通行帯が3以上の信号交差点への進入路。原付一種はこの方向から右折するとき二段階右折。※推定（現地の標識が優先）","cond":"","src":"兵庫県警/JARTIC交通規制情報（車両通行帯＋信号機から推定）","uk":"28000000000000000000008696800001","confidence":"estimated","koma":18}},{"type":"Feature","geometry":{"type":"LineString","coordinates":[[135.17775,34.67671],[135.17866,34.6764]]},"properties":{"layer":"two_stage_likely_line","city":"神戸市","lanes":4,"title":"二段階右折 の可能性（片側4車線・信号交差点）","uk":"28000000000000000000008696900001","confidence":"estimated","koma":null}},{"type":"Feature","geometry":{"type":"Point","coordinates":[135.17866,34.6764]},"properties":{"layer":"two_stage_likely","city":"神戸市","lanes":4,"title":"二段階右折（推定）片側4車線","detail":"車両通行帯が3以上の信号交差点への進入路。原付一種はこの方向から右折するとき二段階右折。※推定（現地の標識が優先）","cond":"","src":"兵庫県警/JARTIC交通規制情報（車両通行帯＋信号機から推定）","uk":"28000000000000000000008696900001","confidence":"estimated","koma":null}},{"type":"Feature","geometry":{"type":"LineString","coordinates":[[135.1829,34.68065],[135.18325,34.68085]]},"properties":{"layer":"two_stage_likely_line","city":"神戸市","lanes":3,"title":"二段階右折 の可能性（片側3車線・信号交差点）","uk":"28000000000000000000008697000001","confidence":"estimated","koma":18}},{"type":"Feature","geometry":{"type":"Point","coordinates":[135.18325,34.68085]},"properties":{"layer":"two_stage_likely","city":"神戸市","lanes":3,"title":"二段階右折（推定）片側3車線","detail":"車両通行帯が3以上の信号交差点への進入路。原付一種はこの方向から右折するとき二段階右折。※推定（現地の標識が優先）","cond":"","src":"兵庫県警/JARTIC交通規制情報（車両通行帯＋信号機から推定）","uk":"28000000000000000000008697000001","confidence":"estimated","koma":18}},{"type":"Feature","geometry":{"type":"LineString","coordinates":[[135.18211,34.67871],[135.18163,34.67865]]},"properties":{"layer":"two_stage_likely_line","city":"神戸市","lanes":3,"title":"二段階右折 の可能性（片側3車線・信号交差点）","uk":"28000000000000000000008697400001","confidence":"estimated","koma":null}},{"type":"Feature","geometry":{"type":"Point","coordinates":[135.18163,34.67865]},"properties":{"layer":"two_stage_likely","city":"神戸市","lanes":3,"title":"二段階右折（推定）片側3車線","detail":"車両通行帯が3以上の信号交差点への進入路。原付一種はこの方向から右折するとき二段階右折。※推定（現地の標識が優先）","cond":"","src":"兵庫県警/JARTIC交通規制情報（車両通行帯＋信号機から推定）","uk":"28000000000000000000008697400001","confidence":"estimated","koma":null}},{"type":"Feature","geometry":{"type":"LineString","coordinates":[[135.18089,34.68238],[135.18024,34.68284]]},"properties":{"layer":"two_stage_likely_line","city":"神戸市","lanes":3,"title":"二段階右折 の可能性（片側3車線・信号交差点）","uk":"28000000000000000000008697500001","confidence":"estimated","koma":41}},{"type":"Feature","geometry":{"type":"Point","coordinates":[135.18024,34.68284]},"properties":{"layer":"two_stage_likely","city":"神戸市","lanes":3,"title":"二段階右折（推定）片側3車線","detail":"車両通行帯が3以上の信号交差点への進入路。原付一種はこの方向から右折するとき二段階右折。※推定（現地の標識が優先）","cond":"","src":"兵庫県警/JARTIC交通規制情報（車両通行帯＋信号機から推定）","uk":"28000000000000000000008697500001","confidence":"estimated","koma":41}},{"type":"Feature","geometry":{"type":"LineString","coordinates":[[135.16896,34.66773],[135.16901,34.6673]]},"properties":{"layer":"two_stage_likely_line","city":"神戸市","lanes":3,"title":"二段階右折 の可能性（片側3車線・信号交差点）","uk":"28000000000000000000008701400001","confidence":"estimated","koma":4}},{"type":"Feature","geometry":{"type":"Point","coordinates":[135.16901,34.6673]},"properties":{"layer":"two_stage_likely","city":"神戸市","lanes":3,"title":"二段階右折（推定）片側3車線","detail":"車両通行帯が3以上の信号交差点への進入路。原付一種はこの方向から右折するとき二段階右折。※推定（現地の標識が優先）","cond":"","src":"兵庫県警/JARTIC交通規制情報（車両通行帯＋信号機から推定）","uk":"28000000000000000000008701400001","confidence":"estimated","koma":4}},{"type":"Feature","geometry":{"type":"LineString","coordinates":[[135.16483,34.67316],[135.1641,34.6732]]},"properties":{"layer":"two_stage_likely_line","city":"神戸市","lanes":4,"title":"二段階右折 の可能性（片側4車線・信号交差点）","uk":"28000000000000000000008701700001","confidence":"estimated","koma":null}},{"type":"Feature","geometry":{"type":"Point","coordinates":[135.1641,34.6732]},"properties":{"layer":"two_stage_likely","city":"神戸市","lanes":4,"title":"二段階右折（推定）片側4車線","detail":"車両通行帯が3以上の信号交差点への進入路。原付一種はこの方向から右折するとき二段階右折。※推定（現地の標識が優先）","cond":"","src":"兵庫県警/JARTIC交通規制情報（車両通行帯＋信号機から推定）","uk":"28000000000000000000008701700001","confidence":"estimated","koma":null}},{"type":"Feature","geometry":{"type":"LineString","coordinates":[[135.17701,34.67289],[135.17727,34.67344],[135.17635,34.67262],[135.17656,34.67212]]},"properties":{"layer":"two_stage_likely_line","city":"神戸市","lanes":3,"title":"二段階右折 の可能性（片側3車線・信号交差点）","uk":"28000000000000000000008701800001","confidence":"estimated","koma":null}},{"type":"Feature","geometry":{"type":"Point","coordinates":[135.17656,34.67212]},"properties":{"layer":"two_stage_likely","city":"神戸市","lanes":3,"title":"二段階右折（推定）片側3車線","detail":"車両通行帯が3以上の信号交差点への進入路。原付一種はこの方向から右折するとき二段階右折。※推定（現地の標識が優先）","cond":"","src":"兵庫県警/JARTIC交通規制情報（車両通行帯＋信号機から推定）","uk":"28000000000000000000008701800001","confidence":"estimated","koma":null}},{"type":"Feature","geometry":{"type":"LineString","coordinates":[[135.17569,34.67219],[135.17464,34.6716],[135.17647,34.67247],[135.17551,34.67277]]},"properties":{"layer":"two_stage_likely_line","city":"神戸市","lanes":3,"title":"二段階右折 の可能性（片側3車線・信号交差点）","uk":"28000000000000000000008701900001","confidence":"estimated","koma":null}},{"type":"Feature","geometry":{"type":"Point","coordinates":[135.17551,34.67277]},"properties":{"layer":"two_stage_likely","city":"神戸市","lanes":3,"title":"二段階右折（推定）片側3車線","detail":"車両通行帯が3以上の信号交差点への進入路。原付一種はこの方向から右折するとき二段階右折。※推定（現地の標識が優先）","cond":"","src":"兵庫県警/JARTIC交通規制情報（車両通行帯＋信号機から推定）","uk":"28000000000000000000008701900001","confidence":"estimated","koma":null}},{"type":"Feature","geometry":{"type":"LineString","coordinates":[[135.16133,34.67163],[135.16198,34.67125]]},"properties":{"layer":"two_stage_likely_line","city":"神戸市","lanes":3,"title":"二段階右折 の可能性（片側3車線・信号交差点）","uk":"28000000000000000000008702100001","confidence":"estimated","koma":null}},{"type":"Feature","geometry":{"type":"Point","coordinates":[135.16198,34.67125]},"properties":{"layer":"two_stage_likely","city":"神戸市","lanes":3,"title":"二段階右折（推定）片側3車線","detail":"車両通行帯が3以上の信号交差点への進入路。原付一種はこの方向から右折するとき二段階右折。※推定（現地の標識が優先）","cond":"道路標示で示す部分","src":"兵庫県警/JARTIC交通規制情報（車両通行帯＋信号機から推定）","uk":"28000000000000000000008702100001","confidence":"estimated","koma":null}},{"type":"Feature","geometry":{"type":"LineString","coordinates":[[135.16348,34.66474],[135.16311,34.6645],[135.16426,34.66507],[135.16418,34.66426]]},"properties":{"layer":"two_stage_likely_line","city":"神戸市","lanes":3,"title":"二段階右折 の可能性（片側3車線・信号交差点）","uk":"28000000000000000000008703000001","confidence":"estimated","koma":null}},{"type":"Feature","geometry":{"type":"Point","coordinates":[135.16418,34.66426]},"properties":{"layer":"two_stage_likely","city":"神戸市","lanes":3,"title":"二段階右折（推定）片側3車線","detail":"車両通行帯が3以上の信号交差点への進入路。原付一種はこの方向から右折するとき二段階右折。※推定（現地の標識が優先）","cond":"","src":"兵庫県警/JARTIC交通規制情報（車両通行帯＋信号機から推定）","uk":"28000000000000000000008703000001","confidence":"estimated","koma":null}},{"type":"Feature","geometry":{"type":"LineString","coordinates":[[135.16713,34.67912],[135.16662,34.67904]]},"properties":{"layer":"two_stage_likely_line","city":"神戸市","lanes":4,"title":"二段階右折 の可能性（片側4車線・信号交差点）","uk":"28000000000000000000008703300001","confidence":"estimated","koma":null}},{"type":"Feature","geometry":{"type":"Point","coordinates":[135.16662,34.67904]},"properties":{"layer":"two_stage_likely","city":"神戸市","lanes":4,"title":"二段階右折（推定）片側4車線","detail":"車両通行帯が3以上の信号交差点への進入路。原付一種はこの方向から右折するとき二段階右折。※推定（現地の標識が優先）","cond":"","src":"兵庫県警/JARTIC交通規制情報（車両通行帯＋信号機から推定）","uk":"28000000000000000000008703300001","confidence":"estimated","koma":null}},{"type":"Feature","geometry":{"type":"LineString","coordinates":[[135.16488,34.67754],[135.16471,34.67726]]},"properties":{"layer":"two_stage_likely_line","city":"神戸市","lanes":3,"title":"二段階右折 の可能性（片側3車線・信号交差点）","uk":"28000000000000000000008703400001","confidence":"estimated","koma":null}},{"type":"Feature","geometry":{"type":"Point","coordinates":[135.16471,34.67726]},"properties":{"layer":"two_stage_likely","city":"神戸市","lanes":3,"title":"二段階右折（推定）片側3車線","detail":"車両通行帯が3以上の信号交差点への進入路。原付一種はこの方向から右折するとき二段階右折。※推定（現地の標識が優先）","cond":"","src":"兵庫県警/JARTIC交通規制情報（車両通行帯＋信号機から推定）","uk":"28000000000000000000008703400001","confidence":"estimated","koma":null}},{"type":"Feature","geometry":{"type":"LineString","coordinates":[[135.16211,34.6752],[135.16151,34.67548]]},"properties":{"layer":"two_stage_likely_line","city":"神戸市","lanes":3,"title":"二段階右折 の可能性（片側3車線・信号交差点）","uk":"28000000000000000000008703500001","confidence":"estimated","koma":23}},{"type":"Feature","geometry":{"type":"Point","coordinates":[135.16151,34.67548]},"properties":{"layer":"two_stage_likely","city":"神戸市","lanes":3,"title":"二段階右折（推定）片側3車線","detail":"車両通行帯が3以上の信号交差点への進入路。原付一種はこの方向から右折するとき二段階右折。※推定（現地の標識が優先）","cond":"","src":"兵庫県警/JARTIC交通規制情報（車両通行帯＋信号機から推定）","uk":"28000000000000000000008703500001","confidence":"estimated","koma":23}},{"type":"Feature","geometry":{"type":"LineString","coordinates":[[135.15938,34.67351],[135.15943,34.67392]]},"properties":{"layer":"two_stage_likely_line","city":"神戸市","lanes":3,"title":"二段階右折 の可能性（片側3車線・信号交差点）","uk":"28000000000000000000008703600001","confidence":"estimated","koma":null}},{"type":"Feature","geometry":{"type":"Point","coordinates":[135.15943,34.67392]},"properties":{"layer":"two_stage_likely","city":"神戸市","lanes":3,"title":"二段階右折（推定）片側3車線","detail":"車両通行帯が3以上の信号交差点への進入路。原付一種はこの方向から右折するとき二段階右折。※推定（現地の標識が優先）","cond":"","src":"兵庫県警/JARTIC交通規制情報（車両通行帯＋信号機から推定）","uk":"28000000000000000000008703600001","confidence":"estimated","koma":null}},{"type":"Feature","geometry":{"type":"LineString","coordinates":[[135.15989,34.68618],[135.15972,34.68535],[135.15942,34.68574],[135.15965,34.68577]]},"properties":{"layer":"two_stage_likely_line","city":"神戸市","lanes":3,"title":"二段階右折 の可能性（片側3車線・信号交差点）","uk":"28000000000000000000008703700001","confidence":"estimated","koma":null}},{"type":"Feature","geometry":{"type":"Point","coordinates":[135.15965,34.68577]},"properties":{"layer":"two_stage_likely","city":"神戸市","lanes":3,"title":"二段階右折（推定）片側3車線","detail":"車両通行帯が3以上の信号交差点への進入路。原付一種はこの方向から右折するとき二段階右折。※推定（現地の標識が優先）","cond":"","src":"兵庫県警/JARTIC交通規制情報（車両通行帯＋信号機から推定）","uk":"28000000000000000000008703700001","confidence":"estimated","koma":null}},{"type":"Feature","geometry":{"type":"LineString","coordinates":[[135.16406,34.66887],[135.16438,34.6688],[135.16391,34.66856],[135.16373,34.66923]]},"properties":{"layer":"two_stage_likely_line","city":"神戸市","lanes":3,"title":"二段階右折 の可能性（片側3車線・信号交差点）","uk":"28000000000000000000008703900001","confidence":"estimated","koma":null}},{"type":"Feature","geometry":{"type":"Point","coordinates":[135.16373,34.66923]},"properties":{"layer":"two_stage_likely","city":"神戸市","lanes":3,"title":"二段階右折（推定）片側3車線","detail":"車両通行帯が3以上の信号交差点への進入路。原付一種はこの方向から右折するとき二段階右折。※推定（現地の標識が優先）","cond":"","src":"兵庫県警/JARTIC交通規制情報（車両通行帯＋信号機から推定）","uk":"28000000000000000000008703900001","confidence":"estimated","koma":null}},{"type":"Feature","geometry":{"type":"LineString","coordinates":[[135.16321,34.67207],[135.16259,34.67211]]},"properties":{"layer":"two_stage_likely_line","city":"神戸市","lanes":3,"title":"二段階右折 の可能性（片側3車線・信号交差点）","uk":"28000000000000000000008704300001","confidence":"estimated","koma":null}},{"type":"Feature","geometry":{"type":"Point","coordinates":[135.16259,34.67211]},"properties":{"layer":"two_stage_likely","city":"神戸市","lanes":3,"title":"二段階右折（推定）片側3車線","detail":"車両通行帯が3以上の信号交差点への進入路。原付一種はこの方向から右折するとき二段階右折。※推定（現地の標識が優先）","cond":"","src":"兵庫県警/JARTIC交通規制情報（車両通行帯＋信号機から推定）","uk":"28000000000000000000008704300001","confidence":"estimated","koma":null}},{"type":"Feature","geometry":{"type":"LineString","coordinates":[[135.16998,34.67629],[135.16973,34.67583]]},"properties":{"layer":"two_stage_likely_line","city":"神戸市","lanes":4,"title":"二段階右折 の可能性（片側4車線・信号交差点）","uk":"28000000000000000000008704900001","confidence":"estimated","koma":null}},{"type":"Feature","geometry":{"type":"Point","coordinates":[135.16973,34.67583]},"properties":{"layer":"two_stage_likely","city":"神戸市","lanes":4,"title":"二段階右折（推定）片側4車線","detail":"車両通行帯が3以上の信号交差点への進入路。原付一種はこの方向から右折するとき二段階右折。※推定（現地の標識が優先）","cond":"","src":"兵庫県警/JARTIC交通規制情報（車両通行帯＋信号機から推定）","uk":"28000000000000000000008704900001","confidence":"estimated","koma":null}},{"type":"Feature","geometry":{"type":"LineString","coordinates":[[135.17001,34.67584],[135.16971,34.67535],[135.17005,34.67551],[135.16985,34.67588]]},"properties":{"layer":"two_stage_likely_line","city":"神戸市","lanes":4,"title":"二段階右折 の可能性（片側4車線・信号交差点）","uk":"28000000000000000000008705000001","confidence":"estimated","koma":null}},{"type":"Feature","geometry":{"type":"Point","coordinates":[135.16985,34.67588]},"properties":{"layer":"two_stage_likely","city":"神戸市","lanes":4,"title":"二段階右折（推定）片側4車線","detail":"車両通行帯が3以上の信号交差点への進入路。原付一種はこの方向から右折するとき二段階右折。※推定（現地の標識が優先）","cond":"","src":"兵庫県警/JARTIC交通規制情報（車両通行帯＋信号機から推定）","uk":"28000000000000000000008705000001","confidence":"estimated","koma":null}},{"type":"Feature","geometry":{"type":"LineString","coordinates":[[135.16833,34.66866],[135.16843,34.66806]]},"properties":{"layer":"two_stage_likely_line","city":"神戸市","lanes":4,"title":"二段階右折 の可能性（片側4車線・信号交差点）","uk":"28000000000000000000008705100001","confidence":"estimated","koma":null}},{"type":"Feature","geometry":{"type":"Point","coordinates":[135.16843,34.66806]},"properties":{"layer":"two_stage_likely","city":"神戸市","lanes":4,"title":"二段階右折（推定）片側4車線","detail":"車両通行帯が3以上の信号交差点への進入路。原付一種はこの方向から右折するとき二段階右折。※推定（現地の標識が優先）","cond":"","src":"兵庫県警/JARTIC交通規制情報（車両通行帯＋信号機から推定）","uk":"28000000000000000000008705100001","confidence":"estimated","koma":null}},{"type":"Feature","geometry":{"type":"LineString","coordinates":[[135.17302,34.65559],[135.17268,34.65572]]},"properties":{"layer":"two_stage_likely_line","city":"神戸市","lanes":3,"title":"二段階右折 の可能性（片側3車線・信号交差点）","uk":"28000000000000000000008705200001","confidence":"estimated","koma":null}},{"type":"Feature","geometry":{"type":"Point","coordinates":[135.17268,34.65572]},"properties":{"layer":"two_stage_likely","city":"神戸市","lanes":3,"title":"二段階右折（推定）片側3車線","detail":"車両通行帯が3以上の信号交差点への進入路。原付一種はこの方向から右折するとき二段階右折。※推定（現地の標識が優先）","cond":"","src":"兵庫県警/JARTIC交通規制情報（車両通行帯＋信号機から推定）","uk":"28000000000000000000008705200001","confidence":"estimated","koma":null}},{"type":"Feature","geometry":{"type":"LineString","coordinates":[[135.17496,34.66377],[135.17585,34.66416]]},"properties":{"layer":"two_stage_likely_line","city":"神戸市","lanes":4,"title":"二段階右折 の可能性（片側4車線・信号交差点）","uk":"28000000000000000000008705300001","confidence":"estimated","koma":null}},{"type":"Feature","geometry":{"type":"Point","coordinates":[135.17585,34.66416]},"properties":{"layer":"two_stage_likely","city":"神戸市","lanes":4,"title":"二段階右折（推定）片側4車線","detail":"車両通行帯が3以上の信号交差点への進入路。原付一種はこの方向から右折するとき二段階右折。※推定（現地の標識が優先）","cond":"","src":"兵庫県警/JARTIC交通規制情報（車両通行帯＋信号機から推定）","uk":"28000000000000000000008705300001","confidence":"estimated","koma":null}},{"type":"Feature","geometry":{"type":"LineString","coordinates":[[135.17573,34.66707],[135.17589,34.66658],[135.17599,34.66727]]},"properties":{"layer":"two_stage_likely_line","city":"神戸市","lanes":3,"title":"二段階右折 の可能性（片側3車線・信号交差点）","uk":"28000000000000000000008705400001","confidence":"estimated","koma":null}},{"type":"Feature","geometry":{"type":"Point","coordinates":[135.17599,34.66727]},"properties":{"layer":"two_stage_likely","city":"神戸市","lanes":3,"title":"二段階右折（推定）片側3車線","detail":"車両通行帯が3以上の信号交差点への進入路。原付一種はこの方向から右折するとき二段階右折。※推定（現地の標識が優先）","cond":"","src":"兵庫県警/JARTIC交通規制情報（車両通行帯＋信号機から推定）","uk":"28000000000000000000008705400001","confidence":"estimated","koma":null}},{"type":"Feature","geometry":{"type":"LineString","coordinates":[[135.17588,34.66478],[135.17571,34.66433]]},"properties":{"layer":"two_stage_likely_line","city":"神戸市","lanes":3,"title":"二段階右折 の可能性（片側3車線・信号交差点）","uk":"28000000000000000000008705600001","confidence":"estimated","koma":null}},{"type":"Feature","geometry":{"type":"Point","coordinates":[135.17571,34.66433]},"properties":{"layer":"two_stage_likely","city":"神戸市","lanes":3,"title":"二段階右折（推定）片側3車線","detail":"車両通行帯が3以上の信号交差点への進入路。原付一種はこの方向から右折するとき二段階右折。※推定（現地の標識が優先）","cond":"","src":"兵庫県警/JARTIC交通規制情報（車両通行帯＋信号機から推定）","uk":"28000000000000000000008705600001","confidence":"estimated","koma":null}},{"type":"Feature","geometry":{"type":"LineString","coordinates":[[135.1716,34.66354],[135.17119,34.66371]]},"properties":{"layer":"two_stage_likely_line","city":"神戸市","lanes":4,"title":"二段階右折 の可能性（片側4車線・信号交差点）","uk":"28000000000000000000008705700001","confidence":"estimated","koma":null}},{"type":"Feature","geometry":{"type":"Point","coordinates":[135.17119,34.66371]},"properties":{"layer":"two_stage_likely","city":"神戸市","lanes":4,"title":"二段階右折（推定）片側4車線","detail":"車両通行帯が3以上の信号交差点への進入路。原付一種はこの方向から右折するとき二段階右折。※推定（現地の標識が優先）","cond":"","src":"兵庫県警/JARTIC交通規制情報（車両通行帯＋信号機から推定）","uk":"28000000000000000000008705700001","confidence":"estimated","koma":null}},{"type":"Feature","geometry":{"type":"LineString","coordinates":[[135.16778,34.67511],[135.16698,34.67482]]},"properties":{"layer":"two_stage_likely_line","city":"神戸市","lanes":4,"title":"二段階右折 の可能性（片側4車線・信号交差点）","uk":"28000000000000000000008705800001","confidence":"estimated","koma":null}},{"type":"Feature","geometry":{"type":"Point","coordinates":[135.16698,34.67482]},"properties":{"layer":"two_stage_likely","city":"神戸市","lanes":4,"title":"二段階右折（推定）片側4車線","detail":"車両通行帯が3以上の信号交差点への進入路。原付一種はこの方向から右折するとき二段階右折。※推定（現地の標識が優先）","cond":"","src":"兵庫県警/JARTIC交通規制情報（車両通行帯＋信号機から推定）","uk":"28000000000000000000008705800001","confidence":"estimated","koma":null}},{"type":"Feature","geometry":{"type":"LineString","coordinates":[[135.16742,34.66975],[135.16747,34.67022],[135.16701,34.66985]]},"properties":{"layer":"two_stage_likely_line","city":"神戸市","lanes":4,"title":"二段階右折 の可能性（片側4車線・信号交差点）","uk":"28000000000000000000008705900001","confidence":"estimated","koma":null}},{"type":"Feature","geometry":{"type":"Point","coordinates":[135.16701,34.66985]},"properties":{"layer":"two_stage_likely","city":"神戸市","lanes":4,"title":"二段階右折（推定）片側4車線","detail":"車両通行帯が3以上の信号交差点への進入路。原付一種はこの方向から右折するとき二段階右折。※推定（現地の標識が優先）","cond":"","src":"兵庫県警/JARTIC交通規制情報（車両通行帯＋信号機から推定）","uk":"28000000000000000000008705900001","confidence":"estimated","koma":null}},{"type":"Feature","geometry":{"type":"LineString","coordinates":[[135.17641,34.67202],[135.17623,34.67204],[135.17684,34.67231],[135.17638,34.67174],[135.17713,34.67188]]},"properties":{"layer":"two_stage_likely_line","city":"神戸市","lanes":4,"title":"二段階右折 の可能性（片側4車線・信号交差点）","uk":"28000000000000000000008706100001","confidence":"estimated","koma":38}},{"type":"Feature","geometry":{"type":"Point","coordinates":[135.17713,34.67188]},"properties":{"layer":"two_stage_likely","city":"神戸市","lanes":4,"title":"二段階右折（推定）片側4車線","detail":"車両通行帯が3以上の信号交差点への進入路。原付一種はこの方向から右折するとき二段階右折。※推定（現地の標識が優先）","cond":"","src":"兵庫県警/JARTIC交通規制情報（車両通行帯＋信号機から推定）","uk":"28000000000000000000008706100001","confidence":"estimated","koma":38}},{"type":"Feature","geometry":{"type":"LineString","coordinates":[[135.1673,34.69045],[135.16733,34.69118]]},"properties":{"layer":"two_stage_likely_line","city":"神戸市","lanes":4,"title":"二段階右折 の可能性（片側4車線・信号交差点）","uk":"28000000000000000000008706600001","confidence":"estimated","koma":14}},{"type":"Feature","geometry":{"type":"Point","coordinates":[135.1673,34.69045]},"properties":{"layer":"two_stage_likely","city":"神戸市","lanes":4,"title":"二段階右折（推定）片側4車線","detail":"車両通行帯が3以上の信号交差点への進入路。原付一種はこの方向から右折するとき二段階右折。※推定（現地の標識が優先）","cond":"","src":"兵庫県警/JARTIC交通規制情報（車両通行帯＋信号機から推定）","uk":"28000000000000000000008706600001","confidence":"estimated","koma":14}},{"type":"Feature","geometry":{"type":"LineString","coordinates":[[135.17028,34.65513],[135.17098,34.65513]]},"properties":{"layer":"two_stage_likely_line","city":"神戸市","lanes":3,"title":"二段階右折 の可能性（片側3車線・信号交差点）","uk":"28000000000000000000008706900001","confidence":"estimated","koma":34}},{"type":"Feature","geometry":{"type":"Point","coordinates":[135.17098,34.65513]},"properties":{"layer":"two_stage_likely","city":"神戸市","lanes":3,"title":"二段階右折（推定）片側3車線","detail":"車両通行帯が3以上の信号交差点への進入路。原付一種はこの方向から右折するとき二段階右折。※推定（現地の標識が優先）","cond":"","src":"兵庫県警/JARTIC交通規制情報（車両通行帯＋信号機から推定）","uk":"28000000000000000000008706900001","confidence":"estimated","koma":34}},{"type":"Feature","geometry":{"type":"LineString","coordinates":[[135.15834,34.65469],[135.15798,34.65418]]},"properties":{"layer":"two_stage_likely_line","city":"神戸市","lanes":3,"title":"二段階右折 の可能性（片側3車線・信号交差点）","uk":"28000000000000000000008710300001","confidence":"estimated","koma":null}},{"type":"Feature","geometry":{"type":"Point","coordinates":[135.15798,34.65418]},"properties":{"layer":"two_stage_likely","city":"神戸市","lanes":3,"title":"二段階右折（推定）片側3車線","detail":"車両通行帯が3以上の信号交差点への進入路。原付一種はこの方向から右折するとき二段階右折。※推定（現地の標識が優先）","cond":"","src":"兵庫県警/JARTIC交通規制情報（車両通行帯＋信号機から推定）","uk":"28000000000000000000008710300001","confidence":"estimated","koma":null}},{"type":"Feature","geometry":{"type":"LineString","coordinates":[[135.14108,34.64711],[135.14059,34.64678]]},"properties":{"layer":"two_stage_likely_line","city":"神戸市","lanes":4,"title":"二段階右折 の可能性（片側4車線・信号交差点）","uk":"28000000000000000000008711000001","confidence":"estimated","koma":null}},{"type":"Feature","geometry":{"type":"Point","coordinates":[135.14059,34.64678]},"properties":{"layer":"two_stage_likely","city":"神戸市","lanes":4,"title":"二段階右折（推定）片側4車線","detail":"車両通行帯が3以上の信号交差点への進入路。原付一種はこの方向から右折するとき二段階右折。※推定（現地の標識が優先）","cond":"","src":"兵庫県警/JARTIC交通規制情報（車両通行帯＋信号機から推定）","uk":"28000000000000000000008711000001","confidence":"estimated","koma":null}},{"type":"Feature","geometry":{"type":"LineString","coordinates":[[135.15241,34.6675],[135.15161,34.66757]]},"properties":{"layer":"two_stage_likely_line","city":"神戸市","lanes":4,"title":"二段階右折 の可能性（片側4車線・信号交差点）","uk":"28000000000000000000008711200001","confidence":"estimated","koma":null}},{"type":"Feature","geometry":{"type":"Point","coordinates":[135.15161,34.66757]},"properties":{"layer":"two_stage_likely","city":"神戸市","lanes":4,"title":"二段階右折（推定）片側4車線","detail":"車両通行帯が3以上の信号交差点への進入路。原付一種はこの方向から右折するとき二段階右折。※推定（現地の標識が優先）","cond":"","src":"兵庫県警/JARTIC交通規制情報（車両通行帯＋信号機から推定）","uk":"28000000000000000000008711200001","confidence":"estimated","koma":null}},{"type":"Feature","geometry":{"type":"LineString","coordinates":[[135.15337,34.66551],[135.15298,34.66574]]},"properties":{"layer":"two_stage_likely_line","city":"神戸市","lanes":4,"title":"二段階右折 の可能性（片側4車線・信号交差点）","uk":"28000000000000000000008711300001","confidence":"estimated","koma":null}},{"type":"Feature","geometry":{"type":"Point","coordinates":[135.15298,34.66574]},"properties":{"layer":"two_stage_likely","city":"神戸市","lanes":4,"title":"二段階右折（推定）片側4車線","detail":"車両通行帯が3以上の信号交差点への進入路。原付一種はこの方向から右折するとき二段階右折。※推定（現地の標識が優先）","cond":"","src":"兵庫県警/JARTIC交通規制情報（車両通行帯＋信号機から推定）","uk":"28000000000000000000008711300001","confidence":"estimated","koma":null}},{"type":"Feature","geometry":{"type":"LineString","coordinates":[[135.13998,34.65099],[135.13962,34.65075],[135.14045,34.6506]]},"properties":{"layer":"two_stage_likely_line","city":"神戸市","lanes":3,"title":"二段階右折 の可能性（片側3車線・信号交差点）","uk":"28000000000000000000008711500001","confidence":"estimated","koma":null}},{"type":"Feature","geometry":{"type":"Point","coordinates":[135.14045,34.6506]},"properties":{"layer":"two_stage_likely","city":"神戸市","lanes":3,"title":"二段階右折（推定）片側3車線","detail":"車両通行帯が3以上の信号交差点への進入路。原付一種はこの方向から右折するとき二段階右折。※推定（現地の標識が優先）","cond":"","src":"兵庫県警/JARTIC交通規制情報（車両通行帯＋信号機から推定）","uk":"28000000000000000000008711500001","confidence":"estimated","koma":null}},{"type":"Feature","geometry":{"type":"LineString","coordinates":[[135.14969,34.66598],[135.14989,34.66613],[135.14982,34.66558],[135.14912,34.66585]]},"properties":{"layer":"two_stage_likely_line","city":"神戸市","lanes":3,"title":"二段階右折 の可能性（片側3車線・信号交差点）","uk":"28000000000000000000008712100001","confidence":"estimated","koma":null}},{"type":"Feature","geometry":{"type":"Point","coordinates":[135.14912,34.66585]},"properties":{"layer":"two_stage_likely","city":"神戸市","lanes":3,"title":"二段階右折（推定）片側3車線","detail":"車両通行帯が3以上の信号交差点への進入路。原付一種はこの方向から右折するとき二段階右折。※推定（現地の標識が優先）","cond":"","src":"兵庫県警/JARTIC交通規制情報（車両通行帯＋信号機から推定）","uk":"28000000000000000000008712100001","confidence":"estimated","koma":null}},{"type":"Feature","geometry":{"type":"LineString","coordinates":[[135.15792,34.66084],[135.15746,34.66145]]},"properties":{"layer":"two_stage_likely_line","city":"神戸市","lanes":4,"title":"二段階右折 の可能性（片側4車線・信号交差点）","uk":"28000000000000000000008712200001","confidence":"estimated","koma":null}},{"type":"Feature","geometry":{"type":"Point","coordinates":[135.15746,34.66145]},"properties":{"layer":"two_stage_likely","city":"神戸市","lanes":4,"title":"二段階右折（推定）片側4車線","detail":"車両通行帯が3以上の信号交差点への進入路。原付一種はこの方向から右折するとき二段階右折。※推定（現地の標識が優先）","cond":"","src":"兵庫県警/JARTIC交通規制情報（車両通行帯＋信号機から推定）","uk":"28000000000000000000008712200001","confidence":"estimated","koma":null}},{"type":"Feature","geometry":{"type":"LineString","coordinates":[[135.15269,34.65794],[135.15239,34.65887],[135.15337,34.65836],[135.15201,34.65809]]},"properties":{"layer":"two_stage_likely_line","city":"神戸市","lanes":4,"title":"二段階右折 の可能性（片側4車線・信号交差点）","uk":"28000000000000000000008712300001","confidence":"estimated","koma":null}},{"type":"Feature","geometry":{"type":"Point","coordinates":[135.15201,34.65809]},"properties":{"layer":"two_stage_likely","city":"神戸市","lanes":4,"title":"二段階右折（推定）片側4車線","detail":"車両通行帯が3以上の信号交差点への進入路。原付一種はこの方向から右折するとき二段階右折。※推定（現地の標識が優先）","cond":"","src":"兵庫県警/JARTIC交通規制情報（車両通行帯＋信号機から推定）","uk":"28000000000000000000008712300001","confidence":"estimated","koma":null}},{"type":"Feature","geometry":{"type":"LineString","coordinates":[[135.14152,34.66049],[135.14177,34.6607],[135.14107,34.66083],[135.14147,34.66031],[135.14096,34.66022]]},"properties":{"layer":"two_stage_likely_line","city":"神戸市","lanes":4,"title":"二段階右折 の可能性（片側4車線・信号交差点）","uk":"28000000000000000000008712400001","confidence":"estimated","koma":null}},{"type":"Feature","geometry":{"type":"Point","coordinates":[135.14096,34.66022]},"properties":{"layer":"two_stage_likely","city":"神戸市","lanes":4,"title":"二段階右折（推定）片側4車線","detail":"車両通行帯が3以上の信号交差点への進入路。原付一種はこの方向から右折するとき二段階右折。※推定（現地の標識が優先）","cond":"","src":"兵庫県警/JARTIC交通規制情報（車両通行帯＋信号機から推定）","uk":"28000000000000000000008712400001","confidence":"estimated","koma":null}},{"type":"Feature","geometry":{"type":"LineString","coordinates":[[135.1371,34.66176],[135.13687,34.662],[135.13778,34.66161],[135.13665,34.66151]]},"properties":{"layer":"two_stage_likely_line","city":"神戸市","lanes":3,"title":"二段階右折 の可能性（片側3車線・信号交差点）","uk":"28000000000000000000008712800001","confidence":"estimated","koma":null}},{"type":"Feature","geometry":{"type":"Point","coordinates":[135.13665,34.66151]},"properties":{"layer":"two_stage_likely","city":"神戸市","lanes":3,"title":"二段階右折（推定）片側3車線","detail":"車両通行帯が3以上の信号交差点への進入路。原付一種はこの方向から右折するとき二段階右折。※推定（現地の標識が優先）","cond":"","src":"兵庫県警/JARTIC交通規制情報（車両通行帯＋信号機から推定）","uk":"28000000000000000000008712800001","confidence":"estimated","koma":null}},{"type":"Feature","geometry":{"type":"LineString","coordinates":[[135.14045,34.66139],[135.14031,34.66154],[135.13958,34.6617],[135.14087,34.66161]]},"properties":{"layer":"two_stage_likely_line","city":"神戸市","lanes":3,"title":"二段階右折 の可能性（片側3車線・信号交差点）","uk":"28000000000000000000008712900001","confidence":"estimated","koma":null}},{"type":"Feature","geometry":{"type":"Point","coordinates":[135.14087,34.66161]},"properties":{"layer":"two_stage_likely","city":"神戸市","lanes":3,"title":"二段階右折（推定）片側3車線","detail":"車両通行帯が3以上の信号交差点への進入路。原付一種はこの方向から右折するとき二段階右折。※推定（現地の標識が優先）","cond":"","src":"兵庫県警/JARTIC交通規制情報（車両通行帯＋信号機から推定）","uk":"28000000000000000000008712900001","confidence":"estimated","koma":null}},{"type":"Feature","geometry":{"type":"LineString","coordinates":[[135.14149,34.65255],[135.14172,34.65228],[135.14241,34.65228],[135.14127,34.65182],[135.14225,34.65159]]},"properties":{"layer":"two_stage_likely_line","city":"神戸市","lanes":4,"title":"二段階右折 の可能性（片側4車線・信号交差点）","uk":"28000000000000000000008713100001","confidence":"estimated","koma":null}},{"type":"Feature","geometry":{"type":"Point","coordinates":[135.14225,34.65159]},"properties":{"layer":"two_stage_likely","city":"神戸市","lanes":4,"title":"二段階右折（推定）片側4車線","detail":"車両通行帯が3以上の信号交差点への進入路。原付一種はこの方向から右折するとき二段階右折。※推定（現地の標識が優先）","cond":"","src":"兵庫県警/JARTIC交通規制情報（車両通行帯＋信号機から推定）","uk":"28000000000000000000008713100001","confidence":"estimated","koma":null}},{"type":"Feature","geometry":{"type":"LineString","coordinates":[[135.15797,34.66852],[135.15841,34.66883],[135.15813,34.66814],[135.15728,34.66827]]},"properties":{"layer":"two_stage_likely_line","city":"神戸市","lanes":3,"title":"二段階右折 の可能性（片側3車線・信号交差点）","uk":"28000000000000000000008713400001","confidence":"estimated","koma":30}},{"type":"Feature","geometry":{"type":"Point","coordinates":[135.15728,34.66827]},"properties":{"layer":"two_stage_likely","city":"神戸市","lanes":3,"title":"二段階右折（推定）片側3車線","detail":"車両通行帯が3以上の信号交差点への進入路。原付一種はこの方向から右折するとき二段階右折。※推定（現地の標識が優先）","cond":"","src":"兵庫県警/JARTIC交通規制情報（車両通行帯＋信号機から推定）","uk":"28000000000000000000008713400001","confidence":"estimated","koma":30}},{"type":"Feature","geometry":{"type":"LineString","coordinates":[[135.15664,34.66793],[135.15549,34.66801]]},"properties":{"layer":"two_stage_likely_line","city":"神戸市","lanes":3,"title":"二段階右折 の可能性（片側3車線・信号交差点）","uk":"28000000000000000000008713500001","confidence":"estimated","koma":null}},{"type":"Feature","geometry":{"type":"Point","coordinates":[135.15549,34.66801]},"properties":{"layer":"two_stage_likely","city":"神戸市","lanes":3,"title":"二段階右折（推定）片側3車線","detail":"車両通行帯が3以上の信号交差点への進入路。原付一種はこの方向から右折するとき二段階右折。※推定（現地の標識が優先）","cond":"","src":"兵庫県警/JARTIC交通規制情報（車両通行帯＋信号機から推定）","uk":"28000000000000000000008713500001","confidence":"estimated","koma":null}},{"type":"Feature","geometry":{"type":"LineString","coordinates":[[135.14683,34.65515],[135.14705,34.65529],[135.14647,34.65541],[135.14698,34.65482],[135.14617,34.65502]]},"properties":{"layer":"two_stage_likely_line","city":"神戸市","lanes":4,"title":"二段階右折 の可能性（片側4車線・信号交差点）","uk":"28000000000000000000008713600001","confidence":"estimated","koma":null}},{"type":"Feature","geometry":{"type":"Point","coordinates":[135.14617,34.65502]},"properties":{"layer":"two_stage_likely","city":"神戸市","lanes":4,"title":"二段階右折（推定）片側4車線","detail":"車両通行帯が3以上の信号交差点への進入路。原付一種はこの方向から右折するとき二段階右折。※推定（現地の標識が優先）","cond":"","src":"兵庫県警/JARTIC交通規制情報（車両通行帯＋信号機から推定）","uk":"28000000000000000000008713600001","confidence":"estimated","koma":null}},{"type":"Feature","geometry":{"type":"LineString","coordinates":[[135.15785,34.67286],[135.15754,34.67308]]},"properties":{"layer":"two_stage_likely_line","city":"神戸市","lanes":3,"title":"二段階右折 の可能性（片側3車線・信号交差点）","uk":"28000000000000000000008713700001","confidence":"estimated","koma":null}},{"type":"Feature","geometry":{"type":"Point","coordinates":[135.15754,34.67308]},"properties":{"layer":"two_stage_likely","city":"神戸市","lanes":3,"title":"二段階右折（推定）片側3車線","detail":"車両通行帯が3以上の信号交差点への進入路。原付一種はこの方向から右折するとき二段階右折。※推定（現地の標識が優先）","cond":"","src":"兵庫県警/JARTIC交通規制情報（車両通行帯＋信号機から推定）","uk":"28000000000000000000008713700001","confidence":"estimated","koma":null}},{"type":"Feature","geometry":{"type":"LineString","coordinates":[[135.1452,34.66293],[135.14549,34.66325]]},"properties":{"layer":"two_stage_likely_line","city":"神戸市","lanes":3,"title":"二段階右折 の可能性（片側3車線・信号交差点）","uk":"28000000000000000000008714300001","confidence":"estimated","koma":null}},{"type":"Feature","geometry":{"type":"Point","coordinates":[135.14549,34.66325]},"properties":{"layer":"two_stage_likely","city":"神戸市","lanes":3,"title":"二段階右折（推定）片側3車線","detail":"車両通行帯が3以上の信号交差点への進入路。原付一種はこの方向から右折するとき二段階右折。※推定（現地の標識が優先）","cond":"","src":"兵庫県警/JARTIC交通規制情報（車両通行帯＋信号機から推定）","uk":"28000000000000000000008714300001","confidence":"estimated","koma":null}},{"type":"Feature","geometry":{"type":"LineString","coordinates":[[135.15028,34.65105],[135.15003,34.6517]]},"properties":{"layer":"two_stage_likely_line","city":"神戸市","lanes":4,"title":"二段階右折 の可能性（片側4車線・信号交差点）","uk":"28000000000000000000008715600001","confidence":"estimated","koma":null}},{"type":"Feature","geometry":{"type":"Point","coordinates":[135.15003,34.6517]},"properties":{"layer":"two_stage_likely","city":"神戸市","lanes":4,"title":"二段階右折（推定）片側4車線","detail":"車両通行帯が3以上の信号交差点への進入路。原付一種はこの方向から右折するとき二段階右折。※推定（現地の標識が優先）","cond":"","src":"兵庫県警/JARTIC交通規制情報（車両通行帯＋信号機から推定）","uk":"28000000000000000000008715600001","confidence":"estimated","koma":null}},{"type":"Feature","geometry":{"type":"LineString","coordinates":[[135.1518,34.66091],[135.15201,34.66103],[135.15165,34.66034],[135.15134,34.66049]]},"properties":{"layer":"two_stage_likely_line","city":"神戸市","lanes":3,"title":"二段階右折 の可能性（片側3車線・信号交差点）","uk":"28000000000000000000008716300001","confidence":"estimated","koma":null}},{"type":"Feature","geometry":{"type":"Point","coordinates":[135.15134,34.66049]},"properties":{"layer":"two_stage_likely","city":"神戸市","lanes":3,"title":"二段階右折（推定）片側3車線","detail":"車両通行帯が3以上の信号交差点への進入路。原付一種はこの方向から右折するとき二段階右折。※推定（現地の標識が優先）","cond":"","src":"兵庫県警/JARTIC交通規制情報（車両通行帯＋信号機から推定）","uk":"28000000000000000000008716300001","confidence":"estimated","koma":null}},{"type":"Feature","geometry":{"type":"LineString","coordinates":[[135.14983,34.6808],[135.14997,34.68044]]},"properties":{"layer":"two_stage_likely_line","city":"神戸市","lanes":3,"title":"二段階右折 の可能性（片側3車線・信号交差点）","uk":"28000000000000000000008716400001","confidence":"estimated","koma":null}},{"type":"Feature","geometry":{"type":"Point","coordinates":[135.14997,34.68044]},"properties":{"layer":"two_stage_likely","city":"神戸市","lanes":3,"title":"二段階右折（推定）片側3車線","detail":"車両通行帯が3以上の信号交差点への進入路。原付一種はこの方向から右折するとき二段階右折。※推定（現地の標識が優先）","cond":"","src":"兵庫県警/JARTIC交通規制情報（車両通行帯＋信号機から推定）","uk":"28000000000000000000008716400001","confidence":"estimated","koma":null}},{"type":"Feature","geometry":{"type":"LineString","coordinates":[[135.14491,34.6603],[135.14459,34.66052],[135.14444,34.65998]]},"properties":{"layer":"two_stage_likely_line","city":"神戸市","lanes":4,"title":"二段階右折 の可能性（片側4車線・信号交差点）","uk":"28000000000000000000008716500001","confidence":"estimated","koma":null}},{"type":"Feature","geometry":{"type":"Point","coordinates":[135.14444,34.65998]},"properties":{"layer":"two_stage_likely","city":"神戸市","lanes":4,"title":"二段階右折（推定）片側4車線","detail":"車両通行帯が3以上の信号交差点への進入路。原付一種はこの方向から右折するとき二段階右折。※推定（現地の標識が優先）","cond":"","src":"兵庫県警/JARTIC交通規制情報（車両通行帯＋信号機から推定）","uk":"28000000000000000000008716500001","confidence":"estimated","koma":null}},{"type":"Feature","geometry":{"type":"LineString","coordinates":[[135.14658,34.66139],[135.14689,34.66151],[135.14656,34.66157],[135.14681,34.66127]]},"properties":{"layer":"two_stage_likely_line","city":"神戸市","lanes":4,"title":"二段階右折 の可能性（片側4車線・信号交差点）","uk":"28000000000000000000008716700001","confidence":"estimated","koma":null}},{"type":"Feature","geometry":{"type":"Point","coordinates":[135.14681,34.66127]},"properties":{"layer":"two_stage_likely","city":"神戸市","lanes":4,"title":"二段階右折（推定）片側4車線","detail":"車両通行帯が3以上の信号交差点への進入路。原付一種はこの方向から右折するとき二段階右折。※推定（現地の標識が優先）","cond":"","src":"兵庫県警/JARTIC交通規制情報（車両通行帯＋信号機から推定）","uk":"28000000000000000000008716700001","confidence":"estimated","koma":null}},{"type":"Feature","geometry":{"type":"LineString","coordinates":[[135.14292,34.65901],[135.14303,34.6587]]},"properties":{"layer":"two_stage_likely_line","city":"神戸市","lanes":4,"title":"二段階右折 の可能性（片側4車線・信号交差点）","uk":"28000000000000000000008716900001","confidence":"estimated","koma":null}},{"type":"Feature","geometry":{"type":"Point","coordinates":[135.14303,34.6587]},"properties":{"layer":"two_stage_likely","city":"神戸市","lanes":4,"title":"二段階右折（推定）片側4車線","detail":"車両通行帯が3以上の信号交差点への進入路。原付一種はこの方向から右折するとき二段階右折。※推定（現地の標識が優先）","cond":"","src":"兵庫県警/JARTIC交通規制情報（車両通行帯＋信号機から推定）","uk":"28000000000000000000008716900001","confidence":"estimated","koma":null}},{"type":"Feature","geometry":{"type":"LineString","coordinates":[[135.14505,34.67597],[135.14523,34.67614],[135.14497,34.67567]]},"properties":{"layer":"two_stage_likely_line","city":"神戸市","lanes":3,"title":"二段階右折 の可能性（片側3車線・信号交差点）","uk":"28000000000000000000008718100001","confidence":"estimated","koma":null}},{"type":"Feature","geometry":{"type":"Point","coordinates":[135.14497,34.67567]},"properties":{"layer":"two_stage_likely","city":"神戸市","lanes":3,"title":"二段階右折（推定）片側3車線","detail":"車両通行帯が3以上の信号交差点への進入路。原付一種はこの方向から右折するとき二段階右折。※推定（現地の標識が優先）","cond":"","src":"兵庫県警/JARTIC交通規制情報（車両通行帯＋信号機から推定）","uk":"28000000000000000000008718100001","confidence":"estimated","koma":null}},{"type":"Feature","geometry":{"type":"LineString","coordinates":[[135.14432,34.64942],[135.14395,34.64928]]},"properties":{"layer":"two_stage_likely_line","city":"神戸市","lanes":3,"title":"二段階右折 の可能性（片側3車線・信号交差点）","uk":"28000000000000000000016602900001","confidence":"estimated","koma":null}},{"type":"Feature","geometry":{"type":"Point","coordinates":[135.14395,34.64928]},"properties":{"layer":"two_stage_likely","city":"神戸市","lanes":3,"title":"二段階右折（推定）片側3車線","detail":"車両通行帯が3以上の信号交差点への進入路。原付一種はこの方向から右折するとき二段階右折。※推定（現地の標識が優先）","cond":"","src":"兵庫県警/JARTIC交通規制情報（車両通行帯＋信号機から推定）","uk":"28000000000000000000016602900001","confidence":"estimated","koma":null}},{"type":"Feature","geometry":{"type":"LineString","coordinates":[[135.09225,34.67985],[135.09169,34.67982]]},"properties":{"layer":"two_stage_likely_line","city":"神戸市","lanes":3,"title":"二段階右折 の可能性（片側3車線・信号交差点）","uk":"28000000000000000000008719100001","confidence":"estimated","koma":null}},{"type":"Feature","geometry":{"type":"Point","coordinates":[135.09169,34.67982]},"properties":{"layer":"two_stage_likely","city":"神戸市","lanes":3,"title":"二段階右折（推定）片側3車線","detail":"車両通行帯が3以上の信号交差点への進入路。原付一種はこの方向から右折するとき二段階右折。※推定（現地の標識が優先）","cond":"","src":"兵庫県警/JARTIC交通規制情報（車両通行帯＋信号機から推定）","uk":"28000000000000000000008719100001","confidence":"estimated","koma":null}},{"type":"Feature","geometry":{"type":"LineString","coordinates":[[135.13892,34.65879],[135.13834,34.65854],[135.13884,34.65847]]},"properties":{"layer":"two_stage_likely_line","city":"神戸市","lanes":3,"title":"二段階右折 の可能性（片側3車線・信号交差点）","uk":"28000000000000000000008719200001","confidence":"estimated","koma":null}},{"type":"Feature","geometry":{"type":"Point","coordinates":[135.13884,34.65847]},"properties":{"layer":"two_stage_likely","city":"神戸市","lanes":3,"title":"二段階右折（推定）片側3車線","detail":"車両通行帯が3以上の信号交差点への進入路。原付一種はこの方向から右折するとき二段階右折。※推定（現地の標識が優先）","cond":"","src":"兵庫県警/JARTIC交通規制情報（車両通行帯＋信号機から推定）","uk":"28000000000000000000008719200001","confidence":"estimated","koma":null}},{"type":"Feature","geometry":{"type":"LineString","coordinates":[[135.13671,34.65766],[135.13736,34.65777],[135.13697,34.65727]]},"properties":{"layer":"two_stage_likely_line","city":"神戸市","lanes":4,"title":"二段階右折 の可能性（片側4車線・信号交差点）","uk":"28000000000000000000008719400001","confidence":"estimated","koma":null}},{"type":"Feature","geometry":{"type":"Point","coordinates":[135.13697,34.65727]},"properties":{"layer":"two_stage_likely","city":"神戸市","lanes":4,"title":"二段階右折（推定）片側4車線","detail":"車両通行帯が3以上の信号交差点への進入路。原付一種はこの方向から右折するとき二段階右折。※推定（現地の標識が優先）","cond":"","src":"兵庫県警/JARTIC交通規制情報（車両通行帯＋信号機から推定）","uk":"28000000000000000000008719400001","confidence":"estimated","koma":null}},{"type":"Feature","geometry":{"type":"LineString","coordinates":[[135.09873,34.67399],[135.09846,34.67407]]},"properties":{"layer":"two_stage_likely_line","city":"神戸市","lanes":3,"title":"二段階右折 の可能性（片側3車線・信号交差点）","uk":"28000000000000000000008720200001","confidence":"estimated","koma":null}},{"type":"Feature","geometry":{"type":"Point","coordinates":[135.09846,34.67407]},"properties":{"layer":"two_stage_likely","city":"神戸市","lanes":3,"title":"二段階右折（推定）片側3車線","detail":"車両通行帯が3以上の信号交差点への進入路。原付一種はこの方向から右折するとき二段階右折。※推定（現地の標識が優先）","cond":"","src":"兵庫県警/JARTIC交通規制情報（車両通行帯＋信号機から推定）","uk":"28000000000000000000008720200001","confidence":"estimated","koma":null}},{"type":"Feature","geometry":{"type":"LineString","coordinates":[[135.11312,34.64303],[135.113,34.64334]]},"properties":{"layer":"two_stage_likely_line","city":"神戸市","lanes":3,"title":"二段階右折 の可能性（片側3車線・信号交差点）","uk":"28000000000000000000008720700001","confidence":"estimated","koma":5}},{"type":"Feature","geometry":{"type":"Point","coordinates":[135.113,34.64334]},"properties":{"layer":"two_stage_likely","city":"神戸市","lanes":3,"title":"二段階右折（推定）片側3車線","detail":"車両通行帯が3以上の信号交差点への進入路。原付一種はこの方向から右折するとき二段階右折。※推定（現地の標識が優先）","cond":"","src":"兵庫県警/JARTIC交通規制情報（車両通行帯＋信号機から推定）","uk":"28000000000000000000008720700001","confidence":"estimated","koma":5}},{"type":"Feature","geometry":{"type":"LineString","coordinates":[[135.10406,34.69202],[135.10394,34.69176]]},"properties":{"layer":"two_stage_likely_line","city":"神戸市","lanes":3,"title":"二段階右折 の可能性（片側3車線・信号交差点）","uk":"28000000000000000000008721000001","confidence":"estimated","koma":null}},{"type":"Feature","geometry":{"type":"Point","coordinates":[135.10394,34.69176]},"properties":{"layer":"two_stage_likely","city":"神戸市","lanes":3,"title":"二段階右折（推定）片側3車線","detail":"車両通行帯が3以上の信号交差点への進入路。原付一種はこの方向から右折するとき二段階右折。※推定（現地の標識が優先）","cond":"","src":"兵庫県警/JARTIC交通規制情報（車両通行帯＋信号機から推定）","uk":"28000000000000000000008721000001","confidence":"estimated","koma":null}},{"type":"Feature","geometry":{"type":"LineString","coordinates":[[135.12211,34.64399],[135.12201,34.64417]]},"properties":{"layer":"two_stage_likely_line","city":"神戸市","lanes":3,"title":"二段階右折 の可能性（片側3車線・信号交差点）","uk":"28000000000000000000008721200001","confidence":"estimated","koma":null}},{"type":"Feature","geometry":{"type":"Point","coordinates":[135.12201,34.64417]},"properties":{"layer":"two_stage_likely","city":"神戸市","lanes":3,"title":"二段階右折（推定）片側3車線","detail":"車両通行帯が3以上の信号交差点への進入路。原付一種はこの方向から右折するとき二段階右折。※推定（現地の標識が優先）","cond":"","src":"兵庫県警/JARTIC交通規制情報（車両通行帯＋信号機から推定）","uk":"28000000000000000000008721200001","confidence":"estimated","koma":null}},{"type":"Feature","geometry":{"type":"LineString","coordinates":[[135.10372,34.66919],[135.10375,34.66877]]},"properties":{"layer":"two_stage_likely_line","city":"神戸市","lanes":3,"title":"二段階右折 の可能性（片側3車線・信号交差点）","uk":"28000000000000000000008721300001","confidence":"estimated","koma":1}},{"type":"Feature","geometry":{"type":"Point","coordinates":[135.10375,34.66877]},"properties":{"layer":"two_stage_likely","city":"神戸市","lanes":3,"title":"二段階右折（推定）片側3車線","detail":"車両通行帯が3以上の信号交差点への進入路。原付一種はこの方向から右折するとき二段階右折。※推定（現地の標識が優先）","cond":"","src":"兵庫県警/JARTIC交通規制情報（車両通行帯＋信号機から推定）","uk":"28000000000000000000008721300001","confidence":"estimated","koma":1}},{"type":"Feature","geometry":{"type":"LineString","coordinates":[[135.13184,34.6458],[135.13245,34.64644]]},"properties":{"layer":"two_stage_likely_line","city":"神戸市","lanes":3,"title":"二段階右折 の可能性（片側3車線・信号交差点）","uk":"28000000000000000000008721500001","confidence":"estimated","koma":null}},{"type":"Feature","geometry":{"type":"Point","coordinates":[135.13245,34.64644]},"properties":{"layer":"two_stage_likely","city":"神戸市","lanes":3,"title":"二段階右折（推定）片側3車線","detail":"車両通行帯が3以上の信号交差点への進入路。原付一種はこの方向から右折するとき二段階右折。※推定（現地の標識が優先）","cond":"","src":"兵庫県警/JARTIC交通規制情報（車両通行帯＋信号機から推定）","uk":"28000000000000000000008721500001","confidence":"estimated","koma":null}},{"type":"Feature","geometry":{"type":"LineString","coordinates":[[135.10417,34.66029],[135.10404,34.66098]]},"properties":{"layer":"two_stage_likely_line","city":"神戸市","lanes":3,"title":"二段階右折 の可能性（片側3車線・信号交差点）","uk":"28000000000000000000008721600001","confidence":"estimated","koma":19}},{"type":"Feature","geometry":{"type":"Point","coordinates":[135.10404,34.66098]},"properties":{"layer":"two_stage_likely","city":"神戸市","lanes":3,"title":"二段階右折（推定）片側3車線","detail":"車両通行帯が3以上の信号交差点への進入路。原付一種はこの方向から右折するとき二段階右折。※推定（現地の標識が優先）","cond":"","src":"兵庫県警/JARTIC交通規制情報（車両通行帯＋信号機から推定）","uk":"28000000000000000000008721600001","confidence":"estimated","koma":19}},{"type":"Feature","geometry":{"type":"LineString","coordinates":[[135.11642,34.65188],[135.11612,34.65132]]},"properties":{"layer":"two_stage_likely_line","city":"神戸市","lanes":4,"title":"二段階右折 の可能性（片側4車線・信号交差点）","uk":"28000000000000000000008721900001","confidence":"estimated","koma":null}},{"type":"Feature","geometry":{"type":"Point","coordinates":[135.11612,34.65132]},"properties":{"layer":"two_stage_likely","city":"神戸市","lanes":4,"title":"二段階右折（推定）片側4車線","detail":"車両通行帯が3以上の信号交差点への進入路。原付一種はこの方向から右折するとき二段階右折。※推定（現地の標識が優先）","cond":"","src":"兵庫県警/JARTIC交通規制情報（車両通行帯＋信号機から推定）","uk":"28000000000000000000008721900001","confidence":"estimated","koma":null}},{"type":"Feature","geometry":{"type":"LineString","coordinates":[[135.09929,34.68687],[135.09896,34.687]]},"properties":{"layer":"two_stage_likely_line","city":"神戸市","lanes":3,"title":"二段階右折 の可能性（片側3車線・信号交差点）","uk":"28000000000000000000008722200001","confidence":"estimated","koma":2}},{"type":"Feature","geometry":{"type":"Point","coordinates":[135.09896,34.687]},"properties":{"layer":"two_stage_likely","city":"神戸市","lanes":3,"title":"二段階右折（推定）片側3車線","detail":"車両通行帯が3以上の信号交差点への進入路。原付一種はこの方向から右折するとき二段階右折。※推定（現地の標識が優先）","cond":"","src":"兵庫県警/JARTIC交通規制情報（車両通行帯＋信号機から推定）","uk":"28000000000000000000008722200001","confidence":"estimated","koma":2}},{"type":"Feature","geometry":{"type":"LineString","coordinates":[[135.09919,34.68774],[135.09898,34.68737]]},"properties":{"layer":"two_stage_likely_line","city":"神戸市","lanes":3,"title":"二段階右折 の可能性（片側3車線・信号交差点）","uk":"28000000000000000000008722300001","confidence":"estimated","koma":2}},{"type":"Feature","geometry":{"type":"Point","coordinates":[135.09898,34.68737]},"properties":{"layer":"two_stage_likely","city":"神戸市","lanes":3,"title":"二段階右折（推定）片側3車線","detail":"車両通行帯が3以上の信号交差点への進入路。原付一種はこの方向から右折するとき二段階右折。※推定（現地の標識が優先）","cond":"","src":"兵庫県警/JARTIC交通規制情報（車両通行帯＋信号機から推定）","uk":"28000000000000000000008722300001","confidence":"estimated","koma":2}},{"type":"Feature","geometry":{"type":"LineString","coordinates":[[135.11517,34.64392],[135.115,34.64369]]},"properties":{"layer":"two_stage_likely_line","city":"神戸市","lanes":3,"title":"二段階右折 の可能性（片側3車線・信号交差点）","uk":"28000000000000000000008722600001","confidence":"estimated","koma":22}},{"type":"Feature","geometry":{"type":"Point","coordinates":[135.115,34.64369]},"properties":{"layer":"two_stage_likely","city":"神戸市","lanes":3,"title":"二段階右折（推定）片側3車線","detail":"車両通行帯が3以上の信号交差点への進入路。原付一種はこの方向から右折するとき二段階右折。※推定（現地の標識が優先）","cond":"","src":"兵庫県警/JARTIC交通規制情報（車両通行帯＋信号機から推定）","uk":"28000000000000000000008722600001","confidence":"estimated","koma":22}},{"type":"Feature","geometry":{"type":"LineString","coordinates":[[135.12206,34.65251],[135.12264,34.65236]]},"properties":{"layer":"two_stage_likely_line","city":"神戸市","lanes":3,"title":"二段階右折 の可能性（片側3車線・信号交差点）","uk":"28000000000000000000008722700001","confidence":"estimated","koma":null}},{"type":"Feature","geometry":{"type":"Point","coordinates":[135.12264,34.65236]},"properties":{"layer":"two_stage_likely","city":"神戸市","lanes":3,"title":"二段階右折（推定）片側3車線","detail":"車両通行帯が3以上の信号交差点への進入路。原付一種はこの方向から右折するとき二段階右折。※推定（現地の標識が優先）","cond":"","src":"兵庫県警/JARTIC交通規制情報（車両通行帯＋信号機から推定）","uk":"28000000000000000000008722700001","confidence":"estimated","koma":null}},{"type":"Feature","geometry":{"type":"LineString","coordinates":[[135.1088,34.6568],[135.10961,34.65603],[135.10907,34.65617]]},"properties":{"layer":"two_stage_likely_line","city":"神戸市","lanes":3,"title":"二段階右折 の可能性（片側3車線・信号交差点）","uk":"28000000000000000000008723300001","confidence":"estimated","koma":24}},{"type":"Feature","geometry":{"type":"Point","coordinates":[135.10907,34.65617]},"properties":{"layer":"two_stage_likely","city":"神戸市","lanes":3,"title":"二段階右折（推定）片側3車線","detail":"車両通行帯が3以上の信号交差点への進入路。原付一種はこの方向から右折するとき二段階右折。※推定（現地の標識が優先）","cond":"","src":"兵庫県警/JARTIC交通規制情報（車両通行帯＋信号機から推定）","uk":"28000000000000000000008723300001","confidence":"estimated","koma":24}},{"type":"Feature","geometry":{"type":"LineString","coordinates":[[135.10978,34.67642],[135.10952,34.67622]]},"properties":{"layer":"two_stage_likely_line","city":"神戸市","lanes":3,"title":"二段階右折 の可能性（片側3車線・信号交差点）","uk":"28000000000000000000008723500001","confidence":"estimated","koma":null}},{"type":"Feature","geometry":{"type":"Point","coordinates":[135.10952,34.67622]},"properties":{"layer":"two_stage_likely","city":"神戸市","lanes":3,"title":"二段階右折（推定）片側3車線","detail":"車両通行帯が3以上の信号交差点への進入路。原付一種はこの方向から右折するとき二段階右折。※推定（現地の標識が優先）","cond":"","src":"兵庫県警/JARTIC交通規制情報（車両通行帯＋信号機から推定）","uk":"28000000000000000000008723500001","confidence":"estimated","koma":null}},{"type":"Feature","geometry":{"type":"LineString","coordinates":[[135.12742,34.68096],[135.12761,34.68053],[135.12766,34.68061]]},"properties":{"layer":"two_stage_likely_line","city":"神戸市","lanes":3,"title":"二段階右折 の可能性（片側3車線・信号交差点）","uk":"28000000000000000000008723700001","confidence":"estimated","koma":null}},{"type":"Feature","geometry":{"type":"Point","coordinates":[135.12766,34.68061]},"properties":{"layer":"two_stage_likely","city":"神戸市","lanes":3,"title":"二段階右折（推定）片側3車線","detail":"車両通行帯が3以上の信号交差点への進入路。原付一種はこの方向から右折するとき二段階右折。※推定（現地の標識が優先）","cond":"","src":"兵庫県警/JARTIC交通規制情報（車両通行帯＋信号機から推定）","uk":"28000000000000000000008723700001","confidence":"estimated","koma":null}},{"type":"Feature","geometry":{"type":"LineString","coordinates":[[135.10349,34.66718],[135.10322,34.66699]]},"properties":{"layer":"two_stage_likely_line","city":"神戸市","lanes":3,"title":"二段階右折 の可能性（片側3車線・信号交差点）","uk":"28000000000000000000008723800001","confidence":"estimated","koma":20}},{"type":"Feature","geometry":{"type":"Point","coordinates":[135.10322,34.66699]},"properties":{"layer":"two_stage_likely","city":"神戸市","lanes":3,"title":"二段階右折（推定）片側3車線","detail":"車両通行帯が3以上の信号交差点への進入路。原付一種はこの方向から右折するとき二段階右折。※推定（現地の標識が優先）","cond":"","src":"兵庫県警/JARTIC交通規制情報（車両通行帯＋信号機から推定）","uk":"28000000000000000000008723800001","confidence":"estimated","koma":20}},{"type":"Feature","geometry":{"type":"LineString","coordinates":[[135.07313,34.68974],[135.07357,34.68963]]},"properties":{"layer":"two_stage_likely_line","city":"神戸市","lanes":4,"title":"二段階右折 の可能性（片側4車線・信号交差点）","uk":"28000000000000000000008723900001","confidence":"estimated","koma":null}},{"type":"Feature","geometry":{"type":"Point","coordinates":[135.07357,34.68963]},"properties":{"layer":"two_stage_likely","city":"神戸市","lanes":4,"title":"二段階右折（推定）片側4車線","detail":"車両通行帯が3以上の信号交差点への進入路。原付一種はこの方向から右折するとき二段階右折。※推定（現地の標識が優先）","cond":"","src":"兵庫県警/JARTIC交通規制情報（車両通行帯＋信号機から推定）","uk":"28000000000000000000008723900001","confidence":"estimated","koma":null}},{"type":"Feature","geometry":{"type":"LineString","coordinates":[[135.07867,34.68293],[135.07863,34.68268]]},"properties":{"layer":"two_stage_likely_line","city":"神戸市","lanes":4,"title":"二段階右折 の可能性（片側4車線・信号交差点）","uk":"28000000000000000000008724400001","confidence":"estimated","koma":null}},{"type":"Feature","geometry":{"type":"Point","coordinates":[135.07863,34.68268]},"properties":{"layer":"two_stage_likely","city":"神戸市","lanes":4,"title":"二段階右折（推定）片側4車線","detail":"車両通行帯が3以上の信号交差点への進入路。原付一種はこの方向から右折するとき二段階右折。※推定（現地の標識が優先）","cond":"","src":"兵庫県警/JARTIC交通規制情報（車両通行帯＋信号機から推定）","uk":"28000000000000000000008724400001","confidence":"estimated","koma":null}},{"type":"Feature","geometry":{"type":"LineString","coordinates":[[135.12548,34.64453],[135.12611,34.64473]]},"properties":{"layer":"two_stage_likely_line","city":"神戸市","lanes":3,"title":"二段階右折 の可能性（片側3車線・信号交差点）","uk":"28000000000000000000008724600001","confidence":"estimated","koma":null}},{"type":"Feature","geometry":{"type":"Point","coordinates":[135.12611,34.64473]},"properties":{"layer":"two_stage_likely","city":"神戸市","lanes":3,"title":"二段階右折（推定）片側3車線","detail":"車両通行帯が3以上の信号交差点への進入路。原付一種はこの方向から右折するとき二段階右折。※推定（現地の標識が優先）","cond":"","src":"兵庫県警/JARTIC交通規制情報（車両通行帯＋信号機から推定）","uk":"28000000000000000000008724600001","confidence":"estimated","koma":null}},{"type":"Feature","geometry":{"type":"LineString","coordinates":[[135.07206,34.68789],[135.07164,34.68778]]},"properties":{"layer":"two_stage_likely_line","city":"神戸市","lanes":4,"title":"二段階右折 の可能性（片側4車線・信号交差点）","uk":"28000000000000000000008725000001","confidence":"estimated","koma":null}},{"type":"Feature","geometry":{"type":"Point","coordinates":[135.07164,34.68778]},"properties":{"layer":"two_stage_likely","city":"神戸市","lanes":4,"title":"二段階右折（推定）片側4車線","detail":"車両通行帯が3以上の信号交差点への進入路。原付一種はこの方向から右折するとき二段階右折。※推定（現地の標識が優先）","cond":"","src":"兵庫県警/JARTIC交通規制情報（車両通行帯＋信号機から推定）","uk":"28000000000000000000008725000001","confidence":"estimated","koma":null}},{"type":"Feature","geometry":{"type":"LineString","coordinates":[[135.13202,34.66115],[135.13212,34.66158]]},"properties":{"layer":"two_stage_likely_line","city":"神戸市","lanes":4,"title":"二段階右折 の可能性（片側4車線・信号交差点）","uk":"28000000000000000000008725500001","confidence":"estimated","koma":27}},{"type":"Feature","geometry":{"type":"Point","coordinates":[135.13212,34.66158]},"properties":{"layer":"two_stage_likely","city":"神戸市","lanes":4,"title":"二段階右折（推定）片側4車線","detail":"車両通行帯が3以上の信号交差点への進入路。原付一種はこの方向から右折するとき二段階右折。※推定（現地の標識が優先）","cond":"","src":"兵庫県警/JARTIC交通規制情報（車両通行帯＋信号機から推定）","uk":"28000000000000000000008725500001","confidence":"estimated","koma":27}},{"type":"Feature","geometry":{"type":"LineString","coordinates":[[135.10053,34.63733],[135.10047,34.63712]]},"properties":{"layer":"two_stage_likely_line","city":"神戸市","lanes":3,"title":"二段階右折 の可能性（片側3車線・信号交差点）","uk":"28000000000000000000008725800001","confidence":"estimated","koma":10}},{"type":"Feature","geometry":{"type":"Point","coordinates":[135.10047,34.63712]},"properties":{"layer":"two_stage_likely","city":"神戸市","lanes":3,"title":"二段階右折（推定）片側3車線","detail":"車両通行帯が3以上の信号交差点への進入路。原付一種はこの方向から右折するとき二段階右折。※推定（現地の標識が優先）","cond":"","src":"兵庫県警/JARTIC交通規制情報（車両通行帯＋信号機から推定）","uk":"28000000000000000000008725800001","confidence":"estimated","koma":10}},{"type":"Feature","geometry":{"type":"LineString","coordinates":[[135.11066,34.67736],[135.11046,34.67759]]},"properties":{"layer":"two_stage_likely_line","city":"神戸市","lanes":4,"title":"二段階右折 の可能性（片側4車線・信号交差点）","uk":"28000000000000000000008726100001","confidence":"estimated","koma":18}},{"type":"Feature","geometry":{"type":"Point","coordinates":[135.11046,34.67759]},"properties":{"layer":"two_stage_likely","city":"神戸市","lanes":4,"title":"二段階右折（推定）片側4車線","detail":"車両通行帯が3以上の信号交差点への進入路。原付一種はこの方向から右折するとき二段階右折。※推定（現地の標識が優先）","cond":"","src":"兵庫県警/JARTIC交通規制情報（車両通行帯＋信号機から推定）","uk":"28000000000000000000008726100001","confidence":"estimated","koma":18}},{"type":"Feature","geometry":{"type":"LineString","coordinates":[[135.10807,34.67864],[135.10848,34.67805]]},"properties":{"layer":"two_stage_likely_line","city":"神戸市","lanes":3,"title":"二段階右折 の可能性（片側3車線・信号交差点）","uk":"28000000000000000000008726300001","confidence":"estimated","koma":25}},{"type":"Feature","geometry":{"type":"Point","coordinates":[135.10848,34.67805]},"properties":{"layer":"two_stage_likely","city":"神戸市","lanes":3,"title":"二段階右折（推定）片側3車線","detail":"車両通行帯が3以上の信号交差点への進入路。原付一種はこの方向から右折するとき二段階右折。※推定（現地の標識が優先）","cond":"","src":"兵庫県警/JARTIC交通規制情報（車両通行帯＋信号機から推定）","uk":"28000000000000000000008726300001","confidence":"estimated","koma":25}},{"type":"Feature","geometry":{"type":"LineString","coordinates":[[135.13185,34.65411],[135.13166,34.65383]]},"properties":{"layer":"two_stage_likely_line","city":"神戸市","lanes":3,"title":"二段階右折 の可能性（片側3車線・信号交差点）","uk":"28000000000000000000008726500001","confidence":"estimated","koma":25}},{"type":"Feature","geometry":{"type":"Point","coordinates":[135.13166,34.65383]},"properties":{"layer":"two_stage_likely","city":"神戸市","lanes":3,"title":"二段階右折（推定）片側3車線","detail":"車両通行帯が3以上の信号交差点への進入路。原付一種はこの方向から右折するとき二段階右折。※推定（現地の標識が優先）","cond":"","src":"兵庫県警/JARTIC交通規制情報（車両通行帯＋信号機から推定）","uk":"28000000000000000000008726500001","confidence":"estimated","koma":25}},{"type":"Feature","geometry":{"type":"LineString","coordinates":[[135.13075,34.65072],[135.13085,34.65052]]},"properties":{"layer":"two_stage_likely_line","city":"神戸市","lanes":3,"title":"二段階右折 の可能性（片側3車線・信号交差点）","uk":"28000000000000000000008726800001","confidence":"estimated","koma":null}},{"type":"Feature","geometry":{"type":"Point","coordinates":[135.13085,34.65052]},"properties":{"layer":"two_stage_likely","city":"神戸市","lanes":3,"title":"二段階右折（推定）片側3車線","detail":"車両通行帯が3以上の信号交差点への進入路。原付一種はこの方向から右折するとき二段階右折。※推定（現地の標識が優先）","cond":"","src":"兵庫県警/JARTIC交通規制情報（車両通行帯＋信号機から推定）","uk":"28000000000000000000008726800001","confidence":"estimated","koma":null}},{"type":"Feature","geometry":{"type":"LineString","coordinates":[[135.09666,34.68016],[135.0964,34.68055]]},"properties":{"layer":"two_stage_likely_line","city":"神戸市","lanes":4,"title":"二段階右折 の可能性（片側4車線・信号交差点）","uk":"28000000000000000000008727100001","confidence":"estimated","koma":null}},{"type":"Feature","geometry":{"type":"Point","coordinates":[135.0964,34.68055]},"properties":{"layer":"two_stage_likely","city":"神戸市","lanes":4,"title":"二段階右折（推定）片側4車線","detail":"車両通行帯が3以上の信号交差点への進入路。原付一種はこの方向から右折するとき二段階右折。※推定（現地の標識が優先）","cond":"","src":"兵庫県警/JARTIC交通規制情報（車両通行帯＋信号機から推定）","uk":"28000000000000000000008727100001","confidence":"estimated","koma":null}},{"type":"Feature","geometry":{"type":"LineString","coordinates":[[135.12205,34.64875],[135.12242,34.64873]]},"properties":{"layer":"two_stage_likely_line","city":"神戸市","lanes":3,"title":"二段階右折 の可能性（片側3車線・信号交差点）","uk":"28000000000000000000008727900001","confidence":"estimated","koma":null}},{"type":"Feature","geometry":{"type":"Point","coordinates":[135.12242,34.64873]},"properties":{"layer":"two_stage_likely","city":"神戸市","lanes":3,"title":"二段階右折（推定）片側3車線","detail":"車両通行帯が3以上の信号交差点への進入路。原付一種はこの方向から右折するとき二段階右折。※推定（現地の標識が優先）","cond":"","src":"兵庫県警/JARTIC交通規制情報（車両通行帯＋信号機から推定）","uk":"28000000000000000000008727900001","confidence":"estimated","koma":null}},{"type":"Feature","geometry":{"type":"LineString","coordinates":[[135.12721,34.65136],[135.12709,34.65113]]},"properties":{"layer":"two_stage_likely_line","city":"神戸市","lanes":4,"title":"二段階右折 の可能性（片側4車線・信号交差点）","uk":"28000000000000000000008728700001","confidence":"estimated","koma":20}},{"type":"Feature","geometry":{"type":"Point","coordinates":[135.12709,34.65113]},"properties":{"layer":"two_stage_likely","city":"神戸市","lanes":4,"title":"二段階右折（推定）片側4車線","detail":"車両通行帯が3以上の信号交差点への進入路。原付一種はこの方向から右折するとき二段階右折。※推定（現地の標識が優先）","cond":"","src":"兵庫県警/JARTIC交通規制情報（車両通行帯＋信号機から推定）","uk":"28000000000000000000008728700001","confidence":"estimated","koma":20}},{"type":"Feature","geometry":{"type":"LineString","coordinates":[[135.10386,34.68146],[135.10376,34.68125]]},"properties":{"layer":"two_stage_likely_line","city":"神戸市","lanes":3,"title":"二段階右折 の可能性（片側3車線・信号交差点）","uk":"28000000000000000000008729900001","confidence":"estimated","koma":null}},{"type":"Feature","geometry":{"type":"Point","coordinates":[135.10376,34.68125]},"properties":{"layer":"two_stage_likely","city":"神戸市","lanes":3,"title":"二段階右折（推定）片側3車線","detail":"車両通行帯が3以上の信号交差点への進入路。原付一種はこの方向から右折するとき二段階右折。※推定（現地の標識が優先）","cond":"","src":"兵庫県警/JARTIC交通規制情報（車両通行帯＋信号機から推定）","uk":"28000000000000000000008729900001","confidence":"estimated","koma":null}},{"type":"Feature","geometry":{"type":"LineString","coordinates":[[135.05811,34.62855],[135.0579,34.62837],[135.05801,34.62821]]},"properties":{"layer":"two_stage_likely_line","city":"神戸市","lanes":4,"title":"二段階右折 の可能性（片側4車線・信号交差点）","uk":"28000000000000000000008731100001","confidence":"estimated","koma":null}},{"type":"Feature","geometry":{"type":"Point","coordinates":[135.05801,34.62821]},"properties":{"layer":"two_stage_likely","city":"神戸市","lanes":4,"title":"二段階右折（推定）片側4車線","detail":"車両通行帯が3以上の信号交差点への進入路。原付一種はこの方向から右折するとき二段階右折。※推定（現地の標識が優先）","cond":"","src":"兵庫県警/JARTIC交通規制情報（車両通行帯＋信号機から推定）","uk":"28000000000000000000008731100001","confidence":"estimated","koma":null}},{"type":"Feature","geometry":{"type":"LineString","coordinates":[[135.0382,34.65233],[135.03842,34.65256],[135.03846,34.65244]]},"properties":{"layer":"two_stage_likely_line","city":"神戸市","lanes":3,"title":"二段階右折 の可能性（片側3車線・信号交差点）","uk":"28000000000000000000008731300001","confidence":"estimated","koma":null}},{"type":"Feature","geometry":{"type":"Point","coordinates":[135.03846,34.65244]},"properties":{"layer":"two_stage_likely","city":"神戸市","lanes":3,"title":"二段階右折（推定）片側3車線","detail":"車両通行帯が3以上の信号交差点への進入路。原付一種はこの方向から右折するとき二段階右折。※推定（現地の標識が優先）","cond":"","src":"兵庫県警/JARTIC交通規制情報（車両通行帯＋信号機から推定）","uk":"28000000000000000000008731300001","confidence":"estimated","koma":null}},{"type":"Feature","geometry":{"type":"LineString","coordinates":[[135.06593,34.62919],[135.06576,34.62894]]},"properties":{"layer":"two_stage_likely_line","city":"神戸市","lanes":3,"title":"二段階右折 の可能性（片側3車線・信号交差点）","uk":"28000000000000000000008731600001","confidence":"estimated","koma":34}},{"type":"Feature","geometry":{"type":"Point","coordinates":[135.06576,34.62894]},"properties":{"layer":"two_stage_likely","city":"神戸市","lanes":3,"title":"二段階右折（推定）片側3車線","detail":"車両通行帯が3以上の信号交差点への進入路。原付一種はこの方向から右折するとき二段階右折。※推定（現地の標識が優先）","cond":"","src":"兵庫県警/JARTIC交通規制情報（車両通行帯＋信号機から推定）","uk":"28000000000000000000008731600001","confidence":"estimated","koma":34}},{"type":"Feature","geometry":{"type":"LineString","coordinates":[[135.05374,34.66101],[135.05381,34.66121],[135.0541,34.66129],[135.05367,34.66145],[135.05397,34.66152]]},"properties":{"layer":"two_stage_likely_line","city":"神戸市","lanes":4,"title":"二段階右折 の可能性（片側4車線・信号交差点）","uk":"28000000000000000000008733800001","confidence":"estimated","koma":null}},{"type":"Feature","geometry":{"type":"Point","coordinates":[135.05397,34.66152]},"properties":{"layer":"two_stage_likely","city":"神戸市","lanes":4,"title":"二段階右折（推定）片側4車線","detail":"車両通行帯が3以上の信号交差点への進入路。原付一種はこの方向から右折するとき二段階右折。※推定（現地の標識が優先）","cond":"","src":"兵庫県警/JARTIC交通規制情報（車両通行帯＋信号機から推定）","uk":"28000000000000000000008733800001","confidence":"estimated","koma":null}},{"type":"Feature","geometry":{"type":"LineString","coordinates":[[135.05267,34.64848],[135.05293,34.64837],[135.05218,34.64834],[135.05166,34.6486],[135.05212,34.64864]]},"properties":{"layer":"two_stage_likely_line","city":"神戸市","lanes":3,"title":"二段階右折 の可能性（片側3車線・信号交差点）","uk":"28000000000000000000008734000001","confidence":"estimated","koma":null}},{"type":"Feature","geometry":{"type":"Point","coordinates":[135.05212,34.64864]},"properties":{"layer":"two_stage_likely","city":"神戸市","lanes":3,"title":"二段階右折（推定）片側3車線","detail":"車両通行帯が3以上の信号交差点への進入路。原付一種はこの方向から右折するとき二段階右折。※推定（現地の標識が優先）","cond":"","src":"兵庫県警/JARTIC交通規制情報（車両通行帯＋信号機から推定）","uk":"28000000000000000000008734000001","confidence":"estimated","koma":null}},{"type":"Feature","geometry":{"type":"LineString","coordinates":[[135.0377,34.63951],[135.03759,34.63914],[135.03755,34.63947]]},"properties":{"layer":"two_stage_likely_line","city":"神戸市","lanes":3,"title":"二段階右折 の可能性（片側3車線・信号交差点）","uk":"28000000000000000000008734200001","confidence":"estimated","koma":null}},{"type":"Feature","geometry":{"type":"Point","coordinates":[135.03755,34.63947]},"properties":{"layer":"two_stage_likely","city":"神戸市","lanes":3,"title":"二段階右折（推定）片側3車線","detail":"車両通行帯が3以上の信号交差点への進入路。原付一種はこの方向から右折するとき二段階右折。※推定（現地の標識が優先）","cond":"","src":"兵庫県警/JARTIC交通規制情報（車両通行帯＋信号機から推定）","uk":"28000000000000000000008734200001","confidence":"estimated","koma":null}},{"type":"Feature","geometry":{"type":"LineString","coordinates":[[135.05154,34.62981],[135.05167,34.62941]]},"properties":{"layer":"two_stage_likely_line","city":"神戸市","lanes":3,"title":"二段階右折 の可能性（片側3車線・信号交差点）","uk":"28000000000000000000008734300001","confidence":"estimated","koma":null}},{"type":"Feature","geometry":{"type":"Point","coordinates":[135.05167,34.62941]},"properties":{"layer":"two_stage_likely","city":"神戸市","lanes":3,"title":"二段階右折（推定）片側3車線","detail":"車両通行帯が3以上の信号交差点への進入路。原付一種はこの方向から右折するとき二段階右折。※推定（現地の標識が優先）","cond":"","src":"兵庫県警/JARTIC交通規制情報（車両通行帯＋信号機から推定）","uk":"28000000000000000000008734300001","confidence":"estimated","koma":null}},{"type":"Feature","geometry":{"type":"LineString","coordinates":[[135.06682,34.64978],[135.06613,34.64904],[135.06607,34.64873]]},"properties":{"layer":"two_stage_likely_line","city":"神戸市","lanes":3,"title":"二段階右折 の可能性（片側3車線・信号交差点）","uk":"28000000000000000000008734400001","confidence":"estimated","koma":null}},{"type":"Feature","geometry":{"type":"Point","coordinates":[135.06607,34.64873]},"properties":{"layer":"two_stage_likely","city":"神戸市","lanes":3,"title":"二段階右折（推定）片側3車線","detail":"車両通行帯が3以上の信号交差点への進入路。原付一種はこの方向から右折するとき二段階右折。※推定（現地の標識が優先）","cond":"","src":"兵庫県警/JARTIC交通規制情報（車両通行帯＋信号機から推定）","uk":"28000000000000000000008734400001","confidence":"estimated","koma":null}},{"type":"Feature","geometry":{"type":"LineString","coordinates":[[135.05006,34.63838],[135.0501,34.63854],[135.04971,34.63802],[135.05026,34.63828]]},"properties":{"layer":"two_stage_likely_line","city":"神戸市","lanes":3,"title":"二段階右折 の可能性（片側3車線・信号交差点）","uk":"28000000000000000000008734800001","confidence":"estimated","koma":null}},{"type":"Feature","geometry":{"type":"Point","coordinates":[135.05026,34.63828]},"properties":{"layer":"two_stage_likely","city":"神戸市","lanes":3,"title":"二段階右折（推定）片側3車線","detail":"車両通行帯が3以上の信号交差点への進入路。原付一種はこの方向から右折するとき二段階右折。※推定（現地の標識が優先）","cond":"","src":"兵庫県警/JARTIC交通規制情報（車両通行帯＋信号機から推定）","uk":"28000000000000000000008734800001","confidence":"estimated","koma":null}},{"type":"Feature","geometry":{"type":"LineString","coordinates":[[135.06011,34.67348],[135.06017,34.67294]]},"properties":{"layer":"two_stage_likely_line","city":"神戸市","lanes":3,"title":"二段階右折 の可能性（片側3車線・信号交差点）","uk":"28000000000000000000008735600001","confidence":"estimated","koma":9}},{"type":"Feature","geometry":{"type":"Point","coordinates":[135.06017,34.67294]},"properties":{"layer":"two_stage_likely","city":"神戸市","lanes":3,"title":"二段階右折（推定）片側3車線","detail":"車両通行帯が3以上の信号交差点への進入路。原付一種はこの方向から右折するとき二段階右折。※推定（現地の標識が優先）","cond":"","src":"兵庫県警/JARTIC交通規制情報（車両通行帯＋信号機から推定）","uk":"28000000000000000000008735600001","confidence":"estimated","koma":9}},{"type":"Feature","geometry":{"type":"LineString","coordinates":[[135.03419,34.63223],[135.03438,34.63208],[135.03407,34.63174],[135.03481,34.63154],[135.03454,34.63233]]},"properties":{"layer":"two_stage_likely_line","city":"神戸市","lanes":4,"title":"二段階右折 の可能性（片側4車線・信号交差点）","uk":"28000000000000000000008735700001","confidence":"estimated","koma":null}},{"type":"Feature","geometry":{"type":"Point","coordinates":[135.03454,34.63233]},"properties":{"layer":"two_stage_likely","city":"神戸市","lanes":4,"title":"二段階右折（推定）片側4車線","detail":"車両通行帯が3以上の信号交差点への進入路。原付一種はこの方向から右折するとき二段階右折。※推定（現地の標識が優先）","cond":"","src":"兵庫県警/JARTIC交通規制情報（車両通行帯＋信号機から推定）","uk":"28000000000000000000008735700001","confidence":"estimated","koma":null}},{"type":"Feature","geometry":{"type":"LineString","coordinates":[[135.03653,34.63066],[135.03673,34.63003]]},"properties":{"layer":"two_stage_likely_line","city":"神戸市","lanes":3,"title":"二段階右折 の可能性（片側3車線・信号交差点）","uk":"28000000000000000000008736100001","confidence":"estimated","koma":null}},{"type":"Feature","geometry":{"type":"Point","coordinates":[135.03673,34.63003]},"properties":{"layer":"two_stage_likely","city":"神戸市","lanes":3,"title":"二段階右折（推定）片側3車線","detail":"車両通行帯が3以上の信号交差点への進入路。原付一種はこの方向から右折するとき二段階右折。※推定（現地の標識が優先）","cond":"","src":"兵庫県警/JARTIC交通規制情報（車両通行帯＋信号機から推定）","uk":"28000000000000000000008736100001","confidence":"estimated","koma":null}},{"type":"Feature","geometry":{"type":"LineString","coordinates":[[135.06816,34.66537],[135.06751,34.66495]]},"properties":{"layer":"two_stage_likely_line","city":"神戸市","lanes":3,"title":"二段階右折 の可能性（片側3車線・信号交差点）","uk":"28000000000000000000008736300001","confidence":"estimated","koma":11}},{"type":"Feature","geometry":{"type":"Point","coordinates":[135.06816,34.66537]},"properties":{"layer":"two_stage_likely","city":"神戸市","lanes":3,"title":"二段階右折（推定）片側3車線","detail":"車両通行帯が3以上の信号交差点への進入路。原付一種はこの方向から右折するとき二段階右折。※推定（現地の標識が優先）","cond":"","src":"兵庫県警/JARTIC交通規制情報（車両通行帯＋信号機から推定）","uk":"28000000000000000000008736300001","confidence":"estimated","koma":11}},{"type":"Feature","geometry":{"type":"LineString","coordinates":[[135.06088,34.66992],[135.06048,34.66998],[135.06035,34.67015],[135.06019,34.67],[135.06024,34.66983]]},"properties":{"layer":"two_stage_likely_line","city":"神戸市","lanes":4,"title":"二段階右折 の可能性（片側4車線・信号交差点）","uk":"28000000000000000000008736600001","confidence":"estimated","koma":null}},{"type":"Feature","geometry":{"type":"Point","coordinates":[135.06024,34.66983]},"properties":{"layer":"two_stage_likely","city":"神戸市","lanes":4,"title":"二段階右折（推定）片側4車線","detail":"車両通行帯が3以上の信号交差点への進入路。原付一種はこの方向から右折するとき二段階右折。※推定（現地の標識が優先）","cond":"","src":"兵庫県警/JARTIC交通規制情報（車両通行帯＋信号機から推定）","uk":"28000000000000000000008736600001","confidence":"estimated","koma":null}},{"type":"Feature","geometry":{"type":"LineString","coordinates":[[135.05051,34.65047],[135.05073,34.64999]]},"properties":{"layer":"two_stage_likely_line","city":"神戸市","lanes":3,"title":"二段階右折 の可能性（片側3車線・信号交差点）","uk":"28000000000000000000008736700001","confidence":"estimated","koma":null}},{"type":"Feature","geometry":{"type":"Point","coordinates":[135.05073,34.64999]},"properties":{"layer":"two_stage_likely","city":"神戸市","lanes":3,"title":"二段階右折（推定）片側3車線","detail":"車両通行帯が3以上の信号交差点への進入路。原付一種はこの方向から右折するとき二段階右折。※推定（現地の標識が優先）","cond":"","src":"兵庫県警/JARTIC交通規制情報（車両通行帯＋信号機から推定）","uk":"28000000000000000000008736700001","confidence":"estimated","koma":null}},{"type":"Feature","geometry":{"type":"LineString","coordinates":[[135.07857,34.64923],[135.07798,34.64922]]},"properties":{"layer":"two_stage_likely_line","city":"神戸市","lanes":4,"title":"二段階右折 の可能性（片側4車線・信号交差点）","uk":"28000000000000000000008737000001","confidence":"estimated","koma":null}},{"type":"Feature","geometry":{"type":"Point","coordinates":[135.07798,34.64922]},"properties":{"layer":"two_stage_likely","city":"神戸市","lanes":4,"title":"二段階右折（推定）片側4車線","detail":"車両通行帯が3以上の信号交差点への進入路。原付一種はこの方向から右折するとき二段階右折。※推定（現地の標識が優先）","cond":"","src":"兵庫県警/JARTIC交通規制情報（車両通行帯＋信号機から推定）","uk":"28000000000000000000008737000001","confidence":"estimated","koma":null}},{"type":"Feature","geometry":{"type":"LineString","coordinates":[[135.03087,34.64024],[135.03089,34.64006],[135.03126,34.63997]]},"properties":{"layer":"two_stage_likely_line","city":"神戸市","lanes":3,"title":"二段階右折 の可能性（片側3車線・信号交差点）","uk":"28000000000000000000008737100001","confidence":"estimated","koma":null}},{"type":"Feature","geometry":{"type":"Point","coordinates":[135.03126,34.63997]},"properties":{"layer":"two_stage_likely","city":"神戸市","lanes":3,"title":"二段階右折（推定）片側3車線","detail":"車両通行帯が3以上の信号交差点への進入路。原付一種はこの方向から右折するとき二段階右折。※推定（現地の標識が優先）","cond":"","src":"兵庫県警/JARTIC交通規制情報（車両通行帯＋信号機から推定）","uk":"28000000000000000000008737100001","confidence":"estimated","koma":null}},{"type":"Feature","geometry":{"type":"LineString","coordinates":[[135.05577,34.6642],[135.05591,34.66464]]},"properties":{"layer":"two_stage_likely_line","city":"神戸市","lanes":4,"title":"二段階右折 の可能性（片側4車線・信号交差点）","uk":"28000000000000000000008738200001","confidence":"estimated","koma":null}},{"type":"Feature","geometry":{"type":"Point","coordinates":[135.05591,34.66464]},"properties":{"layer":"two_stage_likely","city":"神戸市","lanes":4,"title":"二段階右折（推定）片側4車線","detail":"車両通行帯が3以上の信号交差点への進入路。原付一種はこの方向から右折するとき二段階右折。※推定（現地の標識が優先）","cond":"","src":"兵庫県警/JARTIC交通規制情報（車両通行帯＋信号機から推定）","uk":"28000000000000000000008738200001","confidence":"estimated","koma":null}},{"type":"Feature","geometry":{"type":"LineString","coordinates":[[135.20693,34.67402],[135.20684,34.67372],[135.20677,34.67478],[135.20752,34.6746]]},"properties":{"layer":"two_stage_likely_line","city":"神戸市","lanes":3,"title":"二段階右折 の可能性（片側3車線・信号交差点）","uk":"28000000000000000000008740300001","confidence":"estimated","koma":null}},{"type":"Feature","geometry":{"type":"Point","coordinates":[135.20752,34.6746]},"properties":{"layer":"two_stage_likely","city":"神戸市","lanes":3,"title":"二段階右折（推定）片側3車線","detail":"車両通行帯が3以上の信号交差点への進入路。原付一種はこの方向から右折するとき二段階右折。※推定（現地の標識が優先）","cond":"","src":"兵庫県警/JARTIC交通規制情報（車両通行帯＋信号機から推定）","uk":"28000000000000000000008740300001","confidence":"estimated","koma":null}},{"type":"Feature","geometry":{"type":"LineString","coordinates":[[135.21378,34.67518],[135.21393,34.67494],[135.21362,34.67461],[135.21397,34.67445]]},"properties":{"layer":"two_stage_likely_line","city":"神戸市","lanes":3,"title":"二段階右折 の可能性（片側3車線・信号交差点）","uk":"28000000000000000000008740400001","confidence":"estimated","koma":39}},{"type":"Feature","geometry":{"type":"Point","coordinates":[135.21397,34.67445]},"properties":{"layer":"two_stage_likely","city":"神戸市","lanes":3,"title":"二段階右折（推定）片側3車線","detail":"車両通行帯が3以上の信号交差点への進入路。原付一種はこの方向から右折するとき二段階右折。※推定（現地の標識が優先）","cond":"","src":"兵庫県警/JARTIC交通規制情報（車両通行帯＋信号機から推定）","uk":"28000000000000000000008740400001","confidence":"estimated","koma":39}},{"type":"Feature","geometry":{"type":"LineString","coordinates":[[135.2078,34.66103],[135.20749,34.66054],[135.20772,34.66156]]},"properties":{"layer":"two_stage_likely_line","city":"神戸市","lanes":4,"title":"二段階右折 の可能性（片側4車線・信号交差点）","uk":"28000000000000000000008740500001","confidence":"estimated","koma":null}},{"type":"Feature","geometry":{"type":"Point","coordinates":[135.20772,34.66156]},"properties":{"layer":"two_stage_likely","city":"神戸市","lanes":4,"title":"二段階右折（推定）片側4車線","detail":"車両通行帯が3以上の信号交差点への進入路。原付一種はこの方向から右折するとき二段階右折。※推定（現地の標識が優先）","cond":"","src":"兵庫県警/JARTIC交通規制情報（車両通行帯＋信号機から推定）","uk":"28000000000000000000008740500001","confidence":"estimated","koma":null}},{"type":"Feature","geometry":{"type":"LineString","coordinates":[[135.207,34.66867],[135.20703,34.6683],[135.20724,34.66954],[135.20703,34.6683]]},"properties":{"layer":"two_stage_likely_line","city":"神戸市","lanes":3,"title":"二段階右折 の可能性（片側3車線・信号交差点）","uk":"28000000000000000000008740600001","confidence":"estimated","koma":null}},{"type":"Feature","geometry":{"type":"Point","coordinates":[135.20703,34.6683]},"properties":{"layer":"two_stage_likely","city":"神戸市","lanes":3,"title":"二段階右折（推定）片側3車線","detail":"車両通行帯が3以上の信号交差点への進入路。原付一種はこの方向から右折するとき二段階右折。※推定（現地の標識が優先）","cond":"","src":"兵庫県警/JARTIC交通規制情報（車両通行帯＋信号機から推定）","uk":"28000000000000000000008740600001","confidence":"estimated","koma":null}},{"type":"Feature","geometry":{"type":"LineString","coordinates":[[135.20719,34.66583],[135.20721,34.66541],[135.20781,34.66615]]},"properties":{"layer":"two_stage_likely_line","city":"神戸市","lanes":3,"title":"二段階右折 の可能性（片側3車線・信号交差点）","uk":"28000000000000000000008740700001","confidence":"estimated","koma":null}},{"type":"Feature","geometry":{"type":"Point","coordinates":[135.20781,34.66615]},"properties":{"layer":"two_stage_likely","city":"神戸市","lanes":3,"title":"二段階右折（推定）片側3車線","detail":"車両通行帯が3以上の信号交差点への進入路。原付一種はこの方向から右折するとき二段階右折。※推定（現地の標識が優先）","cond":"","src":"兵庫県警/JARTIC交通規制情報（車両通行帯＋信号機から推定）","uk":"28000000000000000000008740700001","confidence":"estimated","koma":null}},{"type":"Feature","geometry":{"type":"LineString","coordinates":[[135.21162,34.66657],[135.21208,34.66665]]},"properties":{"layer":"two_stage_likely_line","city":"神戸市","lanes":4,"title":"二段階右折 の可能性（片側4車線・信号交差点）","uk":"28000000000000000000008740900001","confidence":"estimated","koma":null}},{"type":"Feature","geometry":{"type":"Point","coordinates":[135.21208,34.66665]},"properties":{"layer":"two_stage_likely","city":"神戸市","lanes":4,"title":"二段階右折（推定）片側4車線","detail":"車両通行帯が3以上の信号交差点への進入路。原付一種はこの方向から右折するとき二段階右折。※推定（現地の標識が優先）","cond":"","src":"兵庫県警/JARTIC交通規制情報（車両通行帯＋信号機から推定）","uk":"28000000000000000000008740900001","confidence":"estimated","koma":null}},{"type":"Feature","geometry":{"type":"LineString","coordinates":[[135.21686,34.67007],[135.217,34.66953]]},"properties":{"layer":"two_stage_likely_line","city":"神戸市","lanes":4,"title":"二段階右折 の可能性（片側4車線・信号交差点）","uk":"28000000000000000000008741000001","confidence":"estimated","koma":null}},{"type":"Feature","geometry":{"type":"Point","coordinates":[135.217,34.66953]},"properties":{"layer":"two_stage_likely","city":"神戸市","lanes":4,"title":"二段階右折（推定）片側4車線","detail":"車両通行帯が3以上の信号交差点への進入路。原付一種はこの方向から右折するとき二段階右折。※推定（現地の標識が優先）","cond":"","src":"兵庫県警/JARTIC交通規制情報（車両通行帯＋信号機から推定）","uk":"28000000000000000000008741000001","confidence":"estimated","koma":null}},{"type":"Feature","geometry":{"type":"LineString","coordinates":[[135.21605,34.67103],[135.21617,34.67084],[135.21598,34.67153],[135.21673,34.67126]]},"properties":{"layer":"two_stage_likely_line","city":"神戸市","lanes":3,"title":"二段階右折 の可能性（片側3車線・信号交差点）","uk":"28000000000000000000008741100001","confidence":"estimated","koma":null}},{"type":"Feature","geometry":{"type":"Point","coordinates":[135.21673,34.67126]},"properties":{"layer":"two_stage_likely","city":"神戸市","lanes":3,"title":"二段階右折（推定）片側3車線","detail":"車両通行帯が3以上の信号交差点への進入路。原付一種はこの方向から右折するとき二段階右折。※推定（現地の標識が優先）","cond":"","src":"兵庫県警/JARTIC交通規制情報（車両通行帯＋信号機から推定）","uk":"28000000000000000000008741100001","confidence":"estimated","koma":null}},{"type":"Feature","geometry":{"type":"LineString","coordinates":[[135.20852,34.67241],[135.20815,34.67272]]},"properties":{"layer":"two_stage_likely_line","city":"神戸市","lanes":4,"title":"二段階右折 の可能性（片側4車線・信号交差点）","uk":"28000000000000000000008741200001","confidence":"estimated","koma":null}},{"type":"Feature","geometry":{"type":"Point","coordinates":[135.20815,34.67272]},"properties":{"layer":"two_stage_likely","city":"神戸市","lanes":4,"title":"二段階右折（推定）片側4車線","detail":"車両通行帯が3以上の信号交差点への進入路。原付一種はこの方向から右折するとき二段階右折。※推定（現地の標識が優先）","cond":"","src":"兵庫県警/JARTIC交通規制情報（車両通行帯＋信号機から推定）","uk":"28000000000000000000008741200001","confidence":"estimated","koma":null}},{"type":"Feature","geometry":{"type":"LineString","coordinates":[[135.22024,34.66383],[135.22015,34.66442]]},"properties":{"layer":"two_stage_likely_line","city":"神戸市","lanes":4,"title":"二段階右折 の可能性（片側4車線・信号交差点）","uk":"28000000000000000000008741600001","confidence":"estimated","koma":null}},{"type":"Feature","geometry":{"type":"Point","coordinates":[135.22015,34.66442]},"properties":{"layer":"two_stage_likely","city":"神戸市","lanes":4,"title":"二段階右折（推定）片側4車線","detail":"車両通行帯が3以上の信号交差点への進入路。原付一種はこの方向から右折するとき二段階右折。※推定（現地の標識が優先）","cond":"","src":"兵庫県警/JARTIC交通規制情報（車両通行帯＋信号機から推定）","uk":"28000000000000000000008741600001","confidence":"estimated","koma":null}},{"type":"Feature","geometry":{"type":"LineString","coordinates":[[135.19832,34.68608],[135.19875,34.68555]]},"properties":{"layer":"two_stage_likely_line","city":"神戸市","lanes":4,"title":"二段階右折 の可能性（片側4車線・信号交差点）","uk":"28000000000000000000008741800001","confidence":"estimated","koma":29}},{"type":"Feature","geometry":{"type":"Point","coordinates":[135.19875,34.68555]},"properties":{"layer":"two_stage_likely","city":"神戸市","lanes":4,"title":"二段階右折（推定）片側4車線","detail":"車両通行帯が3以上の信号交差点への進入路。原付一種はこの方向から右折するとき二段階右折。※推定（現地の標識が優先）","cond":"","src":"兵庫県警/JARTIC交通規制情報（車両通行帯＋信号機から推定）","uk":"28000000000000000000008741800001","confidence":"estimated","koma":29}},{"type":"Feature","geometry":{"type":"LineString","coordinates":[[135.20682,34.67161],[135.20684,34.67122],[135.20705,34.67216],[135.20732,34.6719],[135.20628,34.67178]]},"properties":{"layer":"two_stage_likely_line","city":"神戸市","lanes":4,"title":"二段階右折 の可能性（片側4車線・信号交差点）","uk":"28000000000000000000008741900001","confidence":"estimated","koma":26}},{"type":"Feature","geometry":{"type":"Point","coordinates":[135.20628,34.67178]},"properties":{"layer":"two_stage_likely","city":"神戸市","lanes":4,"title":"二段階右折（推定）片側4車線","detail":"車両通行帯が3以上の信号交差点への進入路。原付一種はこの方向から右折するとき二段階右折。※推定（現地の標識が優先）","cond":"","src":"兵庫県警/JARTIC交通規制情報（車両通行帯＋信号機から推定）","uk":"28000000000000000000008741900001","confidence":"estimated","koma":26}},{"type":"Feature","geometry":{"type":"LineString","coordinates":[[135.213,34.66328],[135.21332,34.66376]]},"properties":{"layer":"two_stage_likely_line","city":"神戸市","lanes":3,"title":"二段階右折 の可能性（片側3車線・信号交差点）","uk":"28000000000000000000008742100001","confidence":"estimated","koma":null}},{"type":"Feature","geometry":{"type":"Point","coordinates":[135.21332,34.66376]},"properties":{"layer":"two_stage_likely","city":"神戸市","lanes":3,"title":"二段階右折（推定）片側3車線","detail":"車両通行帯が3以上の信号交差点への進入路。原付一種はこの方向から右折するとき二段階右折。※推定（現地の標識が優先）","cond":"","src":"兵庫県警/JARTIC交通規制情報（車両通行帯＋信号機から推定）","uk":"28000000000000000000008742100001","confidence":"estimated","koma":null}},{"type":"Feature","geometry":{"type":"LineString","coordinates":[[135.22218,34.66043],[135.22188,34.66032],[135.22231,34.66092],[135.22303,34.66068],[135.2226,34.66003]]},"properties":{"layer":"two_stage_likely_line","city":"神戸市","lanes":4,"title":"二段階右折 の可能性（片側4車線・信号交差点）","uk":"28000000000000000000008742200001","confidence":"estimated","koma":null}},{"type":"Feature","geometry":{"type":"Point","coordinates":[135.2226,34.66003]},"properties":{"layer":"two_stage_likely","city":"神戸市","lanes":4,"title":"二段階右折（推定）片側4車線","detail":"車両通行帯が3以上の信号交差点への進入路。原付一種はこの方向から右折するとき二段階右折。※推定（現地の標識が優先）","cond":"","src":"兵庫県警/JARTIC交通規制情報（車両通行帯＋信号機から推定）","uk":"28000000000000000000008742200001","confidence":"estimated","koma":null}},{"type":"Feature","geometry":{"type":"LineString","coordinates":[[135.18593,34.68451],[135.18671,34.68466],[135.18628,34.68411],[135.18603,34.68491]]},"properties":{"layer":"two_stage_likely_line","city":"神戸市","lanes":4,"title":"二段階右折 の可能性（片側4車線・信号交差点）","uk":"28000000000000000000008742300001","confidence":"estimated","koma":null}},{"type":"Feature","geometry":{"type":"Point","coordinates":[135.18603,34.68491]},"properties":{"layer":"two_stage_likely","city":"神戸市","lanes":4,"title":"二段階右折（推定）片側4車線","detail":"車両通行帯が3以上の信号交差点への進入路。原付一種はこの方向から右折するとき二段階右折。※推定（現地の標識が優先）","cond":"","src":"兵庫県警/JARTIC交通規制情報（車両通行帯＋信号機から推定）","uk":"28000000000000000000008742300001","confidence":"estimated","koma":null}},{"type":"Feature","geometry":{"type":"LineString","coordinates":[[135.19857,34.68413],[135.19887,34.68433]]},"properties":{"layer":"two_stage_likely_line","city":"神戸市","lanes":3,"title":"二段階右折 の可能性（片側3車線・信号交差点）","uk":"28000000000000000000008742500001","confidence":"estimated","koma":null}},{"type":"Feature","geometry":{"type":"Point","coordinates":[135.19887,34.68433]},"properties":{"layer":"two_stage_likely","city":"神戸市","lanes":3,"title":"二段階右折（推定）片側3車線","detail":"車両通行帯が3以上の信号交差点への進入路。原付一種はこの方向から右折するとき二段階右折。※推定（現地の標識が優先）","cond":"","src":"兵庫県警/JARTIC交通規制情報（車両通行帯＋信号機から推定）","uk":"28000000000000000000008742500001","confidence":"estimated","koma":null}},{"type":"Feature","geometry":{"type":"LineString","coordinates":[[135.21245,34.65657],[135.21206,34.65632]]},"properties":{"layer":"two_stage_likely_line","city":"神戸市","lanes":3,"title":"二段階右折 の可能性（片側3車線・信号交差点）","uk":"28000000000000000000008742700001","confidence":"estimated","koma":null}},{"type":"Feature","geometry":{"type":"Point","coordinates":[135.21206,34.65632]},"properties":{"layer":"two_stage_likely","city":"神戸市","lanes":3,"title":"二段階右折（推定）片側3車線","detail":"車両通行帯が3以上の信号交差点への進入路。原付一種はこの方向から右折するとき二段階右折。※推定（現地の標識が優先）","cond":"","src":"兵庫県警/JARTIC交通規制情報（車両通行帯＋信号機から推定）","uk":"28000000000000000000008742700001","confidence":"estimated","koma":null}},{"type":"Feature","geometry":{"type":"LineString","coordinates":[[135.20057,34.68529],[135.20122,34.68502]]},"properties":{"layer":"two_stage_likely_line","city":"神戸市","lanes":6,"title":"二段階右折 の可能性（片側6車線・信号交差点）","uk":"28000000000000000000008742800001","confidence":"estimated","koma":null}},{"type":"Feature","geometry":{"type":"Point","coordinates":[135.20122,34.68502]},"properties":{"layer":"two_stage_likely","city":"神戸市","lanes":6,"title":"二段階右折（推定）片側6車線","detail":"車両通行帯が3以上の信号交差点への進入路。原付一種はこの方向から右折するとき二段階右折。※推定（現地の標識が優先）","cond":"ハーバー出路（主道路）東方へ３０ｍ（設定数２）、四突出路（従道路）南へ３０ｍ（設定数２）","src":"兵庫県警/JARTIC交通規制情報（車両通行帯＋信号機から推定）","uk":"28000000000000000000008742800001","confidence":"estimated","koma":null}},{"type":"Feature","geometry":{"type":"LineString","coordinates":[[135.21932,34.66557],[135.21908,34.66627]]},"properties":{"layer":"two_stage_likely_line","city":"神戸市","lanes":3,"title":"二段階右折 の可能性（片側3車線・信号交差点）","uk":"28000000000000000000008742900001","confidence":"estimated","koma":39}},{"type":"Feature","geometry":{"type":"Point","coordinates":[135.21908,34.66627]},"properties":{"layer":"two_stage_likely","city":"神戸市","lanes":3,"title":"二段階右折（推定）片側3車線","detail":"車両通行帯が3以上の信号交差点への進入路。原付一種はこの方向から右折するとき二段階右折。※推定（現地の標識が優先）","cond":"","src":"兵庫県警/JARTIC交通規制情報（車両通行帯＋信号機から推定）","uk":"28000000000000000000008742900001","confidence":"estimated","koma":39}},{"type":"Feature","geometry":{"type":"LineString","coordinates":[[135.21268,34.67744],[135.21234,34.6777]]},"properties":{"layer":"two_stage_likely_line","city":"神戸市","lanes":4,"title":"二段階右折 の可能性（片側4車線・信号交差点）","uk":"28000000000000000000008743100001","confidence":"estimated","koma":null}},{"type":"Feature","geometry":{"type":"Point","coordinates":[135.21234,34.6777]},"properties":{"layer":"two_stage_likely","city":"神戸市","lanes":4,"title":"二段階右折（推定）片側4車線","detail":"車両通行帯が3以上の信号交差点への進入路。原付一種はこの方向から右折するとき二段階右折。※推定（現地の標識が優先）","cond":"","src":"兵庫県警/JARTIC交通規制情報（車両通行帯＋信号機から推定）","uk":"28000000000000000000008743100001","confidence":"estimated","koma":null}},{"type":"Feature","geometry":{"type":"LineString","coordinates":[[135.19512,34.68481],[135.19561,34.68446]]},"properties":{"layer":"two_stage_likely_line","city":"神戸市","lanes":3,"title":"二段階右折 の可能性（片側3車線・信号交差点）","uk":"28000000000000000000008743300001","confidence":"estimated","koma":29}},{"type":"Feature","geometry":{"type":"Point","coordinates":[135.19561,34.68446]},"properties":{"layer":"two_stage_likely","city":"神戸市","lanes":3,"title":"二段階右折（推定）片側3車線","detail":"車両通行帯が3以上の信号交差点への進入路。原付一種はこの方向から右折するとき二段階右折。※推定（現地の標識が優先）","cond":"","src":"兵庫県警/JARTIC交通規制情報（車両通行帯＋信号機から推定）","uk":"28000000000000000000008743300001","confidence":"estimated","koma":29}},{"type":"Feature","geometry":{"type":"LineString","coordinates":[[135.22491,34.65619],[135.2243,34.65616]]},"properties":{"layer":"two_stage_likely_line","city":"神戸市","lanes":4,"title":"二段階右折 の可能性（片側4車線・信号交差点）","uk":"28000000000000000000008743400001","confidence":"estimated","koma":null}},{"type":"Feature","geometry":{"type":"Point","coordinates":[135.2243,34.65616]},"properties":{"layer":"two_stage_likely","city":"神戸市","lanes":4,"title":"二段階右折（推定）片側4車線","detail":"車両通行帯が3以上の信号交差点への進入路。原付一種はこの方向から右折するとき二段階右折。※推定（現地の標識が優先）","cond":"","src":"兵庫県警/JARTIC交通規制情報（車両通行帯＋信号機から推定）","uk":"28000000000000000000008743400001","confidence":"estimated","koma":null}},{"type":"Feature","geometry":{"type":"LineString","coordinates":[[135.21142,34.66763],[135.21134,34.66733]]},"properties":{"layer":"two_stage_likely_line","city":"神戸市","lanes":4,"title":"二段階右折 の可能性（片側4車線・信号交差点）","uk":"28000000000000000000008743500001","confidence":"estimated","koma":null}},{"type":"Feature","geometry":{"type":"Point","coordinates":[135.21134,34.66733]},"properties":{"layer":"two_stage_likely","city":"神戸市","lanes":4,"title":"二段階右折（推定）片側4車線","detail":"車両通行帯が3以上の信号交差点への進入路。原付一種はこの方向から右折するとき二段階右折。※推定（現地の標識が優先）","cond":"","src":"兵庫県警/JARTIC交通規制情報（車両通行帯＋信号機から推定）","uk":"28000000000000000000008743500001","confidence":"estimated","koma":null}},{"type":"Feature","geometry":{"type":"LineString","coordinates":[[135.20639,34.68977],[135.20602,34.68957],[135.20697,34.68948],[135.20625,34.69011],[135.20723,34.69008]]},"properties":{"layer":"two_stage_likely_line","city":"神戸市","lanes":4,"title":"二段階右折 の可能性（片側4車線・信号交差点）","uk":"28000000000000000000008744600001","confidence":"estimated","koma":null}},{"type":"Feature","geometry":{"type":"Point","coordinates":[135.20723,34.69008]},"properties":{"layer":"two_stage_likely","city":"神戸市","lanes":4,"title":"二段階右折（推定）片側4車線","detail":"車両通行帯が3以上の信号交差点への進入路。原付一種はこの方向から右折するとき二段階右折。※推定（現地の標識が優先）","cond":"","src":"兵庫県警/JARTIC交通規制情報（車両通行帯＋信号機から推定）","uk":"28000000000000000000008744600001","confidence":"estimated","koma":null}},{"type":"Feature","geometry":{"type":"LineString","coordinates":[[135.23297,34.63881],[135.23237,34.63893]]},"properties":{"layer":"two_stage_likely_line","city":"神戸市","lanes":4,"title":"二段階右折 の可能性（片側4車線・信号交差点）","uk":"28000000000000000000008745000001","confidence":"estimated","koma":null}},{"type":"Feature","geometry":{"type":"Point","coordinates":[135.23237,34.63893]},"properties":{"layer":"two_stage_likely","city":"神戸市","lanes":4,"title":"二段階右折（推定）片側4車線","detail":"車両通行帯が3以上の信号交差点への進入路。原付一種はこの方向から右折するとき二段階右折。※推定（現地の標識が優先）","cond":"","src":"兵庫県警/JARTIC交通規制情報（車両通行帯＋信号機から推定）","uk":"28000000000000000000008745000001","confidence":"estimated","koma":null}},{"type":"Feature","geometry":{"type":"LineString","coordinates":[[135.22646,34.65342],[135.22627,34.65413]]},"properties":{"layer":"two_stage_likely_line","city":"神戸市","lanes":3,"title":"二段階右折 の可能性（片側3車線・信号交差点）","uk":"28000000000000000000008745700001","confidence":"estimated","koma":null}},{"type":"Feature","geometry":{"type":"Point","coordinates":[135.22627,34.65413]},"properties":{"layer":"two_stage_likely","city":"神戸市","lanes":3,"title":"二段階右折（推定）片側3車線","detail":"車両通行帯が3以上の信号交差点への進入路。原付一種はこの方向から右折するとき二段階右折。※推定（現地の標識が優先）","cond":"","src":"兵庫県警/JARTIC交通規制情報（車両通行帯＋信号機から推定）","uk":"28000000000000000000008745700001","confidence":"estimated","koma":null}},{"type":"Feature","geometry":{"type":"LineString","coordinates":[[135.19798,34.68623],[135.19785,34.68688]]},"properties":{"layer":"two_stage_likely_line","city":"神戸市","lanes":4,"title":"二段階右折 の可能性（片側4車線・信号交差点）","uk":"28000000000000000000008745800001","confidence":"estimated","koma":null}},{"type":"Feature","geometry":{"type":"Point","coordinates":[135.19785,34.68688]},"properties":{"layer":"two_stage_likely","city":"神戸市","lanes":4,"title":"二段階右折（推定）片側4車線","detail":"車両通行帯が3以上の信号交差点への進入路。原付一種はこの方向から右折するとき二段階右折。※推定（現地の標識が優先）","cond":"","src":"兵庫県警/JARTIC交通規制情報（車両通行帯＋信号機から推定）","uk":"28000000000000000000008745800001","confidence":"estimated","koma":null}},{"type":"Feature","geometry":{"type":"LineString","coordinates":[[135.19002,34.68609],[135.1903,34.68611],[135.18986,34.68617],[135.18989,34.68577],[135.18951,34.68606]]},"properties":{"layer":"two_stage_likely_line","city":"神戸市","lanes":4,"title":"二段階右折 の可能性（片側4車線・信号交差点）","uk":"28000000000000000000008745900001","confidence":"estimated","koma":null}},{"type":"Feature","geometry":{"type":"Point","coordinates":[135.18951,34.68606]},"properties":{"layer":"two_stage_likely","city":"神戸市","lanes":4,"title":"二段階右折（推定）片側4車線","detail":"車両通行帯が3以上の信号交差点への進入路。原付一種はこの方向から右折するとき二段階右折。※推定（現地の標識が優先）","cond":"","src":"兵庫県警/JARTIC交通規制情報（車両通行帯＋信号機から推定）","uk":"28000000000000000000008745900001","confidence":"estimated","koma":null}},{"type":"Feature","geometry":{"type":"LineString","coordinates":[[135.19344,34.68614],[135.19287,34.68617]]},"properties":{"layer":"two_stage_likely_line","city":"神戸市","lanes":4,"title":"二段階右折 の可能性（片側4車線・信号交差点）","uk":"28000000000000000000008746000001","confidence":"estimated","koma":null}},{"type":"Feature","geometry":{"type":"Point","coordinates":[135.19287,34.68617]},"properties":{"layer":"two_stage_likely","city":"神戸市","lanes":4,"title":"二段階右折（推定）片側4車線","detail":"車両通行帯が3以上の信号交差点への進入路。原付一種はこの方向から右折するとき二段階右折。※推定（現地の標識が優先）","cond":"","src":"兵庫県警/JARTIC交通規制情報（車両通行帯＋信号機から推定）","uk":"28000000000000000000008746000001","confidence":"estimated","koma":null}},{"type":"Feature","geometry":{"type":"LineString","coordinates":[[135.19097,34.6861],[135.19047,34.68617],[135.19096,34.68654]]},"properties":{"layer":"two_stage_likely_line","city":"神戸市","lanes":3,"title":"二段階右折 の可能性（片側3車線・信号交差点）","uk":"28000000000000000000008746100001","confidence":"estimated","koma":null}},{"type":"Feature","geometry":{"type":"Point","coordinates":[135.19096,34.68654]},"properties":{"layer":"two_stage_likely","city":"神戸市","lanes":3,"title":"二段階右折（推定）片側3車線","detail":"車両通行帯が3以上の信号交差点への進入路。原付一種はこの方向から右折するとき二段階右折。※推定（現地の標識が優先）","cond":"","src":"兵庫県警/JARTIC交通規制情報（車両通行帯＋信号機から推定）","uk":"28000000000000000000008746100001","confidence":"estimated","koma":null}},{"type":"Feature","geometry":{"type":"LineString","coordinates":[[135.18547,34.68518],[135.18507,34.68509]]},"properties":{"layer":"two_stage_likely_line","city":"神戸市","lanes":4,"title":"二段階右折 の可能性（片側4車線・信号交差点）","uk":"28000000000000000000008746200001","confidence":"estimated","koma":null}},{"type":"Feature","geometry":{"type":"Point","coordinates":[135.18507,34.68509]},"properties":{"layer":"two_stage_likely","city":"神戸市","lanes":4,"title":"二段階右折（推定）片側4車線","detail":"車両通行帯が3以上の信号交差点への進入路。原付一種はこの方向から右折するとき二段階右折。※推定（現地の標識が優先）","cond":"","src":"兵庫県警/JARTIC交通規制情報（車両通行帯＋信号機から推定）","uk":"28000000000000000000008746200001","confidence":"estimated","koma":null}},{"type":"Feature","geometry":{"type":"LineString","coordinates":[[135.2057,34.67189],[135.20613,34.67172]]},"properties":{"layer":"two_stage_likely_line","city":"神戸市","lanes":3,"title":"二段階右折 の可能性（片側3車線・信号交差点）","uk":"28000000000000000000008746400001","confidence":"estimated","koma":34}},{"type":"Feature","geometry":{"type":"Point","coordinates":[135.20613,34.67172]},"properties":{"layer":"two_stage_likely","city":"神戸市","lanes":3,"title":"二段階右折（推定）片側3車線","detail":"車両通行帯が3以上の信号交差点への進入路。原付一種はこの方向から右折するとき二段階右折。※推定（現地の標識が優先）","cond":"","src":"兵庫県警/JARTIC交通規制情報（車両通行帯＋信号機から推定）","uk":"28000000000000000000008746400001","confidence":"estimated","koma":34}},{"type":"Feature","geometry":{"type":"LineString","coordinates":[[135.2163,34.66451],[135.21569,34.66439]]},"properties":{"layer":"two_stage_likely_line","city":"神戸市","lanes":3,"title":"二段階右折 の可能性（片側3車線・信号交差点）","uk":"28000000000000000000008746500001","confidence":"estimated","koma":null}},{"type":"Feature","geometry":{"type":"Point","coordinates":[135.21569,34.66439]},"properties":{"layer":"two_stage_likely","city":"神戸市","lanes":3,"title":"二段階右折（推定）片側3車線","detail":"車両通行帯が3以上の信号交差点への進入路。原付一種はこの方向から右折するとき二段階右折。※推定（現地の標識が優先）","cond":"","src":"兵庫県警/JARTIC交通規制情報（車両通行帯＋信号機から推定）","uk":"28000000000000000000008746500001","confidence":"estimated","koma":null}},{"type":"Feature","geometry":{"type":"LineString","coordinates":[[135.21052,34.65962],[135.21061,34.65947],[135.21091,34.65999],[135.21,34.65971],[135.21036,34.66011]]},"properties":{"layer":"two_stage_likely_line","city":"神戸市","lanes":4,"title":"二段階右折 の可能性（片側4車線・信号交差点）","uk":"28000000000000000000008746700001","confidence":"estimated","koma":null}},{"type":"Feature","geometry":{"type":"Point","coordinates":[135.21036,34.66011]},"properties":{"layer":"two_stage_likely","city":"神戸市","lanes":4,"title":"二段階右折（推定）片側4車線","detail":"車両通行帯が3以上の信号交差点への進入路。原付一種はこの方向から右折するとき二段階右折。※推定（現地の標識が優先）","cond":"","src":"兵庫県警/JARTIC交通規制情報（車両通行帯＋信号機から推定）","uk":"28000000000000000000008746700001","confidence":"estimated","koma":null}},{"type":"Feature","geometry":{"type":"LineString","coordinates":[[135.20019,34.68778],[135.20006,34.68757],[135.19967,34.6875]]},"properties":{"layer":"two_stage_likely_line","city":"神戸市","lanes":3,"title":"二段階右折 の可能性（片側3車線・信号交差点）","uk":"28000000000000000000008747000001","confidence":"estimated","koma":null}},{"type":"Feature","geometry":{"type":"Point","coordinates":[135.19967,34.6875]},"properties":{"layer":"two_stage_likely","city":"神戸市","lanes":3,"title":"二段階右折（推定）片側3車線","detail":"車両通行帯が3以上の信号交差点への進入路。原付一種はこの方向から右折するとき二段階右折。※推定（現地の標識が優先）","cond":"","src":"兵庫県警/JARTIC交通規制情報（車両通行帯＋信号機から推定）","uk":"28000000000000000000008747000001","confidence":"estimated","koma":null}},{"type":"Feature","geometry":{"type":"LineString","coordinates":[[135.20391,34.69344],[135.20415,34.69372],[135.20395,34.69284],[135.20274,34.69301],[135.2032,34.69368],[135.203,34.69265]]},"properties":{"layer":"two_stage_likely_line","city":"神戸市","lanes":5,"title":"二段階右折 の可能性（片側5車線・信号交差点）","uk":"28000000000000000000008747100001","confidence":"estimated","koma":null}},{"type":"Feature","geometry":{"type":"Point","coordinates":[135.203,34.69265]},"properties":{"layer":"two_stage_likely","city":"神戸市","lanes":5,"title":"二段階右折（推定）片側5車線","detail":"車両通行帯が3以上の信号交差点への進入路。原付一種はこの方向から右折するとき二段階右折。※推定（現地の標識が優先）","cond":"","src":"兵庫県警/JARTIC交通規制情報（車両通行帯＋信号機から推定）","uk":"28000000000000000000008747100001","confidence":"estimated","koma":null}},{"type":"Feature","geometry":{"type":"LineString","coordinates":[[135.20028,34.68852],[135.20013,34.68866],[135.20009,34.68805],[135.20083,34.68868]]},"properties":{"layer":"two_stage_likely_line","city":"神戸市","lanes":3,"title":"二段階右折 の可能性（片側3車線・信号交差点）","uk":"28000000000000000000008747200001","confidence":"estimated","koma":34}},{"type":"Feature","geometry":{"type":"Point","coordinates":[135.20083,34.68868]},"properties":{"layer":"two_stage_likely","city":"神戸市","lanes":3,"title":"二段階右折（推定）片側3車線","detail":"車両通行帯が3以上の信号交差点への進入路。原付一種はこの方向から右折するとき二段階右折。※推定（現地の標識が優先）","cond":"","src":"兵庫県警/JARTIC交通規制情報（車両通行帯＋信号機から推定）","uk":"28000000000000000000008747200001","confidence":"estimated","koma":34}},{"type":"Feature","geometry":{"type":"LineString","coordinates":[[135.20462,34.69253],[135.20484,34.69272],[135.20414,34.69294],[135.20458,34.69205]]},"properties":{"layer":"two_stage_likely_line","city":"神戸市","lanes":3,"title":"二段階右折 の可能性（片側3車線・信号交差点）","uk":"28000000000000000000008747300001","confidence":"estimated","koma":16}},{"type":"Feature","geometry":{"type":"Point","coordinates":[135.20458,34.69205]},"properties":{"layer":"two_stage_likely","city":"神戸市","lanes":3,"title":"二段階右折（推定）片側3車線","detail":"車両通行帯が3以上の信号交差点への進入路。原付一種はこの方向から右折するとき二段階右折。※推定（現地の標識が優先）","cond":"","src":"兵庫県警/JARTIC交通規制情報（車両通行帯＋信号機から推定）","uk":"28000000000000000000008747300001","confidence":"estimated","koma":16}},{"type":"Feature","geometry":{"type":"LineString","coordinates":[[135.20256,34.6922],[135.2024,34.69245],[135.20301,34.69225],[135.20247,34.69173]]},"properties":{"layer":"two_stage_likely_line","city":"神戸市","lanes":3,"title":"二段階右折 の可能性（片側3車線・信号交差点）","uk":"28000000000000000000008747600001","confidence":"estimated","koma":null}},{"type":"Feature","geometry":{"type":"Point","coordinates":[135.20247,34.69173]},"properties":{"layer":"two_stage_likely","city":"神戸市","lanes":3,"title":"二段階右折（推定）片側3車線","detail":"車両通行帯が3以上の信号交差点への進入路。原付一種はこの方向から右折するとき二段階右折。※推定（現地の標識が優先）","cond":"","src":"兵庫県警/JARTIC交通規制情報（車両通行帯＋信号機から推定）","uk":"28000000000000000000008747600001","confidence":"estimated","koma":null}},{"type":"Feature","geometry":{"type":"LineString","coordinates":[[135.08108,34.7352],[135.08023,34.73492]]},"properties":{"layer":"two_stage_likely_line","city":"神戸市","lanes":4,"title":"二段階右折 の可能性（片側4車線・信号交差点）","uk":"28000000000000000000008748200001","confidence":"estimated","koma":null}},{"type":"Feature","geometry":{"type":"Point","coordinates":[135.08023,34.73492]},"properties":{"layer":"two_stage_likely","city":"神戸市","lanes":4,"title":"二段階右折（推定）片側4車線","detail":"車両通行帯が3以上の信号交差点への進入路。原付一種はこの方向から右折するとき二段階右折。※推定（現地の標識が優先）","cond":"","src":"兵庫県警/JARTIC交通規制情報（車両通行帯＋信号機から推定）","uk":"28000000000000000000008748200001","confidence":"estimated","koma":null}},{"type":"Feature","geometry":{"type":"LineString","coordinates":[[134.9804,34.66856],[134.97991,34.66855]]},"properties":{"layer":"two_stage_likely_line","city":"神戸市","lanes":4,"title":"二段階右折 の可能性（片側4車線・信号交差点）","uk":"28000000000000000000008748600001","confidence":"estimated","koma":null}},{"type":"Feature","geometry":{"type":"Point","coordinates":[134.97991,34.66855]},"properties":{"layer":"two_stage_likely","city":"神戸市","lanes":4,"title":"二段階右折（推定）片側4車線","detail":"車両通行帯が3以上の信号交差点への進入路。原付一種はこの方向から右折するとき二段階右折。※推定（現地の標識が優先）","cond":"","src":"兵庫県警/JARTIC交通規制情報（車両通行帯＋信号機から推定）","uk":"28000000000000000000008748600001","confidence":"estimated","koma":null}},{"type":"Feature","geometry":{"type":"LineString","coordinates":[[135.00261,34.66502],[135.00251,34.66531]]},"properties":{"layer":"two_stage_likely_line","city":"神戸市","lanes":4,"title":"二段階右折 の可能性（片側4車線・信号交差点）","uk":"28000000000000000000008749400001","confidence":"estimated","koma":null}},{"type":"Feature","geometry":{"type":"Point","coordinates":[135.00251,34.66531]},"properties":{"layer":"two_stage_likely","city":"神戸市","lanes":4,"title":"二段階右折（推定）片側4車線","detail":"車両通行帯が3以上の信号交差点への進入路。原付一種はこの方向から右折するとき二段階右折。※推定（現地の標識が優先）","cond":"","src":"兵庫県警/JARTIC交通規制情報（車両通行帯＋信号機から推定）","uk":"28000000000000000000008749400001","confidence":"estimated","koma":null}},{"type":"Feature","geometry":{"type":"LineString","coordinates":[[135.02273,34.67427],[135.02253,34.67461]]},"properties":{"layer":"two_stage_likely_line","city":"神戸市","lanes":4,"title":"二段階右折 の可能性（片側4車線・信号交差点）","uk":"28000000000000000000008750000001","confidence":"estimated","koma":null}},{"type":"Feature","geometry":{"type":"Point","coordinates":[135.02253,34.67461]},"properties":{"layer":"two_stage_likely","city":"神戸市","lanes":4,"title":"二段階右折（推定）片側4車線","detail":"車両通行帯が3以上の信号交差点への進入路。原付一種はこの方向から右折するとき二段階右折。※推定（現地の標識が優先）","cond":"","src":"兵庫県警/JARTIC交通規制情報（車両通行帯＋信号機から推定）","uk":"28000000000000000000008750000001","confidence":"estimated","koma":null}},{"type":"Feature","geometry":{"type":"LineString","coordinates":[[135.00583,34.66508],[135.00562,34.66487]]},"properties":{"layer":"two_stage_likely_line","city":"神戸市","lanes":4,"title":"二段階右折 の可能性（片側4車線・信号交差点）","uk":"28000000000000000000008750400001","confidence":"estimated","koma":null}},{"type":"Feature","geometry":{"type":"Point","coordinates":[135.00562,34.66487]},"properties":{"layer":"two_stage_likely","city":"神戸市","lanes":4,"title":"二段階右折（推定）片側4車線","detail":"車両通行帯が3以上の信号交差点への進入路。原付一種はこの方向から右折するとき二段階右折。※推定（現地の標識が優先）","cond":"","src":"兵庫県警/JARTIC交通規制情報（車両通行帯＋信号機から推定）","uk":"28000000000000000000008750400001","confidence":"estimated","koma":null}},{"type":"Feature","geometry":{"type":"LineString","coordinates":[[135.0049,34.71313],[135.00507,34.71341]]},"properties":{"layer":"two_stage_likely_line","city":"神戸市","lanes":4,"title":"二段階右折 の可能性（片側4車線・信号交差点）","uk":"28000000000000000000008750700001","confidence":"estimated","koma":null}},{"type":"Feature","geometry":{"type":"Point","coordinates":[135.00507,34.71341]},"properties":{"layer":"two_stage_likely","city":"神戸市","lanes":4,"title":"二段階右折（推定）片側4車線","detail":"車両通行帯が3以上の信号交差点への進入路。原付一種はこの方向から右折するとき二段階右折。※推定（現地の標識が優先）","cond":"","src":"兵庫県警/JARTIC交通規制情報（車両通行帯＋信号機から推定）","uk":"28000000000000000000008750700001","confidence":"estimated","koma":null}},{"type":"Feature","geometry":{"type":"LineString","coordinates":[[135.0024,34.71503],[135.00215,34.71474]]},"properties":{"layer":"two_stage_likely_line","city":"神戸市","lanes":4,"title":"二段階右折 の可能性（片側4車線・信号交差点）","uk":"28000000000000000000008750800001","confidence":"estimated","koma":null}},{"type":"Feature","geometry":{"type":"Point","coordinates":[135.00215,34.71474]},"properties":{"layer":"two_stage_likely","city":"神戸市","lanes":4,"title":"二段階右折（推定）片側4車線","detail":"車両通行帯が3以上の信号交差点への進入路。原付一種はこの方向から右折するとき二段階右折。※推定（現地の標識が優先）","cond":"","src":"兵庫県警/JARTIC交通規制情報（車両通行帯＋信号機から推定）","uk":"28000000000000000000008750800001","confidence":"estimated","koma":null}},{"type":"Feature","geometry":{"type":"LineString","coordinates":[[135.02536,34.67449],[135.02548,34.67459]]},"properties":{"layer":"two_stage_likely_line","city":"神戸市","lanes":3,"title":"二段階右折 の可能性（片側3車線・信号交差点）","uk":"28000000000000000000008751200001","confidence":"estimated","koma":null}},{"type":"Feature","geometry":{"type":"Point","coordinates":[135.02548,34.67459]},"properties":{"layer":"two_stage_likely","city":"神戸市","lanes":3,"title":"二段階右折（推定）片側3車線","detail":"車両通行帯が3以上の信号交差点への進入路。原付一種はこの方向から右折するとき二段階右折。※推定（現地の標識が優先）","cond":"","src":"兵庫県警/JARTIC交通規制情報（車両通行帯＋信号機から推定）","uk":"28000000000000000000008751200001","confidence":"estimated","koma":null}},{"type":"Feature","geometry":{"type":"LineString","coordinates":[[135.02539,34.67062],[135.02561,34.67008]]},"properties":{"layer":"two_stage_likely_line","city":"神戸市","lanes":3,"title":"二段階右折 の可能性（片側3車線・信号交差点）","uk":"28000000000000000000008752100001","confidence":"estimated","koma":null}},{"type":"Feature","geometry":{"type":"Point","coordinates":[135.02561,34.67008]},"properties":{"layer":"two_stage_likely","city":"神戸市","lanes":3,"title":"二段階右折（推定）片側3車線","detail":"車両通行帯が3以上の信号交差点への進入路。原付一種はこの方向から右折するとき二段階右折。※推定（現地の標識が優先）","cond":"","src":"兵庫県警/JARTIC交通規制情報（車両通行帯＋信号機から推定）","uk":"28000000000000000000008752100001","confidence":"estimated","koma":null}},{"type":"Feature","geometry":{"type":"LineString","coordinates":[[135.02033,34.72205],[135.01987,34.72218]]},"properties":{"layer":"two_stage_likely_line","city":"神戸市","lanes":3,"title":"二段階右折 の可能性（片側3車線・信号交差点）","uk":"28000000000000000000008752500001","confidence":"estimated","koma":9}},{"type":"Feature","geometry":{"type":"Point","coordinates":[135.01987,34.72218]},"properties":{"layer":"two_stage_likely","city":"神戸市","lanes":3,"title":"二段階右折（推定）片側3車線","detail":"車両通行帯が3以上の信号交差点への進入路。原付一種はこの方向から右折するとき二段階右折。※推定（現地の標識が優先）","cond":"","src":"兵庫県警/JARTIC交通規制情報（車両通行帯＋信号機から推定）","uk":"28000000000000000000008752500001","confidence":"estimated","koma":9}},{"type":"Feature","geometry":{"type":"LineString","coordinates":[[135.02114,34.71618],[135.0211,34.71676]]},"properties":{"layer":"two_stage_likely_line","city":"神戸市","lanes":3,"title":"二段階右折 の可能性（片側3車線・信号交差点）","uk":"28000000000000000000008752600001","confidence":"estimated","koma":null}},{"type":"Feature","geometry":{"type":"Point","coordinates":[135.0211,34.71676]},"properties":{"layer":"two_stage_likely","city":"神戸市","lanes":3,"title":"二段階右折（推定）片側3車線","detail":"車両通行帯が3以上の信号交差点への進入路。原付一種はこの方向から右折するとき二段階右折。※推定（現地の標識が優先）","cond":"","src":"兵庫県警/JARTIC交通規制情報（車両通行帯＋信号機から推定）","uk":"28000000000000000000008752600001","confidence":"estimated","koma":null}},{"type":"Feature","geometry":{"type":"LineString","coordinates":[[135.05704,34.69345],[135.05676,34.69367]]},"properties":{"layer":"two_stage_likely_line","city":"神戸市","lanes":4,"title":"二段階右折 の可能性（片側4車線・信号交差点）","uk":"28000000000000000000008752900001","confidence":"estimated","koma":null}},{"type":"Feature","geometry":{"type":"Point","coordinates":[135.05676,34.69367]},"properties":{"layer":"two_stage_likely","city":"神戸市","lanes":4,"title":"二段階右折（推定）片側4車線","detail":"車両通行帯が3以上の信号交差点への進入路。原付一種はこの方向から右折するとき二段階右折。※推定（現地の標識が優先）","cond":"","src":"兵庫県警/JARTIC交通規制情報（車両通行帯＋信号機から推定）","uk":"28000000000000000000008752900001","confidence":"estimated","koma":null}},{"type":"Feature","geometry":{"type":"LineString","coordinates":[[135.01718,34.73065],[135.01664,34.7304]]},"properties":{"layer":"two_stage_likely_line","city":"神戸市","lanes":3,"title":"二段階右折 の可能性（片側3車線・信号交差点）","uk":"28000000000000000000008753200001","confidence":"estimated","koma":null}},{"type":"Feature","geometry":{"type":"Point","coordinates":[135.01664,34.7304]},"properties":{"layer":"two_stage_likely","city":"神戸市","lanes":3,"title":"二段階右折（推定）片側3車線","detail":"車両通行帯が3以上の信号交差点への進入路。原付一種はこの方向から右折するとき二段階右折。※推定（現地の標識が優先）","cond":"","src":"兵庫県警/JARTIC交通規制情報（車両通行帯＋信号機から推定）","uk":"28000000000000000000008753200001","confidence":"estimated","koma":null}},{"type":"Feature","geometry":{"type":"LineString","coordinates":[[135.00723,34.711],[135.00733,34.71133]]},"properties":{"layer":"two_stage_likely_line","city":"神戸市","lanes":4,"title":"二段階右折 の可能性（片側4車線・信号交差点）","uk":"28000000000000000000008753300001","confidence":"estimated","koma":null}},{"type":"Feature","geometry":{"type":"Point","coordinates":[135.00733,34.71133]},"properties":{"layer":"two_stage_likely","city":"神戸市","lanes":4,"title":"二段階右折（推定）片側4車線","detail":"車両通行帯が3以上の信号交差点への進入路。原付一種はこの方向から右折するとき二段階右折。※推定（現地の標識が優先）","cond":"","src":"兵庫県警/JARTIC交通規制情報（車両通行帯＋信号機から推定）","uk":"28000000000000000000008753300001","confidence":"estimated","koma":null}},{"type":"Feature","geometry":{"type":"LineString","coordinates":[[135.02045,34.72038],[135.02045,34.7198]]},"properties":{"layer":"two_stage_likely_line","city":"神戸市","lanes":3,"title":"二段階右折 の可能性（片側3車線・信号交差点）","uk":"28000000000000000000008753700001","confidence":"estimated","koma":4}},{"type":"Feature","geometry":{"type":"Point","coordinates":[135.02045,34.7198]},"properties":{"layer":"two_stage_likely","city":"神戸市","lanes":3,"title":"二段階右折（推定）片側3車線","detail":"車両通行帯が3以上の信号交差点への進入路。原付一種はこの方向から右折するとき二段階右折。※推定（現地の標識が優先）","cond":"","src":"兵庫県警/JARTIC交通規制情報（車両通行帯＋信号機から推定）","uk":"28000000000000000000008753700001","confidence":"estimated","koma":4}},{"type":"Feature","geometry":{"type":"LineString","coordinates":[[135.01629,34.71989],[135.01548,34.71934]]},"properties":{"layer":"two_stage_likely_line","city":"神戸市","lanes":4,"title":"二段階右折 の可能性（片側4車線・信号交差点）","uk":"28000000000000000000008753800001","confidence":"estimated","koma":null}},{"type":"Feature","geometry":{"type":"Point","coordinates":[135.01548,34.71934]},"properties":{"layer":"two_stage_likely","city":"神戸市","lanes":4,"title":"二段階右折（推定）片側4車線","detail":"車両通行帯が3以上の信号交差点への進入路。原付一種はこの方向から右折するとき二段階右折。※推定（現地の標識が優先）","cond":"","src":"兵庫県警/JARTIC交通規制情報（車両通行帯＋信号機から推定）","uk":"28000000000000000000008753800001","confidence":"estimated","koma":null}},{"type":"Feature","geometry":{"type":"LineString","coordinates":[[135.0133,34.72742],[135.01318,34.72716],[135.01294,34.72714],[135.01354,34.72682],[135.01263,34.72725]]},"properties":{"layer":"two_stage_likely_line","city":"神戸市","lanes":3,"title":"二段階右折 の可能性（片側3車線・信号交差点）","uk":"28000000000000000000008753900001","confidence":"estimated","koma":null}},{"type":"Feature","geometry":{"type":"Point","coordinates":[135.01263,34.72725]},"properties":{"layer":"two_stage_likely","city":"神戸市","lanes":3,"title":"二段階右折（推定）片側3車線","detail":"車両通行帯が3以上の信号交差点への進入路。原付一種はこの方向から右折するとき二段階右折。※推定（現地の標識が優先）","cond":"","src":"兵庫県警/JARTIC交通規制情報（車両通行帯＋信号機から推定）","uk":"28000000000000000000008753900001","confidence":"estimated","koma":null}},{"type":"Feature","geometry":{"type":"LineString","coordinates":[[135.0478,34.70024],[135.04773,34.70064]]},"properties":{"layer":"two_stage_likely_line","city":"神戸市","lanes":4,"title":"二段階右折 の可能性（片側4車線・信号交差点）","uk":"28000000000000000000008754700001","confidence":"estimated","koma":17}},{"type":"Feature","geometry":{"type":"Point","coordinates":[135.04773,34.70064]},"properties":{"layer":"two_stage_likely","city":"神戸市","lanes":4,"title":"二段階右折（推定）片側4車線","detail":"車両通行帯が3以上の信号交差点への進入路。原付一種はこの方向から右折するとき二段階右折。※推定（現地の標識が優先）","cond":"","src":"兵庫県警/JARTIC交通規制情報（車両通行帯＋信号機から推定）","uk":"28000000000000000000008754700001","confidence":"estimated","koma":17}},{"type":"Feature","geometry":{"type":"LineString","coordinates":[[135.05197,34.70224],[135.05169,34.70188]]},"properties":{"layer":"two_stage_likely_line","city":"神戸市","lanes":4,"title":"二段階右折 の可能性（片側4車線・信号交差点）","uk":"28000000000000000000008754800001","confidence":"estimated","koma":18}},{"type":"Feature","geometry":{"type":"Point","coordinates":[135.05169,34.70188]},"properties":{"layer":"two_stage_likely","city":"神戸市","lanes":4,"title":"二段階右折（推定）片側4車線","detail":"車両通行帯が3以上の信号交差点への進入路。原付一種はこの方向から右折するとき二段階右折。※推定（現地の標識が優先）","cond":"","src":"兵庫県警/JARTIC交通規制情報（車両通行帯＋信号機から推定）","uk":"28000000000000000000008754800001","confidence":"estimated","koma":18}},{"type":"Feature","geometry":{"type":"LineString","coordinates":[[135.00919,34.73967],[135.00968,34.73978]]},"properties":{"layer":"two_stage_likely_line","city":"神戸市","lanes":3,"title":"二段階右折 の可能性（片側3車線・信号交差点）","uk":"28000000000000000000008755300001","confidence":"estimated","koma":null}},{"type":"Feature","geometry":{"type":"Point","coordinates":[135.00968,34.73978]},"properties":{"layer":"two_stage_likely","city":"神戸市","lanes":3,"title":"二段階右折（推定）片側3車線","detail":"車両通行帯が3以上の信号交差点への進入路。原付一種はこの方向から右折するとき二段階右折。※推定（現地の標識が優先）","cond":"","src":"兵庫県警/JARTIC交通規制情報（車両通行帯＋信号機から推定）","uk":"28000000000000000000008755300001","confidence":"estimated","koma":null}},{"type":"Feature","geometry":{"type":"LineString","coordinates":[[134.99109,34.66164],[134.99086,34.6613]]},"properties":{"layer":"two_stage_likely_line","city":"神戸市","lanes":4,"title":"二段階右折 の可能性（片側4車線・信号交差点）","uk":"28000000000000000000008755800001","confidence":"estimated","koma":null}},{"type":"Feature","geometry":{"type":"Point","coordinates":[134.99086,34.6613]},"properties":{"layer":"two_stage_likely","city":"神戸市","lanes":4,"title":"二段階右折（推定）片側4車線","detail":"車両通行帯が3以上の信号交差点への進入路。原付一種はこの方向から右折するとき二段階右折。※推定（現地の標識が優先）","cond":"","src":"兵庫県警/JARTIC交通規制情報（車両通行帯＋信号機から推定）","uk":"28000000000000000000008755800001","confidence":"estimated","koma":null}},{"type":"Feature","geometry":{"type":"LineString","coordinates":[[134.97334,34.66942],[134.97301,34.66961]]},"properties":{"layer":"two_stage_likely_line","city":"神戸市","lanes":3,"title":"二段階右折 の可能性（片側3車線・信号交差点）","uk":"28000000000000000000008755900001","confidence":"estimated","koma":18}},{"type":"Feature","geometry":{"type":"Point","coordinates":[134.97301,34.66961]},"properties":{"layer":"two_stage_likely","city":"神戸市","lanes":3,"title":"二段階右折（推定）片側3車線","detail":"車両通行帯が3以上の信号交差点への進入路。原付一種はこの方向から右折するとき二段階右折。※推定（現地の標識が優先）","cond":"","src":"兵庫県警/JARTIC交通規制情報（車両通行帯＋信号機から推定）","uk":"28000000000000000000008755900001","confidence":"estimated","koma":18}},{"type":"Feature","geometry":{"type":"LineString","coordinates":[[135.03586,34.66964],[135.03638,34.66977]]},"properties":{"layer":"two_stage_likely_line","city":"神戸市","lanes":3,"title":"二段階右折 の可能性（片側3車線・信号交差点）","uk":"28000000000000000000008756100001","confidence":"estimated","koma":null}},{"type":"Feature","geometry":{"type":"Point","coordinates":[135.03638,34.66977]},"properties":{"layer":"two_stage_likely","city":"神戸市","lanes":3,"title":"二段階右折（推定）片側3車線","detail":"車両通行帯が3以上の信号交差点への進入路。原付一種はこの方向から右折するとき二段階右折。※推定（現地の標識が優先）","cond":"","src":"兵庫県警/JARTIC交通規制情報（車両通行帯＋信号機から推定）","uk":"28000000000000000000008756100001","confidence":"estimated","koma":null}},{"type":"Feature","geometry":{"type":"LineString","coordinates":[[134.93926,34.70998],[134.93935,34.70967]]},"properties":{"layer":"two_stage_likely_line","city":"神戸市","lanes":3,"title":"二段階右折 の可能性（片側3車線・信号交差点）","uk":"28000000000000000000008756200001","confidence":"estimated","koma":null}},{"type":"Feature","geometry":{"type":"Point","coordinates":[134.93935,34.70967]},"properties":{"layer":"two_stage_likely","city":"神戸市","lanes":3,"title":"二段階右折（推定）片側3車線","detail":"車両通行帯が3以上の信号交差点への進入路。原付一種はこの方向から右折するとき二段階右折。※推定（現地の標識が優先）","cond":"","src":"兵庫県警/JARTIC交通規制情報（車両通行帯＋信号機から推定）","uk":"28000000000000000000008756200001","confidence":"estimated","koma":null}},{"type":"Feature","geometry":{"type":"LineString","coordinates":[[135.07444,34.73685],[135.0744,34.7364]]},"properties":{"layer":"two_stage_likely_line","city":"神戸市","lanes":3,"title":"二段階右折 の可能性（片側3車線・信号交差点）","uk":"28000000000000000000008756300001","confidence":"estimated","koma":null}},{"type":"Feature","geometry":{"type":"Point","coordinates":[135.0744,34.7364]},"properties":{"layer":"two_stage_likely","city":"神戸市","lanes":3,"title":"二段階右折（推定）片側3車線","detail":"車両通行帯が3以上の信号交差点への進入路。原付一種はこの方向から右折するとき二段階右折。※推定（現地の標識が優先）","cond":"","src":"兵庫県警/JARTIC交通規制情報（車両通行帯＋信号機から推定）","uk":"28000000000000000000008756300001","confidence":"estimated","koma":null}},{"type":"Feature","geometry":{"type":"LineString","coordinates":[[135.0802,34.69476],[135.07969,34.69451]]},"properties":{"layer":"two_stage_likely_line","city":"神戸市","lanes":3,"title":"二段階右折 の可能性（片側3車線・信号交差点）","uk":"28000000000000000000008756400001","confidence":"estimated","koma":7}},{"type":"Feature","geometry":{"type":"Point","coordinates":[135.07969,34.69451]},"properties":{"layer":"two_stage_likely","city":"神戸市","lanes":3,"title":"二段階右折（推定）片側3車線","detail":"車両通行帯が3以上の信号交差点への進入路。原付一種はこの方向から右折するとき二段階右折。※推定（現地の標識が優先）","cond":"","src":"兵庫県警/JARTIC交通規制情報（車両通行帯＋信号機から推定）","uk":"28000000000000000000008756400001","confidence":"estimated","koma":7}},{"type":"Feature","geometry":{"type":"LineString","coordinates":[[135.05516,34.70212],[135.0548,34.7025]]},"properties":{"layer":"two_stage_likely_line","city":"神戸市","lanes":4,"title":"二段階右折 の可能性（片側4車線・信号交差点）","uk":"28000000000000000000008756600001","confidence":"estimated","koma":null}},{"type":"Feature","geometry":{"type":"Point","coordinates":[135.0548,34.7025]},"properties":{"layer":"two_stage_likely","city":"神戸市","lanes":4,"title":"二段階右折（推定）片側4車線","detail":"車両通行帯が3以上の信号交差点への進入路。原付一種はこの方向から右折するとき二段階右折。※推定（現地の標識が優先）","cond":"","src":"兵庫県警/JARTIC交通規制情報（車両通行帯＋信号機から推定）","uk":"28000000000000000000008756600001","confidence":"estimated","koma":null}},{"type":"Feature","geometry":{"type":"LineString","coordinates":[[135.0261,34.7389],[135.02666,34.73929]]},"properties":{"layer":"two_stage_likely_line","city":"神戸市","lanes":3,"title":"二段階右折 の可能性（片側3車線・信号交差点）","uk":"28000000000000000000008756800001","confidence":"estimated","koma":21}},{"type":"Feature","geometry":{"type":"Point","coordinates":[135.02666,34.73929]},"properties":{"layer":"two_stage_likely","city":"神戸市","lanes":3,"title":"二段階右折（推定）片側3車線","detail":"車両通行帯が3以上の信号交差点への進入路。原付一種はこの方向から右折するとき二段階右折。※推定（現地の標識が優先）","cond":"","src":"兵庫県警/JARTIC交通規制情報（車両通行帯＋信号機から推定）","uk":"28000000000000000000008756800001","confidence":"estimated","koma":21}},{"type":"Feature","geometry":{"type":"LineString","coordinates":[[135.01305,34.74161],[135.01354,34.74165]]},"properties":{"layer":"two_stage_likely_line","city":"神戸市","lanes":3,"title":"二段階右折 の可能性（片側3車線・信号交差点）","uk":"28000000000000000000008756900001","confidence":"estimated","koma":11}},{"type":"Feature","geometry":{"type":"Point","coordinates":[135.01354,34.74165]},"properties":{"layer":"two_stage_likely","city":"神戸市","lanes":3,"title":"二段階右折（推定）片側3車線","detail":"車両通行帯が3以上の信号交差点への進入路。原付一種はこの方向から右折するとき二段階右折。※推定（現地の標識が優先）","cond":"","src":"兵庫県警/JARTIC交通規制情報（車両通行帯＋信号機から推定）","uk":"28000000000000000000008756900001","confidence":"estimated","koma":11}},{"type":"Feature","geometry":{"type":"LineString","coordinates":[[135.01359,34.72306],[135.01319,34.72322]]},"properties":{"layer":"two_stage_likely_line","city":"神戸市","lanes":3,"title":"二段階右折 の可能性（片側3車線・信号交差点）","uk":"28000000000000000000008757300001","confidence":"estimated","koma":23}},{"type":"Feature","geometry":{"type":"Point","coordinates":[135.01319,34.72322]},"properties":{"layer":"two_stage_likely","city":"神戸市","lanes":3,"title":"二段階右折（推定）片側3車線","detail":"車両通行帯が3以上の信号交差点への進入路。原付一種はこの方向から右折するとき二段階右折。※推定（現地の標識が優先）","cond":"","src":"兵庫県警/JARTIC交通規制情報（車両通行帯＋信号機から推定）","uk":"28000000000000000000008757300001","confidence":"estimated","koma":23}},{"type":"Feature","geometry":{"type":"LineString","coordinates":[[134.97618,34.68313],[134.97592,34.68274]]},"properties":{"layer":"two_stage_likely_line","city":"神戸市","lanes":3,"title":"二段階右折 の可能性（片側3車線・信号交差点）","uk":"28000000000000000000008757600001","confidence":"estimated","koma":null}},{"type":"Feature","geometry":{"type":"Point","coordinates":[134.97592,34.68274]},"properties":{"layer":"two_stage_likely","city":"神戸市","lanes":3,"title":"二段階右折（推定）片側3車線","detail":"車両通行帯が3以上の信号交差点への進入路。原付一種はこの方向から右折するとき二段階右折。※推定（現地の標識が優先）","cond":"","src":"兵庫県警/JARTIC交通規制情報（車両通行帯＋信号機から推定）","uk":"28000000000000000000008757600001","confidence":"estimated","koma":null}},{"type":"Feature","geometry":{"type":"LineString","coordinates":[[135.0175,34.71614],[135.01673,34.71612]]},"properties":{"layer":"two_stage_likely_line","city":"神戸市","lanes":4,"title":"二段階右折 の可能性（片側4車線・信号交差点）","uk":"28000000000000000000008757900001","confidence":"estimated","koma":null}},{"type":"Feature","geometry":{"type":"Point","coordinates":[135.01673,34.71612]},"properties":{"layer":"two_stage_likely","city":"神戸市","lanes":4,"title":"二段階右折（推定）片側4車線","detail":"車両通行帯が3以上の信号交差点への進入路。原付一種はこの方向から右折するとき二段階右折。※推定（現地の標識が優先）","cond":"","src":"兵庫県警/JARTIC交通規制情報（車両通行帯＋信号機から推定）","uk":"28000000000000000000008757900001","confidence":"estimated","koma":null}},{"type":"Feature","geometry":{"type":"LineString","coordinates":[[134.98275,34.70306],[134.98287,34.70358]]},"properties":{"layer":"two_stage_likely_line","city":"神戸市","lanes":3,"title":"二段階右折 の可能性（片側3車線・信号交差点）","uk":"28000000000000000000008758100001","confidence":"estimated","koma":null}},{"type":"Feature","geometry":{"type":"Point","coordinates":[134.98287,34.70358]},"properties":{"layer":"two_stage_likely","city":"神戸市","lanes":3,"title":"二段階右折（推定）片側3車線","detail":"車両通行帯が3以上の信号交差点への進入路。原付一種はこの方向から右折するとき二段階右折。※推定（現地の標識が優先）","cond":"","src":"兵庫県警/JARTIC交通規制情報（車両通行帯＋信号機から推定）","uk":"28000000000000000000008758100001","confidence":"estimated","koma":null}},{"type":"Feature","geometry":{"type":"LineString","coordinates":[[135.00965,34.72529],[135.00919,34.72513],[135.00939,34.72551]]},"properties":{"layer":"two_stage_likely_line","city":"神戸市","lanes":4,"title":"二段階右折 の可能性（片側4車線・信号交差点）","uk":"28000000000000000000008758200001","confidence":"estimated","koma":25}},{"type":"Feature","geometry":{"type":"Point","coordinates":[135.00939,34.72551]},"properties":{"layer":"two_stage_likely","city":"神戸市","lanes":4,"title":"二段階右折（推定）片側4車線","detail":"車両通行帯が3以上の信号交差点への進入路。原付一種はこの方向から右折するとき二段階右折。※推定（現地の標識が優先）","cond":"","src":"兵庫県警/JARTIC交通規制情報（車両通行帯＋信号機から推定）","uk":"28000000000000000000008758200001","confidence":"estimated","koma":25}},{"type":"Feature","geometry":{"type":"LineString","coordinates":[[134.99604,34.70209],[134.99557,34.70166]]},"properties":{"layer":"two_stage_likely_line","city":"神戸市","lanes":4,"title":"二段階右折 の可能性（片側4車線・信号交差点）","uk":"28000000000000000000008758300001","confidence":"estimated","koma":null}},{"type":"Feature","geometry":{"type":"Point","coordinates":[134.99557,34.70166]},"properties":{"layer":"two_stage_likely","city":"神戸市","lanes":4,"title":"二段階右折（推定）片側4車線","detail":"車両通行帯が3以上の信号交差点への進入路。原付一種はこの方向から右折するとき二段階右折。※推定（現地の標識が優先）","cond":"","src":"兵庫県警/JARTIC交通規制情報（車両通行帯＋信号機から推定）","uk":"28000000000000000000008758300001","confidence":"estimated","koma":null}},{"type":"Feature","geometry":{"type":"LineString","coordinates":[[135.03635,34.70288],[135.03653,34.70249]]},"properties":{"layer":"two_stage_likely_line","city":"神戸市","lanes":4,"title":"二段階右折 の可能性（片側4車線・信号交差点）","uk":"28000000000000000000008758800001","confidence":"estimated","koma":null}},{"type":"Feature","geometry":{"type":"Point","coordinates":[135.03653,34.70249]},"properties":{"layer":"two_stage_likely","city":"神戸市","lanes":4,"title":"二段階右折（推定）片側4車線","detail":"車両通行帯が3以上の信号交差点への進入路。原付一種はこの方向から右折するとき二段階右折。※推定（現地の標識が優先）","cond":"","src":"兵庫県警/JARTIC交通規制情報（車両通行帯＋信号機から推定）","uk":"28000000000000000000008758800001","confidence":"estimated","koma":null}},{"type":"Feature","geometry":{"type":"LineString","coordinates":[[135.03164,34.70135],[135.03129,34.70152]]},"properties":{"layer":"two_stage_likely_line","city":"神戸市","lanes":4,"title":"二段階右折 の可能性（片側4車線・信号交差点）","uk":"28000000000000000000008759300001","confidence":"estimated","koma":null}},{"type":"Feature","geometry":{"type":"Point","coordinates":[135.03129,34.70152]},"properties":{"layer":"two_stage_likely","city":"神戸市","lanes":4,"title":"二段階右折（推定）片側4車線","detail":"車両通行帯が3以上の信号交差点への進入路。原付一種はこの方向から右折するとき二段階右折。※推定（現地の標識が優先）","cond":"","src":"兵庫県警/JARTIC交通規制情報（車両通行帯＋信号機から推定）","uk":"28000000000000000000008759300001","confidence":"estimated","koma":null}},{"type":"Feature","geometry":{"type":"LineString","coordinates":[[135.03931,34.70045],[135.03917,34.70027],[135.03926,34.70067]]},"properties":{"layer":"two_stage_likely_line","city":"神戸市","lanes":3,"title":"二段階右折 の可能性（片側3車線・信号交差点）","uk":"28000000000000000000008759400001","confidence":"estimated","koma":28}},{"type":"Feature","geometry":{"type":"Point","coordinates":[135.03926,34.70067]},"properties":{"layer":"two_stage_likely","city":"神戸市","lanes":3,"title":"二段階右折（推定）片側3車線","detail":"車両通行帯が3以上の信号交差点への進入路。原付一種はこの方向から右折するとき二段階右折。※推定（現地の標識が優先）","cond":"","src":"兵庫県警/JARTIC交通規制情報（車両通行帯＋信号機から推定）","uk":"28000000000000000000008759400001","confidence":"estimated","koma":28}},{"type":"Feature","geometry":{"type":"LineString","coordinates":[[135.01595,34.72087],[135.01584,34.72129]]},"properties":{"layer":"two_stage_likely_line","city":"神戸市","lanes":3,"title":"二段階右折 の可能性（片側3車線・信号交差点）","uk":"28000000000000000000008759900001","confidence":"estimated","koma":24}},{"type":"Feature","geometry":{"type":"Point","coordinates":[135.01584,34.72129]},"properties":{"layer":"two_stage_likely","city":"神戸市","lanes":3,"title":"二段階右折（推定）片側3車線","detail":"車両通行帯が3以上の信号交差点への進入路。原付一種はこの方向から右折するとき二段階右折。※推定（現地の標識が優先）","cond":"","src":"兵庫県警/JARTIC交通規制情報（車両通行帯＋信号機から推定）","uk":"28000000000000000000008759900001","confidence":"estimated","koma":24}},{"type":"Feature","geometry":{"type":"LineString","coordinates":[[135.04201,34.70162],[135.04197,34.70139],[135.04179,34.70132],[135.04234,34.70115]]},"properties":{"layer":"two_stage_likely_line","city":"神戸市","lanes":3,"title":"二段階右折 の可能性（片側3車線・信号交差点）","uk":"28000000000000000000008760100001","confidence":"estimated","koma":25}},{"type":"Feature","geometry":{"type":"Point","coordinates":[135.04234,34.70115]},"properties":{"layer":"two_stage_likely","city":"神戸市","lanes":3,"title":"二段階右折（推定）片側3車線","detail":"車両通行帯が3以上の信号交差点への進入路。原付一種はこの方向から右折するとき二段階右折。※推定（現地の標識が優先）","cond":"","src":"兵庫県警/JARTIC交通規制情報（車両通行帯＋信号機から推定）","uk":"28000000000000000000008760100001","confidence":"estimated","koma":25}},{"type":"Feature","geometry":{"type":"LineString","coordinates":[[134.99478,34.68271],[134.99469,34.68255],[134.99527,34.68271],[134.99472,34.68288]]},"properties":{"layer":"two_stage_likely_line","city":"神戸市","lanes":4,"title":"二段階右折 の可能性（片側4車線・信号交差点）","uk":"28000000000000000000008760500001","confidence":"estimated","koma":null}},{"type":"Feature","geometry":{"type":"Point","coordinates":[134.99472,34.68288]},"properties":{"layer":"two_stage_likely","city":"神戸市","lanes":4,"title":"二段階右折（推定）片側4車線","detail":"車両通行帯が3以上の信号交差点への進入路。原付一種はこの方向から右折するとき二段階右折。※推定（現地の標識が優先）","cond":"","src":"兵庫県警/JARTIC交通規制情報（車両通行帯＋信号機から推定）","uk":"28000000000000000000008760500001","confidence":"estimated","koma":null}},{"type":"Feature","geometry":{"type":"LineString","coordinates":[[135.03441,34.73105],[135.03404,34.73063]]},"properties":{"layer":"two_stage_likely_line","city":"神戸市","lanes":4,"title":"二段階右折 の可能性（片側4車線・信号交差点）","uk":"28000000000000000000008760600001","confidence":"estimated","koma":null}},{"type":"Feature","geometry":{"type":"Point","coordinates":[135.03404,34.73063]},"properties":{"layer":"two_stage_likely","city":"神戸市","lanes":4,"title":"二段階右折（推定）片側4車線","detail":"車両通行帯が3以上の信号交差点への進入路。原付一種はこの方向から右折するとき二段階右折。※推定（現地の標識が優先）","cond":"","src":"兵庫県警/JARTIC交通規制情報（車両通行帯＋信号機から推定）","uk":"28000000000000000000008760600001","confidence":"estimated","koma":null}},{"type":"Feature","geometry":{"type":"LineString","coordinates":[[135.07195,34.74622],[135.07169,34.74666]]},"properties":{"layer":"two_stage_likely_line","city":"神戸市","lanes":3,"title":"二段階右折 の可能性（片側3車線・信号交差点）","uk":"28000000000000000000008760900001","confidence":"estimated","koma":12}},{"type":"Feature","geometry":{"type":"Point","coordinates":[135.07169,34.74666]},"properties":{"layer":"two_stage_likely","city":"神戸市","lanes":3,"title":"二段階右折（推定）片側3車線","detail":"車両通行帯が3以上の信号交差点への進入路。原付一種はこの方向から右折するとき二段階右折。※推定（現地の標識が優先）","cond":"","src":"兵庫県警/JARTIC交通規制情報（車両通行帯＋信号機から推定）","uk":"28000000000000000000008760900001","confidence":"estimated","koma":12}},{"type":"Feature","geometry":{"type":"LineString","coordinates":[[134.97424,34.71368],[134.97409,34.71422]]},"properties":{"layer":"two_stage_likely_line","city":"神戸市","lanes":3,"title":"二段階右折 の可能性（片側3車線・信号交差点）","uk":"28000000000000000000008761500001","confidence":"estimated","koma":null}},{"type":"Feature","geometry":{"type":"Point","coordinates":[134.97409,34.71422]},"properties":{"layer":"two_stage_likely","city":"神戸市","lanes":3,"title":"二段階右折（推定）片側3車線","detail":"車両通行帯が3以上の信号交差点への進入路。原付一種はこの方向から右折するとき二段階右折。※推定（現地の標識が優先）","cond":"","src":"兵庫県警/JARTIC交通規制情報（車両通行帯＋信号機から推定）","uk":"28000000000000000000008761500001","confidence":"estimated","koma":null}},{"type":"Feature","geometry":{"type":"LineString","coordinates":[[134.98892,34.74147],[134.98854,34.74165]]},"properties":{"layer":"two_stage_likely_line","city":"神戸市","lanes":3,"title":"二段階右折 の可能性（片側3車線・信号交差点）","uk":"28000000000000000000008761800001","confidence":"estimated","koma":null}},{"type":"Feature","geometry":{"type":"Point","coordinates":[134.98854,34.74165]},"properties":{"layer":"two_stage_likely","city":"神戸市","lanes":3,"title":"二段階右折（推定）片側3車線","detail":"車両通行帯が3以上の信号交差点への進入路。原付一種はこの方向から右折するとき二段階右折。※推定（現地の標識が優先）","cond":"","src":"兵庫県警/JARTIC交通規制情報（車両通行帯＋信号機から推定）","uk":"28000000000000000000008761800001","confidence":"estimated","koma":null}},{"type":"Feature","geometry":{"type":"LineString","coordinates":[[135.0399,34.7215],[135.0401,34.72065],[135.03965,34.72095]]},"properties":{"layer":"two_stage_likely_line","city":"神戸市","lanes":3,"title":"二段階右折 の可能性（片側3車線・信号交差点）","uk":"28000000000000000000008761900001","confidence":"estimated","koma":null}},{"type":"Feature","geometry":{"type":"Point","coordinates":[135.03965,34.72095]},"properties":{"layer":"two_stage_likely","city":"神戸市","lanes":3,"title":"二段階右折（推定）片側3車線","detail":"車両通行帯が3以上の信号交差点への進入路。原付一種はこの方向から右折するとき二段階右折。※推定（現地の標識が優先）","cond":"","src":"兵庫県警/JARTIC交通規制情報（車両通行帯＋信号機から推定）","uk":"28000000000000000000008761900001","confidence":"estimated","koma":null}},{"type":"Feature","geometry":{"type":"LineString","coordinates":[[135.03635,34.75682],[135.03666,34.75693],[135.03632,34.75694]]},"properties":{"layer":"two_stage_likely_line","city":"神戸市","lanes":4,"title":"二段階右折 の可能性（片側4車線・信号交差点）","uk":"28000000000000000000008762000001","confidence":"estimated","koma":null}},{"type":"Feature","geometry":{"type":"Point","coordinates":[135.03632,34.75694]},"properties":{"layer":"two_stage_likely","city":"神戸市","lanes":4,"title":"二段階右折（推定）片側4車線","detail":"車両通行帯が3以上の信号交差点への進入路。原付一種はこの方向から右折するとき二段階右折。※推定（現地の標識が優先）","cond":"","src":"兵庫県警/JARTIC交通規制情報（車両通行帯＋信号機から推定）","uk":"28000000000000000000008762000001","confidence":"estimated","koma":null}},{"type":"Feature","geometry":{"type":"LineString","coordinates":[[134.94072,34.70952],[134.94083,34.70992]]},"properties":{"layer":"two_stage_likely_line","city":"神戸市","lanes":3,"title":"二段階右折 の可能性（片側3車線・信号交差点）","uk":"28000000000000000000008762200001","confidence":"estimated","koma":16}},{"type":"Feature","geometry":{"type":"Point","coordinates":[134.94083,34.70992]},"properties":{"layer":"two_stage_likely","city":"神戸市","lanes":3,"title":"二段階右折（推定）片側3車線","detail":"車両通行帯が3以上の信号交差点への進入路。原付一種はこの方向から右折するとき二段階右折。※推定（現地の標識が優先）","cond":"","src":"兵庫県警/JARTIC交通規制情報（車両通行帯＋信号機から推定）","uk":"28000000000000000000008762200001","confidence":"estimated","koma":16}},{"type":"Feature","geometry":{"type":"LineString","coordinates":[[134.98339,34.6958],[134.98287,34.69572]]},"properties":{"layer":"two_stage_likely_line","city":"神戸市","lanes":3,"title":"二段階右折 の可能性（片側3車線・信号交差点）","uk":"28000000000000000000008762700001","confidence":"estimated","koma":15}},{"type":"Feature","geometry":{"type":"Point","coordinates":[134.98287,34.69572]},"properties":{"layer":"two_stage_likely","city":"神戸市","lanes":3,"title":"二段階右折（推定）片側3車線","detail":"車両通行帯が3以上の信号交差点への進入路。原付一種はこの方向から右折するとき二段階右折。※推定（現地の標識が優先）","cond":"","src":"兵庫県警/JARTIC交通規制情報（車両通行帯＋信号機から推定）","uk":"28000000000000000000008762700001","confidence":"estimated","koma":15}},{"type":"Feature","geometry":{"type":"LineString","coordinates":[[135.04219,34.68711],[135.04244,34.68735]]},"properties":{"layer":"two_stage_likely_line","city":"神戸市","lanes":3,"title":"二段階右折 の可能性（片側3車線・信号交差点）","uk":"28000000000000000000008763000001","confidence":"estimated","koma":null}},{"type":"Feature","geometry":{"type":"Point","coordinates":[135.04244,34.68735]},"properties":{"layer":"two_stage_likely","city":"神戸市","lanes":3,"title":"二段階右折（推定）片側3車線","detail":"車両通行帯が3以上の信号交差点への進入路。原付一種はこの方向から右折するとき二段階右折。※推定（現地の標識が優先）","cond":"","src":"兵庫県警/JARTIC交通規制情報（車両通行帯＋信号機から推定）","uk":"28000000000000000000008763000001","confidence":"estimated","koma":null}},{"type":"Feature","geometry":{"type":"LineString","coordinates":[[135.02873,34.69777],[135.02864,34.69762],[135.02891,34.69772]]},"properties":{"layer":"two_stage_likely_line","city":"神戸市","lanes":3,"title":"二段階右折 の可能性（片側3車線・信号交差点）","uk":"28000000000000000000008763200001","confidence":"estimated","koma":null}},{"type":"Feature","geometry":{"type":"Point","coordinates":[135.02891,34.69772]},"properties":{"layer":"two_stage_likely","city":"神戸市","lanes":3,"title":"二段階右折（推定）片側3車線","detail":"車両通行帯が3以上の信号交差点への進入路。原付一種はこの方向から右折するとき二段階右折。※推定（現地の標識が優先）","cond":"","src":"兵庫県警/JARTIC交通規制情報（車両通行帯＋信号機から推定）","uk":"28000000000000000000008763200001","confidence":"estimated","koma":null}},{"type":"Feature","geometry":{"type":"LineString","coordinates":[[135.03531,34.7056],[135.03484,34.70536]]},"properties":{"layer":"two_stage_likely_line","city":"神戸市","lanes":4,"title":"二段階右折 の可能性（片側4車線・信号交差点）","uk":"28000000000000000000008763300001","confidence":"estimated","koma":null}},{"type":"Feature","geometry":{"type":"Point","coordinates":[135.03484,34.70536]},"properties":{"layer":"two_stage_likely","city":"神戸市","lanes":4,"title":"二段階右折（推定）片側4車線","detail":"車両通行帯が3以上の信号交差点への進入路。原付一種はこの方向から右折するとき二段階右折。※推定（現地の標識が優先）","cond":"","src":"兵庫県警/JARTIC交通規制情報（車両通行帯＋信号機から推定）","uk":"28000000000000000000008763300001","confidence":"estimated","koma":null}},{"type":"Feature","geometry":{"type":"LineString","coordinates":[[135.0278,34.69946],[135.02736,34.69939]]},"properties":{"layer":"two_stage_likely_line","city":"神戸市","lanes":4,"title":"二段階右折 の可能性（片側4車線・信号交差点）","uk":"28000000000000000000008763500001","confidence":"estimated","koma":null}},{"type":"Feature","geometry":{"type":"Point","coordinates":[135.02736,34.69939]},"properties":{"layer":"two_stage_likely","city":"神戸市","lanes":4,"title":"二段階右折（推定）片側4車線","detail":"車両通行帯が3以上の信号交差点への進入路。原付一種はこの方向から右折するとき二段階右折。※推定（現地の標識が優先）","cond":"","src":"兵庫県警/JARTIC交通規制情報（車両通行帯＋信号機から推定）","uk":"28000000000000000000008763500001","confidence":"estimated","koma":null}},{"type":"Feature","geometry":{"type":"LineString","coordinates":[[135.05549,34.70532],[135.05534,34.70492]]},"properties":{"layer":"two_stage_likely_line","city":"神戸市","lanes":4,"title":"二段階右折 の可能性（片側4車線・信号交差点）","uk":"28000000000000000000008763600001","confidence":"estimated","koma":23}},{"type":"Feature","geometry":{"type":"Point","coordinates":[135.05534,34.70492]},"properties":{"layer":"two_stage_likely","city":"神戸市","lanes":4,"title":"二段階右折（推定）片側4車線","detail":"車両通行帯が3以上の信号交差点への進入路。原付一種はこの方向から右折するとき二段階右折。※推定（現地の標識が優先）","cond":"","src":"兵庫県警/JARTIC交通規制情報（車両通行帯＋信号機から推定）","uk":"28000000000000000000008763600001","confidence":"estimated","koma":23}},{"type":"Feature","geometry":{"type":"LineString","coordinates":[[135.09027,34.6994],[135.09034,34.69902]]},"properties":{"layer":"two_stage_likely_line","city":"神戸市","lanes":3,"title":"二段階右折 の可能性（片側3車線・信号交差点）","uk":"28000000000000000000008763900001","confidence":"estimated","koma":null}},{"type":"Feature","geometry":{"type":"Point","coordinates":[135.09034,34.69902]},"properties":{"layer":"two_stage_likely","city":"神戸市","lanes":3,"title":"二段階右折（推定）片側3車線","detail":"車両通行帯が3以上の信号交差点への進入路。原付一種はこの方向から右折するとき二段階右折。※推定（現地の標識が優先）","cond":"","src":"兵庫県警/JARTIC交通規制情報（車両通行帯＋信号機から推定）","uk":"28000000000000000000008763900001","confidence":"estimated","koma":null}},{"type":"Feature","geometry":{"type":"LineString","coordinates":[[135.07634,34.74125],[135.07707,34.74176]]},"properties":{"layer":"two_stage_likely_line","city":"神戸市","lanes":3,"title":"二段階右折 の可能性（片側3車線・信号交差点）","uk":"28000000000000000000008764000001","confidence":"estimated","koma":21}},{"type":"Feature","geometry":{"type":"Point","coordinates":[135.07634,34.74125]},"properties":{"layer":"two_stage_likely","city":"神戸市","lanes":3,"title":"二段階右折（推定）片側3車線","detail":"車両通行帯が3以上の信号交差点への進入路。原付一種はこの方向から右折するとき二段階右折。※推定（現地の標識が優先）","cond":"","src":"兵庫県警/JARTIC交通規制情報（車両通行帯＋信号機から推定）","uk":"28000000000000000000008764000001","confidence":"estimated","koma":21}},{"type":"Feature","geometry":{"type":"LineString","coordinates":[[135.02552,34.69425],[135.02534,34.69411],[135.02553,34.69446]]},"properties":{"layer":"two_stage_likely_line","city":"神戸市","lanes":4,"title":"二段階右折 の可能性（片側4車線・信号交差点）","uk":"28000000000000000000008764300001","confidence":"estimated","koma":null}},{"type":"Feature","geometry":{"type":"Point","coordinates":[135.02553,34.69446]},"properties":{"layer":"two_stage_likely","city":"神戸市","lanes":4,"title":"二段階右折（推定）片側4車線","detail":"車両通行帯が3以上の信号交差点への進入路。原付一種はこの方向から右折するとき二段階右折。※推定（現地の標識が優先）","cond":"","src":"兵庫県警/JARTIC交通規制情報（車両通行帯＋信号機から推定）","uk":"28000000000000000000008764300001","confidence":"estimated","koma":null}},{"type":"Feature","geometry":{"type":"LineString","coordinates":[[135.02665,34.69291],[135.02688,34.69325]]},"properties":{"layer":"two_stage_likely_line","city":"神戸市","lanes":3,"title":"二段階右折 の可能性（片側3車線・信号交差点）","uk":"28000000000000000000008764700001","confidence":"estimated","koma":21}},{"type":"Feature","geometry":{"type":"Point","coordinates":[135.02688,34.69325]},"properties":{"layer":"two_stage_likely","city":"神戸市","lanes":3,"title":"二段階右折（推定）片側3車線","detail":"車両通行帯が3以上の信号交差点への進入路。原付一種はこの方向から右折するとき二段階右折。※推定（現地の標識が優先）","cond":"","src":"兵庫県警/JARTIC交通規制情報（車両通行帯＋信号機から推定）","uk":"28000000000000000000008764700001","confidence":"estimated","koma":21}},{"type":"Feature","geometry":{"type":"LineString","coordinates":[[134.99225,34.66673],[134.99216,34.66688]]},"properties":{"layer":"two_stage_likely_line","city":"神戸市","lanes":4,"title":"二段階右折 の可能性（片側4車線・信号交差点）","uk":"28000000000000000000008765300001","confidence":"estimated","koma":null}},{"type":"Feature","geometry":{"type":"Point","coordinates":[134.99216,34.66688]},"properties":{"layer":"two_stage_likely","city":"神戸市","lanes":4,"title":"二段階右折（推定）片側4車線","detail":"車両通行帯が3以上の信号交差点への進入路。原付一種はこの方向から右折するとき二段階右折。※推定（現地の標識が優先）","cond":"","src":"兵庫県警/JARTIC交通規制情報（車両通行帯＋信号機から推定）","uk":"28000000000000000000008765300001","confidence":"estimated","koma":null}},{"type":"Feature","geometry":{"type":"LineString","coordinates":[[134.98417,34.74394],[134.98412,34.7434]]},"properties":{"layer":"two_stage_likely_line","city":"神戸市","lanes":4,"title":"二段階右折 の可能性（片側4車線・信号交差点）","uk":"28000000000000000000008765400001","confidence":"estimated","koma":null}},{"type":"Feature","geometry":{"type":"Point","coordinates":[134.98412,34.7434]},"properties":{"layer":"two_stage_likely","city":"神戸市","lanes":4,"title":"二段階右折（推定）片側4車線","detail":"車両通行帯が3以上の信号交差点への進入路。原付一種はこの方向から右折するとき二段階右折。※推定（現地の標識が優先）","cond":"","src":"兵庫県警/JARTIC交通規制情報（車両通行帯＋信号機から推定）","uk":"28000000000000000000008765400001","confidence":"estimated","koma":null}},{"type":"Feature","geometry":{"type":"LineString","coordinates":[[134.98312,34.74861],[134.98302,34.74925]]},"properties":{"layer":"two_stage_likely_line","city":"神戸市","lanes":4,"title":"二段階右折 の可能性（片側4車線・信号交差点）","uk":"28000000000000000000008765500001","confidence":"estimated","koma":null}},{"type":"Feature","geometry":{"type":"Point","coordinates":[134.98302,34.74925]},"properties":{"layer":"two_stage_likely","city":"神戸市","lanes":4,"title":"二段階右折（推定）片側4車線","detail":"車両通行帯が3以上の信号交差点への進入路。原付一種はこの方向から右折するとき二段階右折。※推定（現地の標識が優先）","cond":"","src":"兵庫県警/JARTIC交通規制情報（車両通行帯＋信号機から推定）","uk":"28000000000000000000008765500001","confidence":"estimated","koma":null}},{"type":"Feature","geometry":{"type":"LineString","coordinates":[[135.05778,34.70644],[135.05747,34.70582]]},"properties":{"layer":"two_stage_likely_line","city":"神戸市","lanes":4,"title":"二段階右折 の可能性（片側4車線・信号交差点）","uk":"28000000000000000000008766000001","confidence":"estimated","koma":null}},{"type":"Feature","geometry":{"type":"Point","coordinates":[135.05747,34.70582]},"properties":{"layer":"two_stage_likely","city":"神戸市","lanes":4,"title":"二段階右折（推定）片側4車線","detail":"車両通行帯が3以上の信号交差点への進入路。原付一種はこの方向から右折するとき二段階右折。※推定（現地の標識が優先）","cond":"","src":"兵庫県警/JARTIC交通規制情報（車両通行帯＋信号機から推定）","uk":"28000000000000000000008766000001","confidence":"estimated","koma":null}},{"type":"Feature","geometry":{"type":"LineString","coordinates":[[135.05706,34.70635],[135.05656,34.7068]]},"properties":{"layer":"two_stage_likely_line","city":"神戸市","lanes":3,"title":"二段階右折 の可能性（片側3車線・信号交差点）","uk":"28000000000000000000008766100001","confidence":"estimated","koma":null}},{"type":"Feature","geometry":{"type":"Point","coordinates":[135.05706,34.70635]},"properties":{"layer":"two_stage_likely","city":"神戸市","lanes":3,"title":"二段階右折（推定）片側3車線","detail":"車両通行帯が3以上の信号交差点への進入路。原付一種はこの方向から右折するとき二段階右折。※推定（現地の標識が優先）","cond":"","src":"兵庫県警/JARTIC交通規制情報（車両通行帯＋信号機から推定）","uk":"28000000000000000000008766100001","confidence":"estimated","koma":null}},{"type":"Feature","geometry":{"type":"LineString","coordinates":[[134.98265,34.68212],[134.98234,34.6823]]},"properties":{"layer":"two_stage_likely_line","city":"神戸市","lanes":3,"title":"二段階右折 の可能性（片側3車線・信号交差点）","uk":"28000000000000000000008767100001","confidence":"estimated","koma":24}},{"type":"Feature","geometry":{"type":"Point","coordinates":[134.98234,34.6823]},"properties":{"layer":"two_stage_likely","city":"神戸市","lanes":3,"title":"二段階右折（推定）片側3車線","detail":"車両通行帯が3以上の信号交差点への進入路。原付一種はこの方向から右折するとき二段階右折。※推定（現地の標識が優先）","cond":"","src":"兵庫県警/JARTIC交通規制情報（車両通行帯＋信号機から推定）","uk":"28000000000000000000008767100001","confidence":"estimated","koma":24}},{"type":"Feature","geometry":{"type":"LineString","coordinates":[[135.04382,34.68803],[135.04441,34.68799]]},"properties":{"layer":"two_stage_likely_line","city":"神戸市","lanes":4,"title":"二段階右折 の可能性（片側4車線・信号交差点）","uk":"28000000000000000000008767500001","confidence":"estimated","koma":null}},{"type":"Feature","geometry":{"type":"Point","coordinates":[135.04441,34.68799]},"properties":{"layer":"two_stage_likely","city":"神戸市","lanes":4,"title":"二段階右折（推定）片側4車線","detail":"車両通行帯が3以上の信号交差点への進入路。原付一種はこの方向から右折するとき二段階右折。※推定（現地の標識が優先）","cond":"","src":"兵庫県警/JARTIC交通規制情報（車両通行帯＋信号機から推定）","uk":"28000000000000000000008767500001","confidence":"estimated","koma":null}},{"type":"Feature","geometry":{"type":"LineString","coordinates":[[135.08318,34.72743],[135.08324,34.72695]]},"properties":{"layer":"two_stage_likely_line","city":"神戸市","lanes":3,"title":"二段階右折 の可能性（片側3車線・信号交差点）","uk":"28000000000000000000008768600001","confidence":"estimated","koma":null}},{"type":"Feature","geometry":{"type":"Point","coordinates":[135.08324,34.72695]},"properties":{"layer":"two_stage_likely","city":"神戸市","lanes":3,"title":"二段階右折（推定）片側3車線","detail":"車両通行帯が3以上の信号交差点への進入路。原付一種はこの方向から右折するとき二段階右折。※推定（現地の標識が優先）","cond":"","src":"兵庫県警/JARTIC交通規制情報（車両通行帯＋信号機から推定）","uk":"28000000000000000000008768600001","confidence":"estimated","koma":null}},{"type":"Feature","geometry":{"type":"LineString","coordinates":[[135.08697,34.73784],[135.08673,34.73831]]},"properties":{"layer":"two_stage_likely_line","city":"神戸市","lanes":4,"title":"二段階右折 の可能性（片側4車線・信号交差点）","uk":"28000000000000000000008768700001","confidence":"estimated","koma":null}},{"type":"Feature","geometry":{"type":"Point","coordinates":[135.08673,34.73831]},"properties":{"layer":"two_stage_likely","city":"神戸市","lanes":4,"title":"二段階右折（推定）片側4車線","detail":"車両通行帯が3以上の信号交差点への進入路。原付一種はこの方向から右折するとき二段階右折。※推定（現地の標識が優先）","cond":"","src":"兵庫県警/JARTIC交通規制情報（車両通行帯＋信号機から推定）","uk":"28000000000000000000008768700001","confidence":"estimated","koma":null}},{"type":"Feature","geometry":{"type":"LineString","coordinates":[[135.04646,34.7137],[135.04668,34.71405]]},"properties":{"layer":"two_stage_likely_line","city":"神戸市","lanes":3,"title":"二段階右折 の可能性（片側3車線・信号交差点）","uk":"28000000000000000000008768900001","confidence":"estimated","koma":null}},{"type":"Feature","geometry":{"type":"Point","coordinates":[135.04668,34.71405]},"properties":{"layer":"two_stage_likely","city":"神戸市","lanes":3,"title":"二段階右折（推定）片側3車線","detail":"車両通行帯が3以上の信号交差点への進入路。原付一種はこの方向から右折するとき二段階右折。※推定（現地の標識が優先）","cond":"","src":"兵庫県警/JARTIC交通規制情報（車両通行帯＋信号機から推定）","uk":"28000000000000000000008768900001","confidence":"estimated","koma":null}},{"type":"Feature","geometry":{"type":"LineString","coordinates":[[135.04013,34.7097],[135.03965,34.70951]]},"properties":{"layer":"two_stage_likely_line","city":"神戸市","lanes":4,"title":"二段階右折 の可能性（片側4車線・信号交差点）","uk":"28000000000000000000008769100001","confidence":"estimated","koma":null}},{"type":"Feature","geometry":{"type":"Point","coordinates":[135.03965,34.70951]},"properties":{"layer":"two_stage_likely","city":"神戸市","lanes":4,"title":"二段階右折（推定）片側4車線","detail":"車両通行帯が3以上の信号交差点への進入路。原付一種はこの方向から右折するとき二段階右折。※推定（現地の標識が優先）","cond":"","src":"兵庫県警/JARTIC交通規制情報（車両通行帯＋信号機から推定）","uk":"28000000000000000000008769100001","confidence":"estimated","koma":null}},{"type":"Feature","geometry":{"type":"LineString","coordinates":[[135.04184,34.71026],[135.04163,34.71064]]},"properties":{"layer":"two_stage_likely_line","city":"神戸市","lanes":4,"title":"二段階右折 の可能性（片側4車線・信号交差点）","uk":"28000000000000000000008769200001","confidence":"estimated","koma":null}},{"type":"Feature","geometry":{"type":"Point","coordinates":[135.04163,34.71064]},"properties":{"layer":"two_stage_likely","city":"神戸市","lanes":4,"title":"二段階右折（推定）片側4車線","detail":"車両通行帯が3以上の信号交差点への進入路。原付一種はこの方向から右折するとき二段階右折。※推定（現地の標識が優先）","cond":"","src":"兵庫県警/JARTIC交通規制情報（車両通行帯＋信号機から推定）","uk":"28000000000000000000008769200001","confidence":"estimated","koma":null}},{"type":"Feature","geometry":{"type":"LineString","coordinates":[[134.98335,34.71217],[134.98317,34.71176]]},"properties":{"layer":"two_stage_likely_line","city":"神戸市","lanes":3,"title":"二段階右折 の可能性（片側3車線・信号交差点）","uk":"28000000000000000000008769500001","confidence":"estimated","koma":null}},{"type":"Feature","geometry":{"type":"Point","coordinates":[134.98317,34.71176]},"properties":{"layer":"two_stage_likely","city":"神戸市","lanes":3,"title":"二段階右折（推定）片側3車線","detail":"車両通行帯が3以上の信号交差点への進入路。原付一種はこの方向から右折するとき二段階右折。※推定（現地の標識が優先）","cond":"","src":"兵庫県警/JARTIC交通規制情報（車両通行帯＋信号機から推定）","uk":"28000000000000000000008769500001","confidence":"estimated","koma":null}},{"type":"Feature","geometry":{"type":"LineString","coordinates":[[135.03213,34.67869],[135.03128,34.67888]]},"properties":{"layer":"two_stage_likely_line","city":"神戸市","lanes":4,"title":"二段階右折 の可能性（片側4車線・信号交差点）","uk":"28000000000000000000008769800001","confidence":"estimated","koma":null}},{"type":"Feature","geometry":{"type":"Point","coordinates":[135.03128,34.67888]},"properties":{"layer":"two_stage_likely","city":"神戸市","lanes":4,"title":"二段階右折（推定）片側4車線","detail":"車両通行帯が3以上の信号交差点への進入路。原付一種はこの方向から右折するとき二段階右折。※推定（現地の標識が優先）","cond":"","src":"兵庫県警/JARTIC交通規制情報（車両通行帯＋信号機から推定）","uk":"28000000000000000000008769800001","confidence":"estimated","koma":null}},{"type":"Feature","geometry":{"type":"LineString","coordinates":[[134.98202,34.67799],[134.98189,34.67746]]},"properties":{"layer":"two_stage_likely_line","city":"神戸市","lanes":3,"title":"二段階右折 の可能性（片側3車線・信号交差点）","uk":"28000000000000000000008770000001","confidence":"estimated","koma":null}},{"type":"Feature","geometry":{"type":"Point","coordinates":[134.98189,34.67746]},"properties":{"layer":"two_stage_likely","city":"神戸市","lanes":3,"title":"二段階右折（推定）片側3車線","detail":"車両通行帯が3以上の信号交差点への進入路。原付一種はこの方向から右折するとき二段階右折。※推定（現地の標識が優先）","cond":"","src":"兵庫県警/JARTIC交通規制情報（車両通行帯＋信号機から推定）","uk":"28000000000000000000008770000001","confidence":"estimated","koma":null}},{"type":"Feature","geometry":{"type":"LineString","coordinates":[[135.08339,34.73279],[135.0828,34.7325]]},"properties":{"layer":"two_stage_likely_line","city":"神戸市","lanes":3,"title":"二段階右折 の可能性（片側3車線・信号交差点）","uk":"28000000000000000000008770700001","confidence":"estimated","koma":8}},{"type":"Feature","geometry":{"type":"Point","coordinates":[135.0828,34.7325]},"properties":{"layer":"two_stage_likely","city":"神戸市","lanes":3,"title":"二段階右折（推定）片側3車線","detail":"車両通行帯が3以上の信号交差点への進入路。原付一種はこの方向から右折するとき二段階右折。※推定（現地の標識が優先）","cond":"","src":"兵庫県警/JARTIC交通規制情報（車両通行帯＋信号機から推定）","uk":"28000000000000000000008770700001","confidence":"estimated","koma":8}},{"type":"Feature","geometry":{"type":"LineString","coordinates":[[135.01702,34.66321],[135.01654,34.6634]]},"properties":{"layer":"two_stage_likely_line","city":"神戸市","lanes":4,"title":"二段階右折 の可能性（片側4車線・信号交差点）","uk":"28000000000000000000008771600001","confidence":"estimated","koma":null}},{"type":"Feature","geometry":{"type":"Point","coordinates":[135.01654,34.6634]},"properties":{"layer":"two_stage_likely","city":"神戸市","lanes":4,"title":"二段階右折（推定）片側4車線","detail":"車両通行帯が3以上の信号交差点への進入路。原付一種はこの方向から右折するとき二段階右折。※推定（現地の標識が優先）","cond":"","src":"兵庫県警/JARTIC交通規制情報（車両通行帯＋信号機から推定）","uk":"28000000000000000000008771600001","confidence":"estimated","koma":null}},{"type":"Feature","geometry":{"type":"LineString","coordinates":[[134.98587,34.74161],[134.98529,34.74163]]},"properties":{"layer":"two_stage_likely_line","city":"神戸市","lanes":3,"title":"二段階右折 の可能性（片側3車線・信号交差点）","uk":"28000000000000000000008772000001","confidence":"estimated","koma":null}},{"type":"Feature","geometry":{"type":"Point","coordinates":[134.98529,34.74163]},"properties":{"layer":"two_stage_likely","city":"神戸市","lanes":3,"title":"二段階右折（推定）片側3車線","detail":"車両通行帯が3以上の信号交差点への進入路。原付一種はこの方向から右折するとき二段階右折。※推定（現地の標識が優先）","cond":"","src":"兵庫県警/JARTIC交通規制情報（車両通行帯＋信号機から推定）","uk":"28000000000000000000008772000001","confidence":"estimated","koma":null}},{"type":"Feature","geometry":{"type":"LineString","coordinates":[[135.07055,34.6822],[135.07102,34.68207]]},"properties":{"layer":"two_stage_likely_line","city":"神戸市","lanes":4,"title":"二段階右折 の可能性（片側4車線・信号交差点）","uk":"28000000000000000000008773000001","confidence":"estimated","koma":null}},{"type":"Feature","geometry":{"type":"Point","coordinates":[135.07102,34.68207]},"properties":{"layer":"two_stage_likely","city":"神戸市","lanes":4,"title":"二段階右折（推定）片側4車線","detail":"車両通行帯が3以上の信号交差点への進入路。原付一種はこの方向から右折するとき二段階右折。※推定（現地の標識が優先）","cond":"","src":"兵庫県警/JARTIC交通規制情報（車両通行帯＋信号機から推定）","uk":"28000000000000000000008773000001","confidence":"estimated","koma":null}},{"type":"Feature","geometry":{"type":"LineString","coordinates":[[134.99762,34.70611],[134.99739,34.70565]]},"properties":{"layer":"two_stage_likely_line","city":"神戸市","lanes":4,"title":"二段階右折 の可能性（片側4車線・信号交差点）","uk":"28000000000000000000008774100001","confidence":"estimated","koma":null}},{"type":"Feature","geometry":{"type":"Point","coordinates":[134.99739,34.70565]},"properties":{"layer":"two_stage_likely","city":"神戸市","lanes":4,"title":"二段階右折（推定）片側4車線","detail":"車両通行帯が3以上の信号交差点への進入路。原付一種はこの方向から右折するとき二段階右折。※推定（現地の標識が優先）","cond":"","src":"兵庫県警/JARTIC交通規制情報（車両通行帯＋信号機から推定）","uk":"28000000000000000000008774100001","confidence":"estimated","koma":null}},{"type":"Feature","geometry":{"type":"LineString","coordinates":[[134.99478,34.67903],[134.99441,34.67868]]},"properties":{"layer":"two_stage_likely_line","city":"神戸市","lanes":4,"title":"二段階右折 の可能性（片側4車線・信号交差点）","uk":"28000000000000000000014943400001","confidence":"estimated","koma":null}},{"type":"Feature","geometry":{"type":"Point","coordinates":[134.99441,34.67868]},"properties":{"layer":"two_stage_likely","city":"神戸市","lanes":4,"title":"二段階右折（推定）片側4車線","detail":"車両通行帯が3以上の信号交差点への進入路。原付一種はこの方向から右折するとき二段階右折。※推定（現地の標識が優先）","cond":"","src":"兵庫県警/JARTIC交通規制情報（車両通行帯＋信号機から推定）","uk":"28000000000000000000014943400001","confidence":"estimated","koma":null}},{"type":"Feature","geometry":{"type":"LineString","coordinates":[[134.99382,34.67053],[134.99367,34.67049]]},"properties":{"layer":"two_stage_likely_line","city":"神戸市","lanes":4,"title":"二段階右折 の可能性（片側4車線・信号交差点）","uk":"28000000000000000000014944500001","confidence":"estimated","koma":null}},{"type":"Feature","geometry":{"type":"Point","coordinates":[134.99367,34.67049]},"properties":{"layer":"two_stage_likely","city":"神戸市","lanes":4,"title":"二段階右折（推定）片側4車線","detail":"車両通行帯が3以上の信号交差点への進入路。原付一種はこの方向から右折するとき二段階右折。※推定（現地の標識が優先）","cond":"","src":"兵庫県警/JARTIC交通規制情報（車両通行帯＋信号機から推定）","uk":"28000000000000000000014944500001","confidence":"estimated","koma":null}},{"type":"Feature","geometry":{"type":"LineString","coordinates":[[135.23223,34.86057],[135.23208,34.86091],[135.23198,34.86037],[135.23232,34.85997]]},"properties":{"layer":"two_stage_likely_line","city":"神戸市","lanes":3,"title":"二段階右折 の可能性（片側3車線・信号交差点）","uk":"28000000000000000000008775800001","confidence":"estimated","koma":null}},{"type":"Feature","geometry":{"type":"Point","coordinates":[135.23232,34.85997]},"properties":{"layer":"two_stage_likely","city":"神戸市","lanes":3,"title":"二段階右折（推定）片側3車線","detail":"車両通行帯が3以上の信号交差点への進入路。原付一種はこの方向から右折するとき二段階右折。※推定（現地の標識が優先）","cond":"","src":"兵庫県警/JARTIC交通規制情報（車両通行帯＋信号機から推定）","uk":"28000000000000000000008775800001","confidence":"estimated","koma":null}},{"type":"Feature","geometry":{"type":"LineString","coordinates":[[135.09781,34.81377],[135.09734,34.81368]]},"properties":{"layer":"two_stage_likely_line","city":"神戸市","lanes":3,"title":"二段階右折 の可能性（片側3車線・信号交差点）","uk":"28000000000000000000008776100001","confidence":"estimated","koma":null}},{"type":"Feature","geometry":{"type":"Point","coordinates":[135.09734,34.81368]},"properties":{"layer":"two_stage_likely","city":"神戸市","lanes":3,"title":"二段階右折（推定）片側3車線","detail":"車両通行帯が3以上の信号交差点への進入路。原付一種はこの方向から右折するとき二段階右折。※推定（現地の標識が優先）","cond":"","src":"兵庫県警/JARTIC交通規制情報（車両通行帯＋信号機から推定）","uk":"28000000000000000000008776100001","confidence":"estimated","koma":null}},{"type":"Feature","geometry":{"type":"LineString","coordinates":[[135.21798,34.81803],[135.21841,34.81811]]},"properties":{"layer":"two_stage_likely_line","city":"神戸市","lanes":3,"title":"二段階右折 の可能性（片側3車線・信号交差点）","uk":"28000000000000000000008777100001","confidence":"estimated","koma":null}},{"type":"Feature","geometry":{"type":"Point","coordinates":[135.21841,34.81811]},"properties":{"layer":"two_stage_likely","city":"神戸市","lanes":3,"title":"二段階右折（推定）片側3車線","detail":"車両通行帯が3以上の信号交差点への進入路。原付一種はこの方向から右折するとき二段階右折。※推定（現地の標識が優先）","cond":"","src":"兵庫県警/JARTIC交通規制情報（車両通行帯＋信号機から推定）","uk":"28000000000000000000008777100001","confidence":"estimated","koma":null}},{"type":"Feature","geometry":{"type":"LineString","coordinates":[[135.2121,34.81796],[135.21227,34.81784],[135.21227,34.81834]]},"properties":{"layer":"two_stage_likely_line","city":"神戸市","lanes":3,"title":"二段階右折 の可能性（片側3車線・信号交差点）","uk":"28000000000000000000008777400001","confidence":"estimated","koma":35}},{"type":"Feature","geometry":{"type":"Point","coordinates":[135.21227,34.81834]},"properties":{"layer":"two_stage_likely","city":"神戸市","lanes":3,"title":"二段階右折（推定）片側3車線","detail":"車両通行帯が3以上の信号交差点への進入路。原付一種はこの方向から右折するとき二段階右折。※推定（現地の標識が優先）","cond":"","src":"兵庫県警/JARTIC交通規制情報（車両通行帯＋信号機から推定）","uk":"28000000000000000000008777400001","confidence":"estimated","koma":35}},{"type":"Feature","geometry":{"type":"LineString","coordinates":[[135.20836,34.81541],[135.20875,34.81521]]},"properties":{"layer":"two_stage_likely_line","city":"神戸市","lanes":3,"title":"二段階右折 の可能性（片側3車線・信号交差点）","uk":"28000000000000000000008777500001","confidence":"estimated","koma":4}},{"type":"Feature","geometry":{"type":"Point","coordinates":[135.20875,34.81521]},"properties":{"layer":"two_stage_likely","city":"神戸市","lanes":3,"title":"二段階右折（推定）片側3車線","detail":"車両通行帯が3以上の信号交差点への進入路。原付一種はこの方向から右折するとき二段階右折。※推定（現地の標識が優先）","cond":"","src":"兵庫県警/JARTIC交通規制情報（車両通行帯＋信号機から推定）","uk":"28000000000000000000008777500001","confidence":"estimated","koma":4}},{"type":"Feature","geometry":{"type":"LineString","coordinates":[[135.20335,34.81219],[135.20353,34.8124]]},"properties":{"layer":"two_stage_likely_line","city":"神戸市","lanes":3,"title":"二段階右折 の可能性（片側3車線・信号交差点）","uk":"28000000000000000000008778000001","confidence":"estimated","koma":null}},{"type":"Feature","geometry":{"type":"Point","coordinates":[135.20353,34.8124]},"properties":{"layer":"two_stage_likely","city":"神戸市","lanes":3,"title":"二段階右折（推定）片側3車線","detail":"車両通行帯が3以上の信号交差点への進入路。原付一種はこの方向から右折するとき二段階右折。※推定（現地の標識が優先）","cond":"","src":"兵庫県警/JARTIC交通規制情報（車両通行帯＋信号機から推定）","uk":"28000000000000000000008778000001","confidence":"estimated","koma":null}},{"type":"Feature","geometry":{"type":"LineString","coordinates":[[135.22883,34.83398],[135.2282,34.83432]]},"properties":{"layer":"two_stage_likely_line","city":"神戸市","lanes":4,"title":"二段階右折 の可能性（片側4車線・信号交差点）","uk":"28000000000000000000008779300001","confidence":"estimated","koma":null}},{"type":"Feature","geometry":{"type":"Point","coordinates":[135.2282,34.83432]},"properties":{"layer":"two_stage_likely","city":"神戸市","lanes":4,"title":"二段階右折（推定）片側4車線","detail":"車両通行帯が3以上の信号交差点への進入路。原付一種はこの方向から右折するとき二段階右折。※推定（現地の標識が優先）","cond":"","src":"兵庫県警/JARTIC交通規制情報（車両通行帯＋信号機から推定）","uk":"28000000000000000000008779300001","confidence":"estimated","koma":null}},{"type":"Feature","geometry":{"type":"LineString","coordinates":[[135.21246,34.87367],[135.21213,34.87415]]},"properties":{"layer":"two_stage_likely_line","city":"神戸市","lanes":4,"title":"二段階右折 の可能性（片側4車線・信号交差点）","uk":"28000000000000000000008779400001","confidence":"estimated","koma":null}},{"type":"Feature","geometry":{"type":"Point","coordinates":[135.21213,34.87415]},"properties":{"layer":"two_stage_likely","city":"神戸市","lanes":4,"title":"二段階右折（推定）片側4車線","detail":"車両通行帯が3以上の信号交差点への進入路。原付一種はこの方向から右折するとき二段階右折。※推定（現地の標識が優先）","cond":"","src":"兵庫県警/JARTIC交通規制情報（車両通行帯＋信号機から推定）","uk":"28000000000000000000008779400001","confidence":"estimated","koma":null}},{"type":"Feature","geometry":{"type":"LineString","coordinates":[[135.21593,34.8651],[135.21576,34.86559]]},"properties":{"layer":"two_stage_likely_line","city":"神戸市","lanes":3,"title":"二段階右折 の可能性（片側3車線・信号交差点）","uk":"28000000000000000000008779600001","confidence":"estimated","koma":13}},{"type":"Feature","geometry":{"type":"Point","coordinates":[135.21576,34.86559]},"properties":{"layer":"two_stage_likely","city":"神戸市","lanes":3,"title":"二段階右折（推定）片側3車線","detail":"車両通行帯が3以上の信号交差点への進入路。原付一種はこの方向から右折するとき二段階右折。※推定（現地の標識が優先）","cond":"","src":"兵庫県警/JARTIC交通規制情報（車両通行帯＋信号機から推定）","uk":"28000000000000000000008779600001","confidence":"estimated","koma":13}},{"type":"Feature","geometry":{"type":"LineString","coordinates":[[135.22199,34.82232],[135.22247,34.8223],[135.22268,34.82208]]},"properties":{"layer":"two_stage_likely_line","city":"神戸市","lanes":3,"title":"二段階右折 の可能性（片側3車線・信号交差点）","uk":"28000000000000000000008780300001","confidence":"estimated","koma":null}},{"type":"Feature","geometry":{"type":"Point","coordinates":[135.22268,34.82208]},"properties":{"layer":"two_stage_likely","city":"神戸市","lanes":3,"title":"二段階右折（推定）片側3車線","detail":"車両通行帯が3以上の信号交差点への進入路。原付一種はこの方向から右折するとき二段階右折。※推定（現地の標識が優先）","cond":"","src":"兵庫県警/JARTIC交通規制情報（車両通行帯＋信号機から推定）","uk":"28000000000000000000008780300001","confidence":"estimated","koma":null}},{"type":"Feature","geometry":{"type":"LineString","coordinates":[[135.22205,34.82109],[135.22196,34.82085],[135.22198,34.82124],[135.22235,34.82109],[135.22211,34.82129]]},"properties":{"layer":"two_stage_likely_line","city":"神戸市","lanes":4,"title":"二段階右折 の可能性（片側4車線・信号交差点）","uk":"28000000000000000000008780600001","confidence":"estimated","koma":null}},{"type":"Feature","geometry":{"type":"Point","coordinates":[135.22211,34.82129]},"properties":{"layer":"two_stage_likely","city":"神戸市","lanes":4,"title":"二段階右折（推定）片側4車線","detail":"車両通行帯が3以上の信号交差点への進入路。原付一種はこの方向から右折するとき二段階右折。※推定（現地の標識が優先）","cond":"","src":"兵庫県警/JARTIC交通規制情報（車両通行帯＋信号機から推定）","uk":"28000000000000000000008780600001","confidence":"estimated","koma":null}},{"type":"Feature","geometry":{"type":"LineString","coordinates":[[135.2072,34.81199],[135.20646,34.81211],[135.20711,34.81252]]},"properties":{"layer":"two_stage_likely_line","city":"神戸市","lanes":3,"title":"二段階右折 の可能性（片側3車線・信号交差点）","uk":"28000000000000000000008781100001","confidence":"estimated","koma":45}},{"type":"Feature","geometry":{"type":"Point","coordinates":[135.20711,34.81252]},"properties":{"layer":"two_stage_likely","city":"神戸市","lanes":3,"title":"二段階右折（推定）片側3車線","detail":"車両通行帯が3以上の信号交差点への進入路。原付一種はこの方向から右折するとき二段階右折。※推定（現地の標識が優先）","cond":"","src":"兵庫県警/JARTIC交通規制情報（車両通行帯＋信号機から推定）","uk":"28000000000000000000008781100001","confidence":"estimated","koma":45}},{"type":"Feature","geometry":{"type":"LineString","coordinates":[[135.19114,34.8752],[135.19069,34.87505]]},"properties":{"layer":"two_stage_likely_line","city":"神戸市","lanes":4,"title":"二段階右折 の可能性（片側4車線・信号交差点）","uk":"28000000000000000000008781200001","confidence":"estimated","koma":null}},{"type":"Feature","geometry":{"type":"Point","coordinates":[135.19069,34.87505]},"properties":{"layer":"two_stage_likely","city":"神戸市","lanes":4,"title":"二段階右折（推定）片側4車線","detail":"車両通行帯が3以上の信号交差点への進入路。原付一種はこの方向から右折するとき二段階右折。※推定（現地の標識が優先）","cond":"","src":"兵庫県警/JARTIC交通規制情報（車両通行帯＋信号機から推定）","uk":"28000000000000000000008781200001","confidence":"estimated","koma":null}},{"type":"Feature","geometry":{"type":"LineString","coordinates":[[135.21909,34.85771],[135.21972,34.858]]},"properties":{"layer":"two_stage_likely_line","city":"神戸市","lanes":4,"title":"二段階右折 の可能性（片側4車線・信号交差点）","uk":"28000000000000000000008782100001","confidence":"estimated","koma":null}},{"type":"Feature","geometry":{"type":"Point","coordinates":[135.21972,34.858]},"properties":{"layer":"two_stage_likely","city":"神戸市","lanes":4,"title":"二段階右折（推定）片側4車線","detail":"車両通行帯が3以上の信号交差点への進入路。原付一種はこの方向から右折するとき二段階右折。※推定（現地の標識が優先）","cond":"","src":"兵庫県警/JARTIC交通規制情報（車両通行帯＋信号機から推定）","uk":"28000000000000000000008782100001","confidence":"estimated","koma":null}},{"type":"Feature","geometry":{"type":"LineString","coordinates":[[135.22389,34.86662],[135.22331,34.86654],[135.22383,34.86625]]},"properties":{"layer":"two_stage_likely_line","city":"神戸市","lanes":3,"title":"二段階右折 の可能性（片側3車線・信号交差点）","uk":"28000000000000000000008782300001","confidence":"estimated","koma":null}},{"type":"Feature","geometry":{"type":"Point","coordinates":[135.22383,34.86625]},"properties":{"layer":"two_stage_likely","city":"神戸市","lanes":3,"title":"二段階右折（推定）片側3車線","detail":"車両通行帯が3以上の信号交差点への進入路。原付一種はこの方向から右折するとき二段階右折。※推定（現地の標識が優先）","cond":"","src":"兵庫県警/JARTIC交通規制情報（車両通行帯＋信号機から推定）","uk":"28000000000000000000008782300001","confidence":"estimated","koma":null}},{"type":"Feature","geometry":{"type":"LineString","coordinates":[[135.21828,34.8596],[135.21778,34.85989],[135.21762,34.85905]]},"properties":{"layer":"two_stage_likely_line","city":"神戸市","lanes":4,"title":"二段階右折 の可能性（片側4車線・信号交差点）","uk":"28000000000000000000008782500001","confidence":"estimated","koma":null}},{"type":"Feature","geometry":{"type":"Point","coordinates":[135.21762,34.85905]},"properties":{"layer":"two_stage_likely","city":"神戸市","lanes":4,"title":"二段階右折（推定）片側4車線","detail":"車両通行帯が3以上の信号交差点への進入路。原付一種はこの方向から右折するとき二段階右折。※推定（現地の標識が優先）","cond":"","src":"兵庫県警/JARTIC交通規制情報（車両通行帯＋信号機から推定）","uk":"28000000000000000000008782500001","confidence":"estimated","koma":null}},{"type":"Feature","geometry":{"type":"LineString","coordinates":[[135.21156,34.84275],[135.21133,34.84245],[135.21201,34.84245],[135.21138,34.84345],[135.21202,34.84335]]},"properties":{"layer":"two_stage_likely_line","city":"神戸市","lanes":4,"title":"二段階右折 の可能性（片側4車線・信号交差点）","uk":"28000000000000000000008782700001","confidence":"estimated","koma":null}},{"type":"Feature","geometry":{"type":"Point","coordinates":[135.21202,34.84335]},"properties":{"layer":"two_stage_likely","city":"神戸市","lanes":4,"title":"二段階右折（推定）片側4車線","detail":"車両通行帯が3以上の信号交差点への進入路。原付一種はこの方向から右折するとき二段階右折。※推定（現地の標識が優先）","cond":"","src":"兵庫県警/JARTIC交通規制情報（車両通行帯＋信号機から推定）","uk":"28000000000000000000008782700001","confidence":"estimated","koma":null}},{"type":"Feature","geometry":{"type":"LineString","coordinates":[[135.21037,34.85531],[135.21002,34.85494]]},"properties":{"layer":"two_stage_likely_line","city":"神戸市","lanes":3,"title":"二段階右折 の可能性（片側3車線・信号交差点）","uk":"28000000000000000000008782800001","confidence":"estimated","koma":null}},{"type":"Feature","geometry":{"type":"Point","coordinates":[135.21002,34.85494]},"properties":{"layer":"two_stage_likely","city":"神戸市","lanes":3,"title":"二段階右折（推定）片側3車線","detail":"車両通行帯が3以上の信号交差点への進入路。原付一種はこの方向から右折するとき二段階右折。※推定（現地の標識が優先）","cond":"","src":"兵庫県警/JARTIC交通規制情報（車両通行帯＋信号機から推定）","uk":"28000000000000000000008782800001","confidence":"estimated","koma":null}},{"type":"Feature","geometry":{"type":"LineString","coordinates":[[135.20828,34.85061],[135.20865,34.85059],[135.20801,34.85023]]},"properties":{"layer":"two_stage_likely_line","city":"神戸市","lanes":3,"title":"二段階右折 の可能性（片側3車線・信号交差点）","uk":"28000000000000000000008782900001","confidence":"estimated","koma":44}},{"type":"Feature","geometry":{"type":"Point","coordinates":[135.20801,34.85023]},"properties":{"layer":"two_stage_likely","city":"神戸市","lanes":3,"title":"二段階右折（推定）片側3車線","detail":"車両通行帯が3以上の信号交差点への進入路。原付一種はこの方向から右折するとき二段階右折。※推定（現地の標識が優先）","cond":"","src":"兵庫県警/JARTIC交通規制情報（車両通行帯＋信号機から推定）","uk":"28000000000000000000008782900001","confidence":"estimated","koma":44}},{"type":"Feature","geometry":{"type":"LineString","coordinates":[[135.21521,34.85685],[135.21485,34.85651],[135.21511,34.85648],[135.21487,34.85688]]},"properties":{"layer":"two_stage_likely_line","city":"神戸市","lanes":4,"title":"二段階右折 の可能性（片側4車線・信号交差点）","uk":"28000000000000000000008783000001","confidence":"estimated","koma":null}},{"type":"Feature","geometry":{"type":"Point","coordinates":[135.21487,34.85688]},"properties":{"layer":"two_stage_likely","city":"神戸市","lanes":4,"title":"二段階右折（推定）片側4車線","detail":"車両通行帯が3以上の信号交差点への進入路。原付一種はこの方向から右折するとき二段階右折。※推定（現地の標識が優先）","cond":"","src":"兵庫県警/JARTIC交通規制情報（車両通行帯＋信号機から推定）","uk":"28000000000000000000008783000001","confidence":"estimated","koma":null}},{"type":"Feature","geometry":{"type":"LineString","coordinates":[[135.2136,34.86555],[135.21288,34.86578]]},"properties":{"layer":"two_stage_likely_line","city":"神戸市","lanes":4,"title":"二段階右折 の可能性（片側4車線・信号交差点）","uk":"28000000000000000000008783200001","confidence":"estimated","koma":null}},{"type":"Feature","geometry":{"type":"Point","coordinates":[135.21288,34.86578]},"properties":{"layer":"two_stage_likely","city":"神戸市","lanes":4,"title":"二段階右折（推定）片側4車線","detail":"車両通行帯が3以上の信号交差点への進入路。原付一種はこの方向から右折するとき二段階右折。※推定（現地の標識が優先）","cond":"","src":"兵庫県警/JARTIC交通規制情報（車両通行帯＋信号機から推定）","uk":"28000000000000000000008783200001","confidence":"estimated","koma":null}},{"type":"Feature","geometry":{"type":"LineString","coordinates":[[135.18011,34.87254],[135.17965,34.87221],[135.17949,34.87254],[135.17938,34.87226]]},"properties":{"layer":"two_stage_likely_line","city":"神戸市","lanes":4,"title":"二段階右折 の可能性（片側4車線・信号交差点）","uk":"28000000000000000000008784000001","confidence":"estimated","koma":null}},{"type":"Feature","geometry":{"type":"Point","coordinates":[135.17938,34.87226]},"properties":{"layer":"two_stage_likely","city":"神戸市","lanes":4,"title":"二段階右折（推定）片側4車線","detail":"車両通行帯が3以上の信号交差点への進入路。原付一種はこの方向から右折するとき二段階右折。※推定（現地の標識が優先）","cond":"","src":"兵庫県警/JARTIC交通規制情報（車両通行帯＋信号機から推定）","uk":"28000000000000000000008784000001","confidence":"estimated","koma":null}},{"type":"Feature","geometry":{"type":"LineString","coordinates":[[135.17967,34.87475],[135.17936,34.87487],[135.17923,34.87516],[135.17896,34.87483],[135.17886,34.87512]]},"properties":{"layer":"two_stage_likely_line","city":"神戸市","lanes":4,"title":"二段階右折 の可能性（片側4車線・信号交差点）","uk":"28000000000000000000008784100001","confidence":"estimated","koma":null}},{"type":"Feature","geometry":{"type":"Point","coordinates":[135.17886,34.87512]},"properties":{"layer":"two_stage_likely","city":"神戸市","lanes":4,"title":"二段階右折（推定）片側4車線","detail":"車両通行帯が3以上の信号交差点への進入路。原付一種はこの方向から右折するとき二段階右折。※推定（現地の標識が優先）","cond":"","src":"兵庫県警/JARTIC交通規制情報（車両通行帯＋信号機から推定）","uk":"28000000000000000000008784100001","confidence":"estimated","koma":null}},{"type":"Feature","geometry":{"type":"LineString","coordinates":[[135.18186,34.87945],[135.18119,34.87977]]},"properties":{"layer":"two_stage_likely_line","city":"神戸市","lanes":4,"title":"二段階右折 の可能性（片側4車線・信号交差点）","uk":"28000000000000000000008784200001","confidence":"estimated","koma":null}},{"type":"Feature","geometry":{"type":"Point","coordinates":[135.18119,34.87977]},"properties":{"layer":"two_stage_likely","city":"神戸市","lanes":4,"title":"二段階右折（推定）片側4車線","detail":"車両通行帯が3以上の信号交差点への進入路。原付一種はこの方向から右折するとき二段階右折。※推定（現地の標識が優先）","cond":"","src":"兵庫県警/JARTIC交通規制情報（車両通行帯＋信号機から推定）","uk":"28000000000000000000008784200001","confidence":"estimated","koma":null}},{"type":"Feature","geometry":{"type":"LineString","coordinates":[[135.2111,34.85854],[135.21054,34.85854]]},"properties":{"layer":"two_stage_likely_line","city":"神戸市","lanes":4,"title":"二段階右折 の可能性（片側4車線・信号交差点）","uk":"28000000000000000000008784400001","confidence":"estimated","koma":null}},{"type":"Feature","geometry":{"type":"Point","coordinates":[135.21054,34.85854]},"properties":{"layer":"two_stage_likely","city":"神戸市","lanes":4,"title":"二段階右折（推定）片側4車線","detail":"車両通行帯が3以上の信号交差点への進入路。原付一種はこの方向から右折するとき二段階右折。※推定（現地の標識が優先）","cond":"","src":"兵庫県警/JARTIC交通規制情報（車両通行帯＋信号機から推定）","uk":"28000000000000000000008784400001","confidence":"estimated","koma":null}},{"type":"Feature","geometry":{"type":"LineString","coordinates":[[135.21493,34.80831],[135.21451,34.80714]]},"properties":{"layer":"two_stage_likely_line","city":"神戸市","lanes":3,"title":"二段階右折 の可能性（片側3車線・信号交差点）","uk":"28000000000000000000008785000001","confidence":"estimated","koma":17}},{"type":"Feature","geometry":{"type":"Point","coordinates":[135.21451,34.80714]},"properties":{"layer":"two_stage_likely","city":"神戸市","lanes":3,"title":"二段階右折（推定）片側3車線","detail":"車両通行帯が3以上の信号交差点への進入路。原付一種はこの方向から右折するとき二段階右折。※推定（現地の標識が優先）","cond":"","src":"兵庫県警/JARTIC交通規制情報（車両通行帯＋信号機から推定）","uk":"28000000000000000000008785000001","confidence":"estimated","koma":17}},{"type":"Feature","geometry":{"type":"LineString","coordinates":[[135.18634,34.86719],[135.1857,34.86752]]},"properties":{"layer":"two_stage_likely_line","city":"神戸市","lanes":4,"title":"二段階右折 の可能性（片側4車線・信号交差点）","uk":"28000000000000000000008785100001","confidence":"estimated","koma":null}},{"type":"Feature","geometry":{"type":"Point","coordinates":[135.1857,34.86752]},"properties":{"layer":"two_stage_likely","city":"神戸市","lanes":4,"title":"二段階右折（推定）片側4車線","detail":"車両通行帯が3以上の信号交差点への進入路。原付一種はこの方向から右折するとき二段階右折。※推定（現地の標識が優先）","cond":"","src":"兵庫県警/JARTIC交通規制情報（車両通行帯＋信号機から推定）","uk":"28000000000000000000008785100001","confidence":"estimated","koma":null}},{"type":"Feature","geometry":{"type":"LineString","coordinates":[[135.19558,34.8618],[135.19557,34.86159],[135.195,34.86202]]},"properties":{"layer":"two_stage_likely_line","city":"神戸市","lanes":3,"title":"二段階右折 の可能性（片側3車線・信号交差点）","uk":"28000000000000000000008785200001","confidence":"estimated","koma":null}},{"type":"Feature","geometry":{"type":"Point","coordinates":[135.195,34.86202]},"properties":{"layer":"two_stage_likely","city":"神戸市","lanes":3,"title":"二段階右折（推定）片側3車線","detail":"車両通行帯が3以上の信号交差点への進入路。原付一種はこの方向から右折するとき二段階右折。※推定（現地の標識が優先）","cond":"","src":"兵庫県警/JARTIC交通規制情報（車両通行帯＋信号機から推定）","uk":"28000000000000000000008785200001","confidence":"estimated","koma":null}},{"type":"Feature","geometry":{"type":"LineString","coordinates":[[135.19972,34.86201],[135.19934,34.86281],[135.19904,34.86205]]},"properties":{"layer":"two_stage_likely_line","city":"神戸市","lanes":4,"title":"二段階右折 の可能性（片側4車線・信号交差点）","uk":"28000000000000000000008785400001","confidence":"estimated","koma":null}},{"type":"Feature","geometry":{"type":"Point","coordinates":[135.19904,34.86205]},"properties":{"layer":"two_stage_likely","city":"神戸市","lanes":4,"title":"二段階右折（推定）片側4車線","detail":"車両通行帯が3以上の信号交差点への進入路。原付一種はこの方向から右折するとき二段階右折。※推定（現地の標識が優先）","cond":"","src":"兵庫県警/JARTIC交通規制情報（車両通行帯＋信号機から推定）","uk":"28000000000000000000008785400001","confidence":"estimated","koma":null}},{"type":"Feature","geometry":{"type":"LineString","coordinates":[[135.1822,34.88192],[135.18133,34.88195],[135.18146,34.88233]]},"properties":{"layer":"two_stage_likely_line","city":"神戸市","lanes":4,"title":"二段階右折 の可能性（片側4車線・信号交差点）","uk":"28000000000000000000008785800001","confidence":"estimated","koma":null}},{"type":"Feature","geometry":{"type":"Point","coordinates":[135.18146,34.88233]},"properties":{"layer":"two_stage_likely","city":"神戸市","lanes":4,"title":"二段階右折（推定）片側4車線","detail":"車両通行帯が3以上の信号交差点への進入路。原付一種はこの方向から右折するとき二段階右折。※推定（現地の標識が優先）","cond":"","src":"兵庫県警/JARTIC交通規制情報（車両通行帯＋信号機から推定）","uk":"28000000000000000000008785800001","confidence":"estimated","koma":null}},{"type":"Feature","geometry":{"type":"LineString","coordinates":[[135.22416,34.82194],[135.2248,34.82187],[135.22443,34.82229]]},"properties":{"layer":"two_stage_likely_line","city":"神戸市","lanes":4,"title":"二段階右折 の可能性（片側4車線・信号交差点）","uk":"28000000000000000000008786100001","confidence":"estimated","koma":null}},{"type":"Feature","geometry":{"type":"Point","coordinates":[135.22443,34.82229]},"properties":{"layer":"two_stage_likely","city":"神戸市","lanes":4,"title":"二段階右折（推定）片側4車線","detail":"車両通行帯が3以上の信号交差点への進入路。原付一種はこの方向から右折するとき二段階右折。※推定（現地の標識が優先）","cond":"","src":"兵庫県警/JARTIC交通規制情報（車両通行帯＋信号機から推定）","uk":"28000000000000000000008786100001","confidence":"estimated","koma":null}},{"type":"Feature","geometry":{"type":"LineString","coordinates":[[135.21524,34.80984],[135.21576,34.80967]]},"properties":{"layer":"two_stage_likely_line","city":"神戸市","lanes":4,"title":"二段階右折 の可能性（片側4車線・信号交差点）","uk":"28000000000000000000008786200001","confidence":"estimated","koma":31}},{"type":"Feature","geometry":{"type":"Point","coordinates":[135.21576,34.80967]},"properties":{"layer":"two_stage_likely","city":"神戸市","lanes":4,"title":"二段階右折（推定）片側4車線","detail":"車両通行帯が3以上の信号交差点への進入路。原付一種はこの方向から右折するとき二段階右折。※推定（現地の標識が優先）","cond":"","src":"兵庫県警/JARTIC交通規制情報（車両通行帯＋信号機から推定）","uk":"28000000000000000000008786200001","confidence":"estimated","koma":31}},{"type":"Feature","geometry":{"type":"LineString","coordinates":[[135.21255,34.81053],[135.21279,34.8103]]},"properties":{"layer":"two_stage_likely_line","city":"神戸市","lanes":3,"title":"二段階右折 の可能性（片側3車線・信号交差点）","uk":"28000000000000000000008786700001","confidence":"estimated","koma":35}},{"type":"Feature","geometry":{"type":"Point","coordinates":[135.21279,34.8103]},"properties":{"layer":"two_stage_likely","city":"神戸市","lanes":3,"title":"二段階右折（推定）片側3車線","detail":"車両通行帯が3以上の信号交差点への進入路。原付一種はこの方向から右折するとき二段階右折。※推定（現地の標識が優先）","cond":"","src":"兵庫県警/JARTIC交通規制情報（車両通行帯＋信号機から推定）","uk":"28000000000000000000008786700001","confidence":"estimated","koma":35}},{"type":"Feature","geometry":{"type":"LineString","coordinates":[[135.19394,34.86939],[135.19348,34.86944]]},"properties":{"layer":"two_stage_likely_line","city":"神戸市","lanes":4,"title":"二段階右折 の可能性（片側4車線・信号交差点）","uk":"28000000000000000000008787000001","confidence":"estimated","koma":null}},{"type":"Feature","geometry":{"type":"Point","coordinates":[135.19348,34.86944]},"properties":{"layer":"two_stage_likely","city":"神戸市","lanes":4,"title":"二段階右折（推定）片側4車線","detail":"車両通行帯が3以上の信号交差点への進入路。原付一種はこの方向から右折するとき二段階右折。※推定（現地の標識が優先）","cond":"","src":"兵庫県警/JARTIC交通規制情報（車両通行帯＋信号機から推定）","uk":"28000000000000000000008787000001","confidence":"estimated","koma":null}},{"type":"Feature","geometry":{"type":"LineString","coordinates":[[135.2206,34.85543],[135.22118,34.85566]]},"properties":{"layer":"two_stage_likely_line","city":"神戸市","lanes":4,"title":"二段階右折 の可能性（片側4車線・信号交差点）","uk":"28000000000000000000008788000001","confidence":"estimated","koma":null}},{"type":"Feature","geometry":{"type":"Point","coordinates":[135.22118,34.85566]},"properties":{"layer":"two_stage_likely","city":"神戸市","lanes":4,"title":"二段階右折（推定）片側4車線","detail":"車両通行帯が3以上の信号交差点への進入路。原付一種はこの方向から右折するとき二段階右折。※推定（現地の標識が優先）","cond":"","src":"兵庫県警/JARTIC交通規制情報（車両通行帯＋信号機から推定）","uk":"28000000000000000000008788000001","confidence":"estimated","koma":null}},{"type":"Feature","geometry":{"type":"LineString","coordinates":[[135.22145,34.85497],[135.22176,34.85504]]},"properties":{"layer":"two_stage_likely_line","city":"神戸市","lanes":3,"title":"二段階右折 の可能性（片側3車線・信号交差点）","uk":"28000000000000000000008788100001","confidence":"estimated","koma":27}},{"type":"Feature","geometry":{"type":"Point","coordinates":[135.22176,34.85504]},"properties":{"layer":"two_stage_likely","city":"神戸市","lanes":3,"title":"二段階右折（推定）片側3車線","detail":"車両通行帯が3以上の信号交差点への進入路。原付一種はこの方向から右折するとき二段階右折。※推定（現地の標識が優先）","cond":"","src":"兵庫県警/JARTIC交通規制情報（車両通行帯＋信号機から推定）","uk":"28000000000000000000008788100001","confidence":"estimated","koma":27}},{"type":"Feature","geometry":{"type":"LineString","coordinates":[[135.18548,34.88627],[135.18566,34.88582],[135.1848,34.88584]]},"properties":{"layer":"two_stage_likely_line","city":"神戸市","lanes":4,"title":"二段階右折 の可能性（片側4車線・信号交差点）","uk":"28000000000000000000008788300001","confidence":"estimated","koma":null}},{"type":"Feature","geometry":{"type":"Point","coordinates":[135.1848,34.88584]},"properties":{"layer":"two_stage_likely","city":"神戸市","lanes":4,"title":"二段階右折（推定）片側4車線","detail":"車両通行帯が3以上の信号交差点への進入路。原付一種はこの方向から右折するとき二段階右折。※推定（現地の標識が優先）","cond":"","src":"兵庫県警/JARTIC交通規制情報（車両通行帯＋信号機から推定）","uk":"28000000000000000000008788300001","confidence":"estimated","koma":null}},{"type":"Feature","geometry":{"type":"LineString","coordinates":[[135.22567,34.85476],[135.22617,34.85473],[135.22607,34.85484]]},"properties":{"layer":"two_stage_likely_line","city":"神戸市","lanes":3,"title":"二段階右折 の可能性（片側3車線・信号交差点）","uk":"28000000000000000000008788800001","confidence":"estimated","koma":null}},{"type":"Feature","geometry":{"type":"Point","coordinates":[135.22607,34.85484]},"properties":{"layer":"two_stage_likely","city":"神戸市","lanes":3,"title":"二段階右折（推定）片側3車線","detail":"車両通行帯が3以上の信号交差点への進入路。原付一種はこの方向から右折するとき二段階右折。※推定（現地の標識が優先）","cond":"","src":"兵庫県警/JARTIC交通規制情報（車両通行帯＋信号機から推定）","uk":"28000000000000000000008788800001","confidence":"estimated","koma":null}},{"type":"Feature","geometry":{"type":"LineString","coordinates":[[135.1928,34.86207],[135.19247,34.86215],[135.19298,34.86139]]},"properties":{"layer":"two_stage_likely_line","city":"神戸市","lanes":3,"title":"二段階右折 の可能性（片側3車線・信号交差点）","uk":"28000000000000000000008788900001","confidence":"estimated","koma":null}},{"type":"Feature","geometry":{"type":"Point","coordinates":[135.19298,34.86139]},"properties":{"layer":"two_stage_likely","city":"神戸市","lanes":3,"title":"二段階右折（推定）片側3車線","detail":"車両通行帯が3以上の信号交差点への進入路。原付一種はこの方向から右折するとき二段階右折。※推定（現地の標識が優先）","cond":"","src":"兵庫県警/JARTIC交通規制情報（車両通行帯＋信号機から推定）","uk":"28000000000000000000008788900001","confidence":"estimated","koma":null}},{"type":"Feature","geometry":{"type":"LineString","coordinates":[[135.21628,34.82396],[135.21683,34.82387]]},"properties":{"layer":"two_stage_likely_line","city":"神戸市","lanes":3,"title":"二段階右折 の可能性（片側3車線・信号交差点）","uk":"28000000000000000000008789100001","confidence":"estimated","koma":null}},{"type":"Feature","geometry":{"type":"Point","coordinates":[135.21683,34.82387]},"properties":{"layer":"two_stage_likely","city":"神戸市","lanes":3,"title":"二段階右折（推定）片側3車線","detail":"車両通行帯が3以上の信号交差点への進入路。原付一種はこの方向から右折するとき二段階右折。※推定（現地の標識が優先）","cond":"","src":"兵庫県警/JARTIC交通規制情報（車両通行帯＋信号機から推定）","uk":"28000000000000000000008789100001","confidence":"estimated","koma":null}},{"type":"Feature","geometry":{"type":"LineString","coordinates":[[135.20831,34.83275],[135.20818,34.83303]]},"properties":{"layer":"two_stage_likely_line","city":"神戸市","lanes":3,"title":"二段階右折 の可能性（片側3車線・信号交差点）","uk":"28000000000000000000008790400001","confidence":"estimated","koma":null}},{"type":"Feature","geometry":{"type":"Point","coordinates":[135.20818,34.83303]},"properties":{"layer":"two_stage_likely","city":"神戸市","lanes":3,"title":"二段階右折（推定）片側3車線","detail":"車両通行帯が3以上の信号交差点への進入路。原付一種はこの方向から右折するとき二段階右折。※推定（現地の標識が優先）","cond":"","src":"兵庫県警/JARTIC交通規制情報（車両通行帯＋信号機から推定）","uk":"28000000000000000000008790400001","confidence":"estimated","koma":null}},{"type":"Feature","geometry":{"type":"LineString","coordinates":[[135.20714,34.8356],[135.20704,34.83517]]},"properties":{"layer":"two_stage_likely_line","city":"神戸市","lanes":3,"title":"二段階右折 の可能性（片側3車線・信号交差点）","uk":"28000000000000000000008790500001","confidence":"estimated","koma":null}},{"type":"Feature","geometry":{"type":"Point","coordinates":[135.20704,34.83517]},"properties":{"layer":"two_stage_likely","city":"神戸市","lanes":3,"title":"二段階右折（推定）片側3車線","detail":"車両通行帯が3以上の信号交差点への進入路。原付一種はこの方向から右折するとき二段階右折。※推定（現地の標識が優先）","cond":"","src":"兵庫県警/JARTIC交通規制情報（車両通行帯＋信号機から推定）","uk":"28000000000000000000008790500001","confidence":"estimated","koma":null}},{"type":"Feature","geometry":{"type":"LineString","coordinates":[[135.13628,34.72345],[135.13597,34.72381]]},"properties":{"layer":"two_stage_likely_line","city":"神戸市","lanes":3,"title":"二段階右折 の可能性（片側3車線・信号交差点）","uk":"28000000000000000000008791500001","confidence":"estimated","koma":29}},{"type":"Feature","geometry":{"type":"Point","coordinates":[135.13597,34.72381]},"properties":{"layer":"two_stage_likely","city":"神戸市","lanes":3,"title":"二段階右折（推定）片側3車線","detail":"車両通行帯が3以上の信号交差点への進入路。原付一種はこの方向から右折するとき二段階右折。※推定（現地の標識が優先）","cond":"","src":"兵庫県警/JARTIC交通規制情報（車両通行帯＋信号機から推定）","uk":"28000000000000000000008791500001","confidence":"estimated","koma":29}},{"type":"Feature","geometry":{"type":"LineString","coordinates":[[135.12149,34.71563],[135.12177,34.71589]]},"properties":{"layer":"two_stage_likely_line","city":"神戸市","lanes":3,"title":"二段階右折 の可能性（片側3車線・信号交差点）","uk":"28000000000000000000008792000001","confidence":"estimated","koma":17}},{"type":"Feature","geometry":{"type":"Point","coordinates":[135.12177,34.71589]},"properties":{"layer":"two_stage_likely","city":"神戸市","lanes":3,"title":"二段階右折（推定）片側3車線","detail":"車両通行帯が3以上の信号交差点への進入路。原付一種はこの方向から右折するとき二段階右折。※推定（現地の標識が優先）","cond":"","src":"兵庫県警/JARTIC交通規制情報（車両通行帯＋信号機から推定）","uk":"28000000000000000000008792000001","confidence":"estimated","koma":17}},{"type":"Feature","geometry":{"type":"LineString","coordinates":[[135.14702,34.75574],[135.14654,34.75557]]},"properties":{"layer":"two_stage_likely_line","city":"神戸市","lanes":3,"title":"二段階右折 の可能性（片側3車線・信号交差点）","uk":"28000000000000000000008792100001","confidence":"estimated","koma":null}},{"type":"Feature","geometry":{"type":"Point","coordinates":[135.14654,34.75557]},"properties":{"layer":"two_stage_likely","city":"神戸市","lanes":3,"title":"二段階右折（推定）片側3車線","detail":"車両通行帯が3以上の信号交差点への進入路。原付一種はこの方向から右折するとき二段階右折。※推定（現地の標識が優先）","cond":"","src":"兵庫県警/JARTIC交通規制情報（車両通行帯＋信号機から推定）","uk":"28000000000000000000008792100001","confidence":"estimated","koma":null}},{"type":"Feature","geometry":{"type":"LineString","coordinates":[[135.15658,34.72134],[135.15624,34.72135]]},"properties":{"layer":"two_stage_likely_line","city":"神戸市","lanes":3,"title":"二段階右折 の可能性（片側3車線・信号交差点）","uk":"28000000000000000000008792200001","confidence":"estimated","koma":null}},{"type":"Feature","geometry":{"type":"Point","coordinates":[135.15624,34.72135]},"properties":{"layer":"two_stage_likely","city":"神戸市","lanes":3,"title":"二段階右折（推定）片側3車線","detail":"車両通行帯が3以上の信号交差点への進入路。原付一種はこの方向から右折するとき二段階右折。※推定（現地の標識が優先）","cond":"","src":"兵庫県警/JARTIC交通規制情報（車両通行帯＋信号機から推定）","uk":"28000000000000000000008792200001","confidence":"estimated","koma":null}},{"type":"Feature","geometry":{"type":"LineString","coordinates":[[135.15614,34.76122],[135.1556,34.76126]]},"properties":{"layer":"two_stage_likely_line","city":"神戸市","lanes":3,"title":"二段階右折 の可能性（片側3車線・信号交差点）","uk":"28000000000000000000008792300001","confidence":"estimated","koma":null}},{"type":"Feature","geometry":{"type":"Point","coordinates":[135.1556,34.76126]},"properties":{"layer":"two_stage_likely","city":"神戸市","lanes":3,"title":"二段階右折（推定）片側3車線","detail":"車両通行帯が3以上の信号交差点への進入路。原付一種はこの方向から右折するとき二段階右折。※推定（現地の標識が優先）","cond":"","src":"兵庫県警/JARTIC交通規制情報（車両通行帯＋信号機から推定）","uk":"28000000000000000000008792300001","confidence":"estimated","koma":null}},{"type":"Feature","geometry":{"type":"LineString","coordinates":[[135.15393,34.75619],[135.15374,34.75651]]},"properties":{"layer":"two_stage_likely_line","city":"神戸市","lanes":3,"title":"二段階右折 の可能性（片側3車線・信号交差点）","uk":"28000000000000000000008793100001","confidence":"estimated","koma":44}},{"type":"Feature","geometry":{"type":"Point","coordinates":[135.15374,34.75651]},"properties":{"layer":"two_stage_likely","city":"神戸市","lanes":3,"title":"二段階右折（推定）片側3車線","detail":"車両通行帯が3以上の信号交差点への進入路。原付一種はこの方向から右折するとき二段階右折。※推定（現地の標識が優先）","cond":"","src":"兵庫県警/JARTIC交通規制情報（車両通行帯＋信号機から推定）","uk":"28000000000000000000008793100001","confidence":"estimated","koma":44}},{"type":"Feature","geometry":{"type":"LineString","coordinates":[[135.12252,34.70243],[135.12221,34.70267]]},"properties":{"layer":"two_stage_likely_line","city":"神戸市","lanes":3,"title":"二段階右折 の可能性（片側3車線・信号交差点）","uk":"28000000000000000000008793800001","confidence":"estimated","koma":33}},{"type":"Feature","geometry":{"type":"Point","coordinates":[135.12221,34.70267]},"properties":{"layer":"two_stage_likely","city":"神戸市","lanes":3,"title":"二段階右折（推定）片側3車線","detail":"車両通行帯が3以上の信号交差点への進入路。原付一種はこの方向から右折するとき二段階右折。※推定（現地の標識が優先）","cond":"","src":"兵庫県警/JARTIC交通規制情報（車両通行帯＋信号機から推定）","uk":"28000000000000000000008793800001","confidence":"estimated","koma":33}},{"type":"Feature","geometry":{"type":"LineString","coordinates":[[135.14328,34.73729],[135.14309,34.73756]]},"properties":{"layer":"two_stage_likely_line","city":"神戸市","lanes":4,"title":"二段階右折 の可能性（片側4車線・信号交差点）","uk":"28000000000000000000008794100001","confidence":"estimated","koma":null}},{"type":"Feature","geometry":{"type":"Point","coordinates":[135.14309,34.73756]},"properties":{"layer":"two_stage_likely","city":"神戸市","lanes":4,"title":"二段階右折（推定）片側4車線","detail":"車両通行帯が3以上の信号交差点への進入路。原付一種はこの方向から右折するとき二段階右折。※推定（現地の標識が優先）","cond":"","src":"兵庫県警/JARTIC交通規制情報（車両通行帯＋信号機から推定）","uk":"28000000000000000000008794100001","confidence":"estimated","koma":null}},{"type":"Feature","geometry":{"type":"LineString","coordinates":[[135.17112,34.76271],[135.17075,34.76251]]},"properties":{"layer":"two_stage_likely_line","city":"神戸市","lanes":3,"title":"二段階右折 の可能性（片側3車線・信号交差点）","uk":"28000000000000000000008794300001","confidence":"estimated","koma":null}},{"type":"Feature","geometry":{"type":"Point","coordinates":[135.17075,34.76251]},"properties":{"layer":"two_stage_likely","city":"神戸市","lanes":3,"title":"二段階右折（推定）片側3車線","detail":"車両通行帯が3以上の信号交差点への進入路。原付一種はこの方向から右折するとき二段階右折。※推定（現地の標識が優先）","cond":"","src":"兵庫県警/JARTIC交通規制情報（車両通行帯＋信号機から推定）","uk":"28000000000000000000008794300001","confidence":"estimated","koma":null}},{"type":"Feature","geometry":{"type":"LineString","coordinates":[[135.13663,34.72638],[135.13652,34.72674]]},"properties":{"layer":"two_stage_likely_line","city":"神戸市","lanes":3,"title":"二段階右折 の可能性（片側3車線・信号交差点）","uk":"28000000000000000000008794500001","confidence":"estimated","koma":34}},{"type":"Feature","geometry":{"type":"Point","coordinates":[135.13652,34.72674]},"properties":{"layer":"two_stage_likely","city":"神戸市","lanes":3,"title":"二段階右折（推定）片側3車線","detail":"車両通行帯が3以上の信号交差点への進入路。原付一種はこの方向から右折するとき二段階右折。※推定（現地の標識が優先）","cond":"","src":"兵庫県警/JARTIC交通規制情報（車両通行帯＋信号機から推定）","uk":"28000000000000000000008794500001","confidence":"estimated","koma":34}},{"type":"Feature","geometry":{"type":"LineString","coordinates":[[135.1434,34.75513],[135.14339,34.75474]]},"properties":{"layer":"two_stage_likely_line","city":"神戸市","lanes":3,"title":"二段階右折 の可能性（片側3車線・信号交差点）","uk":"28000000000000000000008794600001","confidence":"estimated","koma":null}},{"type":"Feature","geometry":{"type":"Point","coordinates":[135.14339,34.75474]},"properties":{"layer":"two_stage_likely","city":"神戸市","lanes":3,"title":"二段階右折（推定）片側3車線","detail":"車両通行帯が3以上の信号交差点への進入路。原付一種はこの方向から右折するとき二段階右折。※推定（現地の標識が優先）","cond":"","src":"兵庫県警/JARTIC交通規制情報（車両通行帯＋信号機から推定）","uk":"28000000000000000000008794600001","confidence":"estimated","koma":null}},{"type":"Feature","geometry":{"type":"LineString","coordinates":[[135.15624,34.75988],[135.15689,34.76018]]},"properties":{"layer":"two_stage_likely_line","city":"神戸市","lanes":3,"title":"二段階右折 の可能性（片側3車線・信号交差点）","uk":"28000000000000000000008794700001","confidence":"estimated","koma":null}},{"type":"Feature","geometry":{"type":"Point","coordinates":[135.15689,34.76018]},"properties":{"layer":"two_stage_likely","city":"神戸市","lanes":3,"title":"二段階右折（推定）片側3車線","detail":"車両通行帯が3以上の信号交差点への進入路。原付一種はこの方向から右折するとき二段階右折。※推定（現地の標識が優先）","cond":"","src":"兵庫県警/JARTIC交通規制情報（車両通行帯＋信号機から推定）","uk":"28000000000000000000008794700001","confidence":"estimated","koma":null}},{"type":"Feature","geometry":{"type":"LineString","coordinates":[[135.12465,34.70066],[135.12411,34.70078]]},"properties":{"layer":"two_stage_likely_line","city":"神戸市","lanes":3,"title":"二段階右折 の可能性（片側3車線・信号交差点）","uk":"28000000000000000000008795900001","confidence":"estimated","koma":null}},{"type":"Feature","geometry":{"type":"Point","coordinates":[135.12411,34.70078]},"properties":{"layer":"two_stage_likely","city":"神戸市","lanes":3,"title":"二段階右折（推定）片側3車線","detail":"車両通行帯が3以上の信号交差点への進入路。原付一種はこの方向から右折するとき二段階右折。※推定（現地の標識が優先）","cond":"","src":"兵庫県警/JARTIC交通規制情報（車両通行帯＋信号機から推定）","uk":"28000000000000000000008795900001","confidence":"estimated","koma":null}},{"type":"Feature","geometry":{"type":"LineString","coordinates":[[135.13403,34.72713],[135.1338,34.72735]]},"properties":{"layer":"two_stage_likely_line","city":"神戸市","lanes":4,"title":"二段階右折 の可能性（片側4車線・信号交差点）","uk":"28000000000000000000008796000001","confidence":"estimated","koma":null}},{"type":"Feature","geometry":{"type":"Point","coordinates":[135.1338,34.72735]},"properties":{"layer":"two_stage_likely","city":"神戸市","lanes":4,"title":"二段階右折（推定）片側4車線","detail":"車両通行帯が3以上の信号交差点への進入路。原付一種はこの方向から右折するとき二段階右折。※推定（現地の標識が優先）","cond":"","src":"兵庫県警/JARTIC交通規制情報（車両通行帯＋信号機から推定）","uk":"28000000000000000000008796000001","confidence":"estimated","koma":null}},{"type":"Feature","geometry":{"type":"LineString","coordinates":[[135.35296,34.73702],[135.35254,34.73725]]},"properties":{"layer":"two_stage_likely_line","city":"西宮市","lanes":3,"title":"二段階右折 の可能性（片側3車線・信号交差点）","uk":"28000000000000000000008804700001","confidence":"estimated","koma":null}},{"type":"Feature","geometry":{"type":"Point","coordinates":[135.35254,34.73725]},"properties":{"layer":"two_stage_likely","city":"西宮市","lanes":3,"title":"二段階右折（推定）片側3車線","detail":"車両通行帯が3以上の信号交差点への進入路。原付一種はこの方向から右折するとき二段階右折。※推定（現地の標識が優先）","cond":"","src":"兵庫県警/JARTIC交通規制情報（車両通行帯＋信号機から推定）","uk":"28000000000000000000008804700001","confidence":"estimated","koma":null}},{"type":"Feature","geometry":{"type":"LineString","coordinates":[[135.34286,34.73822],[135.34201,34.7384]]},"properties":{"layer":"two_stage_likely_line","city":"西宮市","lanes":3,"title":"二段階右折 の可能性（片側3車線・信号交差点）","uk":"28000000000000000000008805000001","confidence":"estimated","koma":28}},{"type":"Feature","geometry":{"type":"Point","coordinates":[135.34201,34.7384]},"properties":{"layer":"two_stage_likely","city":"西宮市","lanes":3,"title":"二段階右折（推定）片側3車線","detail":"車両通行帯が3以上の信号交差点への進入路。原付一種はこの方向から右折するとき二段階右折。※推定（現地の標識が優先）","cond":"","src":"兵庫県警/JARTIC交通規制情報（車両通行帯＋信号機から推定）","uk":"28000000000000000000008805000001","confidence":"estimated","koma":28}},{"type":"Feature","geometry":{"type":"LineString","coordinates":[[135.36512,34.74259],[135.36547,34.74242]]},"properties":{"layer":"two_stage_likely_line","city":"西宮市","lanes":4,"title":"二段階右折 の可能性（片側4車線・信号交差点）","uk":"28000000000000000000008805400001","confidence":"estimated","koma":null}},{"type":"Feature","geometry":{"type":"Point","coordinates":[135.36547,34.74242]},"properties":{"layer":"two_stage_likely","city":"西宮市","lanes":4,"title":"二段階右折（推定）片側4車線","detail":"車両通行帯が3以上の信号交差点への進入路。原付一種はこの方向から右折するとき二段階右折。※推定（現地の標識が優先）","cond":"","src":"兵庫県警/JARTIC交通規制情報（車両通行帯＋信号機から推定）","uk":"28000000000000000000008805400001","confidence":"estimated","koma":null}},{"type":"Feature","geometry":{"type":"LineString","coordinates":[[135.34747,34.73809],[135.34713,34.73779]]},"properties":{"layer":"two_stage_likely_line","city":"西宮市","lanes":3,"title":"二段階右折 の可能性（片側3車線・信号交差点）","uk":"28000000000000000000008805500001","confidence":"estimated","koma":13}},{"type":"Feature","geometry":{"type":"Point","coordinates":[135.34713,34.73779]},"properties":{"layer":"two_stage_likely","city":"西宮市","lanes":3,"title":"二段階右折（推定）片側3車線","detail":"車両通行帯が3以上の信号交差点への進入路。原付一種はこの方向から右折するとき二段階右折。※推定（現地の標識が優先）","cond":"","src":"兵庫県警/JARTIC交通規制情報（車両通行帯＋信号機から推定）","uk":"28000000000000000000008805500001","confidence":"estimated","koma":13}},{"type":"Feature","geometry":{"type":"LineString","coordinates":[[135.36355,34.75981],[135.3629,34.75906]]},"properties":{"layer":"two_stage_likely_line","city":"西宮市","lanes":4,"title":"二段階右折 の可能性（片側4車線・信号交差点）","uk":"28000000000000000000008805600001","confidence":"estimated","koma":null}},{"type":"Feature","geometry":{"type":"Point","coordinates":[135.3629,34.75906]},"properties":{"layer":"two_stage_likely","city":"西宮市","lanes":4,"title":"二段階右折（推定）片側4車線","detail":"車両通行帯が3以上の信号交差点への進入路。原付一種はこの方向から右折するとき二段階右折。※推定（現地の標識が優先）","cond":"","src":"兵庫県警/JARTIC交通規制情報（車両通行帯＋信号機から推定）","uk":"28000000000000000000008805600001","confidence":"estimated","koma":null}},{"type":"Feature","geometry":{"type":"LineString","coordinates":[[135.23575,34.83388],[135.23548,34.83428]]},"properties":{"layer":"two_stage_likely_line","city":"西宮市","lanes":3,"title":"二段階右折 の可能性（片側3車線・信号交差点）","uk":"28000000000000000000008805700001","confidence":"estimated","koma":19}},{"type":"Feature","geometry":{"type":"Point","coordinates":[135.23548,34.83428]},"properties":{"layer":"two_stage_likely","city":"西宮市","lanes":3,"title":"二段階右折（推定）片側3車線","detail":"車両通行帯が3以上の信号交差点への進入路。原付一種はこの方向から右折するとき二段階右折。※推定（現地の標識が優先）","cond":"","src":"兵庫県警/JARTIC交通規制情報（車両通行帯＋信号機から推定）","uk":"28000000000000000000008805700001","confidence":"estimated","koma":19}},{"type":"Feature","geometry":{"type":"LineString","coordinates":[[135.37602,34.74261],[135.37663,34.74252]]},"properties":{"layer":"two_stage_likely_line","city":"西宮市","lanes":4,"title":"二段階右折 の可能性（片側4車線・信号交差点）","uk":"28000000000000000000008805800001","confidence":"estimated","koma":null}},{"type":"Feature","geometry":{"type":"Point","coordinates":[135.37663,34.74252]},"properties":{"layer":"two_stage_likely","city":"西宮市","lanes":4,"title":"二段階右折（推定）片側4車線","detail":"車両通行帯が3以上の信号交差点への進入路。原付一種はこの方向から右折するとき二段階右折。※推定（現地の標識が優先）","cond":"","src":"兵庫県警/JARTIC交通規制情報（車両通行帯＋信号機から推定）","uk":"28000000000000000000008805800001","confidence":"estimated","koma":null}},{"type":"Feature","geometry":{"type":"LineString","coordinates":[[135.34301,34.74611],[135.34223,34.74583]]},"properties":{"layer":"two_stage_likely_line","city":"西宮市","lanes":4,"title":"二段階右折 の可能性（片側4車線・信号交差点）","uk":"28000000000000000000008806700001","confidence":"estimated","koma":null}},{"type":"Feature","geometry":{"type":"Point","coordinates":[135.34223,34.74583]},"properties":{"layer":"two_stage_likely","city":"西宮市","lanes":4,"title":"二段階右折（推定）片側4車線","detail":"車両通行帯が3以上の信号交差点への進入路。原付一種はこの方向から右折するとき二段階右折。※推定（現地の標識が優先）","cond":"","src":"兵庫県警/JARTIC交通規制情報（車両通行帯＋信号機から推定）","uk":"28000000000000000000008806700001","confidence":"estimated","koma":null}},{"type":"Feature","geometry":{"type":"LineString","coordinates":[[135.33946,34.73909],[135.33924,34.73864]]},"properties":{"layer":"two_stage_likely_line","city":"西宮市","lanes":4,"title":"二段階右折 の可能性（片側4車線・信号交差点）","uk":"28000000000000000000008806800001","confidence":"estimated","koma":18}},{"type":"Feature","geometry":{"type":"Point","coordinates":[135.33924,34.73864]},"properties":{"layer":"two_stage_likely","city":"西宮市","lanes":4,"title":"二段階右折（推定）片側4車線","detail":"車両通行帯が3以上の信号交差点への進入路。原付一種はこの方向から右折するとき二段階右折。※推定（現地の標識が優先）","cond":"","src":"兵庫県警/JARTIC交通規制情報（車両通行帯＋信号機から推定）","uk":"28000000000000000000008806800001","confidence":"estimated","koma":18}},{"type":"Feature","geometry":{"type":"LineString","coordinates":[[135.23995,34.83443],[135.2397,34.83484]]},"properties":{"layer":"two_stage_likely_line","city":"西宮市","lanes":3,"title":"二段階右折 の可能性（片側3車線・信号交差点）","uk":"28000000000000000000008807000001","confidence":"estimated","koma":29}},{"type":"Feature","geometry":{"type":"Point","coordinates":[135.2397,34.83484]},"properties":{"layer":"two_stage_likely","city":"西宮市","lanes":3,"title":"二段階右折（推定）片側3車線","detail":"車両通行帯が3以上の信号交差点への進入路。原付一種はこの方向から右折するとき二段階右折。※推定（現地の標識が優先）","cond":"","src":"兵庫県警/JARTIC交通規制情報（車両通行帯＋信号機から推定）","uk":"28000000000000000000008807000001","confidence":"estimated","koma":29}},{"type":"Feature","geometry":{"type":"LineString","coordinates":[[135.23556,34.82032],[135.23512,34.82045]]},"properties":{"layer":"two_stage_likely_line","city":"西宮市","lanes":4,"title":"二段階右折 の可能性（片側4車線・信号交差点）","uk":"28000000000000000000008807600001","confidence":"estimated","koma":null}},{"type":"Feature","geometry":{"type":"Point","coordinates":[135.23512,34.82045]},"properties":{"layer":"two_stage_likely","city":"西宮市","lanes":4,"title":"二段階右折（推定）片側4車線","detail":"車両通行帯が3以上の信号交差点への進入路。原付一種はこの方向から右折するとき二段階右折。※推定（現地の標識が優先）","cond":"","src":"兵庫県警/JARTIC交通規制情報（車両通行帯＋信号機から推定）","uk":"28000000000000000000008807600001","confidence":"estimated","koma":null}},{"type":"Feature","geometry":{"type":"LineString","coordinates":[[135.32908,34.73799],[135.3289,34.73771]]},"properties":{"layer":"two_stage_likely_line","city":"西宮市","lanes":3,"title":"二段階右折 の可能性（片側3車線・信号交差点）","uk":"28000000000000000000008808200001","confidence":"estimated","koma":30}},{"type":"Feature","geometry":{"type":"Point","coordinates":[135.3289,34.73771]},"properties":{"layer":"two_stage_likely","city":"西宮市","lanes":3,"title":"二段階右折（推定）片側3車線","detail":"車両通行帯が3以上の信号交差点への進入路。原付一種はこの方向から右折するとき二段階右折。※推定（現地の標識が優先）","cond":"","src":"兵庫県警/JARTIC交通規制情報（車両通行帯＋信号機から推定）","uk":"28000000000000000000008808200001","confidence":"estimated","koma":30}},{"type":"Feature","geometry":{"type":"LineString","coordinates":[[135.24303,34.83135],[135.24276,34.83102]]},"properties":{"layer":"two_stage_likely_line","city":"西宮市","lanes":4,"title":"二段階右折 の可能性（片側4車線・信号交差点）","uk":"28000000000000000000008808300001","confidence":"estimated","koma":null}},{"type":"Feature","geometry":{"type":"Point","coordinates":[135.24276,34.83102]},"properties":{"layer":"two_stage_likely","city":"西宮市","lanes":4,"title":"二段階右折（推定）片側4車線","detail":"車両通行帯が3以上の信号交差点への進入路。原付一種はこの方向から右折するとき二段階右折。※推定（現地の標識が優先）","cond":"","src":"兵庫県警/JARTIC交通規制情報（車両通行帯＋信号機から推定）","uk":"28000000000000000000008808300001","confidence":"estimated","koma":null}},{"type":"Feature","geometry":{"type":"LineString","coordinates":[[135.24718,34.82881],[135.24688,34.82854]]},"properties":{"layer":"two_stage_likely_line","city":"西宮市","lanes":4,"title":"二段階右折 の可能性（片側4車線・信号交差点）","uk":"28000000000000000000008810600001","confidence":"estimated","koma":null}},{"type":"Feature","geometry":{"type":"Point","coordinates":[135.24688,34.82854]},"properties":{"layer":"two_stage_likely","city":"西宮市","lanes":4,"title":"二段階右折（推定）片側4車線","detail":"車両通行帯が3以上の信号交差点への進入路。原付一種はこの方向から右折するとき二段階右折。※推定（現地の標識が優先）","cond":"","src":"兵庫県警/JARTIC交通規制情報（車両通行帯＋信号機から推定）","uk":"28000000000000000000008810600001","confidence":"estimated","koma":null}},{"type":"Feature","geometry":{"type":"LineString","coordinates":[[135.33456,34.71831],[135.33417,34.71773]]},"properties":{"layer":"two_stage_likely_line","city":"西宮市","lanes":4,"title":"二段階右折 の可能性（片側4車線・信号交差点）","uk":"28000000000000000000008811100001","confidence":"estimated","koma":null}},{"type":"Feature","geometry":{"type":"Point","coordinates":[135.33417,34.71773]},"properties":{"layer":"two_stage_likely","city":"西宮市","lanes":4,"title":"二段階右折（推定）片側4車線","detail":"車両通行帯が3以上の信号交差点への進入路。原付一種はこの方向から右折するとき二段階右折。※推定（現地の標識が優先）","cond":"","src":"兵庫県警/JARTIC交通規制情報（車両通行帯＋信号機から推定）","uk":"28000000000000000000008811100001","confidence":"estimated","koma":null}},{"type":"Feature","geometry":{"type":"LineString","coordinates":[[135.33326,34.7159],[135.33358,34.71678]]},"properties":{"layer":"two_stage_likely_line","city":"西宮市","lanes":4,"title":"二段階右折 の可能性（片側4車線・信号交差点）","uk":"28000000000000000000008811200001","confidence":"estimated","koma":25}},{"type":"Feature","geometry":{"type":"Point","coordinates":[135.33358,34.71678]},"properties":{"layer":"two_stage_likely","city":"西宮市","lanes":4,"title":"二段階右折（推定）片側4車線","detail":"車両通行帯が3以上の信号交差点への進入路。原付一種はこの方向から右折するとき二段階右折。※推定（現地の標識が優先）","cond":"","src":"兵庫県警/JARTIC交通規制情報（車両通行帯＋信号機から推定）","uk":"28000000000000000000008811200001","confidence":"estimated","koma":25}},{"type":"Feature","geometry":{"type":"LineString","coordinates":[[135.33897,34.72819],[135.3385,34.72828]]},"properties":{"layer":"two_stage_likely_line","city":"西宮市","lanes":4,"title":"二段階右折 の可能性（片側4車線・信号交差点）","uk":"28000000000000000000008811300001","confidence":"estimated","koma":null}},{"type":"Feature","geometry":{"type":"Point","coordinates":[135.3385,34.72828]},"properties":{"layer":"two_stage_likely","city":"西宮市","lanes":4,"title":"二段階右折（推定）片側4車線","detail":"車両通行帯が3以上の信号交差点への進入路。原付一種はこの方向から右折するとき二段階右折。※推定（現地の標識が優先）","cond":"","src":"兵庫県警/JARTIC交通規制情報（車両通行帯＋信号機から推定）","uk":"28000000000000000000008811300001","confidence":"estimated","koma":null}},{"type":"Feature","geometry":{"type":"LineString","coordinates":[[135.33288,34.71445],[135.33302,34.71391]]},"properties":{"layer":"two_stage_likely_line","city":"西宮市","lanes":4,"title":"二段階右折 の可能性（片側4車線・信号交差点）","uk":"28000000000000000000008812200001","confidence":"estimated","koma":null}},{"type":"Feature","geometry":{"type":"Point","coordinates":[135.33302,34.71391]},"properties":{"layer":"two_stage_likely","city":"西宮市","lanes":4,"title":"二段階右折（推定）片側4車線","detail":"車両通行帯が3以上の信号交差点への進入路。原付一種はこの方向から右折するとき二段階右折。※推定（現地の標識が優先）","cond":"","src":"兵庫県警/JARTIC交通規制情報（車両通行帯＋信号機から推定）","uk":"28000000000000000000008812200001","confidence":"estimated","koma":null}},{"type":"Feature","geometry":{"type":"LineString","coordinates":[[135.35152,34.72423],[135.35106,34.72412]]},"properties":{"layer":"two_stage_likely_line","city":"西宮市","lanes":4,"title":"二段階右折 の可能性（片側4車線・信号交差点）","uk":"28000000000000000000008812300001","confidence":"estimated","koma":null}},{"type":"Feature","geometry":{"type":"Point","coordinates":[135.35106,34.72412]},"properties":{"layer":"two_stage_likely","city":"西宮市","lanes":4,"title":"二段階右折（推定）片側4車線","detail":"車両通行帯が3以上の信号交差点への進入路。原付一種はこの方向から右折するとき二段階右折。※推定（現地の標識が優先）","cond":"","src":"兵庫県警/JARTIC交通規制情報（車両通行帯＋信号機から推定）","uk":"28000000000000000000008812300001","confidence":"estimated","koma":null}},{"type":"Feature","geometry":{"type":"LineString","coordinates":[[135.33144,34.73867],[135.33123,34.73829]]},"properties":{"layer":"two_stage_likely_line","city":"西宮市","lanes":4,"title":"二段階右折 の可能性（片側4車線・信号交差点）","uk":"28000000000000000000008812600001","confidence":"estimated","koma":null}},{"type":"Feature","geometry":{"type":"Point","coordinates":[135.33123,34.73829]},"properties":{"layer":"two_stage_likely","city":"西宮市","lanes":4,"title":"二段階右折（推定）片側4車線","detail":"車両通行帯が3以上の信号交差点への進入路。原付一種はこの方向から右折するとき二段階右折。※推定（現地の標識が優先）","cond":"","src":"兵庫県警/JARTIC交通規制情報（車両通行帯＋信号機から推定）","uk":"28000000000000000000008812600001","confidence":"estimated","koma":null}},{"type":"Feature","geometry":{"type":"LineString","coordinates":[[135.34449,34.73843],[135.34418,34.73816]]},"properties":{"layer":"two_stage_likely_line","city":"西宮市","lanes":4,"title":"二段階右折 の可能性（片側4車線・信号交差点）","uk":"28000000000000000000008812900001","confidence":"estimated","koma":28}},{"type":"Feature","geometry":{"type":"Point","coordinates":[135.34418,34.73816]},"properties":{"layer":"two_stage_likely","city":"西宮市","lanes":4,"title":"二段階右折（推定）片側4車線","detail":"車両通行帯が3以上の信号交差点への進入路。原付一種はこの方向から右折するとき二段階右折。※推定（現地の標識が優先）","cond":"","src":"兵庫県警/JARTIC交通規制情報（車両通行帯＋信号機から推定）","uk":"28000000000000000000008812900001","confidence":"estimated","koma":28}},{"type":"Feature","geometry":{"type":"LineString","coordinates":[[135.34801,34.72641],[135.34843,34.72605]]},"properties":{"layer":"two_stage_likely_line","city":"西宮市","lanes":4,"title":"二段階右折 の可能性（片側4車線・信号交差点）","uk":"28000000000000000000008813200001","confidence":"estimated","koma":null}},{"type":"Feature","geometry":{"type":"Point","coordinates":[135.34843,34.72605]},"properties":{"layer":"two_stage_likely","city":"西宮市","lanes":4,"title":"二段階右折（推定）片側4車線","detail":"車両通行帯が3以上の信号交差点への進入路。原付一種はこの方向から右折するとき二段階右折。※推定（現地の標識が優先）","cond":"","src":"兵庫県警/JARTIC交通規制情報（車両通行帯＋信号機から推定）","uk":"28000000000000000000008813200001","confidence":"estimated","koma":null}},{"type":"Feature","geometry":{"type":"LineString","coordinates":[[135.3316,34.73426],[135.3315,34.73388]]},"properties":{"layer":"two_stage_likely_line","city":"西宮市","lanes":3,"title":"二段階右折 の可能性（片側3車線・信号交差点）","uk":"28000000000000000000008813400001","confidence":"estimated","koma":11}},{"type":"Feature","geometry":{"type":"Point","coordinates":[135.3315,34.73388]},"properties":{"layer":"two_stage_likely","city":"西宮市","lanes":3,"title":"二段階右折（推定）片側3車線","detail":"車両通行帯が3以上の信号交差点への進入路。原付一種はこの方向から右折するとき二段階右折。※推定（現地の標識が優先）","cond":"","src":"兵庫県警/JARTIC交通規制情報（車両通行帯＋信号機から推定）","uk":"28000000000000000000008813400001","confidence":"estimated","koma":11}},{"type":"Feature","geometry":{"type":"LineString","coordinates":[[135.33599,34.73416],[135.3357,34.73386]]},"properties":{"layer":"two_stage_likely_line","city":"西宮市","lanes":3,"title":"二段階右折 の可能性（片側3車線・信号交差点）","uk":"28000000000000000000008813500001","confidence":"estimated","koma":null}},{"type":"Feature","geometry":{"type":"Point","coordinates":[135.3357,34.73386]},"properties":{"layer":"two_stage_likely","city":"西宮市","lanes":3,"title":"二段階右折（推定）片側3車線","detail":"車両通行帯が3以上の信号交差点への進入路。原付一種はこの方向から右折するとき二段階右折。※推定（現地の標識が優先）","cond":"","src":"兵庫県警/JARTIC交通規制情報（車両通行帯＋信号機から推定）","uk":"28000000000000000000008813500001","confidence":"estimated","koma":null}},{"type":"Feature","geometry":{"type":"LineString","coordinates":[[135.34,34.73349],[135.33953,34.73375]]},"properties":{"layer":"two_stage_likely_line","city":"西宮市","lanes":4,"title":"二段階右折 の可能性（片側4車線・信号交差点）","uk":"28000000000000000000008813600001","confidence":"estimated","koma":null}},{"type":"Feature","geometry":{"type":"Point","coordinates":[135.33953,34.73375]},"properties":{"layer":"two_stage_likely","city":"西宮市","lanes":4,"title":"二段階右折（推定）片側4車線","detail":"車両通行帯が3以上の信号交差点への進入路。原付一種はこの方向から右折するとき二段階右折。※推定（現地の標識が優先）","cond":"","src":"兵庫県警/JARTIC交通規制情報（車両通行帯＋信号機から推定）","uk":"28000000000000000000008813600001","confidence":"estimated","koma":null}},{"type":"Feature","geometry":{"type":"LineString","coordinates":[[135.35417,34.72614],[135.35494,34.72643]]},"properties":{"layer":"two_stage_likely_line","city":"西宮市","lanes":4,"title":"二段階右折 の可能性（片側4車線・信号交差点）","uk":"28000000000000000000008813900001","confidence":"estimated","koma":null}},{"type":"Feature","geometry":{"type":"Point","coordinates":[135.35494,34.72643]},"properties":{"layer":"two_stage_likely","city":"西宮市","lanes":4,"title":"二段階右折（推定）片側4車線","detail":"車両通行帯が3以上の信号交差点への進入路。原付一種はこの方向から右折するとき二段階右折。※推定（現地の標識が優先）","cond":"","src":"兵庫県警/JARTIC交通規制情報（車両通行帯＋信号機から推定）","uk":"28000000000000000000008813900001","confidence":"estimated","koma":null}},{"type":"Feature","geometry":{"type":"LineString","coordinates":[[135.35195,34.75114],[135.35155,34.75105]]},"properties":{"layer":"two_stage_likely_line","city":"西宮市","lanes":4,"title":"二段階右折 の可能性（片側4車線・信号交差点）","uk":"28000000000000000000008814300001","confidence":"estimated","koma":null}},{"type":"Feature","geometry":{"type":"Point","coordinates":[135.35155,34.75105]},"properties":{"layer":"two_stage_likely","city":"西宮市","lanes":4,"title":"二段階右折（推定）片側4車線","detail":"車両通行帯が3以上の信号交差点への進入路。原付一種はこの方向から右折するとき二段階右折。※推定（現地の標識が優先）","cond":"","src":"兵庫県警/JARTIC交通規制情報（車両通行帯＋信号機から推定）","uk":"28000000000000000000008814300001","confidence":"estimated","koma":null}},{"type":"Feature","geometry":{"type":"LineString","coordinates":[[135.32494,34.73619],[135.32455,34.73656]]},"properties":{"layer":"two_stage_likely_line","city":"西宮市","lanes":4,"title":"二段階右折 の可能性（片側4車線・信号交差点）","uk":"28000000000000000000008814800001","confidence":"estimated","koma":null}},{"type":"Feature","geometry":{"type":"Point","coordinates":[135.32455,34.73656]},"properties":{"layer":"two_stage_likely","city":"西宮市","lanes":4,"title":"二段階右折（推定）片側4車線","detail":"車両通行帯が3以上の信号交差点への進入路。原付一種はこの方向から右折するとき二段階右折。※推定（現地の標識が優先）","cond":"","src":"兵庫県警/JARTIC交通規制情報（車両通行帯＋信号機から推定）","uk":"28000000000000000000008814800001","confidence":"estimated","koma":null}},{"type":"Feature","geometry":{"type":"LineString","coordinates":[[135.36481,34.7488],[135.36487,34.7485]]},"properties":{"layer":"two_stage_likely_line","city":"西宮市","lanes":3,"title":"二段階右折 の可能性（片側3車線・信号交差点）","uk":"28000000000000000000008814900001","confidence":"estimated","koma":12}},{"type":"Feature","geometry":{"type":"Point","coordinates":[135.36487,34.7485]},"properties":{"layer":"two_stage_likely","city":"西宮市","lanes":3,"title":"二段階右折（推定）片側3車線","detail":"車両通行帯が3以上の信号交差点への進入路。原付一種はこの方向から右折するとき二段階右折。※推定（現地の標識が優先）","cond":"","src":"兵庫県警/JARTIC交通規制情報（車両通行帯＋信号機から推定）","uk":"28000000000000000000008814900001","confidence":"estimated","koma":12}},{"type":"Feature","geometry":{"type":"LineString","coordinates":[[135.33919,34.74149],[135.3387,34.74187]]},"properties":{"layer":"two_stage_likely_line","city":"西宮市","lanes":4,"title":"二段階右折 の可能性（片側4車線・信号交差点）","uk":"28000000000000000000008815000001","confidence":"estimated","koma":null}},{"type":"Feature","geometry":{"type":"Point","coordinates":[135.3387,34.74187]},"properties":{"layer":"two_stage_likely","city":"西宮市","lanes":4,"title":"二段階右折（推定）片側4車線","detail":"車両通行帯が3以上の信号交差点への進入路。原付一種はこの方向から右折するとき二段階右折。※推定（現地の標識が優先）","cond":"","src":"兵庫県警/JARTIC交通規制情報（車両通行帯＋信号機から推定）","uk":"28000000000000000000008815000001","confidence":"estimated","koma":null}},{"type":"Feature","geometry":{"type":"LineString","coordinates":[[135.33137,34.74158],[135.33146,34.74194]]},"properties":{"layer":"two_stage_likely_line","city":"西宮市","lanes":4,"title":"二段階右折 の可能性（片側4車線・信号交差点）","uk":"28000000000000000000008815500001","confidence":"estimated","koma":null}},{"type":"Feature","geometry":{"type":"Point","coordinates":[135.33146,34.74194]},"properties":{"layer":"two_stage_likely","city":"西宮市","lanes":4,"title":"二段階右折（推定）片側4車線","detail":"車両通行帯が3以上の信号交差点への進入路。原付一種はこの方向から右折するとき二段階右折。※推定（現地の標識が優先）","cond":"","src":"兵庫県警/JARTIC交通規制情報（車両通行帯＋信号機から推定）","uk":"28000000000000000000008815500001","confidence":"estimated","koma":null}},{"type":"Feature","geometry":{"type":"LineString","coordinates":[[135.35649,34.74422],[135.35724,34.74419]]},"properties":{"layer":"two_stage_likely_line","city":"西宮市","lanes":3,"title":"二段階右折 の可能性（片側3車線・信号交差点）","uk":"28000000000000000000008815800001","confidence":"estimated","koma":null}},{"type":"Feature","geometry":{"type":"Point","coordinates":[135.35724,34.74419]},"properties":{"layer":"two_stage_likely","city":"西宮市","lanes":3,"title":"二段階右折（推定）片側3車線","detail":"車両通行帯が3以上の信号交差点への進入路。原付一種はこの方向から右折するとき二段階右折。※推定（現地の標識が優先）","cond":"","src":"兵庫県警/JARTIC交通規制情報（車両通行帯＋信号機から推定）","uk":"28000000000000000000008815800001","confidence":"estimated","koma":null}},{"type":"Feature","geometry":{"type":"LineString","coordinates":[[135.34684,34.72703],[135.34711,34.72677]]},"properties":{"layer":"two_stage_likely_line","city":"西宮市","lanes":3,"title":"二段階右折 の可能性（片側3車線・信号交差点）","uk":"28000000000000000000008815900001","confidence":"estimated","koma":8}},{"type":"Feature","geometry":{"type":"Point","coordinates":[135.34711,34.72677]},"properties":{"layer":"two_stage_likely","city":"西宮市","lanes":3,"title":"二段階右折（推定）片側3車線","detail":"車両通行帯が3以上の信号交差点への進入路。原付一種はこの方向から右折するとき二段階右折。※推定（現地の標識が優先）","cond":"","src":"兵庫県警/JARTIC交通規制情報（車両通行帯＋信号機から推定）","uk":"28000000000000000000008815900001","confidence":"estimated","koma":8}},{"type":"Feature","geometry":{"type":"LineString","coordinates":[[135.35566,34.74422],[135.35507,34.74436]]},"properties":{"layer":"two_stage_likely_line","city":"西宮市","lanes":4,"title":"二段階右折 の可能性（片側4車線・信号交差点）","uk":"28000000000000000000008816200001","confidence":"estimated","koma":null}},{"type":"Feature","geometry":{"type":"Point","coordinates":[135.35507,34.74436]},"properties":{"layer":"two_stage_likely","city":"西宮市","lanes":4,"title":"二段階右折（推定）片側4車線","detail":"車両通行帯が3以上の信号交差点への進入路。原付一種はこの方向から右折するとき二段階右折。※推定（現地の標識が優先）","cond":"","src":"兵庫県警/JARTIC交通規制情報（車両通行帯＋信号機から推定）","uk":"28000000000000000000008816200001","confidence":"estimated","koma":null}},{"type":"Feature","geometry":{"type":"LineString","coordinates":[[135.33198,34.81801],[135.33244,34.81756]]},"properties":{"layer":"two_stage_likely_line","city":"西宮市","lanes":3,"title":"二段階右折 の可能性（片側3車線・信号交差点）","uk":"28000000000000000000008816500001","confidence":"estimated","koma":null}},{"type":"Feature","geometry":{"type":"Point","coordinates":[135.33244,34.81756]},"properties":{"layer":"two_stage_likely","city":"西宮市","lanes":3,"title":"二段階右折（推定）片側3車線","detail":"車両通行帯が3以上の信号交差点への進入路。原付一種はこの方向から右折するとき二段階右折。※推定（現地の標識が優先）","cond":"","src":"兵庫県警/JARTIC交通規制情報（車両通行帯＋信号機から推定）","uk":"28000000000000000000008816500001","confidence":"estimated","koma":null}},{"type":"Feature","geometry":{"type":"LineString","coordinates":[[135.35514,34.74261],[135.35483,34.74243]]},"properties":{"layer":"two_stage_likely_line","city":"西宮市","lanes":3,"title":"二段階右折 の可能性（片側3車線・信号交差点）","uk":"28000000000000000000008816600001","confidence":"estimated","koma":null}},{"type":"Feature","geometry":{"type":"Point","coordinates":[135.35483,34.74243]},"properties":{"layer":"two_stage_likely","city":"西宮市","lanes":3,"title":"二段階右折（推定）片側3車線","detail":"車両通行帯が3以上の信号交差点への進入路。原付一種はこの方向から右折するとき二段階右折。※推定（現地の標識が優先）","cond":"","src":"兵庫県警/JARTIC交通規制情報（車両通行帯＋信号機から推定）","uk":"28000000000000000000008816600001","confidence":"estimated","koma":null}},{"type":"Feature","geometry":{"type":"LineString","coordinates":[[135.32831,34.74182],[135.32854,34.74169]]},"properties":{"layer":"two_stage_likely_line","city":"西宮市","lanes":4,"title":"二段階右折 の可能性（片側4車線・信号交差点）","uk":"28000000000000000000008816800001","confidence":"estimated","koma":null}},{"type":"Feature","geometry":{"type":"Point","coordinates":[135.32854,34.74169]},"properties":{"layer":"two_stage_likely","city":"西宮市","lanes":4,"title":"二段階右折（推定）片側4車線","detail":"車両通行帯が3以上の信号交差点への進入路。原付一種はこの方向から右折するとき二段階右折。※推定（現地の標識が優先）","cond":"","src":"兵庫県警/JARTIC交通規制情報（車両通行帯＋信号機から推定）","uk":"28000000000000000000008816800001","confidence":"estimated","koma":null}},{"type":"Feature","geometry":{"type":"LineString","coordinates":[[135.24699,34.82075],[135.24657,34.82067],[135.24653,34.82078]]},"properties":{"layer":"two_stage_likely_line","city":"西宮市","lanes":4,"title":"二段階右折 の可能性（片側4車線・信号交差点）","uk":"28000000000000000000008817200001","confidence":"estimated","koma":null}},{"type":"Feature","geometry":{"type":"Point","coordinates":[135.24653,34.82078]},"properties":{"layer":"two_stage_likely","city":"西宮市","lanes":4,"title":"二段階右折（推定）片側4車線","detail":"車両通行帯が3以上の信号交差点への進入路。原付一種はこの方向から右折するとき二段階右折。※推定（現地の標識が優先）","cond":"","src":"兵庫県警/JARTIC交通規制情報（車両通行帯＋信号機から推定）","uk":"28000000000000000000008817200001","confidence":"estimated","koma":null}},{"type":"Feature","geometry":{"type":"LineString","coordinates":[[135.35774,34.74435],[135.3575,34.74425]]},"properties":{"layer":"two_stage_likely_line","city":"西宮市","lanes":4,"title":"二段階右折 の可能性（片側4車線・信号交差点）","uk":"28000000000000000000008817800001","confidence":"estimated","koma":24}},{"type":"Feature","geometry":{"type":"Point","coordinates":[135.3575,34.74425]},"properties":{"layer":"two_stage_likely","city":"西宮市","lanes":4,"title":"二段階右折（推定）片側4車線","detail":"車両通行帯が3以上の信号交差点への進入路。原付一種はこの方向から右折するとき二段階右折。※推定（現地の標識が優先）","cond":"","src":"兵庫県警/JARTIC交通規制情報（車両通行帯＋信号機から推定）","uk":"28000000000000000000008817800001","confidence":"estimated","koma":24}},{"type":"Feature","geometry":{"type":"LineString","coordinates":[[135.35775,34.74765],[135.35753,34.74805]]},"properties":{"layer":"two_stage_likely_line","city":"西宮市","lanes":4,"title":"二段階右折 の可能性（片側4車線・信号交差点）","uk":"28000000000000000000008817900001","confidence":"estimated","koma":null}},{"type":"Feature","geometry":{"type":"Point","coordinates":[135.35753,34.74805]},"properties":{"layer":"two_stage_likely","city":"西宮市","lanes":4,"title":"二段階右折（推定）片側4車線","detail":"車両通行帯が3以上の信号交差点への進入路。原付一種はこの方向から右折するとき二段階右折。※推定（現地の標識が優先）","cond":"","src":"兵庫県警/JARTIC交通規制情報（車両通行帯＋信号機から推定）","uk":"28000000000000000000008817900001","confidence":"estimated","koma":null}},{"type":"Feature","geometry":{"type":"LineString","coordinates":[[135.34149,34.73384],[135.34132,34.73355]]},"properties":{"layer":"two_stage_likely_line","city":"西宮市","lanes":3,"title":"二段階右折 の可能性（片側3車線・信号交差点）","uk":"28000000000000000000008818000001","confidence":"estimated","koma":null}},{"type":"Feature","geometry":{"type":"Point","coordinates":[135.34132,34.73355]},"properties":{"layer":"two_stage_likely","city":"西宮市","lanes":3,"title":"二段階右折（推定）片側3車線","detail":"車両通行帯が3以上の信号交差点への進入路。原付一種はこの方向から右折するとき二段階右折。※推定（現地の標識が優先）","cond":"","src":"兵庫県警/JARTIC交通規制情報（車両通行帯＋信号機から推定）","uk":"28000000000000000000008818000001","confidence":"estimated","koma":null}},{"type":"Feature","geometry":{"type":"LineString","coordinates":[[135.35253,34.74229],[135.35203,34.74232]]},"properties":{"layer":"two_stage_likely_line","city":"西宮市","lanes":4,"title":"二段階右折 の可能性（片側4車線・信号交差点）","uk":"28000000000000000000008818800001","confidence":"estimated","koma":null}},{"type":"Feature","geometry":{"type":"Point","coordinates":[135.35203,34.74232]},"properties":{"layer":"two_stage_likely","city":"西宮市","lanes":4,"title":"二段階右折（推定）片側4車線","detail":"車両通行帯が3以上の信号交差点への進入路。原付一種はこの方向から右折するとき二段階右折。※推定（現地の標識が優先）","cond":"","src":"兵庫県警/JARTIC交通規制情報（車両通行帯＋信号機から推定）","uk":"28000000000000000000008818800001","confidence":"estimated","koma":null}},{"type":"Feature","geometry":{"type":"LineString","coordinates":[[135.35883,34.74248],[135.35838,34.74239]]},"properties":{"layer":"two_stage_likely_line","city":"西宮市","lanes":4,"title":"二段階右折 の可能性（片側4車線・信号交差点）","uk":"28000000000000000000008819400001","confidence":"estimated","koma":null}},{"type":"Feature","geometry":{"type":"Point","coordinates":[135.35838,34.74239]},"properties":{"layer":"two_stage_likely","city":"西宮市","lanes":4,"title":"二段階右折（推定）片側4車線","detail":"車両通行帯が3以上の信号交差点への進入路。原付一種はこの方向から右折するとき二段階右折。※推定（現地の標識が優先）","cond":"","src":"兵庫県警/JARTIC交通規制情報（車両通行帯＋信号機から推定）","uk":"28000000000000000000008819400001","confidence":"estimated","koma":null}},{"type":"Feature","geometry":{"type":"LineString","coordinates":[[135.35197,34.7444],[135.35192,34.74396]]},"properties":{"layer":"two_stage_likely_line","city":"西宮市","lanes":4,"title":"二段階右折 の可能性（片側4車線・信号交差点）","uk":"28000000000000000000008819600001","confidence":"estimated","koma":42}},{"type":"Feature","geometry":{"type":"Point","coordinates":[135.35192,34.74396]},"properties":{"layer":"two_stage_likely","city":"西宮市","lanes":4,"title":"二段階右折（推定）片側4車線","detail":"車両通行帯が3以上の信号交差点への進入路。原付一種はこの方向から右折するとき二段階右折。※推定（現地の標識が優先）","cond":"","src":"兵庫県警/JARTIC交通規制情報（車両通行帯＋信号機から推定）","uk":"28000000000000000000008819600001","confidence":"estimated","koma":42}},{"type":"Feature","geometry":{"type":"LineString","coordinates":[[135.36331,34.75224],[135.36316,34.75234]]},"properties":{"layer":"two_stage_likely_line","city":"西宮市","lanes":4,"title":"二段階右折 の可能性（片側4車線・信号交差点）","uk":"28000000000000000000008819800001","confidence":"estimated","koma":null}},{"type":"Feature","geometry":{"type":"Point","coordinates":[135.36316,34.75234]},"properties":{"layer":"two_stage_likely","city":"西宮市","lanes":4,"title":"二段階右折（推定）片側4車線","detail":"車両通行帯が3以上の信号交差点への進入路。原付一種はこの方向から右折するとき二段階右折。※推定（現地の標識が優先）","cond":"","src":"兵庫県警/JARTIC交通規制情報（車両通行帯＋信号機から推定）","uk":"28000000000000000000008819800001","confidence":"estimated","koma":null}},{"type":"Feature","geometry":{"type":"LineString","coordinates":[[135.27886,34.80461],[135.27823,34.80466]]},"properties":{"layer":"two_stage_likely_line","city":"西宮市","lanes":4,"title":"二段階右折 の可能性（片側4車線・信号交差点）","uk":"28000000000000000000008821800001","confidence":"estimated","koma":null}},{"type":"Feature","geometry":{"type":"Point","coordinates":[135.27823,34.80466]},"properties":{"layer":"two_stage_likely","city":"西宮市","lanes":4,"title":"二段階右折（推定）片側4車線","detail":"車両通行帯が3以上の信号交差点への進入路。原付一種はこの方向から右折するとき二段階右折。※推定（現地の標識が優先）","cond":"","src":"兵庫県警/JARTIC交通規制情報（車両通行帯＋信号機から推定）","uk":"28000000000000000000008821800001","confidence":"estimated","koma":null}},{"type":"Feature","geometry":{"type":"LineString","coordinates":[[135.29178,34.8302],[135.29121,34.83063],[135.29121,34.83046]]},"properties":{"layer":"two_stage_likely_line","city":"西宮市","lanes":3,"title":"二段階右折 の可能性（片側3車線・信号交差点）","uk":"28000000000000000000008822900001","confidence":"estimated","koma":null}},{"type":"Feature","geometry":{"type":"Point","coordinates":[135.29121,34.83046]},"properties":{"layer":"two_stage_likely","city":"西宮市","lanes":3,"title":"二段階右折（推定）片側3車線","detail":"車両通行帯が3以上の信号交差点への進入路。原付一種はこの方向から右折するとき二段階右折。※推定（現地の標識が優先）","cond":"","src":"兵庫県警/JARTIC交通規制情報（車両通行帯＋信号機から推定）","uk":"28000000000000000000008822900001","confidence":"estimated","koma":null}},{"type":"Feature","geometry":{"type":"LineString","coordinates":[[135.35959,34.73587],[135.35935,34.73642]]},"properties":{"layer":"two_stage_likely_line","city":"西宮市","lanes":4,"title":"二段階右折 の可能性（片側4車線・信号交差点）","uk":"28000000000000000000008823600001","confidence":"estimated","koma":null}},{"type":"Feature","geometry":{"type":"Point","coordinates":[135.35935,34.73642]},"properties":{"layer":"two_stage_likely","city":"西宮市","lanes":4,"title":"二段階右折（推定）片側4車線","detail":"車両通行帯が3以上の信号交差点への進入路。原付一種はこの方向から右折するとき二段階右折。※推定（現地の標識が優先）","cond":"","src":"兵庫県警/JARTIC交通規制情報（車両通行帯＋信号機から推定）","uk":"28000000000000000000008823600001","confidence":"estimated","koma":null}},{"type":"Feature","geometry":{"type":"LineString","coordinates":[[135.37869,34.73207],[135.37846,34.73171]]},"properties":{"layer":"two_stage_likely_line","city":"西宮市","lanes":4,"title":"二段階右折 の可能性（片側4車線・信号交差点）","uk":"28000000000000000000008823700001","confidence":"estimated","koma":null}},{"type":"Feature","geometry":{"type":"Point","coordinates":[135.37846,34.73171]},"properties":{"layer":"two_stage_likely","city":"西宮市","lanes":4,"title":"二段階右折（推定）片側4車線","detail":"車両通行帯が3以上の信号交差点への進入路。原付一種はこの方向から右折するとき二段階右折。※推定（現地の標識が優先）","cond":"","src":"兵庫県警/JARTIC交通規制情報（車両通行帯＋信号機から推定）","uk":"28000000000000000000008823700001","confidence":"estimated","koma":null}},{"type":"Feature","geometry":{"type":"LineString","coordinates":[[135.36601,34.73474],[135.36577,34.73467]]},"properties":{"layer":"two_stage_likely_line","city":"西宮市","lanes":4,"title":"二段階右折 の可能性（片側4車線・信号交差点）","uk":"28000000000000000000008824000001","confidence":"estimated","koma":null}},{"type":"Feature","geometry":{"type":"Point","coordinates":[135.36577,34.73467]},"properties":{"layer":"two_stage_likely","city":"西宮市","lanes":4,"title":"二段階右折（推定）片側4車線","detail":"車両通行帯が3以上の信号交差点への進入路。原付一種はこの方向から右折するとき二段階右折。※推定（現地の標識が優先）","cond":"","src":"兵庫県警/JARTIC交通規制情報（車両通行帯＋信号機から推定）","uk":"28000000000000000000008824000001","confidence":"estimated","koma":null}},{"type":"Feature","geometry":{"type":"LineString","coordinates":[[135.37312,34.73345],[135.37342,34.73306]]},"properties":{"layer":"two_stage_likely_line","city":"西宮市","lanes":3,"title":"二段階右折 の可能性（片側3車線・信号交差点）","uk":"28000000000000000000008824300001","confidence":"estimated","koma":44}},{"type":"Feature","geometry":{"type":"Point","coordinates":[135.37342,34.73306]},"properties":{"layer":"two_stage_likely","city":"西宮市","lanes":3,"title":"二段階右折（推定）片側3車線","detail":"車両通行帯が3以上の信号交差点への進入路。原付一種はこの方向から右折するとき二段階右折。※推定（現地の標識が優先）","cond":"","src":"兵庫県警/JARTIC交通規制情報（車両通行帯＋信号機から推定）","uk":"28000000000000000000008824300001","confidence":"estimated","koma":44}},{"type":"Feature","geometry":{"type":"LineString","coordinates":[[135.3729,34.71298],[135.37258,34.71276]]},"properties":{"layer":"two_stage_likely_line","city":"西宮市","lanes":4,"title":"二段階右折 の可能性（片側4車線・信号交差点）","uk":"28000000000000000000008824600001","confidence":"estimated","koma":null}},{"type":"Feature","geometry":{"type":"Point","coordinates":[135.37258,34.71276]},"properties":{"layer":"two_stage_likely","city":"西宮市","lanes":4,"title":"二段階右折（推定）片側4車線","detail":"車両通行帯が3以上の信号交差点への進入路。原付一種はこの方向から右折するとき二段階右折。※推定（現地の標識が優先）","cond":"","src":"兵庫県警/JARTIC交通規制情報（車両通行帯＋信号機から推定）","uk":"28000000000000000000008824600001","confidence":"estimated","koma":null}},{"type":"Feature","geometry":{"type":"LineString","coordinates":[[135.37527,34.72202],[135.37589,34.72206]]},"properties":{"layer":"two_stage_likely_line","city":"西宮市","lanes":4,"title":"二段階右折 の可能性（片側4車線・信号交差点）","uk":"28000000000000000000008824800001","confidence":"estimated","koma":null}},{"type":"Feature","geometry":{"type":"Point","coordinates":[135.37589,34.72206]},"properties":{"layer":"two_stage_likely","city":"西宮市","lanes":4,"title":"二段階右折（推定）片側4車線","detail":"車両通行帯が3以上の信号交差点への進入路。原付一種はこの方向から右折するとき二段階右折。※推定（現地の標識が優先）","cond":"","src":"兵庫県警/JARTIC交通規制情報（車両通行帯＋信号機から推定）","uk":"28000000000000000000008824800001","confidence":"estimated","koma":null}},{"type":"Feature","geometry":{"type":"LineString","coordinates":[[135.36123,34.71765],[135.3609,34.71723]]},"properties":{"layer":"two_stage_likely_line","city":"西宮市","lanes":4,"title":"二段階右折 の可能性（片側4車線・信号交差点）","uk":"28000000000000000000008825300001","confidence":"estimated","koma":null}},{"type":"Feature","geometry":{"type":"Point","coordinates":[135.3609,34.71723]},"properties":{"layer":"two_stage_likely","city":"西宮市","lanes":4,"title":"二段階右折（推定）片側4車線","detail":"車両通行帯が3以上の信号交差点への進入路。原付一種はこの方向から右折するとき二段階右折。※推定（現地の標識が優先）","cond":"","src":"兵庫県警/JARTIC交通規制情報（車両通行帯＋信号機から推定）","uk":"28000000000000000000008825300001","confidence":"estimated","koma":null}},{"type":"Feature","geometry":{"type":"LineString","coordinates":[[135.37129,34.70791],[135.37134,34.70854]]},"properties":{"layer":"two_stage_likely_line","city":"西宮市","lanes":4,"title":"二段階右折 の可能性（片側4車線・信号交差点）","uk":"28000000000000000000008825400001","confidence":"estimated","koma":null}},{"type":"Feature","geometry":{"type":"Point","coordinates":[135.37134,34.70854]},"properties":{"layer":"two_stage_likely","city":"西宮市","lanes":4,"title":"二段階右折（推定）片側4車線","detail":"車両通行帯が3以上の信号交差点への進入路。原付一種はこの方向から右折するとき二段階右折。※推定（現地の標識が優先）","cond":"","src":"兵庫県警/JARTIC交通規制情報（車両通行帯＋信号機から推定）","uk":"28000000000000000000008825400001","confidence":"estimated","koma":null}},{"type":"Feature","geometry":{"type":"LineString","coordinates":[[135.37631,34.7327],[135.37659,34.73303]]},"properties":{"layer":"two_stage_likely_line","city":"西宮市","lanes":4,"title":"二段階右折 の可能性（片側4車線・信号交差点）","uk":"28000000000000000000008825500001","confidence":"estimated","koma":null}},{"type":"Feature","geometry":{"type":"Point","coordinates":[135.37659,34.73303]},"properties":{"layer":"two_stage_likely","city":"西宮市","lanes":4,"title":"二段階右折（推定）片側4車線","detail":"車両通行帯が3以上の信号交差点への進入路。原付一種はこの方向から右折するとき二段階右折。※推定（現地の標識が優先）","cond":"","src":"兵庫県警/JARTIC交通規制情報（車両通行帯＋信号機から推定）","uk":"28000000000000000000008825500001","confidence":"estimated","koma":null}},{"type":"Feature","geometry":{"type":"LineString","coordinates":[[135.37911,34.71147],[135.37925,34.7119]]},"properties":{"layer":"two_stage_likely_line","city":"西宮市","lanes":4,"title":"二段階右折 の可能性（片側4車線・信号交差点）","uk":"28000000000000000000008826000001","confidence":"estimated","koma":null}},{"type":"Feature","geometry":{"type":"Point","coordinates":[135.37925,34.7119]},"properties":{"layer":"two_stage_likely","city":"西宮市","lanes":4,"title":"二段階右折（推定）片側4車線","detail":"車両通行帯が3以上の信号交差点への進入路。原付一種はこの方向から右折するとき二段階右折。※推定（現地の標識が優先）","cond":"","src":"兵庫県警/JARTIC交通規制情報（車両通行帯＋信号機から推定）","uk":"28000000000000000000008826000001","confidence":"estimated","koma":null}},{"type":"Feature","geometry":{"type":"LineString","coordinates":[[135.36152,34.72695],[135.36109,34.72709]]},"properties":{"layer":"two_stage_likely_line","city":"西宮市","lanes":4,"title":"二段階右折 の可能性（片側4車線・信号交差点）","uk":"28000000000000000000008826300001","confidence":"estimated","koma":null}},{"type":"Feature","geometry":{"type":"Point","coordinates":[135.36109,34.72709]},"properties":{"layer":"two_stage_likely","city":"西宮市","lanes":4,"title":"二段階右折（推定）片側4車線","detail":"車両通行帯が3以上の信号交差点への進入路。原付一種はこの方向から右折するとき二段階右折。※推定（現地の標識が優先）","cond":"","src":"兵庫県警/JARTIC交通規制情報（車両通行帯＋信号機から推定）","uk":"28000000000000000000008826300001","confidence":"estimated","koma":null}},{"type":"Feature","geometry":{"type":"LineString","coordinates":[[135.36306,34.69806],[135.36372,34.69826]]},"properties":{"layer":"two_stage_likely_line","city":"西宮市","lanes":3,"title":"二段階右折 の可能性（片側3車線・信号交差点）","uk":"28000000000000000000008826500001","confidence":"estimated","koma":30}},{"type":"Feature","geometry":{"type":"Point","coordinates":[135.36306,34.69806]},"properties":{"layer":"two_stage_likely","city":"西宮市","lanes":3,"title":"二段階右折（推定）片側3車線","detail":"車両通行帯が3以上の信号交差点への進入路。原付一種はこの方向から右折するとき二段階右折。※推定（現地の標識が優先）","cond":"","src":"兵庫県警/JARTIC交通規制情報（車両通行帯＋信号機から推定）","uk":"28000000000000000000008826500001","confidence":"estimated","koma":30}},{"type":"Feature","geometry":{"type":"LineString","coordinates":[[135.37436,34.7178],[135.37467,34.71838]]},"properties":{"layer":"two_stage_likely_line","city":"西宮市","lanes":4,"title":"二段階右折 の可能性（片側4車線・信号交差点）","uk":"28000000000000000000008826600001","confidence":"estimated","koma":null}},{"type":"Feature","geometry":{"type":"Point","coordinates":[135.37467,34.71838]},"properties":{"layer":"two_stage_likely","city":"西宮市","lanes":4,"title":"二段階右折（推定）片側4車線","detail":"車両通行帯が3以上の信号交差点への進入路。原付一種はこの方向から右折するとき二段階右折。※推定（現地の標識が優先）","cond":"","src":"兵庫県警/JARTIC交通規制情報（車両通行帯＋信号機から推定）","uk":"28000000000000000000008826600001","confidence":"estimated","koma":null}},{"type":"Feature","geometry":{"type":"LineString","coordinates":[[135.359,34.72367],[135.35938,34.72417],[135.35858,34.72349]]},"properties":{"layer":"two_stage_likely_line","city":"西宮市","lanes":4,"title":"二段階右折 の可能性（片側4車線・信号交差点）","uk":"28000000000000000000008826800001","confidence":"estimated","koma":null}},{"type":"Feature","geometry":{"type":"Point","coordinates":[135.35858,34.72349]},"properties":{"layer":"two_stage_likely","city":"西宮市","lanes":4,"title":"二段階右折（推定）片側4車線","detail":"車両通行帯が3以上の信号交差点への進入路。原付一種はこの方向から右折するとき二段階右折。※推定（現地の標識が優先）","cond":"","src":"兵庫県警/JARTIC交通規制情報（車両通行帯＋信号機から推定）","uk":"28000000000000000000008826800001","confidence":"estimated","koma":null}},{"type":"Feature","geometry":{"type":"LineString","coordinates":[[135.36331,34.72191],[135.36336,34.72235]]},"properties":{"layer":"two_stage_likely_line","city":"西宮市","lanes":3,"title":"二段階右折 の可能性（片側3車線・信号交差点）","uk":"28000000000000000000008827200001","confidence":"estimated","koma":null}},{"type":"Feature","geometry":{"type":"Point","coordinates":[135.36336,34.72235]},"properties":{"layer":"two_stage_likely","city":"西宮市","lanes":3,"title":"二段階右折（推定）片側3車線","detail":"車両通行帯が3以上の信号交差点への進入路。原付一種はこの方向から右折するとき二段階右折。※推定（現地の標識が優先）","cond":"","src":"兵庫県警/JARTIC交通規制情報（車両通行帯＋信号機から推定）","uk":"28000000000000000000008827200001","confidence":"estimated","koma":null}},{"type":"Feature","geometry":{"type":"LineString","coordinates":[[135.36418,34.72641],[135.36386,34.72602],[135.36441,34.7262]]},"properties":{"layer":"two_stage_likely_line","city":"西宮市","lanes":4,"title":"二段階右折 の可能性（片側4車線・信号交差点）","uk":"28000000000000000000008828900001","confidence":"estimated","koma":null}},{"type":"Feature","geometry":{"type":"Point","coordinates":[135.36441,34.7262]},"properties":{"layer":"two_stage_likely","city":"西宮市","lanes":4,"title":"二段階右折（推定）片側4車線","detail":"車両通行帯が3以上の信号交差点への進入路。原付一種はこの方向から右折するとき二段階右折。※推定（現地の標識が優先）","cond":"","src":"兵庫県警/JARTIC交通規制情報（車両通行帯＋信号機から推定）","uk":"28000000000000000000008828900001","confidence":"estimated","koma":null}},{"type":"Feature","geometry":{"type":"LineString","coordinates":[[135.37555,34.72515],[135.37552,34.72487],[135.37593,34.72527],[135.37568,34.7256]]},"properties":{"layer":"two_stage_likely_line","city":"西宮市","lanes":3,"title":"二段階右折 の可能性（片側3車線・信号交差点）","uk":"28000000000000000000008829700001","confidence":"estimated","koma":null}},{"type":"Feature","geometry":{"type":"Point","coordinates":[135.37568,34.7256]},"properties":{"layer":"two_stage_likely","city":"西宮市","lanes":3,"title":"二段階右折（推定）片側3車線","detail":"車両通行帯が3以上の信号交差点への進入路。原付一種はこの方向から右折するとき二段階右折。※推定（現地の標識が優先）","cond":"","src":"兵庫県警/JARTIC交通規制情報（車両通行帯＋信号機から推定）","uk":"28000000000000000000008829700001","confidence":"estimated","koma":null}},{"type":"Feature","geometry":{"type":"LineString","coordinates":[[135.37155,34.72312],[135.3713,34.72291]]},"properties":{"layer":"two_stage_likely_line","city":"西宮市","lanes":3,"title":"二段階右折 の可能性（片側3車線・信号交差点）","uk":"28000000000000000000015005400001","confidence":"estimated","koma":null}},{"type":"Feature","geometry":{"type":"Point","coordinates":[135.3713,34.72291]},"properties":{"layer":"two_stage_likely","city":"西宮市","lanes":3,"title":"二段階右折（推定）片側3車線","detail":"車両通行帯が3以上の信号交差点への進入路。原付一種はこの方向から右折するとき二段階右折。※推定（現地の標識が優先）","cond":"","src":"兵庫県警/JARTIC交通規制情報（車両通行帯＋信号機から推定）","uk":"28000000000000000000015005400001","confidence":"estimated","koma":null}},{"type":"Feature","geometry":{"type":"LineString","coordinates":[[135.35783,34.78271],[135.35813,34.78278]]},"properties":{"layer":"two_stage_likely_line","city":"宝塚市","lanes":3,"title":"二段階右折 の可能性（片側3車線・信号交差点）","uk":"28000000000000000000008875600001","confidence":"estimated","koma":24}},{"type":"Feature","geometry":{"type":"Point","coordinates":[135.35813,34.78278]},"properties":{"layer":"two_stage_likely","city":"宝塚市","lanes":3,"title":"二段階右折（推定）片側3車線","detail":"車両通行帯が3以上の信号交差点への進入路。原付一種はこの方向から右折するとき二段階右折。※推定（現地の標識が優先）","cond":"","src":"兵庫県警/JARTIC交通規制情報（車両通行帯＋信号機から推定）","uk":"28000000000000000000008875600001","confidence":"estimated","koma":24}},{"type":"Feature","geometry":{"type":"LineString","coordinates":[[135.3801,34.79474],[135.38049,34.79507],[135.38025,34.79517]]},"properties":{"layer":"two_stage_likely_line","city":"宝塚市","lanes":3,"title":"二段階右折 の可能性（片側3車線・信号交差点）","uk":"28000000000000000000008875800001","confidence":"estimated","koma":null}},{"type":"Feature","geometry":{"type":"Point","coordinates":[135.38025,34.79517]},"properties":{"layer":"two_stage_likely","city":"宝塚市","lanes":3,"title":"二段階右折（推定）片側3車線","detail":"車両通行帯が3以上の信号交差点への進入路。原付一種はこの方向から右折するとき二段階右折。※推定（現地の標識が優先）","cond":"","src":"兵庫県警/JARTIC交通規制情報（車両通行帯＋信号機から推定）","uk":"28000000000000000000008875800001","confidence":"estimated","koma":null}},{"type":"Feature","geometry":{"type":"LineString","coordinates":[[135.34679,34.8047],[135.34671,34.80453],[135.34655,34.80452],[135.34691,34.80428]]},"properties":{"layer":"two_stage_likely_line","city":"宝塚市","lanes":3,"title":"二段階右折 の可能性（片側3車線・信号交差点）","uk":"28000000000000000000008876100001","confidence":"estimated","koma":null}},{"type":"Feature","geometry":{"type":"Point","coordinates":[135.34691,34.80428]},"properties":{"layer":"two_stage_likely","city":"宝塚市","lanes":3,"title":"二段階右折（推定）片側3車線","detail":"車両通行帯が3以上の信号交差点への進入路。原付一種はこの方向から右折するとき二段階右折。※推定（現地の標識が優先）","cond":"","src":"兵庫県警/JARTIC交通規制情報（車両通行帯＋信号機から推定）","uk":"28000000000000000000008876100001","confidence":"estimated","koma":null}},{"type":"Feature","geometry":{"type":"LineString","coordinates":[[135.36256,34.80335],[135.36242,34.80303],[135.36217,34.80293]]},"properties":{"layer":"two_stage_likely_line","city":"宝塚市","lanes":4,"title":"二段階右折 の可能性（片側4車線・信号交差点）","uk":"28000000000000000000008876300001","confidence":"estimated","koma":null}},{"type":"Feature","geometry":{"type":"Point","coordinates":[135.36217,34.80293]},"properties":{"layer":"two_stage_likely","city":"宝塚市","lanes":4,"title":"二段階右折（推定）片側4車線","detail":"車両通行帯が3以上の信号交差点への進入路。原付一種はこの方向から右折するとき二段階右折。※推定（現地の標識が優先）","cond":"","src":"兵庫県警/JARTIC交通規制情報（車両通行帯＋信号機から推定）","uk":"28000000000000000000008876300001","confidence":"estimated","koma":null}},{"type":"Feature","geometry":{"type":"LineString","coordinates":[[135.3633,34.80434],[135.36353,34.80458],[135.36374,34.80416],[135.36318,34.80487]]},"properties":{"layer":"two_stage_likely_line","city":"宝塚市","lanes":4,"title":"二段階右折 の可能性（片側4車線・信号交差点）","uk":"28000000000000000000008876400001","confidence":"estimated","koma":null}},{"type":"Feature","geometry":{"type":"Point","coordinates":[135.36318,34.80487]},"properties":{"layer":"two_stage_likely","city":"宝塚市","lanes":4,"title":"二段階右折（推定）片側4車線","detail":"車両通行帯が3以上の信号交差点への進入路。原付一種はこの方向から右折するとき二段階右折。※推定（現地の標識が優先）","cond":"","src":"兵庫県警/JARTIC交通規制情報（車両通行帯＋信号機から推定）","uk":"28000000000000000000008876400001","confidence":"estimated","koma":null}},{"type":"Feature","geometry":{"type":"LineString","coordinates":[[135.35941,34.79948],[135.35916,34.79919],[135.3586,34.79937],[135.35889,34.79899],[135.35931,34.79883]]},"properties":{"layer":"two_stage_likely_line","city":"宝塚市","lanes":4,"title":"二段階右折 の可能性（片側4車線・信号交差点）","uk":"28000000000000000000008876500001","confidence":"estimated","koma":43}},{"type":"Feature","geometry":{"type":"Point","coordinates":[135.35931,34.79883]},"properties":{"layer":"two_stage_likely","city":"宝塚市","lanes":4,"title":"二段階右折（推定）片側4車線","detail":"車両通行帯が3以上の信号交差点への進入路。原付一種はこの方向から右折するとき二段階右折。※推定（現地の標識が優先）","cond":"","src":"兵庫県警/JARTIC交通規制情報（車両通行帯＋信号機から推定）","uk":"28000000000000000000008876500001","confidence":"estimated","koma":43}},{"type":"Feature","geometry":{"type":"LineString","coordinates":[[135.35926,34.80615],[135.35984,34.80602],[135.36032,34.80584],[135.36026,34.80577]]},"properties":{"layer":"two_stage_likely_line","city":"宝塚市","lanes":3,"title":"二段階右折 の可能性（片側3車線・信号交差点）","uk":"28000000000000000000008876800001","confidence":"estimated","koma":null}},{"type":"Feature","geometry":{"type":"Point","coordinates":[135.36026,34.80577]},"properties":{"layer":"two_stage_likely","city":"宝塚市","lanes":3,"title":"二段階右折（推定）片側3車線","detail":"車両通行帯が3以上の信号交差点への進入路。原付一種はこの方向から右折するとき二段階右折。※推定（現地の標識が優先）","cond":"東は、国道１７６号バイパスと国道１７６号側道。","src":"兵庫県警/JARTIC交通規制情報（車両通行帯＋信号機から推定）","uk":"28000000000000000000008876800001","confidence":"estimated","koma":null}},{"type":"Feature","geometry":{"type":"LineString","coordinates":[[135.35125,34.80814],[135.35125,34.80786],[135.35108,34.80797]]},"properties":{"layer":"two_stage_likely_line","city":"宝塚市","lanes":3,"title":"二段階右折 の可能性（片側3車線・信号交差点）","uk":"28000000000000000000008877200001","confidence":"estimated","koma":null}},{"type":"Feature","geometry":{"type":"Point","coordinates":[135.35108,34.80797]},"properties":{"layer":"two_stage_likely","city":"宝塚市","lanes":3,"title":"二段階右折（推定）片側3車線","detail":"車両通行帯が3以上の信号交差点への進入路。原付一種はこの方向から右折するとき二段階右折。※推定（現地の標識が優先）","cond":"","src":"兵庫県警/JARTIC交通規制情報（車両通行帯＋信号機から推定）","uk":"28000000000000000000008877200001","confidence":"estimated","koma":null}},{"type":"Feature","geometry":{"type":"LineString","coordinates":[[135.34829,34.80851],[135.34754,34.80876]]},"properties":{"layer":"two_stage_likely_line","city":"宝塚市","lanes":4,"title":"二段階右折 の可能性（片側4車線・信号交差点）","uk":"28000000000000000000008877300001","confidence":"estimated","koma":null}},{"type":"Feature","geometry":{"type":"Point","coordinates":[135.34754,34.80876]},"properties":{"layer":"two_stage_likely","city":"宝塚市","lanes":4,"title":"二段階右折（推定）片側4車線","detail":"車両通行帯が3以上の信号交差点への進入路。原付一種はこの方向から右折するとき二段階右折。※推定（現地の標識が優先）","cond":"","src":"兵庫県警/JARTIC交通規制情報（車両通行帯＋信号機から推定）","uk":"28000000000000000000008877300001","confidence":"estimated","koma":null}},{"type":"Feature","geometry":{"type":"LineString","coordinates":[[135.36899,34.79996],[135.36899,34.79996]]},"properties":{"layer":"two_stage_likely_line","city":"宝塚市","lanes":4,"title":"二段階右折 の可能性（片側4車線・信号交差点）","uk":"28000000000000000000008877700001","confidence":"estimated","koma":null}},{"type":"Feature","geometry":{"type":"Point","coordinates":[135.36899,34.79996]},"properties":{"layer":"two_stage_likely","city":"宝塚市","lanes":4,"title":"二段階右折（推定）片側4車線","detail":"車両通行帯が3以上の信号交差点への進入路。原付一種はこの方向から右折するとき二段階右折。※推定（現地の標識が優先）","cond":"","src":"兵庫県警/JARTIC交通規制情報（車両通行帯＋信号機から推定）","uk":"28000000000000000000008877700001","confidence":"estimated","koma":null}},{"type":"Feature","geometry":{"type":"LineString","coordinates":[[135.37136,34.81794],[135.37178,34.81802],[135.37164,34.81781],[135.37212,34.81792]]},"properties":{"layer":"two_stage_likely_line","city":"宝塚市","lanes":4,"title":"二段階右折 の可能性（片側4車線・信号交差点）","uk":"28000000000000000000008877900001","confidence":"estimated","koma":null}},{"type":"Feature","geometry":{"type":"Point","coordinates":[135.37212,34.81792]},"properties":{"layer":"two_stage_likely","city":"宝塚市","lanes":4,"title":"二段階右折（推定）片側4車線","detail":"車両通行帯が3以上の信号交差点への進入路。原付一種はこの方向から右折するとき二段階右折。※推定（現地の標識が優先）","cond":"","src":"兵庫県警/JARTIC交通規制情報（車両通行帯＋信号機から推定）","uk":"28000000000000000000008877900001","confidence":"estimated","koma":null}},{"type":"Feature","geometry":{"type":"LineString","coordinates":[[135.3774,34.8187],[135.37745,34.81823]]},"properties":{"layer":"two_stage_likely_line","city":"宝塚市","lanes":4,"title":"二段階右折 の可能性（片側4車線・信号交差点）","uk":"28000000000000000000008878100001","confidence":"estimated","koma":null}},{"type":"Feature","geometry":{"type":"Point","coordinates":[135.37745,34.81823]},"properties":{"layer":"two_stage_likely","city":"宝塚市","lanes":4,"title":"二段階右折（推定）片側4車線","detail":"車両通行帯が3以上の信号交差点への進入路。原付一種はこの方向から右折するとき二段階右折。※推定（現地の標識が優先）","cond":"","src":"兵庫県警/JARTIC交通規制情報（車両通行帯＋信号機から推定）","uk":"28000000000000000000008878100001","confidence":"estimated","koma":null}},{"type":"Feature","geometry":{"type":"LineString","coordinates":[[135.37813,34.79184],[135.37835,34.79166],[135.37837,34.79233],[135.37787,34.7922],[135.37786,34.79197]]},"properties":{"layer":"two_stage_likely_line","city":"宝塚市","lanes":4,"title":"二段階右折 の可能性（片側4車線・信号交差点）","uk":"28000000000000000000008878200001","confidence":"estimated","koma":null}},{"type":"Feature","geometry":{"type":"Point","coordinates":[135.37786,34.79197]},"properties":{"layer":"two_stage_likely","city":"宝塚市","lanes":4,"title":"二段階右折（推定）片側4車線","detail":"車両通行帯が3以上の信号交差点への進入路。原付一種はこの方向から右折するとき二段階右折。※推定（現地の標識が優先）","cond":"","src":"兵庫県警/JARTIC交通規制情報（車両通行帯＋信号機から推定）","uk":"28000000000000000000008878200001","confidence":"estimated","koma":null}},{"type":"Feature","geometry":{"type":"LineString","coordinates":[[135.35863,34.78603],[135.35927,34.78613],[135.35838,34.78589],[135.35831,34.78555],[135.35849,34.78644]]},"properties":{"layer":"two_stage_likely_line","city":"宝塚市","lanes":3,"title":"二段階右折 の可能性（片側3車線・信号交差点）","uk":"28000000000000000000008878700001","confidence":"estimated","koma":null}},{"type":"Feature","geometry":{"type":"Point","coordinates":[135.35849,34.78644]},"properties":{"layer":"two_stage_likely","city":"宝塚市","lanes":3,"title":"二段階右折（推定）片側3車線","detail":"車両通行帯が3以上の信号交差点への進入路。原付一種はこの方向から右折するとき二段階右折。※推定（現地の標識が優先）","cond":"","src":"兵庫県警/JARTIC交通規制情報（車両通行帯＋信号機から推定）","uk":"28000000000000000000008878700001","confidence":"estimated","koma":null}},{"type":"Feature","geometry":{"type":"LineString","coordinates":[[135.35381,34.79817],[135.35447,34.79785]]},"properties":{"layer":"two_stage_likely_line","city":"宝塚市","lanes":4,"title":"二段階右折 の可能性（片側4車線・信号交差点）","uk":"28000000000000000000008879100001","confidence":"estimated","koma":null}},{"type":"Feature","geometry":{"type":"Point","coordinates":[135.35447,34.79785]},"properties":{"layer":"two_stage_likely","city":"宝塚市","lanes":4,"title":"二段階右折（推定）片側4車線","detail":"車両通行帯が3以上の信号交差点への進入路。原付一種はこの方向から右折するとき二段階右折。※推定（現地の標識が優先）","cond":"","src":"兵庫県警/JARTIC交通規制情報（車両通行帯＋信号機から推定）","uk":"28000000000000000000008879100001","confidence":"estimated","koma":null}},{"type":"Feature","geometry":{"type":"LineString","coordinates":[[135.37384,34.80374],[135.37351,34.80429],[135.37341,34.80414],[135.3738,34.80418]]},"properties":{"layer":"two_stage_likely_line","city":"宝塚市","lanes":4,"title":"二段階右折 の可能性（片側4車線・信号交差点）","uk":"28000000000000000000008879600001","confidence":"estimated","koma":null}},{"type":"Feature","geometry":{"type":"Point","coordinates":[135.3738,34.80418]},"properties":{"layer":"two_stage_likely","city":"宝塚市","lanes":4,"title":"二段階右折（推定）片側4車線","detail":"車両通行帯が3以上の信号交差点への進入路。原付一種はこの方向から右折するとき二段階右折。※推定（現地の標識が優先）","cond":"","src":"兵庫県警/JARTIC交通規制情報（車両通行帯＋信号機から推定）","uk":"28000000000000000000008879600001","confidence":"estimated","koma":null}},{"type":"Feature","geometry":{"type":"LineString","coordinates":[[135.36831,34.78805],[135.36871,34.78807],[135.36889,34.78787],[135.36897,34.78823],[135.36967,34.78815]]},"properties":{"layer":"two_stage_likely_line","city":"宝塚市","lanes":4,"title":"二段階右折 の可能性（片側4車線・信号交差点）","uk":"28000000000000000000008879800001","confidence":"estimated","koma":null}},{"type":"Feature","geometry":{"type":"Point","coordinates":[135.36967,34.78815]},"properties":{"layer":"two_stage_likely","city":"宝塚市","lanes":4,"title":"二段階右折（推定）片側4車線","detail":"車両通行帯が3以上の信号交差点への進入路。原付一種はこの方向から右折するとき二段階右折。※推定（現地の標識が優先）","cond":"","src":"兵庫県警/JARTIC交通規制情報（車両通行帯＋信号機から推定）","uk":"28000000000000000000008879800001","confidence":"estimated","koma":null}},{"type":"Feature","geometry":{"type":"LineString","coordinates":[[135.35563,34.79382],[135.35568,34.79365],[135.35553,34.79355],[135.35567,34.79347],[135.35612,34.79356]]},"properties":{"layer":"two_stage_likely_line","city":"宝塚市","lanes":4,"title":"二段階右折 の可能性（片側4車線・信号交差点）","uk":"28000000000000000000008880500001","confidence":"estimated","koma":44}},{"type":"Feature","geometry":{"type":"Point","coordinates":[135.35612,34.79356]},"properties":{"layer":"two_stage_likely","city":"宝塚市","lanes":4,"title":"二段階右折（推定）片側4車線","detail":"車両通行帯が3以上の信号交差点への進入路。原付一種はこの方向から右折するとき二段階右折。※推定（現地の標識が優先）","cond":"","src":"兵庫県警/JARTIC交通規制情報（車両通行帯＋信号機から推定）","uk":"28000000000000000000008880500001","confidence":"estimated","koma":44}},{"type":"Feature","geometry":{"type":"LineString","coordinates":[[135.38863,34.82018],[135.3888,34.82011],[135.38855,34.82006],[135.38882,34.81991]]},"properties":{"layer":"two_stage_likely_line","city":"宝塚市","lanes":4,"title":"二段階右折 の可能性（片側4車線・信号交差点）","uk":"28000000000000000000008880600001","confidence":"estimated","koma":null}},{"type":"Feature","geometry":{"type":"Point","coordinates":[135.38882,34.81991]},"properties":{"layer":"two_stage_likely","city":"宝塚市","lanes":4,"title":"二段階右折（推定）片側4車線","detail":"車両通行帯が3以上の信号交差点への進入路。原付一種はこの方向から右折するとき二段階右折。※推定（現地の標識が優先）","cond":"","src":"兵庫県警/JARTIC交通規制情報（車両通行帯＋信号機から推定）","uk":"28000000000000000000008880600001","confidence":"estimated","koma":null}},{"type":"Feature","geometry":{"type":"LineString","coordinates":[[135.37052,34.84011],[135.3706,34.83971]]},"properties":{"layer":"two_stage_likely_line","city":"宝塚市","lanes":4,"title":"二段階右折 の可能性（片側4車線・信号交差点）","uk":"28000000000000000000008880800001","confidence":"estimated","koma":null}},{"type":"Feature","geometry":{"type":"Point","coordinates":[135.3706,34.83971]},"properties":{"layer":"two_stage_likely","city":"宝塚市","lanes":4,"title":"二段階右折（推定）片側4車線","detail":"車両通行帯が3以上の信号交差点への進入路。原付一種はこの方向から右折するとき二段階右折。※推定（現地の標識が優先）","cond":"","src":"兵庫県警/JARTIC交通規制情報（車両通行帯＋信号機から推定）","uk":"28000000000000000000008880800001","confidence":"estimated","koma":null}},{"type":"Feature","geometry":{"type":"LineString","coordinates":[[135.37464,34.81528],[135.37412,34.8155]]},"properties":{"layer":"two_stage_likely_line","city":"宝塚市","lanes":4,"title":"二段階右折 の可能性（片側4車線・信号交差点）","uk":"28000000000000000000008880900001","confidence":"estimated","koma":null}},{"type":"Feature","geometry":{"type":"Point","coordinates":[135.37412,34.8155]},"properties":{"layer":"two_stage_likely","city":"宝塚市","lanes":4,"title":"二段階右折（推定）片側4車線","detail":"車両通行帯が3以上の信号交差点への進入路。原付一種はこの方向から右折するとき二段階右折。※推定（現地の標識が優先）","cond":"","src":"兵庫県警/JARTIC交通規制情報（車両通行帯＋信号機から推定）","uk":"28000000000000000000008880900001","confidence":"estimated","koma":null}},{"type":"Feature","geometry":{"type":"LineString","coordinates":[[135.35782,34.77573],[135.35809,34.77539],[135.35791,34.776]]},"properties":{"layer":"two_stage_likely_line","city":"宝塚市","lanes":3,"title":"二段階右折 の可能性（片側3車線・信号交差点）","uk":"28000000000000000000008881100001","confidence":"estimated","koma":null}},{"type":"Feature","geometry":{"type":"Point","coordinates":[135.35791,34.776]},"properties":{"layer":"two_stage_likely","city":"宝塚市","lanes":3,"title":"二段階右折（推定）片側3車線","detail":"車両通行帯が3以上の信号交差点への進入路。原付一種はこの方向から右折するとき二段階右折。※推定（現地の標識が優先）","cond":"","src":"兵庫県警/JARTIC交通規制情報（車両通行帯＋信号機から推定）","uk":"28000000000000000000008881100001","confidence":"estimated","koma":null}},{"type":"Feature","geometry":{"type":"LineString","coordinates":[[135.36734,34.81761],[135.36666,34.81755]]},"properties":{"layer":"two_stage_likely_line","city":"宝塚市","lanes":3,"title":"二段階右折 の可能性（片側3車線・信号交差点）","uk":"28000000000000000000008881600001","confidence":"estimated","koma":null}},{"type":"Feature","geometry":{"type":"Point","coordinates":[135.36666,34.81755]},"properties":{"layer":"two_stage_likely","city":"宝塚市","lanes":3,"title":"二段階右折（推定）片側3車線","detail":"車両通行帯が3以上の信号交差点への進入路。原付一種はこの方向から右折するとき二段階右折。※推定（現地の標識が優先）","cond":"","src":"兵庫県警/JARTIC交通規制情報（車両通行帯＋信号機から推定）","uk":"28000000000000000000008881600001","confidence":"estimated","koma":null}},{"type":"Feature","geometry":{"type":"LineString","coordinates":[[135.36817,34.78797],[135.36768,34.78795]]},"properties":{"layer":"two_stage_likely_line","city":"宝塚市","lanes":3,"title":"二段階右折 の可能性（片側3車線・信号交差点）","uk":"28000000000000000000008882000001","confidence":"estimated","koma":9}},{"type":"Feature","geometry":{"type":"Point","coordinates":[135.36768,34.78795]},"properties":{"layer":"two_stage_likely","city":"宝塚市","lanes":3,"title":"二段階右折（推定）片側3車線","detail":"車両通行帯が3以上の信号交差点への進入路。原付一種はこの方向から右折するとき二段階右折。※推定（現地の標識が優先）","cond":"","src":"兵庫県警/JARTIC交通規制情報（車両通行帯＋信号機から推定）","uk":"28000000000000000000008882000001","confidence":"estimated","koma":9}},{"type":"Feature","geometry":{"type":"LineString","coordinates":[[135.34996,34.80783],[135.35013,34.80812]]},"properties":{"layer":"two_stage_likely_line","city":"宝塚市","lanes":3,"title":"二段階右折 の可能性（片側3車線・信号交差点）","uk":"28000000000000000000008882500001","confidence":"estimated","koma":null}},{"type":"Feature","geometry":{"type":"Point","coordinates":[135.35013,34.80812]},"properties":{"layer":"two_stage_likely","city":"宝塚市","lanes":3,"title":"二段階右折（推定）片側3車線","detail":"車両通行帯が3以上の信号交差点への進入路。原付一種はこの方向から右折するとき二段階右折。※推定（現地の標識が優先）","cond":"","src":"兵庫県警/JARTIC交通規制情報（車両通行帯＋信号機から推定）","uk":"28000000000000000000008882500001","confidence":"estimated","koma":null}},{"type":"Feature","geometry":{"type":"LineString","coordinates":[[134.94028,34.70808],[134.94041,34.70883]]},"properties":{"layer":"two_stage_likely_line","city":"神戸市","lanes":4,"title":"二段階右折 の可能性（片側4車線・信号交差点）","uk":"28000000000000000000008917400001","confidence":"estimated","koma":null}},{"type":"Feature","geometry":{"type":"Point","coordinates":[134.94041,34.70883]},"properties":{"layer":"two_stage_likely","city":"神戸市","lanes":4,"title":"二段階右折（推定）片側4車線","detail":"車両通行帯が3以上の信号交差点への進入路。原付一種はこの方向から右折するとき二段階右折。※推定（現地の標識が優先）","cond":"","src":"兵庫県警/JARTIC交通規制情報（車両通行帯＋信号機から推定）","uk":"28000000000000000000008917400001","confidence":"estimated","koma":null}},{"type":"Feature","geometry":{"type":"LineString","coordinates":[[135.2796,34.73432],[135.2795,34.73446],[135.27892,34.73397],[135.27767,34.73386],[135.27879,34.73445],[135.27834,34.7345],[135.27783,34.73433],[135.2778,34.73443],[135.2785,34.73487],[135.27832,34.7349]]},"properties":{"layer":"moped_banned","city":"神戸市","title":"車両通行止め","detail":"原付一種が進入できない区間（公安委員会規制）。","time":"","cond":"","always":true,"src":"兵庫県警/JARTIC交通規制情報","uk":"28000000000000000000000000600001","confidence":"sign"}},{"type":"Feature","geometry":{"type":"LineString","coordinates":[[135.17994,34.68287],[135.17958,34.68255]]},"properties":{"layer":"moped_banned","city":"神戸市","title":"車両通行止め","detail":"原付一種が進入できない区間（公安委員会規制）。","time":"","cond":"","always":true,"src":"兵庫県警/JARTIC交通規制情報","uk":"28000000000000000000000012400001","confidence":"sign"}},{"type":"Feature","geometry":{"type":"LineString","coordinates":[[135.19162,34.69233],[135.19319,34.69374],[135.19346,34.69408],[135.19333,34.6943]]},"properties":{"layer":"moped_banned","city":"神戸市","title":"車両通行止め","detail":"原付一種が進入できない区間（公安委員会規制）。","time":"","cond":"","always":true,"src":"兵庫県警/JARTIC交通規制情報","uk":"28000000000000000000015420800001","confidence":"sign"}},{"type":"Feature","geometry":{"type":"LineString","coordinates":[[135.15326,34.69126],[135.15272,34.69148],[135.15235,34.69136],[135.15178,34.69089],[135.15059,34.69035],[135.14976,34.69043],[135.14951,34.69059],[135.14901,34.69132],[135.14872,34.69253],[135.14913,34.69309],[135.14948,34.69291]]},"properties":{"layer":"moped_banned","city":"神戸市","title":"車両通行止め","detail":"時間・曜日限定で原付一種が進入できない区間（公安委員会規制）。","time":"土曜　終日","cond":"土曜、日曜、休日","always":false,"src":"兵庫県警/JARTIC交通規制情報","uk":"28000000000000000000017332900001","confidence":"sign"}},{"type":"Feature","geometry":{"type":"LineString","coordinates":[[135.09499,34.68017],[135.095,34.67991],[135.09479,34.67986],[135.09463,34.6799],[135.09461,34.68003],[135.09493,34.68017]]},"properties":{"layer":"moped_banned","city":"神戸市","title":"車両通行止め","detail":"原付一種が進入できない区間（公安委員会規制）。","time":"","cond":"","always":true,"src":"兵庫県警/JARTIC交通規制情報","uk":"28000000000000000000000021500001","confidence":"sign"}},{"type":"Feature","geometry":{"type":"LineString","coordinates":[[135.13386,34.65257],[135.13417,34.65223],[135.13395,34.65203],[135.13369,34.65228],[135.13377,34.65253]]},"properties":{"layer":"moped_banned","city":"神戸市","title":"車両通行止め","detail":"原付一種が進入できない区間（公安委員会規制）。","time":"","cond":"","always":true,"src":"兵庫県警/JARTIC交通規制情報","uk":"28000000000000000000000021700001","confidence":"sign"}},{"type":"Feature","geometry":{"type":"LineString","coordinates":[[135.23259,34.66992],[135.23292,34.66915],[135.23283,34.66901],[135.22063,34.66403]]},"properties":{"layer":"moped_banned","city":"神戸市","title":"車両通行止め","detail":"時間・曜日限定で原付一種が進入できない区間（公安委員会規制）。","time":"21:00-6:00","cond":"除外対象：特定中型自動車、特定小型原動機付自転車","always":false,"src":"兵庫県警/JARTIC交通規制情報","uk":"28000000000000000000000022900001","confidence":"sign"}},{"type":"Feature","geometry":{"type":"LineString","coordinates":[[135.22222,34.68068],[135.2208,34.68191],[135.21391,34.68088],[135.2144,34.67829]]},"properties":{"layer":"moped_banned","city":"神戸市","title":"車両通行止め","detail":"時間・曜日限定で原付一種が進入できない区間（公安委員会規制）。","time":"21:00-6:00","cond":"除外対象：特定中型自動車、特定小型原動機付自転車","always":false,"src":"兵庫県警/JARTIC交通規制情報","uk":"28000000000000000000000023000001","confidence":"sign"}},{"type":"Feature","geometry":{"type":"LineString","coordinates":[[135.21805,34.6814],[135.21882,34.67968]]},"properties":{"layer":"moped_banned","city":"神戸市","title":"車両通行止め","detail":"時間・曜日限定で原付一種が進入できない区間（公安委員会規制）。","time":"21:00-6:00","cond":"除外対象：特定中型自動車、特定小型原動機付自転車","always":false,"src":"兵庫県警/JARTIC交通規制情報","uk":"28000000000000000000000023100001","confidence":"sign"}},{"type":"Feature","geometry":{"type":"LineString","coordinates":[[135.22227,34.68051],[135.21252,34.6775]]},"properties":{"layer":"moped_banned","city":"神戸市","title":"車両通行止め","detail":"時間・曜日限定で原付一種が進入できない区間（公安委員会規制）。","time":"21:00-6:00","cond":"除外対象：特定中型自動車、特定小型原動機付自転車","always":false,"src":"兵庫県警/JARTIC交通規制情報","uk":"28000000000000000000000023200001","confidence":"sign"}},{"type":"Feature","geometry":{"type":"LineString","coordinates":[[135.22445,34.67217],[135.22925,34.67363],[135.22926,34.67392],[135.22451,34.67218]]},"properties":{"layer":"moped_banned","city":"神戸市","title":"車両通行止め","detail":"時間・曜日限定で原付一種が進入できない区間（公安委員会規制）。","time":"21:00-6:00","cond":"除外対象:特定中型自動車、特定小型原動機付自転車","always":false,"src":"兵庫県警/JARTIC交通規制情報","uk":"28000000000000000000000023300001","confidence":"sign"}},{"type":"Feature","geometry":{"type":"LineString","coordinates":[[135.22195,34.6728],[135.22246,34.67168]]},"properties":{"layer":"moped_banned","city":"神戸市","title":"車両通行止め","detail":"時間・曜日限定で原付一種が進入できない区間（公安委員会規制）。","time":"21:00-6:00","cond":"除外対象:特定中型自動車、特定小型原動機付自転車","always":false,"src":"兵庫県警/JARTIC交通規制情報","uk":"28000000000000000000000023400001","confidence":"sign"}},{"type":"Feature","geometry":{"type":"LineString","coordinates":[[135.22558,34.6739],[135.22609,34.67278]]},"properties":{"layer":"moped_banned","city":"神戸市","title":"車両通行止め","detail":"時間・曜日限定で原付一種が進入できない区間（公安委員会規制）。","time":"21:00-6:00","cond":"除外対象:特定中型自動車、特定小型原動機付自転車","always":false,"src":"兵庫県警/JARTIC交通規制情報","uk":"28000000000000000000000023500001","confidence":"sign"}},{"type":"Feature","geometry":{"type":"LineString","coordinates":[[135.35305,34.74699],[135.35291,34.7498]]},"properties":{"layer":"moped_banned","city":"西宮市","title":"車両通行止め","detail":"原付一種が進入できない区間（公安委員会規制）。","time":"","cond":"","always":true,"src":"兵庫県警/JARTIC交通規制情報","uk":"28000000000000000000000030500001","confidence":"sign"}},{"type":"Feature","geometry":{"type":"LineString","coordinates":[[135.40271,34.82749],[135.40118,34.82671]]},"properties":{"layer":"moped_banned","city":"宝塚市","title":"車両通行止め","detail":"時間・曜日限定で原付一種が進入できない区間（公安委員会規制）。","time":"7:30-8:30","cond":"日曜日、休日を除く。","always":false,"src":"兵庫県警/JARTIC交通規制情報","uk":"28000000000000000000000045500001","confidence":"sign"}},{"type":"Feature","geometry":{"type":"LineString","coordinates":[[135.20876,34.75192],[135.20937,34.75167],[135.20953,34.75142],[135.20934,34.74995],[135.20996,34.74939],[135.21003,34.74858],[135.21069,34.74841],[135.2109,34.7481],[135.21118,34.74801],[135.21147,34.74799],[135.21195,34.7482],[135.2125,34.74766],[135.21262,34.74722],[135.21253,34.74703],[135.21213,34.74688],[135.21192,34.7465],[135.2116,34.7463],[135.21063,34.74627],[135.21019,34.7456],[135.2103,34.74507],[135.21068,34.74467],[135.21074,34.74412],[135.21151,34.74423],[135.2117,34.74375],[135.21239,34.74366],[135.21273,34.74328],[135.21253,34.74304],[135.21231,34.74298],[135.21122,34.74292],[135.21059,34.74306],[135.20988,34.74298],[135.20976,34.74287],[135.20988,34.74238],[135.20979,34.74225],[135.20884,34.74231],[135.20815,34.74194],[135.20815,34.74155],[135.20795,34.74141],[135.20745,34.74155],[135.20699,34.74143],[135.20643,34.74153],[135.20615,34.74076],[135.20597,34.74069],[135.20551,34.74076],[135.20534,34.74127],[135.2049,34.74149],[135.20399,34.74128],[135.20384,34.74101],[135.20312,34.74063],[135.20252,34.73954],[135.20255,34.73925],[135.20318,34.73834],[135.2036,34.73817],[135.20403,34.73777],[135.20451,34.73761],[135.20474,34.73733],[135.20513,34.73724]]},"properties":{"layer":"moped_banned","city":"神戸市","title":"二輪の自動車・一般原動機付自転車通行止め","detail":"原付一種が進入できない区間（公安委員会規制）。","time":"","cond":"","always":true,"src":"兵庫県警/JARTIC交通規制情報","uk":"28000000000000000000000254000001","confidence":"sign"}},{"type":"Feature","geometry":{"type":"LineString","coordinates":[[135.22882,34.74149],[135.22925,34.7422],[135.22922,34.74235],[135.22904,34.74232],[135.22856,34.74178],[135.22819,34.74222],[135.22751,34.7427],[135.22717,34.74259],[135.2268,34.74272],[135.22601,34.74247],[135.22507,34.74292],[135.22456,34.74262],[135.22434,34.74233],[135.2243,34.74202],[135.22395,34.7419],[135.22418,34.74268],[135.22473,34.74322],[135.22491,34.74363],[135.22519,34.74364],[135.22547,34.74326],[135.22588,34.74315],[135.2261,34.74322],[135.22638,34.74368]]},"properties":{"layer":"moped_banned","city":"神戸市","title":"二輪の自動車・一般原動機付自転車通行止め","detail":"時間・曜日限定で原付一種が進入できない区間（公安委員会規制）。","time":"土曜　終日","cond":"土曜日、日曜日、休日に限る。","always":false,"src":"兵庫県警/JARTIC交通規制情報","uk":"28000000000000000000000254100001","confidence":"sign"}},{"type":"Feature","geometry":{"type":"LineString","coordinates":[[135.23067,34.75717],[135.22979,34.75773],[135.22996,34.75866],[135.23019,34.7594],[135.23044,34.75966],[135.23143,34.75992],[135.23149,34.76015],[135.23075,34.76002],[135.23015,34.7606],[135.22948,34.76095],[135.22914,34.76028],[135.22828,34.7604],[135.22822,34.76078],[135.22809,34.76085],[135.22791,34.76085],[135.22737,34.76045],[135.22714,34.76045],[135.22683,34.76088],[135.22697,34.76133],[135.22686,34.76143],[135.22647,34.76142],[135.22637,34.7616],[135.22681,34.76196],[135.22645,34.7624],[135.22646,34.76288],[135.2252,34.76283],[135.22513,34.76324],[135.23053,34.75724]]},"properties":{"layer":"moped_banned","city":"神戸市","title":"二輪の自動車・一般原動機付自転車通行止め","detail":"時間・曜日限定で原付一種が進入できない区間（公安委員会規制）。","time":"土曜　終日","cond":"土曜日、日曜日、休日に限る。","always":false,"src":"兵庫県警/JARTIC交通規制情報","uk":"28000000000000000000000254200001","confidence":"sign"}},{"type":"Feature","geometry":{"type":"LineString","coordinates":[[135.18162,34.71404],[135.18183,34.71366],[135.18262,34.71336],[135.18279,34.71303],[135.18227,34.71267],[135.18185,34.7129],[135.18137,34.71285],[135.18117,34.71201],[135.1816,34.7117],[135.18184,34.71128],[135.18227,34.71117],[135.18211,34.71053],[135.18221,34.71041],[135.18329,34.7104],[135.1834,34.7103],[135.1836,34.70963],[135.18315,34.70922]]},"properties":{"layer":"moped_banned","city":"神戸市","title":"二輪の自動車・一般原動機付自転車通行止め","detail":"原付一種が進入できない区間（公安委員会規制）。","time":"","cond":"","always":true,"src":"兵庫県警/JARTIC交通規制情報","uk":"28000000000000000000000254300001","confidence":"sign"}},{"type":"Feature","geometry":{"type":"LineString","coordinates":[[135.19488,34.70523],[135.19595,34.7052],[135.19636,34.70494],[135.19816,34.70249]]},"properties":{"layer":"moped_banned","city":"神戸市","title":"二輪の自動車・一般原動機付自転車通行止め","detail":"原付一種が進入できない区間（公安委員会規制）。","time":"","cond":"","always":true,"src":"兵庫県警/JARTIC交通規制情報","uk":"28000000000000000000017328100001","confidence":"sign"}},{"type":"Feature","geometry":{"type":"LineString","coordinates":[[135.19456,34.70958],[135.19509,34.70929],[135.19706,34.70683],[135.19692,34.70642]]},"properties":{"layer":"moped_banned","city":"神戸市","title":"二輪の自動車・一般原動機付自転車通行止め","detail":"原付一種が進入できない区間（公安委員会規制）。","time":"","cond":"","always":true,"src":"兵庫県警/JARTIC交通規制情報","uk":"28000000000000000000017328800001","confidence":"sign"}},{"type":"Feature","geometry":{"type":"LineString","coordinates":[[135.19316,34.70839],[135.19252,34.70887],[135.19202,34.70907],[135.19138,34.70925],[135.19044,34.70928]]},"properties":{"layer":"moped_banned","city":"神戸市","title":"二輪の自動車・一般原動機付自転車通行止め","detail":"原付一種が進入できない区間（公安委員会規制）。","time":"","cond":"","always":true,"src":"兵庫県警/JARTIC交通規制情報","uk":"28000000000000000000017329300001","confidence":"sign"}},{"type":"Feature","geometry":{"type":"LineString","coordinates":[[135.20113,34.69746],[135.19851,34.70189],[135.19668,34.70465],[135.19621,34.70522],[135.19528,34.70567],[135.19299,34.70897],[135.18969,34.71314],[135.18377,34.71974],[135.18183,34.72161]]},"properties":{"layer":"moped_banned","city":"神戸市","title":"二輪の自動車・一般原動機付自転車通行止め","detail":"原付一種が進入できない区間（公安委員会規制）。","time":"","cond":"","always":true,"src":"兵庫県警/JARTIC交通規制情報","uk":"28000000000000000000017329900001","confidence":"sign"}},{"type":"Feature","geometry":{"type":"LineString","coordinates":[[135.18285,34.72238],[135.19648,34.70732],[135.19695,34.70516],[135.20237,34.6968]]},"properties":{"layer":"moped_banned","city":"神戸市","title":"二輪の自動車・一般原動機付自転車通行止め","detail":"原付一種が進入できない区間（公安委員会規制）。","time":"","cond":"","always":true,"src":"兵庫県警/JARTIC交通規制情報","uk":"28000000000000000000017330100001","confidence":"sign"}},{"type":"Feature","geometry":{"type":"LineString","coordinates":[[135.19868,34.70134],[135.19808,34.70229],[135.19804,34.70266]]},"properties":{"layer":"moped_banned","city":"神戸市","title":"二輪の自動車・一般原動機付自転車通行止め","detail":"原付一種が進入できない区間（公安委員会規制）。","time":"","cond":"","always":true,"src":"兵庫県警/JARTIC交通規制情報","uk":"28000000000000000000017330400001","confidence":"sign"}},{"type":"Feature","geometry":{"type":"LineString","coordinates":[[135.19724,34.70467],[135.19833,34.70332],[135.19849,34.70259]]},"properties":{"layer":"moped_banned","city":"神戸市","title":"二輪の自動車・一般原動機付自転車通行止め","detail":"原付一種が進入できない区間（公安委員会規制）。","time":"","cond":"","always":true,"src":"兵庫県警/JARTIC交通規制情報","uk":"28000000000000000000017330700001","confidence":"sign"}},{"type":"Feature","geometry":{"type":"LineString","coordinates":[[135.18315,34.70922],[135.18315,34.70829],[135.18298,34.70814],[135.18253,34.70813],[135.18236,34.70794],[135.18269,34.70756],[135.18249,34.70672],[135.18281,34.70646],[135.18244,34.70548],[135.18139,34.7053],[135.18052,34.70482],[135.18025,34.70456],[135.17985,34.70391],[135.18013,34.70348],[135.18006,34.70294],[135.17992,34.70295],[135.17958,34.7035],[135.17883,34.70374],[135.17927,34.70454],[135.17905,34.70422],[135.17862,34.70393],[135.17829,34.70388],[135.17804,34.70365],[135.17889,34.70319],[135.17913,34.70281],[135.17908,34.70264],[135.17844,34.70247],[135.17829,34.70229],[135.17862,34.70192],[135.17876,34.70143],[135.17908,34.70116],[135.17863,34.7006],[135.17864,34.70038],[135.17941,34.69962],[135.17948,34.69921],[135.17994,34.69857],[135.17971,34.69743],[135.18069,34.69719],[135.18137,34.69749],[135.18142,34.69777],[135.18101,34.69781],[135.18055,34.69819],[135.18072,34.69831],[135.18129,34.6981],[135.18096,34.69849],[135.18165,34.69827],[135.18206,34.69826],[135.18242,34.69797],[135.18309,34.69778],[135.18438,34.69846],[135.18432,34.69798],[135.18405,34.69752],[135.18441,34.69714]]},"properties":{"layer":"moped_banned","city":"神戸市","title":"二輪の自動車・一般原動機付自転車通行止め","detail":"原付一種が進入できない区間（公安委員会規制）。","time":"","cond":"","always":true,"src":"兵庫県警/JARTIC交通規制情報","uk":"28000000000000000000000254400001","confidence":"sign"}},{"type":"Feature","geometry":{"type":"LineString","coordinates":[[135.17966,34.71928],[135.17996,34.71909],[135.1802,34.71862],[135.18012,34.71824],[135.17962,34.71821],[135.17956,34.71767],[135.17963,34.71747],[135.18036,34.71706],[135.18005,34.71637],[135.18037,34.71562],[135.18005,34.71516],[135.18037,34.71458],[135.18022,34.71385],[135.18038,34.71378],[135.18134,34.71411],[135.18162,34.71403]]},"properties":{"layer":"moped_banned","city":"神戸市","title":"二輪の自動車・一般原動機付自転車通行止め","detail":"原付一種が進入できない区間（公安委員会規制）。","time":"","cond":"","always":true,"src":"兵庫県警/JARTIC交通規制情報","uk":"28000000000000000000000254500001","confidence":"sign"}},{"type":"Feature","geometry":{"type":"LineString","coordinates":[[135.1903,34.70935],[135.18958,34.70921],[135.17635,34.70416],[135.17405,34.70317]]},"properties":{"layer":"moped_banned","city":"神戸市","title":"二輪の自動車・一般原動機付自転車通行止め","detail":"原付一種が進入できない区間（公安委員会規制）。","time":"","cond":"","always":true,"src":"兵庫県警/JARTIC交通規制情報","uk":"28000000000000000000017331200001","confidence":"sign"}},{"type":"Feature","geometry":{"type":"LineString","coordinates":[[135.19497,34.70517],[135.19185,34.70605],[135.19006,34.70612],[135.17294,34.70309],[135.17022,34.70196],[135.16749,34.69995],[135.16634,34.69941],[135.16531,34.69915],[135.16103,34.6987],[135.15959,34.69843],[135.15485,34.69666],[135.15359,34.69639],[135.15106,34.69615],[135.14979,34.69622],[135.14734,34.69716],[135.14375,34.69711],[135.14102,34.69769],[135.13985,34.69773],[135.13824,34.69736],[135.13618,34.69642],[135.13541,34.69581],[135.13485,34.69513],[135.13435,34.69414],[135.134,34.69385],[135.133,34.69339],[135.13224,34.69348],[135.13088,34.69387]]},"properties":{"layer":"moped_banned","city":"神戸市","title":"二輪の自動車・一般原動機付自転車通行止め","detail":"原付一種が進入できない区間（公安委員会規制）。","time":"","cond":"","always":true,"src":"兵庫県警/JARTIC交通規制情報","uk":"28000000000000000000017331500001","confidence":"sign"}},{"type":"Feature","geometry":{"type":"LineString","coordinates":[[135.19485,34.70517],[135.19544,34.7048],[135.19546,34.70405]]},"properties":{"layer":"moped_banned","city":"神戸市","title":"二輪の自動車・一般原動機付自転車通行止め","detail":"原付一種が進入できない区間（公安委員会規制）。","time":"","cond":"","always":true,"src":"兵庫県警/JARTIC交通規制情報","uk":"28000000000000000000017332000001","confidence":"sign"}},{"type":"Feature","geometry":{"type":"LineString","coordinates":[[135.16532,34.69938],[135.16517,34.69903],[135.16455,34.69851],[135.164,34.69847],[135.16343,34.69866],[135.16328,34.69885],[135.16346,34.69903],[135.16446,34.69912]]},"properties":{"layer":"moped_banned","city":"神戸市","title":"二輪の自動車・一般原動機付自転車通行止め","detail":"原付一種が進入できない区間（公安委員会規制）。","time":"","cond":"","always":true,"src":"兵庫県警/JARTIC交通規制情報","uk":"28000000000000000000017333100001","confidence":"sign"}},{"type":"Feature","geometry":{"type":"LineString","coordinates":[[135.16429,34.69892],[135.16395,34.69883],[135.16389,34.69867],[135.16404,34.69853],[135.16425,34.69856],[135.16496,34.69916],[135.16514,34.69946]]},"properties":{"layer":"moped_banned","city":"神戸市","title":"二輪の自動車・一般原動機付自転車通行止め","detail":"原付一種が進入できない区間（公安委員会規制）。","time":"","cond":"","always":true,"src":"兵庫県警/JARTIC交通規制情報","uk":"28000000000000000000017333400001","confidence":"sign"}},{"type":"Feature","geometry":{"type":"LineString","coordinates":[[135.17408,34.70317],[135.17256,34.70245],[135.16961,34.70026],[135.16869,34.69975],[135.16721,34.69933],[135.16591,34.69921]]},"properties":{"layer":"moped_banned","city":"神戸市","title":"二輪の自動車・一般原動機付自転車通行止め","detail":"原付一種が進入できない区間（公安委員会規制）。","time":"","cond":"","always":true,"src":"兵庫県警/JARTIC交通規制情報","uk":"28000000000000000000017333800001","confidence":"sign"}},{"type":"Feature","geometry":{"type":"LineString","coordinates":[[135.21192,34.67953],[135.21228,34.67779]]},"properties":{"layer":"moped_banned","city":"神戸市","title":"二輪の自動車・一般原動機付自転車通行止め","detail":"原付一種が進入できない区間（公安委員会規制）。","time":"","cond":"","always":true,"src":"兵庫県警/JARTIC交通規制情報","uk":"28000000000000000000017336600001","confidence":"sign"}},{"type":"Feature","geometry":{"type":"LineString","coordinates":[[135.21217,34.67776],[135.21183,34.67855],[135.21161,34.67949]]},"properties":{"layer":"moped_banned","city":"神戸市","title":"二輪の自動車・一般原動機付自転車通行止め","detail":"原付一種が進入できない区間（公安委員会規制）。","time":"","cond":"","always":true,"src":"兵庫県警/JARTIC交通規制情報","uk":"28000000000000000000017336900001","confidence":"sign"}},{"type":"Feature","geometry":{"type":"LineString","coordinates":[[135.20698,34.68967],[135.20764,34.68918],[135.20896,34.68853],[135.21017,34.68764],[135.21086,34.68699],[135.21107,34.68662],[135.21136,34.68545],[135.21171,34.6803],[135.21233,34.67769],[135.21279,34.67691],[135.21225,34.67764],[135.21169,34.67956],[135.21119,34.68564],[135.21102,34.6863],[135.21077,34.68674],[135.21015,34.68729],[135.2068,34.68959]]},"properties":{"layer":"moped_banned","city":"神戸市","title":"二輪の自動車・一般原動機付自転車通行止め","detail":"原付一種が進入できない区間（公安委員会規制）。","time":"","cond":"","always":true,"src":"兵庫県警/JARTIC交通規制情報","uk":"28000000000000000000017342200001","confidence":"sign"}},{"type":"Feature","geometry":{"type":"LineString","coordinates":[[135.25284,34.80068],[135.25354,34.8009],[135.25419,34.80088],[135.25476,34.80065],[135.2551,34.79855],[135.25613,34.79818],[135.25678,34.79713],[135.25777,34.79673],[135.25825,34.79623],[135.25851,34.79613],[135.25973,34.79665],[135.25994,34.79659],[135.26047,34.79594],[135.26072,34.7959],[135.26099,34.79599],[135.26142,34.79677],[135.26309,34.79653],[135.26339,34.79585],[135.2633,34.79552],[135.26306,34.79544],[135.26159,34.79553],[135.26128,34.79547],[135.26114,34.79524],[135.26151,34.79329],[135.26136,34.79301],[135.26108,34.79294],[135.26084,34.79307],[135.26046,34.79367],[135.26026,34.79378],[135.25917,34.79378],[135.25866,34.79352],[135.25855,34.79328],[135.25865,34.79289],[135.25896,34.79209],[135.25945,34.79137],[135.2595,34.79081],[135.25996,34.79002],[135.26102,34.78984],[135.26173,34.79013],[135.26383,34.79141],[135.26431,34.79137],[135.26484,34.79092],[135.2649,34.79048],[135.2646,34.79025],[135.26413,34.79014],[135.26358,34.78974],[135.26343,34.78951],[135.26362,34.78901],[135.26353,34.78876],[135.26298,34.78827],[135.2629,34.78801],[135.26328,34.78773],[135.26696,34.78655],[135.26884,34.78545]]},"properties":{"layer":"moped_banned","city":"神戸市","title":"二輪の自動車・一般原動機付自転車通行止め","detail":"時間・曜日限定で原付一種が進入できない区間（公安委員会規制）。","time":"土曜　終日","cond":"土曜、日曜及び休日","always":false,"src":"兵庫県警/JARTIC交通規制情報","uk":"28000000000000000000000254600001","confidence":"sign"}},{"type":"Feature","geometry":{"type":"LineString","coordinates":[[135.21341,34.76959],[135.21329,34.76916],[135.21356,34.76911],[135.21357,34.76839],[135.21592,34.76783],[135.21613,34.7679],[135.21607,34.76819],[135.2162,34.76839],[135.21652,34.76837],[135.2168,34.76891],[135.21774,34.76937],[135.21836,34.7694],[135.21924,34.76976],[135.22014,34.76961],[135.22056,34.76997],[135.22137,34.76997],[135.22191,34.7695],[135.2217,34.7691],[135.22172,34.7688],[135.22135,34.76826],[135.22147,34.76801],[135.22246,34.7681],[135.22289,34.76775],[135.22248,34.76689],[135.22251,34.76652],[135.22301,34.76651],[135.22325,34.76616],[135.22279,34.76515],[135.22294,34.7644],[135.22333,34.76413],[135.22325,34.76346],[135.22355,34.76288],[135.224,34.76306],[135.22425,34.76363],[135.22461,34.76385],[135.22506,34.76369],[135.22502,34.76327]]},"properties":{"layer":"moped_banned","city":"神戸市","title":"二輪の自動車・一般原動機付自転車通行止め","detail":"時間・曜日限定で原付一種が進入できない区間（公安委員会規制）。","time":"土曜　終日","cond":"土曜日、日曜日、休日に限る。","always":false,"src":"兵庫県警/JARTIC交通規制情報","uk":"28000000000000000000000254700001","confidence":"sign"}},{"type":"Feature","geometry":{"type":"LineString","coordinates":[[135.18567,34.88584],[135.18696,34.88405],[135.19018,34.88146],[135.1907,34.8805],[135.19092,34.87954],[135.19087,34.87907],[135.19036,34.8779],[135.18863,34.87554],[135.18714,34.87302],[135.18521,34.86967],[135.18436,34.86763],[135.18411,34.8661],[135.1842,34.86431],[135.18462,34.86233],[135.18518,34.86062],[135.18593,34.85899],[135.18745,34.85652],[135.18789,34.85606],[135.18894,34.85533],[135.19105,34.85419],[135.19209,34.85317],[135.19248,34.85259],[135.19287,34.85189],[135.1931,34.8511],[135.19354,34.84887],[135.19437,34.84573],[135.19471,34.84524],[135.19589,34.84424],[135.19837,34.84319],[135.20273,34.84015],[135.20513,34.83909],[135.20633,34.83838],[135.20713,34.83762],[135.20783,34.8362],[135.20802,34.83451],[135.20762,34.83114],[135.20658,34.82824],[135.20515,34.82481],[135.20425,34.82392],[135.20345,34.82337],[135.20286,34.82262],[135.20235,34.82129],[135.20091,34.81955],[135.20072,34.8191],[135.20052,34.81739],[135.20032,34.81694],[135.19952,34.81602],[135.19831,34.81523],[135.1974,34.81433],[135.1968,34.81334],[135.19654,34.81249],[135.19652,34.81189],[135.19664,34.81086],[135.19728,34.80957],[135.19794,34.80879],[135.20027,34.80695],[135.20108,34.80601],[135.20152,34.80406],[135.20363,34.80057],[135.20453,34.79719],[135.20881,34.78739],[135.20909,34.78688],[135.21037,34.78577]]},"properties":{"layer":"moped_banned","city":"神戸市","title":"二輪の自動車・一般原動機付自転車通行止め","detail":"原付一種が進入できない区間（公安委員会規制）。","time":"","cond":"規制区間の本線車道に取付く流入、流出路を含む。","always":true,"src":"兵庫県警/JARTIC交通規制情報","uk":"28000000000000000000017340700001","confidence":"sign"}},{"type":"Feature","geometry":{"type":"LineString","coordinates":[[135.18808,34.88223],[135.18879,34.88159],[135.18907,34.88163],[135.18919,34.88181],[135.1891,34.88209],[135.18829,34.88276],[135.18927,34.88147],[135.1887,34.88143],[135.19027,34.88106],[135.18974,34.88136],[135.18908,34.88128],[135.1887,34.88136],[135.18808,34.88223]]},"properties":{"layer":"moped_banned","city":"神戸市","title":"二輪の自動車・一般原動機付自転車通行止め","detail":"原付一種が進入できない区間（公安委員会規制）。","time":"","cond":"","always":true,"src":"兵庫県警/JARTIC交通規制情報","uk":"28000000000000000000017341100001","confidence":"sign"}},{"type":"Feature","geometry":{"type":"LineString","coordinates":[[135.17224,34.73879],[135.17243,34.73854],[135.1722,34.73789],[135.17271,34.73731],[135.17278,34.7366],[135.17252,34.7361],[135.17241,34.73506],[135.17195,34.73431],[135.17238,34.73388],[135.17296,34.73383],[135.17344,34.73301],[135.17382,34.73291],[135.17388,34.73256],[135.1744,34.73236],[135.17453,34.73194],[135.17411,34.73146],[135.17435,34.73111],[135.17406,34.73084],[135.17406,34.7307],[135.17417,34.73059],[135.17505,34.73059],[135.17525,34.73049],[135.17536,34.72998],[135.17597,34.72998],[135.17636,34.72894],[135.17704,34.72883],[135.17716,34.72862],[135.17708,34.72812],[135.17692,34.728],[135.17603,34.72781],[135.17653,34.72632],[135.17676,34.72607],[135.1772,34.72593],[135.177,34.72575],[135.17633,34.72565],[135.17677,34.7253],[135.17688,34.72473],[135.17659,34.72388],[135.17611,34.7232],[135.1761,34.72301],[135.17652,34.72255],[135.17674,34.72161],[135.17746,34.72093],[135.17797,34.72074],[135.17873,34.72069],[135.17894,34.72026],[135.17952,34.71966],[135.17953,34.7195],[135.17769,34.7206],[135.17624,34.72013],[135.17543,34.71947],[135.17478,34.71932],[135.17383,34.71951],[135.17409,34.71987],[135.17494,34.7194],[135.17646,34.72435],[135.17622,34.72431],[135.17587,34.72401],[135.17515,34.72405],[135.17498,34.72394],[135.17492,34.72334],[135.17422,34.72314],[135.17393,34.72265],[135.1733,34.7224],[135.17306,34.72209],[135.17325,34.72091],[135.17428,34.7198]]},"properties":{"layer":"moped_banned","city":"神戸市","title":"二輪の自動車・一般原動機付自転車通行止め","detail":"原付一種が進入できない区間（公安委員会規制）。","time":"","cond":"","always":true,"src":"兵庫県警/JARTIC交通規制情報","uk":"28000000000000000000000254800001","confidence":"sign"}},{"type":"Feature","geometry":{"type":"LineString","coordinates":[[135.12892,34.6946],[135.13008,34.69445],[135.13172,34.69372]]},"properties":{"layer":"moped_banned","city":"神戸市","title":"二輪の自動車・一般原動機付自転車通行止め","detail":"原付一種が進入できない区間（公安委員会規制）。","time":"","cond":"","always":true,"src":"兵庫県警/JARTIC交通規制情報","uk":"28000000000000000000017338500001","confidence":"sign"}},{"type":"Feature","geometry":{"type":"LineString","coordinates":[[135.18185,34.72162],[135.17838,34.72385],[135.17508,34.72731],[135.17278,34.73024],[135.17097,34.73302],[135.16685,34.73994],[135.16071,34.75226],[135.16068,34.75549],[135.16032,34.75743],[135.16013,34.75812],[135.15867,34.76092],[135.15819,34.76136],[135.1565,34.76136],[135.15597,34.76113]]},"properties":{"layer":"moped_banned","city":"神戸市","title":"二輪の自動車・一般原動機付自転車通行止め","detail":"原付一種が進入できない区間（公安委員会規制）。","time":"","cond":"","always":true,"src":"兵庫県警/JARTIC交通規制情報","uk":"28000000000000000000017339300001","confidence":"sign"}},{"type":"Feature","geometry":{"type":"LineString","coordinates":[[135.15589,34.76122],[135.15636,34.76145],[135.15757,34.76168],[135.15812,34.76164],[135.15871,34.76132],[135.17953,34.72744],[135.18152,34.72432],[135.18307,34.72218]]},"properties":{"layer":"moped_banned","city":"神戸市","title":"二輪の自動車・一般原動機付自転車通行止め","detail":"原付一種が進入できない区間（公安委員会規制）。","time":"","cond":"","always":true,"src":"兵庫県警/JARTIC交通規制情報","uk":"28000000000000000000017339500001","confidence":"sign"}},{"type":"Feature","geometry":{"type":"LineString","coordinates":[[135.34138,34.77849],[135.34078,34.77873],[135.33995,34.77851],[135.33948,34.77855],[135.33669,34.78013],[135.33607,34.78009],[135.33552,34.78042],[135.33521,34.78036],[135.33474,34.7795],[135.33563,34.77902],[135.33559,34.77889],[135.33497,34.77861],[135.33379,34.77863],[135.33368,34.77842],[135.33402,34.77815],[135.33427,34.77722],[135.33451,34.777],[135.33576,34.77638],[135.33614,34.77633],[135.33657,34.77646],[135.33682,34.77631],[135.33686,34.77609],[135.33587,34.77576],[135.33526,34.77602],[135.33466,34.77599],[135.33398,34.77624],[135.33364,34.77623],[135.33349,34.77613],[135.33338,34.77568],[135.33276,34.77541],[135.33251,34.77502],[135.33261,34.77458],[135.33213,34.77431],[135.33206,34.77403],[135.33161,34.77357],[135.33086,34.7731],[135.33041,34.77232]]},"properties":{"layer":"moped_banned","city":"西宮市","title":"二輪の自動車・一般原動機付自転車通行止め","detail":"原付一種が進入できない区間（公安委員会規制）。","time":"","cond":"","always":true,"src":"兵庫県警/JARTIC交通規制情報","uk":"28000000000000000000000255400001","confidence":"sign"}},{"type":"Feature","geometry":{"type":"LineString","coordinates":[[135.29792,34.78725],[135.29845,34.78738],[135.29912,34.78702],[135.2996,34.78694],[135.29984,34.78703],[135.2999,34.78749],[135.30052,34.78792],[135.30094,34.78869],[135.30157,34.78906],[135.30165,34.78971],[135.30253,34.79051],[135.3027,34.79105],[135.30257,34.79151],[135.30179,34.79142],[135.30173,34.79167],[135.30293,34.79206],[135.30306,34.79257],[135.30347,34.79284],[135.30424,34.79284],[135.30488,34.79366],[135.30523,34.79387],[135.30538,34.79427],[135.30583,34.79466],[135.3057,34.79473],[135.30529,34.79458],[135.30533,34.79498],[135.30506,34.79473],[135.30491,34.79476],[135.30455,34.79572],[135.30428,34.796],[135.30388,34.79599],[135.30329,34.79559],[135.30273,34.79584],[135.30228,34.79629],[135.30133,34.7963],[135.30029,34.79662],[135.30001,34.79697],[135.29964,34.79719],[135.2997,34.79795],[135.29899,34.79856],[135.29868,34.79857],[135.29717,34.79786],[135.2962,34.79804],[135.29568,34.79673],[135.29538,34.79648],[135.29486,34.79644],[135.29454,34.79707],[135.29416,34.79722],[135.29302,34.79684],[135.29232,34.79684],[135.29157,34.79669],[135.29137,34.79677],[135.29134,34.79696],[135.29161,34.79722],[135.29167,34.79745],[135.2901,34.79829],[135.29011,34.79843],[135.29024,34.79845],[135.29137,34.79824],[135.29137,34.7984],[135.29043,34.80028],[135.28974,34.80103],[135.28941,34.80115],[135.28869,34.80031],[135.28836,34.8003],[135.28725,34.80062],[135.28672,34.80154],[135.28652,34.80167],[135.28497,34.80208],[135.28415,34.80259],[135.28263,34.80314],[135.28206,34.80362]]},"properties":{"layer":"moped_banned","city":"西宮市","title":"二輪の自動車・一般原動機付自転車通行止め","detail":"時間・曜日限定で原付一種が進入できない区間（公安委員会規制）。","time":"土曜　終日","cond":"土曜、日曜、休日に限る。","always":false,"src":"兵庫県警/JARTIC交通規制情報","uk":"28000000000000000000000255500001","confidence":"sign"}},{"type":"Feature","geometry":{"type":"LineString","coordinates":[[135.26884,34.78544],[135.27657,34.78062],[135.27837,34.78075],[135.27982,34.78051],[135.28083,34.78085],[135.28229,34.78093],[135.28275,34.78129],[135.28405,34.78116],[135.28529,34.78209],[135.28663,34.78273],[135.28748,34.78223],[135.28856,34.78205],[135.28898,34.78178],[135.28894,34.78096],[135.28826,34.78065],[135.28792,34.78063],[135.28762,34.78075],[135.28734,34.78118],[135.28737,34.7816],[135.28768,34.78211],[135.2886,34.78278],[135.28901,34.78292],[135.2899,34.78291],[135.29057,34.78318],[135.2909,34.78318],[135.29104,34.78303],[135.29101,34.78271],[135.29014,34.78197],[135.29004,34.78172],[135.29031,34.78054],[135.28779,34.77797],[135.28783,34.77753],[135.28859,34.77731],[135.2889,34.77692]]},"properties":{"layer":"moped_banned","city":"西宮市","title":"二輪の自動車・一般原動機付自転車通行止め","detail":"時間・曜日限定で原付一種が進入できない区間（公安委員会規制）。","time":"土曜　終日","cond":"土曜、日曜及び休日","always":false,"src":"兵庫県警/JARTIC交通規制情報","uk":"28000000000000000000017682800001","confidence":"sign"}},{"type":"Feature","geometry":{"type":"LineString","coordinates":[[135.23899,34.71559],[135.23847,34.71536],[135.23869,34.71561],[135.23896,34.71562]]},"properties":{"layer":"moped_banned","city":"神戸市","title":"路線バス等専用道路","detail":"時間・曜日限定で原付一種が進入できない区間（公安委員会規制）。","time":"6:00-23:00","cond":"","always":false,"src":"兵庫県警/JARTIC交通規制情報","uk":"28000000000000000000000260400001","confidence":"sign"}},{"type":"Feature","geometry":{"type":"LineString","coordinates":[[135.20523,34.73717],[135.20503,34.73684],[135.20551,34.73636],[135.20549,34.73554],[135.2058,34.73535],[135.20617,34.7353],[135.20634,34.73514],[135.20631,34.73485],[135.20556,34.73462],[135.2057,34.73422]]},"properties":{"layer":"moped_banned","city":"神戸市","title":"路線バス等専用道路","detail":"原付一種が進入できない区間（公安委員会規制）。","time":"","cond":"","always":true,"src":"兵庫県警/JARTIC交通規制情報","uk":"28000000000000000000000260500001","confidence":"sign"}},{"type":"Feature","geometry":{"type":"LineString","coordinates":[[135.19596,34.69489],[135.1956,34.69475],[135.19546,34.69483],[135.1958,34.69516]]},"properties":{"layer":"moped_banned","city":"神戸市","title":"路線バス等専用道路","detail":"原付一種が進入できない区間（公安委員会規制）。","time":"","cond":"","always":true,"src":"兵庫県警/JARTIC交通規制情報","uk":"28000000000000000000000260600001","confidence":"sign"}},{"type":"Feature","geometry":{"type":"LineString","coordinates":[[135.17698,34.67917],[135.17729,34.67915],[135.17756,34.6793],[135.1776,34.67957],[135.1774,34.67979],[135.1771,34.67983],[135.17682,34.67965],[135.17678,34.6794],[135.17697,34.67918]]},"properties":{"layer":"moped_banned","city":"神戸市","title":"路線バス等専用道路","detail":"原付一種が進入できない区間（公安委員会規制）。","time":"","cond":"","always":true,"src":"兵庫県警/JARTIC交通規制情報","uk":"28000000000000000000000260700001","confidence":"sign"}},{"type":"Feature","geometry":{"type":"LineString","coordinates":[[135.09387,34.67998],[135.09384,34.67913],[135.09364,34.67898],[135.09247,34.67898]]},"properties":{"layer":"moped_banned","city":"神戸市","title":"路線バス等専用道路","detail":"原付一種が進入できない区間（公安委員会規制）。","time":"","cond":"終日","always":true,"src":"兵庫県警/JARTIC交通規制情報","uk":"28000000000000000000000260900001","confidence":"sign"}},{"type":"Feature","geometry":{"type":"LineString","coordinates":[[135.11065,34.67559],[135.1105,34.67553],[135.1104,34.67526],[135.11007,34.67535],[135.11039,34.67575]]},"properties":{"layer":"moped_banned","city":"神戸市","title":"路線バス等専用道路","detail":"原付一種が進入できない区間（公安委員会規制）。","time":"","cond":"","always":true,"src":"兵庫県警/JARTIC交通規制情報","uk":"28000000000000000000000261000001","confidence":"sign"}},{"type":"Feature","geometry":{"type":"LineString","coordinates":[[135.09461,34.68012],[135.09396,34.68001]]},"properties":{"layer":"moped_banned","city":"神戸市","title":"路線バス等専用道路","detail":"原付一種が進入できない区間（公安委員会規制）。","time":"","cond":"","always":true,"src":"兵庫県警/JARTIC交通規制情報","uk":"28000000000000000000000261100001","confidence":"sign"}},{"type":"Feature","geometry":{"type":"LineString","coordinates":[[135.11058,34.6894],[135.11053,34.68919]]},"properties":{"layer":"moped_banned","city":"神戸市","title":"路線バス等専用道路","detail":"原付一種が進入できない区間（公安委員会規制）。","time":"","cond":"","always":true,"src":"兵庫県警/JARTIC交通規制情報","uk":"28000000000000000000000261200001","confidence":"sign"}},{"type":"Feature","geometry":{"type":"LineString","coordinates":[[135.0331,34.63361],[135.03374,34.63316],[135.0332,34.63366],[135.03377,34.63325],[135.03405,34.63303],[135.03405,34.63289],[135.03376,34.63299],[135.03304,34.63359]]},"properties":{"layer":"moped_banned","city":"神戸市","title":"路線バス等専用道路","detail":"原付一種が進入できない区間（公安委員会規制）。","time":"","cond":"","always":true,"src":"兵庫県警/JARTIC交通規制情報","uk":"28000000000000000000000261300001","confidence":"sign"}},{"type":"Feature","geometry":{"type":"LineString","coordinates":[[135.05648,34.63042],[135.05627,34.6304],[135.05623,34.63004],[135.05644,34.63]]},"properties":{"layer":"moped_banned","city":"神戸市","title":"路線バス等専用道路","detail":"原付一種が進入できない区間（公安委員会規制）。","time":"","cond":"","always":true,"src":"兵庫県警/JARTIC交通規制情報","uk":"28000000000000000000017331100001","confidence":"sign"}},{"type":"Feature","geometry":{"type":"LineString","coordinates":[[135.05838,34.68101],[135.0581,34.68114],[135.05807,34.68204],[135.05809,34.68238],[135.05843,34.68243]]},"properties":{"layer":"moped_banned","city":"神戸市","title":"路線バス等専用道路","detail":"原付一種が進入できない区間（公安委員会規制）。","time":"","cond":"","always":true,"src":"兵庫県警/JARTIC交通規制情報","uk":"28000000000000000000000261400001","confidence":"sign"}},{"type":"Feature","geometry":{"type":"LineString","coordinates":[[135.01682,34.71786],[135.01696,34.71803],[135.01682,34.71815],[135.01672,34.71874],[135.01708,34.71876],[135.01725,34.71793],[135.01721,34.71784],[135.01686,34.7178]]},"properties":{"layer":"moped_banned","city":"神戸市","title":"路線バス等専用道路","detail":"原付一種が進入できない区間（公安委員会規制）。","time":"","cond":"","always":true,"src":"兵庫県警/JARTIC交通規制情報","uk":"28000000000000000000000261500001","confidence":"sign"}},{"type":"Feature","geometry":{"type":"LineString","coordinates":[[135.03154,34.69944],[135.03099,34.69924],[135.03093,34.6994],[135.03133,34.69965],[135.0316,34.69947]]},"properties":{"layer":"moped_banned","city":"神戸市","title":"路線バス等専用道路","detail":"原付一種が進入できない区間（公安委員会規制）。","time":"","cond":"","always":true,"src":"兵庫県警/JARTIC交通規制情報","uk":"28000000000000000000000261600001","confidence":"sign"}},{"type":"Feature","geometry":{"type":"LineString","coordinates":[[135.04086,34.6873],[135.04132,34.68742],[135.0415,34.68722],[135.0412,34.68701],[135.04081,34.68726]]},"properties":{"layer":"moped_banned","city":"神戸市","title":"路線バス等専用道路","detail":"原付一種が進入できない区間（公安委員会規制）。","time":"","cond":"","always":true,"src":"兵庫県警/JARTIC交通規制情報","uk":"28000000000000000000000261700001","confidence":"sign"}},{"type":"Feature","geometry":{"type":"LineString","coordinates":[[135.22226,34.82204],[135.22206,34.82171],[135.22172,34.82184],[135.22194,34.82202],[135.22217,34.82202]]},"properties":{"layer":"moped_banned","city":"神戸市","title":"路線バス等専用道路","detail":"原付一種が進入できない区間（公安委員会規制）。","time":"","cond":"","always":true,"src":"兵庫県警/JARTIC交通規制情報","uk":"28000000000000000000000261800001","confidence":"sign"}},{"type":"Feature","geometry":{"type":"LineString","coordinates":[[135.22266,34.85592],[135.22275,34.85555],[135.22264,34.8555]]},"properties":{"layer":"moped_banned","city":"神戸市","title":"路線バス等専用道路","detail":"原付一種が進入できない区間（公安委員会規制）。","time":"","cond":"","always":true,"src":"兵庫県警/JARTIC交通規制情報","uk":"28000000000000000000017341700001","confidence":"sign"}},{"type":"Feature","geometry":{"type":"LineString","coordinates":[[135.15563,34.75773],[135.15545,34.75769]]},"properties":{"layer":"moped_banned","city":"神戸市","title":"路線バス等専用道路","detail":"原付一種が進入できない区間（公安委員会規制）。","time":"","cond":"","always":true,"src":"兵庫県警/JARTIC交通規制情報","uk":"28000000000000000000000261900001","confidence":"sign"}},{"type":"Feature","geometry":{"type":"LineString","coordinates":[[135.17137,34.76215],[135.17136,34.76204],[135.17096,34.76194],[135.1708,34.76213]]},"properties":{"layer":"moped_banned","city":"神戸市","title":"路線バス等専用道路","detail":"原付一種が進入できない区間（公安委員会規制）。","time":"","cond":"","always":true,"src":"兵庫県警/JARTIC交通規制情報","uk":"28000000000000000000017377700001","confidence":"sign"}},{"type":"Feature","geometry":{"type":"LineString","coordinates":[[135.36306,34.72323],[135.36314,34.72245],[135.36283,34.72294],[135.36287,34.72265],[135.36309,34.72249]]},"properties":{"layer":"moped_banned","city":"西宮市","title":"路線バス等専用道路","detail":"原付一種が進入できない区間（公安委員会規制）。","time":"","cond":"","always":true,"src":"兵庫県警/JARTIC交通規制情報","uk":"28000000000000000000000262200001","confidence":"sign"}},{"type":"Feature","geometry":{"type":"LineString","coordinates":[[135.32454,34.78843],[135.32507,34.78831]]},"properties":{"layer":"moped_banned","city":"宝塚市","title":"路線バス等専用道路","detail":"時間・曜日限定で原付一種が進入できない区間（公安委員会規制）。","time":"6:00-22:00","cond":"","always":false,"src":"兵庫県警/JARTIC交通規制情報","uk":"28000000000000000000000262700001","confidence":"sign"}},{"type":"Feature","geometry":{"type":"LineString","coordinates":[[135.33714,34.7357],[135.33712,34.73474]]},"properties":{"layer":"moped_banned","city":"西宮市","title":"二輪車以外通行止め","detail":"時間・曜日限定で原付一種が進入できない区間（公安委員会規制）。","time":"10:00-19:00","cond":"","always":false,"src":"兵庫県警/JARTIC交通規制情報","uk":"28000000000000000000017266700001","confidence":"sign"}},{"type":"Feature","geometry":{"type":"LineString","coordinates":[[135.19106,34.7124],[135.19167,34.71191],[135.19181,34.71193],[135.19208,34.71235],[135.19206,34.71186],[135.1924,34.71164],[135.19216,34.7113],[135.19247,34.71061],[135.19299,34.71059],[135.19324,34.71079],[135.1935,34.71055],[135.19395,34.71038],[135.19428,34.70981],[135.19502,34.71018],[135.19527,34.71091],[135.1956,34.71085],[135.19615,34.71044],[135.19626,34.71045],[135.19637,34.71076],[135.19633,34.71031],[135.19554,34.71009],[135.19626,34.70992],[135.19678,34.71034],[135.19665,34.70973]]},"properties":{"layer":"moped_banned","city":"神戸市","title":"その他通行止め","detail":"時間・曜日限定で原付一種が進入できない区間（公安委員会規制）。","time":"土曜　9:00-21:00","cond":"土曜、日曜日、休日に限る。","always":false,"src":"兵庫県警/JARTIC交通規制情報","uk":"28000000000000000000017532300001","confidence":"sign"}},{"type":"Feature","geometry":{"type":"LineString","coordinates":[[135.1877,34.71847],[135.18774,34.71801],[135.18701,34.71804],[135.18686,34.71793],[135.1868,34.71758],[135.18689,34.71742],[135.18758,34.71703],[135.18756,34.71672],[135.18735,34.71659],[135.18727,34.71625],[135.18761,34.71529],[135.18754,34.71492],[135.1877,34.71464],[135.1883,34.71428],[135.18834,34.7139],[135.188,34.71372],[135.18769,34.7137],[135.18717,34.7139],[135.18695,34.71387],[135.18648,34.71345],[135.18643,34.71313],[135.18709,34.71296],[135.18761,34.71262],[135.18836,34.71267],[135.18876,34.71285],[135.18919,34.71258],[135.19012,34.71275],[135.19081,34.7126],[135.19094,34.71244]]},"properties":{"layer":"moped_banned","city":"神戸市","title":"その他通行止め","detail":"時間・曜日限定で原付一種が進入できない区間（公安委員会規制）。","time":"9:00-21:00","cond":"","always":false,"src":"兵庫県警/JARTIC交通規制情報","uk":"28000000000000000000017652200001","confidence":"sign"}},{"type":"Feature","geometry":{"type":"LineString","coordinates":[[135.16808,34.72956],[135.16853,34.72919],[135.16916,34.72921],[135.16985,34.72877],[135.17059,34.72885],[135.17101,34.72874],[135.17131,34.72849],[135.17169,34.72784],[135.172,34.72768],[135.17235,34.72768],[135.17355,34.72813],[135.17441,34.72788],[135.17504,34.72793],[135.17553,34.72777],[135.17595,34.72779]]},"properties":{"layer":"moped_banned","city":"神戸市","title":"その他通行止め","detail":"時間・曜日限定で原付一種が進入できない区間（公安委員会規制）。","time":"23:00-5:00","cond":"","always":false,"src":"兵庫県警/JARTIC交通規制情報","uk":"28000000000000000000017598500001","confidence":"sign"}},{"type":"Feature","geometry":{"type":"LineString","coordinates":[[135.15989,34.72998],[135.16083,34.72927],[135.1609,34.72902],[135.16052,34.72829]]},"properties":{"layer":"moped_banned","city":"神戸市","title":"その他通行止め","detail":"時間・曜日限定で原付一種が進入できない区間（公安委員会規制）。","time":"22:00-9:00","cond":"","always":false,"src":"兵庫県警/JARTIC交通規制情報","uk":"28000000000000000000017598600001","confidence":"sign"}},{"type":"Feature","geometry":{"type":"LineString","coordinates":[[135.16092,34.72902],[135.16217,34.72933],[135.1622,34.7291]]},"properties":{"layer":"moped_banned","city":"神戸市","title":"その他通行止め","detail":"時間・曜日限定で原付一種が進入できない区間（公安委員会規制）。","time":"22:00-9:00","cond":"","always":false,"src":"兵庫県警/JARTIC交通規制情報","uk":"28000000000000000000017598700001","confidence":"sign"}},{"type":"Feature","geometry":{"type":"LineString","coordinates":[[135.35865,34.83994],[135.35877,34.83942],[135.35929,34.83887],[135.35883,34.83842],[135.35842,34.83828],[135.35828,34.83781],[135.35834,34.83731],[135.3588,34.837],[135.35897,34.83702],[135.35934,34.83724],[135.35964,34.83766],[135.36074,34.83826]]},"properties":{"layer":"moped_banned","city":"宝塚市","title":"その他通行止め","detail":"時間・曜日限定で原付一種が進入できない区間（公安委員会規制）。","time":"18:00-5:00","cond":"","always":false,"src":"兵庫県警/JARTIC交通規制情報","uk":"28000000000000000000017389100001","confidence":"sign"}},{"type":"Feature","geometry":{"type":"LineString","coordinates":[[135.02993,34.6369],[135.03023,34.63706]]},"properties":{"layer":"moped_banned","city":"神戸市","title":"車両通行止め","detail":"原付一種が進入できない区間（公安委員会規制）。","time":"","cond":"","always":true,"src":"兵庫県警/JARTIC交通規制情報","uk":"28000000000000000000000022700001","confidence":"sign"}},{"type":"Feature","geometry":{"type":"LineString","coordinates":[[135.02537,34.64049],[135.02516,34.64011]]},"properties":{"layer":"moped_banned","city":"神戸市","title":"車両通行止め","detail":"原付一種が進入できない区間（公安委員会規制）。","time":"","cond":"","always":true,"src":"兵庫県警/JARTIC交通規制情報","uk":"28000000000000000000000022800001","confidence":"sign"}},{"type":"Feature","geometry":{"type":"LineString","coordinates":[[135.0262,34.76421],[135.02626,34.76423]]},"properties":{"layer":"moped_banned","city":"神戸市","title":"車両通行止め","detail":"原付一種が進入できない区間（公安委員会規制）。","time":"","cond":"","always":true,"src":"兵庫県警/JARTIC交通規制情報","uk":"28000000000000000000000024100001","confidence":"sign"}},{"type":"Feature","geometry":{"type":"LineString","coordinates":[[135.03119,34.75928],[135.03113,34.75926]]},"properties":{"layer":"moped_banned","city":"神戸市","title":"車両通行止め","detail":"原付一種が進入できない区間（公安委員会規制）。","time":"","cond":"","always":true,"src":"兵庫県警/JARTIC交通規制情報","uk":"28000000000000000000000025800001","confidence":"sign"}},{"type":"Feature","geometry":{"type":"LineString","coordinates":[[135.22494,34.83289],[135.22499,34.83271],[135.22515,34.83271]]},"properties":{"layer":"moped_banned","city":"神戸市","title":"車両通行止め","detail":"原付一種が進入できない区間（公安委員会規制）。","time":"","cond":"","always":true,"src":"兵庫県警/JARTIC交通規制情報","uk":"28000000000000000000000026900001","confidence":"sign"}},{"type":"Feature","geometry":{"type":"LineString","coordinates":[[135.35984,34.76777],[135.35997,34.76776]]},"properties":{"layer":"moped_banned","city":"西宮市","title":"車両通行止め","detail":"原付一種が進入できない区間（公安委員会規制）。","time":"","cond":"","always":true,"src":"兵庫県警/JARTIC交通規制情報","uk":"28000000000000000000000031600001","confidence":"sign"}},{"type":"Feature","geometry":{"type":"LineString","coordinates":[[135.32307,34.73806],[135.32316,34.73793]]},"properties":{"layer":"moped_banned","city":"西宮市","title":"車両通行止め","detail":"原付一種が進入できない区間（公安委員会規制）。","time":"","cond":"","always":true,"src":"兵庫県警/JARTIC交通規制情報","uk":"28000000000000000000000031700001","confidence":"sign"}},{"type":"Feature","geometry":{"type":"LineString","coordinates":[[135.32805,34.74475],[135.32814,34.74471]]},"properties":{"layer":"moped_banned","city":"西宮市","title":"車両通行止め","detail":"原付一種が進入できない区間（公安委員会規制）。","time":"","cond":"","always":true,"src":"兵庫県警/JARTIC交通規制情報","uk":"28000000000000000000014953700001","confidence":"sign"}},{"type":"Feature","geometry":{"type":"LineString","coordinates":[[135.3611,34.81553],[135.36116,34.81541]]},"properties":{"layer":"moped_banned","city":"宝塚市","title":"車両通行止め","detail":"原付一種が進入できない区間（公安委員会規制）。","time":"","cond":"","always":true,"src":"兵庫県警/JARTIC交通規制情報","uk":"28000000000000000000000045700001","confidence":"sign"}},{"type":"Feature","geometry":{"type":"LineString","coordinates":[[135.12166,34.64452],[135.12178,34.64435]]},"properties":{"layer":"moped_banned","city":"神戸市","title":"その他通行止め","detail":"原付一種が進入できない区間（公安委員会規制）。","time":"","cond":"","always":true,"src":"兵庫県警/JARTIC交通規制情報","uk":"28000000000000000000017598400001","confidence":"sign"}},{"type":"Feature","geometry":{"type":"LineString","coordinates":[[135.35063,34.80985],[135.3506,34.80974]]},"properties":{"layer":"moped_banned","city":"宝塚市","title":"その他通行止め","detail":"原付一種が進入できない区間（公安委員会規制）。","time":"","cond":"","always":true,"src":"兵庫県警/JARTIC交通規制情報","uk":"28000000000000000000017391900001","confidence":"sign"}},{"type":"Feature","geometry":{"type":"LineString","coordinates":[[135.03557,34.634],[135.03425,34.6321]]},"properties":{"layer":"expressway","city":"神戸市","title":"神戸淡路鳴門自動車道","detail":"高速道路・自動車専用道路。原付一種（50cc以下）は進入禁止。","kind":"motorroad","src":"© OpenStreetMap contributors (ODbL)","confidence":"osm"}},{"type":"Feature","geometry":{"type":"LineString","coordinates":[[135.35554,34.72656],[135.35521,34.72632],[135.35478,34.72634],[135.35354,34.72743]]},"properties":{"layer":"expressway","city":"西宮市","title":"名神高速道路","detail":"高速道路・自動車専用道路。原付一種（50cc以下）は進入禁止。","kind":"motorroad","src":"© OpenStreetMap contributors (ODbL)","confidence":"osm"}},{"type":"Feature","geometry":{"type":"LineString","coordinates":[[135.06621,34.66081],[135.06683,34.66124],[135.06785,34.66141]]},"properties":{"layer":"expressway","city":"神戸市","title":"自動車専用道路","detail":"高速道路・自動車専用道路。原付一種（50cc以下）は進入禁止。","kind":"motorroad","src":"© OpenStreetMap contributors (ODbL)","confidence":"osm"}},{"type":"Feature","geometry":{"type":"LineString","coordinates":[[135.19556,34.68575],[135.19629,34.68569],[135.19636,34.68499]]},"properties":{"layer":"expressway","city":"神戸市","title":"3","detail":"高速道路・自動車専用道路。原付一種（50cc以下）は進入禁止。","kind":"motorroad","src":"© OpenStreetMap contributors (ODbL)","confidence":"osm"}},{"type":"Feature","geometry":{"type":"LineString","coordinates":[[135.22176,34.70282],[135.22682,34.70297],[135.2278,34.70316],[135.22875,34.70364],[135.23011,34.70484],[135.23087,34.70528],[135.23456,34.70636],[135.24067,34.70922],[135.24262,34.70994]]},"properties":{"layer":"expressway","city":"神戸市","title":"阪神高速3号神戸線","detail":"高速道路・自動車専用道路。原付一種（50cc以下）は進入禁止。","kind":"motorroad","src":"© OpenStreetMap contributors (ODbL)","confidence":"osm"}},{"type":"Feature","geometry":{"type":"LineString","coordinates":[[135.0069,34.59959],[135.00754,34.60108],[135.00824,34.60206],[135.03388,34.63188]]},"properties":{"layer":"expressway","city":"神戸市","title":"神戸淡路鳴門自動車道","detail":"高速道路・自動車専用道路。原付一種（50cc以下）は進入禁止。","kind":"motorroad","src":"© OpenStreetMap contributors (ODbL)","confidence":"osm"}},{"type":"Feature","geometry":{"type":"LineString","coordinates":[[135.06286,34.6539],[135.06499,34.65545],[135.06643,34.65711],[135.06744,34.65901],[135.06809,34.66116]]},"properties":{"layer":"expressway","city":"神戸市","title":"神戸淡路鳴門自動車道","detail":"高速道路・自動車専用道路。原付一種（50cc以下）は進入禁止。","kind":"motorroad","src":"© OpenStreetMap contributors (ODbL)","confidence":"osm"}},{"type":"Feature","geometry":{"type":"LineString","coordinates":[[135.06301,34.65346],[135.0607,34.65231],[135.04596,34.64617],[135.04268,34.64446],[135.0405,34.6427],[135.03874,34.64074],[135.03731,34.63832],[135.03638,34.63582]]},"properties":{"layer":"expressway","city":"神戸市","title":"神戸淡路鳴門自動車道","detail":"高速道路・自動車専用道路。原付一種（50cc以下）は進入禁止。","kind":"motorroad","src":"© OpenStreetMap contributors (ODbL)","confidence":"osm"}},{"type":"Feature","geometry":{"type":"LineString","coordinates":[[135.06499,34.65545],[135.06626,34.65707],[135.06647,34.65799]]},"properties":{"layer":"expressway","city":"神戸市","title":"自動車専用道路","detail":"高速道路・自動車専用道路。原付一種（50cc以下）は進入禁止。","kind":"motorroad","src":"© OpenStreetMap contributors (ODbL)","confidence":"osm"}},{"type":"Feature","geometry":{"type":"LineString","coordinates":[[135.06551,34.67997],[135.07074,34.68706],[135.07256,34.69011]]},"properties":{"layer":"expressway","city":"神戸市","title":"神戸淡路鳴門自動車道;西神道路","detail":"高速道路・自動車専用道路。原付一種（50cc以下）は進入禁止。","kind":"motorroad","src":"© OpenStreetMap contributors (ODbL)","confidence":"osm"}},{"type":"Feature","geometry":{"type":"LineString","coordinates":[[135.06628,34.66956],[135.06478,34.67229],[135.06413,34.67463],[135.06423,34.67704],[135.06458,34.67822],[135.06551,34.67997]]},"properties":{"layer":"expressway","city":"神戸市","title":"神戸淡路鳴門自動車道;西神道路","detail":"高速道路・自動車専用道路。原付一種（50cc以下）は進入禁止。","kind":"motorroad","src":"© OpenStreetMap contributors (ODbL)","confidence":"osm"}},{"type":"Feature","geometry":{"type":"LineString","coordinates":[[135.07188,34.69055],[135.07164,34.69097],[135.07183,34.69137],[135.0723,34.6915],[135.07295,34.69134]]},"properties":{"layer":"expressway","city":"神戸市","title":"神戸淡路鳴門自動車道","detail":"高速道路・自動車専用道路。原付一種（50cc以下）は進入禁止。","kind":"motorroad","src":"© OpenStreetMap contributors (ODbL)","confidence":"osm"}},{"type":"Feature","geometry":{"type":"LineString","coordinates":[[135.11574,34.72094],[135.12579,34.72757]]},"properties":{"layer":"expressway","city":"神戸市","title":"阪神高速7号北神戸線","detail":"高速道路・自動車専用道路。原付一種（50cc以下）は進入禁止。","kind":"motorroad","src":"© OpenStreetMap contributors (ODbL)","confidence":"osm"}},{"type":"Feature","geometry":{"type":"LineString","coordinates":[[135.12579,34.72757],[135.12723,34.72857]]},"properties":{"layer":"expressway","city":"神戸市","title":"阪神高速7号北神戸線","detail":"高速道路・自動車専用道路。原付一種（50cc以下）は進入禁止。","kind":"motorroad","src":"© OpenStreetMap contributors (ODbL)","confidence":"osm"}},{"type":"Feature","geometry":{"type":"LineString","coordinates":[[135.12571,34.73921],[135.12598,34.7408],[135.12678,34.74235],[135.1281,34.74373],[135.12959,34.74485]]},"properties":{"layer":"expressway","city":"神戸市","title":"阪神高速7号北神戸線","detail":"高速道路・自動車専用道路。原付一種（50cc以下）は進入禁止。","kind":"motorroad","src":"© OpenStreetMap contributors (ODbL)","confidence":"osm"}},{"type":"Feature","geometry":{"type":"LineString","coordinates":[[135.12959,34.74485],[135.13558,34.74898]]},"properties":{"layer":"expressway","city":"神戸市","title":"阪神高速7号北神戸線","detail":"高速道路・自動車専用道路。原付一種（50cc以下）は進入禁止。","kind":"motorroad","src":"© OpenStreetMap contributors (ODbL)","confidence":"osm"}},{"type":"Feature","geometry":{"type":"LineString","coordinates":[[135.25784,34.83196],[135.25808,34.83242]]},"properties":{"layer":"expressway","city":"西宮市","title":"阪神高速7号北神戸線","detail":"高速道路・自動車専用道路。原付一種（50cc以下）は進入禁止。","kind":"motorroad","src":"© OpenStreetMap contributors (ODbL)","confidence":"osm"}},{"type":"Feature","geometry":{"type":"LineString","coordinates":[[135.35195,34.81768],[135.35346,34.81734],[135.35568,34.81641]]},"properties":{"layer":"expressway","city":"宝塚市","title":"中国自動車道;宝塚東トンネル","detail":"高速道路・自動車専用道路。原付一種（50cc以下）は進入禁止。","kind":"motorroad","src":"© OpenStreetMap contributors (ODbL)","confidence":"osm"}},{"type":"Feature","geometry":{"type":"LineString","coordinates":[[135.3555,34.81616],[135.35397,34.81681],[135.35173,34.81737]]},"properties":{"layer":"expressway","city":"宝塚市","title":"中国自動車道;宝塚東トンネル","detail":"高速道路・自動車専用道路。原付一種（50cc以下）は進入禁止。","kind":"motorroad","src":"© OpenStreetMap contributors (ODbL)","confidence":"osm"}},{"type":"Feature","geometry":{"type":"LineString","coordinates":[[135.35173,34.81737],[135.35014,34.81766]]},"properties":{"layer":"expressway","city":"宝塚市","title":"中国自動車道","detail":"高速道路・自動車専用道路。原付一種（50cc以下）は進入禁止。","kind":"motorroad","src":"© OpenStreetMap contributors (ODbL)","confidence":"osm"}},{"type":"Feature","geometry":{"type":"LineString","coordinates":[[135.22678,34.84312],[135.22387,34.84725]]},"properties":{"layer":"expressway","city":"神戸市","title":"神戸JCT","detail":"高速道路・自動車専用道路。原付一種（50cc以下）は進入禁止。","kind":"motorroad","src":"© OpenStreetMap contributors (ODbL)","confidence":"osm"}},{"type":"Feature","geometry":{"type":"LineString","coordinates":[[135.08094,34.8162],[135.0774,34.81319],[135.07659,34.81171],[135.07657,34.80961],[135.07679,34.80862],[135.07736,34.80719],[135.07862,34.80514]]},"properties":{"layer":"expressway","city":"神戸市","title":"山陽自動車道木見支線","detail":"高速道路・自動車専用道路。原付一種（50cc以下）は進入禁止。","kind":"motorroad","src":"© OpenStreetMap contributors (ODbL)","confidence":"osm"}},{"type":"Feature","geometry":{"type":"LineString","coordinates":[[135.06573,34.67988],[135.0648,34.67765],[135.06455,34.67465],[135.06504,34.67234],[135.06639,34.6696]]},"properties":{"layer":"expressway","city":"神戸市","title":"神戸淡路鳴門自動車道;西神道路","detail":"高速道路・自動車専用道路。原付一種（50cc以下）は進入禁止。","kind":"motorroad","src":"© OpenStreetMap contributors (ODbL)","confidence":"osm"}},{"type":"Feature","geometry":{"type":"LineString","coordinates":[[135.06639,34.6696],[135.06792,34.66662]]},"properties":{"layer":"expressway","city":"神戸市","title":"神戸淡路鳴門自動車道;西神道路","detail":"高速道路・自動車専用道路。原付一種（50cc以下）は進入禁止。","kind":"motorroad","src":"© OpenStreetMap contributors (ODbL)","confidence":"osm"}},{"type":"Feature","geometry":{"type":"LineString","coordinates":[[135.08539,34.70634],[135.07939,34.70045]]},"properties":{"layer":"expressway","city":"神戸市","title":"神戸淡路鳴門自動車道;西神道路","detail":"高速道路・自動車専用道路。原付一種（50cc以下）は進入禁止。","kind":"motorroad","src":"© OpenStreetMap contributors (ODbL)","confidence":"osm"}},{"type":"Feature","geometry":{"type":"LineString","coordinates":[[135.07821,34.6992],[135.0762,34.69671],[135.07461,34.69418]]},"properties":{"layer":"expressway","city":"神戸市","title":"神戸淡路鳴門自動車道;西神道路","detail":"高速道路・自動車専用道路。原付一種（50cc以下）は進入禁止。","kind":"motorroad","src":"© OpenStreetMap contributors (ODbL)","confidence":"osm"}},{"type":"Feature","geometry":{"type":"LineString","coordinates":[[135.08988,34.74205],[135.08719,34.7382],[135.08638,34.73674],[135.08576,34.73515],[135.08534,34.73327]]},"properties":{"layer":"expressway","city":"神戸市","title":"山陽自動車道木見支線","detail":"高速道路・自動車専用道路。原付一種（50cc以下）は進入禁止。","kind":"motorroad","src":"© OpenStreetMap contributors (ODbL)","confidence":"osm"}},{"type":"Feature","geometry":{"type":"LineString","coordinates":[[135.0826,34.77014],[135.08258,34.76986]]},"properties":{"layer":"expressway","city":"神戸市","title":"山陽自動車道木見支線","detail":"高速道路・自動車専用道路。原付一種（50cc以下）は進入禁止。","kind":"motorroad","src":"© OpenStreetMap contributors (ODbL)","confidence":"osm"}},{"type":"Feature","geometry":{"type":"LineString","coordinates":[[135.03622,34.63586],[135.03731,34.63887],[135.03842,34.6408],[135.04005,34.64282],[135.04234,34.64476],[135.0457,34.64662],[135.06043,34.65272],[135.06286,34.6539]]},"properties":{"layer":"expressway","city":"神戸市","title":"神戸淡路鳴門自動車道","detail":"高速道路・自動車専用道路。原付一種（50cc以下）は進入禁止。","kind":"motorroad","src":"© OpenStreetMap contributors (ODbL)","confidence":"osm"}},{"type":"Feature","geometry":{"type":"LineString","coordinates":[[135.06785,34.66141],[135.06882,34.66116]]},"properties":{"layer":"expressway","city":"神戸市","title":"自動車専用道路","detail":"高速道路・自動車専用道路。原付一種（50cc以下）は進入禁止。","kind":"motorroad","src":"© OpenStreetMap contributors (ODbL)","confidence":"osm"}},{"type":"Feature","geometry":{"type":"LineString","coordinates":[[135.06882,34.66116],[135.06969,34.66034],[135.06985,34.65926],[135.06934,34.65839],[135.06781,34.65722],[135.06744,34.6557]]},"properties":{"layer":"expressway","city":"神戸市","title":"自動車専用道路","detail":"高速道路・自動車専用道路。原付一種（50cc以下）は進入禁止。","kind":"motorroad","src":"© OpenStreetMap contributors (ODbL)","confidence":"osm"}},{"type":"Feature","geometry":{"type":"LineString","coordinates":[[135.35261,34.72828],[135.35481,34.72695]]},"properties":{"layer":"expressway","city":"西宮市","title":"名神高速道路","detail":"高速道路・自動車専用道路。原付一種（50cc以下）は進入禁止。","kind":"motorroad","src":"© OpenStreetMap contributors (ODbL)","confidence":"osm"}},{"type":"Feature","geometry":{"type":"LineString","coordinates":[[135.06548,34.65952],[135.06532,34.66028],[135.06591,34.66105]]},"properties":{"layer":"expressway","city":"神戸市","title":"自動車専用道路","detail":"高速道路・自動車専用道路。原付一種（50cc以下）は進入禁止。","kind":"motorroad","src":"© OpenStreetMap contributors (ODbL)","confidence":"osm"}},{"type":"Feature","geometry":{"type":"LineString","coordinates":[[135.06834,34.66341],[135.0675,34.66656]]},"properties":{"layer":"expressway","city":"神戸市","title":"第二神明北線;神戸西バイパス","detail":"高速道路・自動車専用道路。原付一種（50cc以下）は進入禁止。","kind":"motorroad","src":"© OpenStreetMap contributors (ODbL)","confidence":"osm"}},{"type":"Feature","geometry":{"type":"LineString","coordinates":[[135.02692,34.68197],[135.02579,34.68305],[135.02415,34.68409]]},"properties":{"layer":"expressway","city":"神戸市","title":"第二神明北線;神戸西バイパス","detail":"高速道路・自動車専用道路。原付一種（50cc以下）は進入禁止。","kind":"motorroad","src":"© OpenStreetMap contributors (ODbL)","confidence":"osm"}},{"type":"Feature","geometry":{"type":"LineString","coordinates":[[135.02608,34.68624],[135.02361,34.68545],[135.02125,34.68424],[135.01928,34.68251],[135.01759,34.6801]]},"properties":{"layer":"expressway","city":"神戸市","title":"阪神高速7号北神戸線","detail":"高速道路・自動車専用道路。原付一種（50cc以下）は進入禁止。","kind":"motorroad","src":"© OpenStreetMap contributors (ODbL)","confidence":"osm"}},{"type":"Feature","geometry":{"type":"LineString","coordinates":[[135.07958,34.80385],[135.08144,34.80131],[135.08272,34.79879]]},"properties":{"layer":"expressway","city":"神戸市","title":"山陽自動車道木見支線","detail":"高速道路・自動車専用道路。原付一種（50cc以下）は進入禁止。","kind":"motorroad","src":"© OpenStreetMap contributors (ODbL)","confidence":"osm"}},{"type":"Feature","geometry":{"type":"LineString","coordinates":[[135.07584,34.81081],[135.07666,34.81008]]},"properties":{"layer":"expressway","city":"神戸市","title":"山陽自動車道木見支線","detail":"高速道路・自動車専用道路。原付一種（50cc以下）は進入禁止。","kind":"motorroad","src":"© OpenStreetMap contributors (ODbL)","confidence":"osm"}},{"type":"Feature","geometry":{"type":"LineString","coordinates":[[135.07666,34.81008],[135.07748,34.80722],[135.07862,34.80514]]},"properties":{"layer":"expressway","city":"神戸市","title":"山陽自動車道木見支線","detail":"高速道路・自動車専用道路。原付一種（50cc以下）は進入禁止。","kind":"motorroad","src":"© OpenStreetMap contributors (ODbL)","confidence":"osm"}},{"type":"Feature","geometry":{"type":"LineString","coordinates":[[135.0658,34.65909],[135.06559,34.66004],[135.06621,34.66081]]},"properties":{"layer":"expressway","city":"神戸市","title":"自動車専用道路","detail":"高速道路・自動車専用道路。原付一種（50cc以下）は進入禁止。","kind":"motorroad","src":"© OpenStreetMap contributors (ODbL)","confidence":"osm"}},{"type":"Feature","geometry":{"type":"LineString","coordinates":[[135.06591,34.66105],[135.06749,34.66277],[135.06796,34.66427]]},"properties":{"layer":"expressway","city":"神戸市","title":"自動車専用道路","detail":"高速道路・自動車専用道路。原付一種（50cc以下）は進入禁止。","kind":"motorroad","src":"© OpenStreetMap contributors (ODbL)","confidence":"osm"}},{"type":"Feature","geometry":{"type":"LineString","coordinates":[[135.06726,34.66712],[135.06657,34.66847],[135.06565,34.66962],[135.06403,34.67058],[135.06242,34.67084],[135.05893,34.67037],[135.05606,34.67058]]},"properties":{"layer":"expressway","city":"神戸市","title":"第二神明北線;神戸西バイパス","detail":"高速道路・自動車専用道路。原付一種（50cc以下）は進入禁止。","kind":"motorroad","src":"© OpenStreetMap contributors (ODbL)","confidence":"osm"}},{"type":"Feature","geometry":{"type":"LineString","coordinates":[[135.05606,34.67058],[135.04956,34.6725],[135.04493,34.67265]]},"properties":{"layer":"expressway","city":"神戸市","title":"第二神明北線;神戸西バイパス","detail":"高速道路・自動車専用道路。原付一種（50cc以下）は進入禁止。","kind":"motorroad","src":"© OpenStreetMap contributors (ODbL)","confidence":"osm"}},{"type":"Feature","geometry":{"type":"LineString","coordinates":[[135.3814,34.71669],[135.37839,34.71712]]},"properties":{"layer":"expressway","city":"西宮市","title":"3-08","detail":"高速道路・自動車専用道路。原付一種（50cc以下）は進入禁止。","kind":"motorroad","src":"© OpenStreetMap contributors (ODbL)","confidence":"osm"}},{"type":"Feature","geometry":{"type":"LineString","coordinates":[[135.36794,34.69701],[135.36653,34.69705]]},"properties":{"layer":"expressway","city":"西宮市","title":"5","detail":"高速道路・自動車専用道路。原付一種（50cc以下）は進入禁止。","kind":"motorroad","src":"© OpenStreetMap contributors (ODbL)","confidence":"osm"}},{"type":"Feature","geometry":{"type":"LineString","coordinates":[[135.36332,34.69797],[135.36522,34.6975]]},"properties":{"layer":"expressway","city":"西宮市","title":"5","detail":"高速道路・自動車専用道路。原付一種（50cc以下）は進入禁止。","kind":"motorroad","src":"© OpenStreetMap contributors (ODbL)","confidence":"osm"}},{"type":"Feature","geometry":{"type":"LineString","coordinates":[[135.12122,34.65249],[135.12544,34.65155],[135.1297,34.65017],[135.13083,34.64928],[135.13193,34.64715],[135.13266,34.64672],[135.13368,34.64683],[135.1364,34.64856]]},"properties":{"layer":"expressway","city":"神戸市","title":"阪神高速3号神戸線","detail":"高速道路・自動車専用道路。原付一種（50cc以下）は進入禁止。","kind":"motorroad","src":"© OpenStreetMap contributors (ODbL)","confidence":"osm"}},{"type":"Feature","geometry":{"type":"LineString","coordinates":[[135.06635,34.65606],[135.06353,34.65379]]},"properties":{"layer":"expressway","city":"神戸市","title":"自動車専用道路","detail":"高速道路・自動車専用道路。原付一種（50cc以下）は進入禁止。","kind":"motorroad","src":"© OpenStreetMap contributors (ODbL)","confidence":"osm"}},{"type":"Feature","geometry":{"type":"LineString","coordinates":[[135.06744,34.6557],[135.06769,34.65428]]},"properties":{"layer":"expressway","city":"神戸市","title":"阪神高速5号湾岸線","detail":"高速道路・自動車専用道路。原付一種（50cc以下）は進入禁止。","kind":"motorroad","src":"© OpenStreetMap contributors (ODbL)","confidence":"osm"}},{"type":"Feature","geometry":{"type":"LineString","coordinates":[[135.10305,34.65013],[135.10508,34.6503],[135.10789,34.65163]]},"properties":{"layer":"expressway","city":"神戸市","title":"第二神明道路","detail":"高速道路・自動車専用道路。原付一種（50cc以下）は進入禁止。","kind":"motorroad","src":"© OpenStreetMap contributors (ODbL)","confidence":"osm"}},{"type":"Feature","geometry":{"type":"LineString","coordinates":[[135.10665,34.65067],[135.10507,34.65015],[135.10262,34.64992]]},"properties":{"layer":"expressway","city":"神戸市","title":"第二神明道路","detail":"高速道路・自動車専用道路。原付一種（50cc以下）は進入禁止。","kind":"motorroad","src":"© OpenStreetMap contributors (ODbL)","confidence":"osm"}},{"type":"Feature","geometry":{"type":"LineString","coordinates":[[135.11405,34.65579],[135.11541,34.65586],[135.11663,34.65549]]},"properties":{"layer":"expressway","city":"神戸市","title":"第二神明道路","detail":"高速道路・自動車専用道路。原付一種（50cc以下）は進入禁止。","kind":"motorroad","src":"© OpenStreetMap contributors (ODbL)","confidence":"osm"}},{"type":"Feature","geometry":{"type":"LineString","coordinates":[[135.11419,34.65559],[135.1125,34.65498],[135.1101,34.6532]]},"properties":{"layer":"expressway","city":"神戸市","title":"第二神明道路","detail":"高速道路・自動車専用道路。原付一種（50cc以下）は進入禁止。","kind":"motorroad","src":"© OpenStreetMap contributors (ODbL)","confidence":"osm"}},{"type":"Feature","geometry":{"type":"LineString","coordinates":[[135.11663,34.65549],[135.11979,34.65302],[135.12122,34.65249]]},"properties":{"layer":"expressway","city":"神戸市","title":"第二神明道路","detail":"高速道路・自動車専用道路。原付一種（50cc以下）は進入禁止。","kind":"motorroad","src":"© OpenStreetMap contributors (ODbL)","confidence":"osm"}},{"type":"Feature","geometry":{"type":"LineString","coordinates":[[135.11665,34.65523],[135.11548,34.65561],[135.11419,34.65559]]},"properties":{"layer":"expressway","city":"神戸市","title":"第二神明道路","detail":"高速道路・自動車専用道路。原付一種（50cc以下）は進入禁止。","kind":"motorroad","src":"© OpenStreetMap contributors (ODbL)","confidence":"osm"}},{"type":"Feature","geometry":{"type":"LineString","coordinates":[[135.09723,34.65113],[135.1004,34.65038],[135.10305,34.65013]]},"properties":{"layer":"expressway","city":"神戸市","title":"第二神明道路","detail":"高速道路・自動車専用道路。原付一種（50cc以下）は進入禁止。","kind":"motorroad","src":"© OpenStreetMap contributors (ODbL)","confidence":"osm"}},{"type":"Feature","geometry":{"type":"LineString","coordinates":[[135.10262,34.64992],[135.09918,34.6502],[135.09651,34.65095]]},"properties":{"layer":"expressway","city":"神戸市","title":"第二神明道路","detail":"高速道路・自動車専用道路。原付一種（50cc以下）は進入禁止。","kind":"motorroad","src":"© OpenStreetMap contributors (ODbL)","confidence":"osm"}},{"type":"Feature","geometry":{"type":"LineString","coordinates":[[135.09651,34.65095],[135.09345,34.65191],[135.09118,34.65208],[135.08902,34.65171],[135.08535,34.65021]]},"properties":{"layer":"expressway","city":"神戸市","title":"第二神明道路","detail":"高速道路・自動車専用道路。原付一種（50cc以下）は進入禁止。","kind":"motorroad","src":"© OpenStreetMap contributors (ODbL)","confidence":"osm"}},{"type":"Feature","geometry":{"type":"LineString","coordinates":[[135.07538,34.64927],[135.07715,34.64884],[135.07851,34.6492]]},"properties":{"layer":"expressway","city":"神戸市","title":"自動車専用道路","detail":"高速道路・自動車専用道路。原付一種（50cc以下）は進入禁止。","kind":"motorroad","src":"© OpenStreetMap contributors (ODbL)","confidence":"osm"}},{"type":"Feature","geometry":{"type":"LineString","coordinates":[[135.07338,34.64989],[135.07538,34.64927]]},"properties":{"layer":"expressway","city":"神戸市","title":"自動車専用道路","detail":"高速道路・自動車専用道路。原付一種（50cc以下）は進入禁止。","kind":"motorroad","src":"© OpenStreetMap contributors (ODbL)","confidence":"osm"}},{"type":"Feature","geometry":{"type":"LineString","coordinates":[[135.08156,34.64972],[135.07889,34.64899]]},"properties":{"layer":"expressway","city":"神戸市","title":"自動車専用道路","detail":"高速道路・自動車専用道路。原付一種（50cc以下）は進入禁止。","kind":"motorroad","src":"© OpenStreetMap contributors (ODbL)","confidence":"osm"}},{"type":"Feature","geometry":{"type":"LineString","coordinates":[[135.07272,34.6492],[135.07217,34.64945]]},"properties":{"layer":"expressway","city":"神戸市","title":"自動車専用道路","detail":"高速道路・自動車専用道路。原付一種（50cc以下）は進入禁止。","kind":"motorroad","src":"© OpenStreetMap contributors (ODbL)","confidence":"osm"}},{"type":"Feature","geometry":{"type":"LineString","coordinates":[[135.0786,34.64902],[135.07569,34.64768],[135.07454,34.64751],[135.07302,34.64754]]},"properties":{"layer":"expressway","city":"神戸市","title":"第二神明道路","detail":"高速道路・自動車専用道路。原付一種（50cc以下）は進入禁止。","kind":"motorroad","src":"© OpenStreetMap contributors (ODbL)","confidence":"osm"}},{"type":"Feature","geometry":{"type":"LineString","coordinates":[[135.08234,34.6499],[135.08547,34.65035]]},"properties":{"layer":"expressway","city":"神戸市","title":"第二神明道路","detail":"高速道路・自動車専用道路。原付一種（50cc以下）は進入禁止。","kind":"motorroad","src":"© OpenStreetMap contributors (ODbL)","confidence":"osm"}},{"type":"Feature","geometry":{"type":"LineString","coordinates":[[135.08547,34.65035],[135.08908,34.65183],[135.09056,34.65213],[135.09213,34.65218]]},"properties":{"layer":"expressway","city":"神戸市","title":"第二神明道路","detail":"高速道路・自動車専用道路。原付一種（50cc以下）は進入禁止。","kind":"motorroad","src":"© OpenStreetMap contributors (ODbL)","confidence":"osm"}},{"type":"Feature","geometry":{"type":"LineString","coordinates":[[135.0671,34.65733],[135.06686,34.65814]]},"properties":{"layer":"expressway","city":"神戸市","title":"自動車専用道路","detail":"高速道路・自動車専用道路。原付一種（50cc以下）は進入禁止。","kind":"motorroad","src":"© OpenStreetMap contributors (ODbL)","confidence":"osm"}},{"type":"Feature","geometry":{"type":"LineString","coordinates":[[135.07144,34.65027],[135.07178,34.65018]]},"properties":{"layer":"expressway","city":"神戸市","title":"自動車専用道路","detail":"高速道路・自動車専用道路。原付一種（50cc以下）は進入禁止。","kind":"motorroad","src":"© OpenStreetMap contributors (ODbL)","confidence":"osm"}},{"type":"Feature","geometry":{"type":"LineString","coordinates":[[135.07127,34.64998],[135.06973,34.65101],[135.06875,34.65194],[135.06802,34.65294],[135.06745,34.65423]]},"properties":{"layer":"expressway","city":"神戸市","title":"阪神高速5号湾岸線","detail":"高速道路・自動車専用道路。原付一種（50cc以下）は進入禁止。","kind":"motorroad","src":"© OpenStreetMap contributors (ODbL)","confidence":"osm"}},{"type":"Feature","geometry":{"type":"LineString","coordinates":[[135.06769,34.65428],[135.06825,34.65304],[135.06916,34.65183]]},"properties":{"layer":"expressway","city":"神戸市","title":"阪神高速5号湾岸線","detail":"高速道路・自動車専用道路。原付一種（50cc以下）は進入禁止。","kind":"motorroad","src":"© OpenStreetMap contributors (ODbL)","confidence":"osm"}},{"type":"Feature","geometry":{"type":"LineString","coordinates":[[135.06745,34.65423],[135.06722,34.65525]]},"properties":{"layer":"expressway","city":"神戸市","title":"阪神高速5号湾岸線","detail":"高速道路・自動車専用道路。原付一種（50cc以下）は進入禁止。","kind":"motorroad","src":"© OpenStreetMap contributors (ODbL)","confidence":"osm"}},{"type":"Feature","geometry":{"type":"LineString","coordinates":[[135.06893,34.65839],[135.06771,34.6576],[135.06678,34.6566]]},"properties":{"layer":"expressway","city":"神戸市","title":"自動車専用道路","detail":"高速道路・自動車専用道路。原付一種（50cc以下）は進入禁止。","kind":"motorroad","src":"© OpenStreetMap contributors (ODbL)","confidence":"osm"}},{"type":"Feature","geometry":{"type":"LineString","coordinates":[[135.06889,34.6607],[135.06947,34.66014],[135.06963,34.65952],[135.06943,34.65886],[135.06893,34.65839]]},"properties":{"layer":"expressway","city":"神戸市","title":"自動車専用道路","detail":"高速道路・自動車専用道路。原付一種（50cc以下）は進入禁止。","kind":"motorroad","src":"© OpenStreetMap contributors (ODbL)","confidence":"osm"}},{"type":"Feature","geometry":{"type":"LineString","coordinates":[[135.06686,34.65814],[135.06616,34.65937],[135.06631,34.6604]]},"properties":{"layer":"expressway","city":"神戸市","title":"自動車専用道路","detail":"高速道路・自動車専用道路。原付一種（50cc以下）は進入禁止。","kind":"motorroad","src":"© OpenStreetMap contributors (ODbL)","confidence":"osm"}},{"type":"Feature","geometry":{"type":"LineString","coordinates":[[135.06766,34.66093],[135.06832,34.66092],[135.06889,34.6607]]},"properties":{"layer":"expressway","city":"神戸市","title":"自動車専用道路","detail":"高速道路・自動車専用道路。原付一種（50cc以下）は進入禁止。","kind":"motorroad","src":"© OpenStreetMap contributors (ODbL)","confidence":"osm"}},{"type":"Feature","geometry":{"type":"LineString","coordinates":[[135.12119,34.65242],[135.11974,34.65294],[135.11766,34.65464],[135.11665,34.65523]]},"properties":{"layer":"expressway","city":"神戸市","title":"第二神明道路","detail":"高速道路・自動車専用道路。原付一種（50cc以下）は進入禁止。","kind":"motorroad","src":"© OpenStreetMap contributors (ODbL)","confidence":"osm"}},{"type":"Feature","geometry":{"type":"LineString","coordinates":[[135.1101,34.6532],[135.1086,34.65201]]},"properties":{"layer":"expressway","city":"神戸市","title":"第二神明道路","detail":"高速道路・自動車専用道路。原付一種（50cc以下）は進入禁止。","kind":"motorroad","src":"© OpenStreetMap contributors (ODbL)","confidence":"osm"}},{"type":"Feature","geometry":{"type":"LineString","coordinates":[[135.06678,34.6566],[135.06635,34.65606]]},"properties":{"layer":"expressway","city":"神戸市","title":"自動車専用道路","detail":"高速道路・自動車専用道路。原付一種（50cc以下）は進入禁止。","kind":"motorroad","src":"© OpenStreetMap contributors (ODbL)","confidence":"osm"}},{"type":"Feature","geometry":{"type":"LineString","coordinates":[[135.06722,34.65525],[135.0671,34.65733]]},"properties":{"layer":"expressway","city":"神戸市","title":"自動車専用道路","detail":"高速道路・自動車専用道路。原付一種（50cc以下）は進入禁止。","kind":"motorroad","src":"© OpenStreetMap contributors (ODbL)","confidence":"osm"}},{"type":"Feature","geometry":{"type":"LineString","coordinates":[[135.19542,34.68482],[135.1949,34.68529],[135.19445,34.6853]]},"properties":{"layer":"expressway","city":"神戸市","title":"3","detail":"高速道路・自動車専用道路。原付一種（50cc以下）は進入禁止。","kind":"motorroad","src":"© OpenStreetMap contributors (ODbL)","confidence":"osm"}},{"type":"Feature","geometry":{"type":"LineString","coordinates":[[135.27386,34.71225],[135.26791,34.71109],[135.2578,34.7111],[135.24362,34.71007],[135.24131,34.7094],[135.23425,34.70616],[135.23092,34.70522],[135.22931,34.704]]},"properties":{"layer":"expressway","city":"神戸市","title":"阪神高速3号神戸線","detail":"高速道路・自動車専用道路。原付一種（50cc以下）は進入禁止。","kind":"motorroad","src":"© OpenStreetMap contributors (ODbL)","confidence":"osm"}},{"type":"Feature","geometry":{"type":"LineString","coordinates":[[135.29457,34.71053],[135.28486,34.70853],[135.27756,34.70767]]},"properties":{"layer":"expressway","city":"神戸市","title":"阪神高速5号湾岸線","detail":"高速道路・自動車専用道路。原付一種（50cc以下）は進入禁止。","kind":"motorroad","src":"© OpenStreetMap contributors (ODbL)","confidence":"osm"}},{"type":"Feature","geometry":{"type":"LineString","coordinates":[[135.00658,34.67943],[135.00963,34.67871]]},"properties":{"layer":"expressway","city":"神戸市","title":"阪神高速7号北神戸線","detail":"高速道路・自動車専用道路。原付一種（50cc以下）は進入禁止。","kind":"motorroad","src":"© OpenStreetMap contributors (ODbL)","confidence":"osm"}},{"type":"Feature","geometry":{"type":"LineString","coordinates":[[135.1662,34.8852],[135.16871,34.8854]]},"properties":{"layer":"expressway","city":"神戸市","title":"自動車専用道路","detail":"高速道路・自動車専用道路。原付一種（50cc以下）は進入禁止。","kind":"motorroad","src":"© OpenStreetMap contributors (ODbL)","confidence":"osm"}},{"type":"Feature","geometry":{"type":"LineString","coordinates":[[135.28975,34.83001],[135.29221,34.82986],[135.29412,34.82931]]},"properties":{"layer":"expressway","city":"西宮市","title":"自動車専用道路","detail":"高速道路・自動車専用道路。原付一種（50cc以下）は進入禁止。","kind":"motorroad","src":"© OpenStreetMap contributors (ODbL)","confidence":"osm"}},{"type":"Feature","geometry":{"type":"LineString","coordinates":[[135.30143,34.82757],[135.29822,34.82745],[135.29607,34.82786]]},"properties":{"layer":"expressway","city":"西宮市","title":"自動車専用道路","detail":"高速道路・自動車専用道路。原付一種（50cc以下）は進入禁止。","kind":"motorroad","src":"© OpenStreetMap contributors (ODbL)","confidence":"osm"}},{"type":"Feature","geometry":{"type":"LineString","coordinates":[[135.19867,34.68635],[135.19793,34.68589]]},"properties":{"layer":"expressway","city":"神戸市","title":"阪神高速 京橋出口","detail":"高速道路・自動車専用道路。原付一種（50cc以下）は進入禁止。","kind":"motorroad","src":"© OpenStreetMap contributors (ODbL)","confidence":"osm"}},{"type":"Feature","geometry":{"type":"LineString","coordinates":[[135.1804,34.68013],[135.18383,34.683],[135.18617,34.68445],[135.18728,34.68463],[135.19142,34.68446],[135.19427,34.68472],[135.19862,34.68607],[135.19993,34.68714],[135.20188,34.69075]]},"properties":{"layer":"expressway","city":"神戸市","title":"浜手バイパス","detail":"高速道路・自動車専用道路。原付一種（50cc以下）は進入禁止。","kind":"motorroad","src":"© OpenStreetMap contributors (ODbL)","confidence":"osm"}},{"type":"Feature","geometry":{"type":"LineString","coordinates":[[135.18347,34.8836],[135.18576,34.88289],[135.18732,34.88321],[135.18773,34.88294],[135.18811,34.88227]]},"properties":{"layer":"expressway","city":"神戸市","title":"自動車専用道路","detail":"高速道路・自動車専用道路。原付一種（50cc以下）は進入禁止。","kind":"motorroad","src":"© OpenStreetMap contributors (ODbL)","confidence":"osm"}},{"type":"Feature","geometry":{"type":"LineString","coordinates":[[135.18799,34.88223],[135.18754,34.88294],[135.18695,34.883],[135.18668,34.88267],[135.18672,34.88142],[135.18602,34.88118],[135.18562,34.88145],[135.18536,34.88251],[135.18397,34.8833]]},"properties":{"layer":"expressway","city":"神戸市","title":"自動車専用道路","detail":"高速道路・自動車専用道路。原付一種（50cc以下）は進入禁止。","kind":"motorroad","src":"© OpenStreetMap contributors (ODbL)","confidence":"osm"}},{"type":"Feature","geometry":{"type":"LineString","coordinates":[[135.20252,34.80611],[135.20313,34.806]]},"properties":{"layer":"expressway","city":"神戸市","title":"阪神高速7号北神戸線北延伸線","detail":"高速道路・自動車専用道路。原付一種（50cc以下）は進入禁止。","kind":"motorroad","src":"© OpenStreetMap contributors (ODbL)","confidence":"osm"}},{"type":"Feature","geometry":{"type":"LineString","coordinates":[[135.22146,34.80371],[135.22132,34.80376]]},"properties":{"layer":"expressway","city":"神戸市","title":"阪神高速7号北神戸線北延伸線","detail":"高速道路・自動車専用道路。原付一種（50cc以下）は進入禁止。","kind":"motorroad","src":"© OpenStreetMap contributors (ODbL)","confidence":"osm"}},{"type":"Feature","geometry":{"type":"LineString","coordinates":[[135.2255,34.79266],[135.22626,34.79402]]},"properties":{"layer":"expressway","city":"神戸市","title":"阪神高速7号北神戸線北延伸線","detail":"高速道路・自動車専用道路。原付一種（50cc以下）は進入禁止。","kind":"motorroad","src":"© OpenStreetMap contributors (ODbL)","confidence":"osm"}},{"type":"Feature","geometry":{"type":"LineString","coordinates":[[135.22668,34.80007],[135.22717,34.79886]]},"properties":{"layer":"expressway","city":"神戸市","title":"阪神高速7号北神戸線北延伸線","detail":"高速道路・自動車専用道路。原付一種（50cc以下）は進入禁止。","kind":"motorroad","src":"© OpenStreetMap contributors (ODbL)","confidence":"osm"}},{"type":"Feature","geometry":{"type":"LineString","coordinates":[[135.22642,34.79985],[135.22566,34.80099],[135.22456,34.80207],[135.22314,34.80299],[135.22146,34.80371]]},"properties":{"layer":"expressway","city":"神戸市","title":"阪神高速7号北神戸線北延伸線","detail":"高速道路・自動車専用道路。原付一種（50cc以下）は進入禁止。","kind":"motorroad","src":"© OpenStreetMap contributors (ODbL)","confidence":"osm"}},{"type":"Feature","geometry":{"type":"LineString","coordinates":[[135.22159,34.80391],[135.22332,34.80324],[135.22435,34.80262],[135.22559,34.80153],[135.22668,34.80007]]},"properties":{"layer":"expressway","city":"神戸市","title":"阪神高速7号北神戸線北延伸線","detail":"高速道路・自動車専用道路。原付一種（50cc以下）は進入禁止。","kind":"motorroad","src":"© OpenStreetMap contributors (ODbL)","confidence":"osm"}},{"type":"Feature","geometry":{"type":"LineString","coordinates":[[135.2025,34.80605],[135.20215,34.80612]]},"properties":{"layer":"expressway","city":"神戸市","title":"阪神高速7号北神戸線北延伸線","detail":"高速道路・自動車専用道路。原付一種（50cc以下）は進入禁止。","kind":"motorroad","src":"© OpenStreetMap contributors (ODbL)","confidence":"osm"}},{"type":"Feature","geometry":{"type":"LineString","coordinates":[[135.27756,34.70767],[135.27595,34.70706],[135.27487,34.70624],[135.27412,34.70514],[135.27377,34.70376]]},"properties":{"layer":"expressway","city":"神戸市","title":"阪神高速5号湾岸線","detail":"高速道路・自動車専用道路。原付一種（50cc以下）は進入禁止。","kind":"motorroad","src":"© OpenStreetMap contributors (ODbL)","confidence":"osm"}},{"type":"Feature","geometry":{"type":"LineString","coordinates":[[135.27336,34.69826],[135.27316,34.69639]]},"properties":{"layer":"expressway","city":"神戸市","title":"阪神高速5号湾岸　線六甲アイランド北出口","detail":"高速道路・自動車専用道路。原付一種（50cc以下）は進入禁止。","kind":"motorroad","src":"© OpenStreetMap contributors (ODbL)","confidence":"osm"}},{"type":"Feature","geometry":{"type":"LineString","coordinates":[[135.27656,34.6948],[135.27654,34.69509]]},"properties":{"layer":"expressway","city":"神戸市","title":"阪神高速5号湾岸　線六甲アイランド北入口","detail":"高速道路・自動車専用道路。原付一種（50cc以下）は進入禁止。","kind":"motorroad","src":"© OpenStreetMap contributors (ODbL)","confidence":"osm"}},{"type":"Feature","geometry":{"type":"LineString","coordinates":[[135.27756,34.70767],[135.2763,34.70736],[135.27469,34.70658]]},"properties":{"layer":"expressway","city":"神戸市","title":"ハーバーハイウェイ","detail":"高速道路・自動車専用道路。原付一種（50cc以下）は進入禁止。","kind":"motorroad","src":"© OpenStreetMap contributors (ODbL)","confidence":"osm"}},{"type":"Feature","geometry":{"type":"LineString","coordinates":[[135.17932,34.67908],[135.1804,34.68013]]},"properties":{"layer":"expressway","city":"神戸市","title":"浜手バイパス","detail":"高速道路・自動車専用道路。原付一種（50cc以下）は進入禁止。","kind":"motorroad","src":"© OpenStreetMap contributors (ODbL)","confidence":"osm"}},{"type":"Feature","geometry":{"type":"LineString","coordinates":[[135.22637,34.79398],[135.22724,34.79528]]},"properties":{"layer":"expressway","city":"神戸市","title":"阪神高速7号北神戸線","detail":"高速道路・自動車専用道路。原付一種（50cc以下）は進入禁止。","kind":"motorroad","src":"© OpenStreetMap contributors (ODbL)","confidence":"osm"}},{"type":"Feature","geometry":{"type":"LineString","coordinates":[[135.11595,34.72073],[135.11299,34.7187],[135.11166,34.71722]]},"properties":{"layer":"expressway","city":"神戸市","title":"阪神高速7号北神戸線","detail":"高速道路・自動車専用道路。原付一種（50cc以下）は進入禁止。","kind":"motorroad","src":"© OpenStreetMap contributors (ODbL)","confidence":"osm"}},{"type":"Feature","geometry":{"type":"LineString","coordinates":[[135.10216,34.70966],[135.10029,34.70842]]},"properties":{"layer":"expressway","city":"神戸市","title":"阪神高速31号神戸山手線","detail":"高速道路・自動車専用道路。原付一種（50cc以下）は進入禁止。","kind":"motorroad","src":"© OpenStreetMap contributors (ODbL)","confidence":"osm"}},{"type":"Feature","geometry":{"type":"LineString","coordinates":[[135.10055,34.70507],[135.09963,34.70597]]},"properties":{"layer":"expressway","city":"神戸市","title":"阪神高速7号北神戸線","detail":"高速道路・自動車専用道路。原付一種（50cc以下）は進入禁止。","kind":"motorroad","src":"© OpenStreetMap contributors (ODbL)","confidence":"osm"}},{"type":"Feature","geometry":{"type":"LineString","coordinates":[[135.12981,34.74464],[135.12712,34.74205],[135.12637,34.74064],[135.12606,34.73921]]},"properties":{"layer":"expressway","city":"神戸市","title":"阪神高速7号北神戸線","detail":"高速道路・自動車専用道路。原付一種（50cc以下）は進入禁止。","kind":"motorroad","src":"© OpenStreetMap contributors (ODbL)","confidence":"osm"}},{"type":"Feature","geometry":{"type":"LineString","coordinates":[[135.12606,34.73921],[135.12611,34.73796],[135.12644,34.73684],[135.12836,34.73383],[135.12886,34.73266],[135.12899,34.73118],[135.12854,34.72963]]},"properties":{"layer":"expressway","city":"神戸市","title":"阪神高速7号北神戸線","detail":"高速道路・自動車専用道路。原付一種（50cc以下）は進入禁止。","kind":"motorroad","src":"© OpenStreetMap contributors (ODbL)","confidence":"osm"}},{"type":"Feature","geometry":{"type":"LineString","coordinates":[[135.12584,34.72722],[135.11595,34.72073]]},"properties":{"layer":"expressway","city":"神戸市","title":"阪神高速7号北神戸線","detail":"高速道路・自動車専用道路。原付一種（50cc以下）は進入禁止。","kind":"motorroad","src":"© OpenStreetMap contributors (ODbL)","confidence":"osm"}},{"type":"Feature","geometry":{"type":"LineString","coordinates":[[135.2173,34.78368],[135.21738,34.78385]]},"properties":{"layer":"expressway","city":"神戸市","title":"阪神高速7号北神戸線","detail":"高速道路・自動車専用道路。原付一種（50cc以下）は進入禁止。","kind":"motorroad","src":"© OpenStreetMap contributors (ODbL)","confidence":"osm"}},{"type":"Feature","geometry":{"type":"LineString","coordinates":[[135.14864,34.66533],[135.1456,34.66342]]},"properties":{"layer":"expressway","city":"神戸市","title":"阪神高速31号神戸山手線","detail":"高速道路・自動車専用道路。原付一種（50cc以下）は進入禁止。","kind":"motorroad","src":"© OpenStreetMap contributors (ODbL)","confidence":"osm"}},{"type":"Feature","geometry":{"type":"LineString","coordinates":[[135.1456,34.66342],[135.14511,34.66338],[135.14443,34.66359]]},"properties":{"layer":"expressway","city":"神戸市","title":"阪神高速31号神戸山手線","detail":"高速道路・自動車専用道路。原付一種（50cc以下）は進入禁止。","kind":"motorroad","src":"© OpenStreetMap contributors (ODbL)","confidence":"osm"}},{"type":"Feature","geometry":{"type":"LineString","coordinates":[[135.14135,34.66483],[135.134,34.66806],[135.12769,34.67153],[135.12568,34.67208],[135.12366,34.67214]]},"properties":{"layer":"expressway","city":"神戸市","title":"阪神高速31号神戸山手線","detail":"高速道路・自動車専用道路。原付一種（50cc以下）は進入禁止。","kind":"motorroad","src":"© OpenStreetMap contributors (ODbL)","confidence":"osm"}},{"type":"Feature","geometry":{"type":"LineString","coordinates":[[135.12366,34.67214],[135.12069,34.67181]]},"properties":{"layer":"expressway","city":"神戸市","title":"阪神高速31号神戸山手線","detail":"高速道路・自動車専用道路。原付一種（50cc以下）は進入禁止。","kind":"motorroad","src":"© OpenStreetMap contributors (ODbL)","confidence":"osm"}},{"type":"Feature","geometry":{"type":"LineString","coordinates":[[135.12069,34.67181],[135.1188,34.67164],[135.117,34.67181],[135.11583,34.67215],[135.11421,34.67297]]},"properties":{"layer":"expressway","city":"神戸市","title":"阪神高速31号神戸山手線","detail":"高速道路・自動車専用道路。原付一種（50cc以下）は進入禁止。","kind":"motorroad","src":"© OpenStreetMap contributors (ODbL)","confidence":"osm"}},{"type":"Feature","geometry":{"type":"LineString","coordinates":[[135.11421,34.67297],[135.11318,34.67359]]},"properties":{"layer":"expressway","city":"神戸市","title":"阪神高速31号神戸山手線","detail":"高速道路・自動車専用道路。原付一種（50cc以下）は進入禁止。","kind":"motorroad","src":"© OpenStreetMap contributors (ODbL)","confidence":"osm"}},{"type":"Feature","geometry":{"type":"LineString","coordinates":[[135.11318,34.67359],[135.11206,34.67466]]},"properties":{"layer":"expressway","city":"神戸市","title":"阪神高速31号神戸山手線","detail":"高速道路・自動車専用道路。原付一種（50cc以下）は進入禁止。","kind":"motorroad","src":"© OpenStreetMap contributors (ODbL)","confidence":"osm"}},{"type":"Feature","geometry":{"type":"LineString","coordinates":[[135.11117,34.67555],[135.10833,34.67742],[135.10775,34.67839],[135.10766,34.67943]]},"properties":{"layer":"expressway","city":"神戸市","title":"阪神高速31号神戸山手線","detail":"高速道路・自動車専用道路。原付一種（50cc以下）は進入禁止。","kind":"motorroad","src":"© OpenStreetMap contributors (ODbL)","confidence":"osm"}},{"type":"Feature","geometry":{"type":"LineString","coordinates":[[135.10611,34.68729],[135.10334,34.69426],[135.10263,34.69685]]},"properties":{"layer":"expressway","city":"神戸市","title":"阪神高速31号神戸山手線","detail":"高速道路・自動車専用道路。原付一種（50cc以下）は進入禁止。","kind":"motorroad","src":"© OpenStreetMap contributors (ODbL)","confidence":"osm"}},{"type":"Feature","geometry":{"type":"LineString","coordinates":[[135.10263,34.69685],[135.10257,34.69718]]},"properties":{"layer":"expressway","city":"神戸市","title":"阪神高速31号神戸山手線","detail":"高速道路・自動車専用道路。原付一種（50cc以下）は進入禁止。","kind":"motorroad","src":"© OpenStreetMap contributors (ODbL)","confidence":"osm"}},{"type":"Feature","geometry":{"type":"LineString","coordinates":[[135.15516,34.75575],[135.15606,34.75619]]},"properties":{"layer":"expressway","city":"神戸市","title":"阪神高速7号北神戸線","detail":"高速道路・自動車専用道路。原付一種（50cc以下）は進入禁止。","kind":"motorroad","src":"© OpenStreetMap contributors (ODbL)","confidence":"osm"}},{"type":"Feature","geometry":{"type":"LineString","coordinates":[[135.10636,34.68687],[135.10797,34.6827],[135.10777,34.67943]]},"properties":{"layer":"expressway","city":"神戸市","title":"阪神高速31号神戸山手線","detail":"高速道路・自動車専用道路。原付一種（50cc以下）は進入禁止。","kind":"motorroad","src":"© OpenStreetMap contributors (ODbL)","confidence":"osm"}},{"type":"Feature","geometry":{"type":"LineString","coordinates":[[135.12289,34.67253],[135.12543,34.67257],[135.12746,34.67211],[135.13364,34.66861],[135.14229,34.6648]]},"properties":{"layer":"expressway","city":"神戸市","title":"阪神高速31号神戸山手線","detail":"高速道路・自動車専用道路。原付一種（50cc以下）は進入禁止。","kind":"motorroad","src":"© OpenStreetMap contributors (ODbL)","confidence":"osm"}},{"type":"Feature","geometry":{"type":"LineString","coordinates":[[135.11434,34.67322],[135.11704,34.67212],[135.11964,34.67203]]},"properties":{"layer":"expressway","city":"神戸市","title":"阪神高速31号神戸山手線","detail":"高速道路・自動車専用道路。原付一種（50cc以下）は進入禁止。","kind":"motorroad","src":"© OpenStreetMap contributors (ODbL)","confidence":"osm"}},{"type":"Feature","geometry":{"type":"LineString","coordinates":[[135.11964,34.67203],[135.12289,34.67253]]},"properties":{"layer":"expressway","city":"神戸市","title":"阪神高速31号神戸山手線","detail":"高速道路・自動車専用道路。原付一種（50cc以下）は進入禁止。","kind":"motorroad","src":"© OpenStreetMap contributors (ODbL)","confidence":"osm"}},{"type":"Feature","geometry":{"type":"LineString","coordinates":[[135.1462,34.66392],[135.14854,34.66546]]},"properties":{"layer":"expressway","city":"神戸市","title":"阪神高速31号神戸山手線","detail":"高速道路・自動車専用道路。原付一種（50cc以下）は進入禁止。","kind":"motorroad","src":"© OpenStreetMap contributors (ODbL)","confidence":"osm"}},{"type":"Feature","geometry":{"type":"LineString","coordinates":[[135.10074,34.70505],[135.10193,34.70359],[135.10252,34.70169]]},"properties":{"layer":"expressway","city":"神戸市","title":"阪神高速31号神戸山手線","detail":"高速道路・自動車専用道路。原付一種（50cc以下）は進入禁止。","kind":"motorroad","src":"© OpenStreetMap contributors (ODbL)","confidence":"osm"}},{"type":"Feature","geometry":{"type":"LineString","coordinates":[[135.10271,34.69685],[135.10344,34.69428],[135.10636,34.68687]]},"properties":{"layer":"expressway","city":"神戸市","title":"阪神高速31号神戸山手線","detail":"高速道路・自動車専用道路。原付一種（50cc以下）は進入禁止。","kind":"motorroad","src":"© OpenStreetMap contributors (ODbL)","confidence":"osm"}},{"type":"Feature","geometry":{"type":"LineString","coordinates":[[135.28742,34.78099],[135.28738,34.78189],[135.28812,34.78249]]},"properties":{"layer":"expressway","city":"西宮市","title":"原付通行禁止路線","detail":"原付（50cc以下）通行禁止の路線としてOSMに登録。","kind":"moped_no","src":"© OpenStreetMap contributors (ODbL)","confidence":"osm"}},{"type":"Feature","geometry":{"type":"LineString","coordinates":[[135.28812,34.78249],[135.28895,34.78292],[135.28989,34.78294],[135.2907,34.7832],[135.291,34.7831],[135.29109,34.78284],[135.29005,34.78175],[135.29031,34.78057],[135.28774,34.77785],[135.28785,34.77759],[135.28876,34.77722],[135.28883,34.77672],[135.2869,34.77502]]},"properties":{"layer":"expressway","city":"西宮市","title":"芦有ドライブウェイ","detail":"原付（50cc以下）通行禁止の路線としてOSMに登録。","kind":"moped_no","src":"© OpenStreetMap contributors (ODbL)","confidence":"osm"}},{"type":"Feature","geometry":{"type":"LineString","coordinates":[[135.27885,34.70545],[135.27808,34.70529]]},"properties":{"layer":"expressway","city":"神戸市","title":"魚崎浜入口","detail":"高速道路・自動車専用道路。原付一種（50cc以下）は進入禁止。","kind":"motorroad","src":"© OpenStreetMap contributors (ODbL)","confidence":"osm"}},{"type":"Feature","geometry":{"type":"LineString","coordinates":[[135.28742,34.78099],[135.28779,34.78068],[135.28834,34.7807]]},"properties":{"layer":"expressway","city":"西宮市","title":"芦有ドライブウェイ","detail":"原付（50cc以下）通行禁止の路線としてOSMに登録。","kind":"moped_no","src":"© OpenStreetMap contributors (ODbL)","confidence":"osm"}},{"type":"Feature","geometry":{"type":"LineString","coordinates":[[135.26721,34.78643],[135.26567,34.78701]]},"properties":{"layer":"expressway","city":"神戸市","title":"芦有ドライブウェイ","detail":"原付（50cc以下）通行禁止の路線としてOSMに登録。","kind":"moped_no","src":"© OpenStreetMap contributors (ODbL)","confidence":"osm"}},{"type":"Feature","geometry":{"type":"LineString","coordinates":[[135.28834,34.7807],[135.28871,34.78071],[135.28914,34.78101],[135.289,34.78158]]},"properties":{"layer":"expressway","city":"西宮市","title":"原付通行禁止路線","detail":"原付（50cc以下）通行禁止の路線としてOSMに登録。","kind":"moped_no","src":"© OpenStreetMap contributors (ODbL)","confidence":"osm"}},{"type":"Feature","geometry":{"type":"LineString","coordinates":[[135.33426,34.71664],[135.33571,34.71619]]},"properties":{"layer":"expressway","city":"西宮市","title":"西宮浜","detail":"高速道路・自動車専用道路。原付一種（50cc以下）は進入禁止。","kind":"motorroad","src":"© OpenStreetMap contributors (ODbL)","confidence":"osm"}},{"type":"Feature","geometry":{"type":"LineString","coordinates":[[135.32427,34.82179],[135.322,34.82147],[135.32006,34.82149]]},"properties":{"layer":"expressway","city":"西宮市","title":"中国自動車道","detail":"高速道路・自動車専用道路。原付一種（50cc以下）は進入禁止。","kind":"motorroad","src":"© OpenStreetMap contributors (ODbL)","confidence":"osm"}},{"type":"Feature","geometry":{"type":"LineString","coordinates":[[135.3202,34.82169],[135.32195,34.8217],[135.32396,34.82197]]},"properties":{"layer":"expressway","city":"西宮市","title":"中国自動車道","detail":"高速道路・自動車専用道路。原付一種（50cc以下）は進入禁止。","kind":"motorroad","src":"© OpenStreetMap contributors (ODbL)","confidence":"osm"}},{"type":"Feature","geometry":{"type":"LineString","coordinates":[[135.32006,34.82149],[135.31818,34.82186],[135.31625,34.82264]]},"properties":{"layer":"expressway","city":"西宮市","title":"中国自動車道","detail":"高速道路・自動車専用道路。原付一種（50cc以下）は進入禁止。","kind":"motorroad","src":"© OpenStreetMap contributors (ODbL)","confidence":"osm"}},{"type":"Feature","geometry":{"type":"LineString","coordinates":[[135.29108,34.72067],[135.30102,34.7248],[135.3107,34.72802],[135.31726,34.73105],[135.3257,34.73328],[135.32966,34.73372]]},"properties":{"layer":"expressway","city":"神戸市","title":"阪神高速3号神戸線","detail":"高速道路・自動車専用道路。原付一種（50cc以下）は進入禁止。","kind":"motorroad","src":"© OpenStreetMap contributors (ODbL)","confidence":"osm"}},{"type":"Feature","geometry":{"type":"LineString","coordinates":[[135.24262,34.70994],[135.24467,34.7103],[135.25779,34.71117],[135.26863,34.71127],[135.27309,34.71214],[135.27464,34.7126],[135.2796,34.71461],[135.28481,34.71739]]},"properties":{"layer":"expressway","city":"神戸市","title":"阪神高速3号神戸線","detail":"高速道路・自動車専用道路。原付一種（50cc以下）は進入禁止。","kind":"motorroad","src":"© OpenStreetMap contributors (ODbL)","confidence":"osm"}},{"type":"Feature","geometry":{"type":"LineString","coordinates":[[134.99489,34.68261],[135.01252,34.67774]]},"properties":{"layer":"expressway","city":"神戸市","title":"第二神明道路","detail":"高速道路・自動車専用道路。原付一種（50cc以下）は進入禁止。","kind":"motorroad","src":"© OpenStreetMap contributors (ODbL)","confidence":"osm"}},{"type":"Feature","geometry":{"type":"LineString","coordinates":[[135.07113,34.64772],[135.07289,34.64776]]},"properties":{"layer":"expressway","city":"神戸市","title":"自動車専用道路","detail":"高速道路・自動車専用道路。原付一種（50cc以下）は進入禁止。","kind":"motorroad","src":"© OpenStreetMap contributors (ODbL)","confidence":"osm"}},{"type":"Feature","geometry":{"type":"LineString","coordinates":[[135.0238,34.66227],[135.02547,34.66206]]},"properties":{"layer":"expressway","city":"神戸市","title":"自動車専用道路","detail":"高速道路・自動車専用道路。原付一種（50cc以下）は進入禁止。","kind":"motorroad","src":"© OpenStreetMap contributors (ODbL)","confidence":"osm"}},{"type":"Feature","geometry":{"type":"LineString","coordinates":[[135.02547,34.66206],[135.02618,34.66206],[135.02642,34.66229],[135.02558,34.66435]]},"properties":{"layer":"expressway","city":"神戸市","title":"自動車専用道路","detail":"高速道路・自動車専用道路。原付一種（50cc以下）は進入禁止。","kind":"motorroad","src":"© OpenStreetMap contributors (ODbL)","confidence":"osm"}},{"type":"Feature","geometry":{"type":"LineString","coordinates":[[135.02765,34.66147],[135.02869,34.66081],[135.02923,34.66067],[135.02956,34.66089],[135.0294,34.66125],[135.02797,34.66149]]},"properties":{"layer":"expressway","city":"神戸市","title":"自動車専用道路","detail":"高速道路・自動車専用道路。原付一種（50cc以下）は進入禁止。","kind":"motorroad","src":"© OpenStreetMap contributors (ODbL)","confidence":"osm"}},{"type":"Feature","geometry":{"type":"LineString","coordinates":[[135.02547,34.66206],[135.02699,34.6617]]},"properties":{"layer":"expressway","city":"神戸市","title":"自動車専用道路","detail":"高速道路・自動車専用道路。原付一種（50cc以下）は進入禁止。","kind":"motorroad","src":"© OpenStreetMap contributors (ODbL)","confidence":"osm"}},{"type":"Feature","geometry":{"type":"LineString","coordinates":[[135.07864,34.64891],[135.07752,34.64829]]},"properties":{"layer":"expressway","city":"神戸市","title":"自動車専用道路","detail":"高速道路・自動車専用道路。原付一種（50cc以下）は進入禁止。","kind":"motorroad","src":"© OpenStreetMap contributors (ODbL)","confidence":"osm"}},{"type":"Feature","geometry":{"type":"LineString","coordinates":[[135.0739,34.64778],[135.07432,34.6479],[135.07446,34.64818],[135.07421,34.64848],[135.07385,34.64848],[135.07224,34.64684],[135.07065,34.64688]]},"properties":{"layer":"expressway","city":"神戸市","title":"自動車専用道路","detail":"高速道路・自動車専用道路。原付一種（50cc以下）は進入禁止。","kind":"motorroad","src":"© OpenStreetMap contributors (ODbL)","confidence":"osm"}},{"type":"Feature","geometry":{"type":"LineString","coordinates":[[135.07069,34.64708],[135.07197,34.64694],[135.0722,34.64713],[135.07211,34.64738],[135.07009,34.64763]]},"properties":{"layer":"expressway","city":"神戸市","title":"自動車専用道路","detail":"高速道路・自動車専用道路。原付一種（50cc以下）は進入禁止。","kind":"motorroad","src":"© OpenStreetMap contributors (ODbL)","confidence":"osm"}},{"type":"Feature","geometry":{"type":"LineString","coordinates":[[135.02944,34.6601],[135.02748,34.66126],[135.02548,34.66198]]},"properties":{"layer":"expressway","city":"神戸市","title":"自動車専用道路","detail":"高速道路・自動車専用道路。原付一種（50cc以下）は進入禁止。","kind":"motorroad","src":"© OpenStreetMap contributors (ODbL)","confidence":"osm"}},{"type":"Feature","geometry":{"type":"LineString","coordinates":[[135.06955,34.64812],[135.06979,34.64725],[135.07069,34.64708]]},"properties":{"layer":"expressway","city":"神戸市","title":"自動車専用道路","detail":"高速道路・自動車専用道路。原付一種（50cc以下）は進入禁止。","kind":"motorroad","src":"© OpenStreetMap contributors (ODbL)","confidence":"osm"}},{"type":"Feature","geometry":{"type":"LineString","coordinates":[[135.01555,34.67707],[135.01499,34.67684],[135.01428,34.67682],[135.01241,34.67752]]},"properties":{"layer":"expressway","city":"神戸市","title":"阪神高速7号北神戸線","detail":"高速道路・自動車専用道路。原付一種（50cc以下）は進入禁止。","kind":"motorroad","src":"© OpenStreetMap contributors (ODbL)","confidence":"osm"}},{"type":"Feature","geometry":{"type":"LineString","coordinates":[[135.01257,34.67787],[135.0145,34.67744],[135.0155,34.67754]]},"properties":{"layer":"expressway","city":"神戸市","title":"阪神高速7号北神戸線","detail":"高速道路・自動車専用道路。原付一種（50cc以下）は進入禁止。","kind":"motorroad","src":"© OpenStreetMap contributors (ODbL)","confidence":"osm"}},{"type":"Feature","geometry":{"type":"LineString","coordinates":[[135.02944,34.6601],[135.0275,34.66146],[135.0262,34.66299],[135.02558,34.66435],[135.0245,34.66835],[135.02296,34.67123]]},"properties":{"layer":"expressway","city":"神戸市","title":"第二神明道路","detail":"高速道路・自動車専用道路。原付一種（50cc以下）は進入禁止。","kind":"motorroad","src":"© OpenStreetMap contributors (ODbL)","confidence":"osm"}},{"type":"Feature","geometry":{"type":"LineString","coordinates":[[135.01241,34.67752],[135.00917,34.67848]]},"properties":{"layer":"expressway","city":"神戸市","title":"阪神高速7号北神戸線","detail":"高速道路・自動車専用道路。原付一種（50cc以下）は進入禁止。","kind":"motorroad","src":"© OpenStreetMap contributors (ODbL)","confidence":"osm"}},{"type":"Feature","geometry":{"type":"LineString","coordinates":[[135.01639,34.67829],[135.01701,34.67932]]},"properties":{"layer":"expressway","city":"神戸市","title":"阪神高速7号北神戸線","detail":"高速道路・自動車専用道路。原付一種（50cc以下）は進入禁止。","kind":"motorroad","src":"© OpenStreetMap contributors (ODbL)","confidence":"osm"}},{"type":"Feature","geometry":{"type":"LineString","coordinates":[[135.00963,34.67871],[135.01257,34.67787]]},"properties":{"layer":"expressway","city":"神戸市","title":"阪神高速7号北神戸線","detail":"高速道路・自動車専用道路。原付一種（50cc以下）は進入禁止。","kind":"motorroad","src":"© OpenStreetMap contributors (ODbL)","confidence":"osm"}},{"type":"Feature","geometry":{"type":"LineString","coordinates":[[135.01367,34.67687],[135.01356,34.67694]]},"properties":{"layer":"expressway","city":"神戸市","title":"自動車専用道路","detail":"高速道路・自動車専用道路。原付一種（50cc以下）は進入禁止。","kind":"motorroad","src":"© OpenStreetMap contributors (ODbL)","confidence":"osm"}},{"type":"Feature","geometry":{"type":"LineString","coordinates":[[135.01973,34.68312],[135.02066,34.68406],[135.02202,34.68505]]},"properties":{"layer":"expressway","city":"神戸市","title":"第二神明北線;神戸西バイパス","detail":"高速道路・自動車専用道路。原付一種（50cc以下）は進入禁止。","kind":"motorroad","src":"© OpenStreetMap contributors (ODbL)","confidence":"osm"}},{"type":"Feature","geometry":{"type":"LineString","coordinates":[[135.21858,34.85413],[135.22076,34.85211]]},"properties":{"layer":"expressway","city":"神戸市","title":"神戸JCT","detail":"高速道路・自動車専用道路。原付一種（50cc以下）は進入禁止。","kind":"motorroad","src":"© OpenStreetMap contributors (ODbL)","confidence":"osm"}},{"type":"Feature","geometry":{"type":"LineString","coordinates":[[135.16863,34.66815],[135.16971,34.66872]]},"properties":{"layer":"expressway","city":"神戸市","title":"自動車専用道路","detail":"高速道路・自動車専用道路。原付一種（50cc以下）は進入禁止。","kind":"motorroad","src":"© OpenStreetMap contributors (ODbL)","confidence":"osm"}},{"type":"Feature","geometry":{"type":"LineString","coordinates":[[135.22251,34.70295],[135.22476,34.70302]]},"properties":{"layer":"expressway","city":"神戸市","title":"自動車専用道路","detail":"高速道路・自動車専用道路。原付一種（50cc以下）は進入禁止。","kind":"motorroad","src":"© OpenStreetMap contributors (ODbL)","confidence":"osm"}},{"type":"Feature","geometry":{"type":"LineString","coordinates":[[135.09476,34.70512],[135.09713,34.70691]]},"properties":{"layer":"expressway","city":"神戸市","title":"阪神高速31号神戸山手線","detail":"高速道路・自動車専用道路。原付一種（50cc以下）は進入禁止。","kind":"motorroad","src":"© OpenStreetMap contributors (ODbL)","confidence":"osm"}},{"type":"Feature","geometry":{"type":"LineString","coordinates":[[135.35261,34.72828],[135.35802,34.72456],[135.35984,34.72352],[135.3644,34.72179],[135.37046,34.71905],[135.37841,34.71727]]},"properties":{"layer":"expressway","city":"西宮市","title":"阪神高速3号神戸線","detail":"高速道路・自動車専用道路。原付一種（50cc以下）は進入禁止。","kind":"motorroad","src":"© OpenStreetMap contributors (ODbL)","confidence":"osm"}},{"type":"Feature","geometry":{"type":"LineString","coordinates":[[135.37954,34.71704],[135.38272,34.71644],[135.38655,34.71529],[135.38866,34.7149]]},"properties":{"layer":"expressway","city":"西宮市","title":"阪神高速3号神戸線","detail":"高速道路・自動車専用道路。原付一種（50cc以下）は進入禁止。","kind":"motorroad","src":"© OpenStreetMap contributors (ODbL)","confidence":"osm"}},{"type":"Feature","geometry":{"type":"LineString","coordinates":[[135.41726,34.71385],[135.41479,34.71469],[135.40805,34.71616],[135.40285,34.7171],[135.40074,34.71701],[135.39108,34.7149],[135.38959,34.71475],[135.38746,34.71501],[135.3814,34.71669]]},"properties":{"layer":"expressway","city":"西宮市","title":"阪神高速3号神戸線","detail":"高速道路・自動車専用道路。原付一種（50cc以下）は進入禁止。","kind":"motorroad","src":"© OpenStreetMap contributors (ODbL)","confidence":"osm"}},{"type":"Feature","geometry":{"type":"LineString","coordinates":[[135.37841,34.71727],[135.37954,34.71704]]},"properties":{"layer":"expressway","city":"西宮市","title":"阪神高速3号神戸線","detail":"高速道路・自動車専用道路。原付一種（50cc以下）は進入禁止。","kind":"motorroad","src":"© OpenStreetMap contributors (ODbL)","confidence":"osm"}},{"type":"Feature","geometry":{"type":"LineString","coordinates":[[135.159,34.83177],[135.15612,34.83115]]},"properties":{"layer":"expressway","city":"神戸市","title":"自動車専用道路","detail":"高速道路・自動車専用道路。原付一種（50cc以下）は進入禁止。","kind":"motorroad","src":"© OpenStreetMap contributors (ODbL)","confidence":"osm"}},{"type":"Feature","geometry":{"type":"LineString","coordinates":[[135.06809,34.66116],[135.06837,34.66378],[135.06781,34.66659]]},"properties":{"layer":"expressway","city":"神戸市","title":"神戸淡路鳴門自動車道;西神道路","detail":"高速道路・自動車専用道路。原付一種（50cc以下）は進入禁止。","kind":"motorroad","src":"© OpenStreetMap contributors (ODbL)","confidence":"osm"}},{"type":"Feature","geometry":{"type":"LineString","coordinates":[[135.06885,34.66141],[135.06925,34.66019]]},"properties":{"layer":"expressway","city":"神戸市","title":"自動車専用道路","detail":"高速道路・自動車専用道路。原付一種（50cc以下）は進入禁止。","kind":"motorroad","src":"© OpenStreetMap contributors (ODbL)","confidence":"osm"}},{"type":"Feature","geometry":{"type":"LineString","coordinates":[[135.06878,34.65867],[135.06755,34.6577],[135.06669,34.65673]]},"properties":{"layer":"expressway","city":"神戸市","title":"自動車専用道路","detail":"高速道路・自動車専用道路。原付一種（50cc以下）は進入禁止。","kind":"motorroad","src":"© OpenStreetMap contributors (ODbL)","confidence":"osm"}},{"type":"Feature","geometry":{"type":"LineString","coordinates":[[135.0689,34.66275],[135.06908,34.66159],[135.06993,34.66046],[135.07012,34.65973],[135.06985,34.65883],[135.06903,34.65815]]},"properties":{"layer":"expressway","city":"神戸市","title":"自動車専用道路","detail":"高速道路・自動車専用道路。原付一種（50cc以下）は進入禁止。","kind":"motorroad","src":"© OpenStreetMap contributors (ODbL)","confidence":"osm"}},{"type":"Feature","geometry":{"type":"LineString","coordinates":[[135.06846,34.66343],[135.06855,34.6616],[135.06825,34.65982]]},"properties":{"layer":"expressway","city":"神戸市","title":"第二神明北線;神戸西バイパス","detail":"高速道路・自動車専用道路。原付一種（50cc以下）は進入禁止。","kind":"motorroad","src":"© OpenStreetMap contributors (ODbL)","confidence":"osm"}},{"type":"Feature","geometry":{"type":"LineString","coordinates":[[135.06875,34.66274],[135.06885,34.66141]]},"properties":{"layer":"expressway","city":"神戸市","title":"自動車専用道路","detail":"高速道路・自動車専用道路。原付一種（50cc以下）は進入禁止。","kind":"motorroad","src":"© OpenStreetMap contributors (ODbL)","confidence":"osm"}},{"type":"Feature","geometry":{"type":"LineString","coordinates":[[135.06709,34.65885],[135.06677,34.65965],[135.06741,34.6607]]},"properties":{"layer":"expressway","city":"神戸市","title":"自動車専用道路","detail":"高速道路・自動車専用道路。原付一種（50cc以下）は進入禁止。","kind":"motorroad","src":"© OpenStreetMap contributors (ODbL)","confidence":"osm"}},{"type":"Feature","geometry":{"type":"LineString","coordinates":[[135.06792,34.66662],[135.06849,34.66389],[135.06822,34.66115]]},"properties":{"layer":"expressway","city":"神戸市","title":"神戸淡路鳴門自動車道;西神道路","detail":"高速道路・自動車専用道路。原付一種（50cc以下）は進入禁止。","kind":"motorroad","src":"© OpenStreetMap contributors (ODbL)","confidence":"osm"}},{"type":"Feature","geometry":{"type":"LineString","coordinates":[[135.06872,34.66323],[135.0689,34.66275]]},"properties":{"layer":"expressway","city":"神戸市","title":"自動車専用道路","detail":"高速道路・自動車専用道路。原付一種（50cc以下）は進入禁止。","kind":"motorroad","src":"© OpenStreetMap contributors (ODbL)","confidence":"osm"}},{"type":"Feature","geometry":{"type":"LineString","coordinates":[[135.06737,34.66715],[135.0676,34.66659]]},"properties":{"layer":"expressway","city":"神戸市","title":"第二神明北線;神戸西バイパス","detail":"高速道路・自動車専用道路。原付一種（50cc以下）は進入禁止。","kind":"motorroad","src":"© OpenStreetMap contributors (ODbL)","confidence":"osm"}},{"type":"Feature","geometry":{"type":"LineString","coordinates":[[135.06925,34.66019],[135.06943,34.65955],[135.0692,34.65892],[135.06864,34.65849],[135.06797,34.65835]]},"properties":{"layer":"expressway","city":"神戸市","title":"自動車専用道路","detail":"高速道路・自動車専用道路。原付一種（50cc以下）は進入禁止。","kind":"motorroad","src":"© OpenStreetMap contributors (ODbL)","confidence":"osm"}},{"type":"Feature","geometry":{"type":"LineString","coordinates":[[135.06686,34.65814],[135.06634,34.65915],[135.0663,34.65983],[135.06676,34.66056],[135.06766,34.66093]]},"properties":{"layer":"expressway","city":"神戸市","title":"自動車専用道路","detail":"高速道路・自動車専用道路。原付一種（50cc以下）は進入禁止。","kind":"motorroad","src":"© OpenStreetMap contributors (ODbL)","confidence":"osm"}},{"type":"Feature","geometry":{"type":"LineString","coordinates":[[135.06781,34.66659],[135.06628,34.66956]]},"properties":{"layer":"expressway","city":"神戸市","title":"神戸淡路鳴門自動車道;西神道路","detail":"高速道路・自動車専用道路。原付一種（50cc以下）は進入禁止。","kind":"motorroad","src":"© OpenStreetMap contributors (ODbL)","confidence":"osm"}},{"type":"Feature","geometry":{"type":"LineString","coordinates":[[135.0658,34.65909],[135.06534,34.66007],[135.06551,34.66054],[135.066,34.66098]]},"properties":{"layer":"expressway","city":"神戸市","title":"自動車専用道路","detail":"高速道路・自動車専用道路。原付一種（50cc以下）は進入禁止。","kind":"motorroad","src":"© OpenStreetMap contributors (ODbL)","confidence":"osm"}},{"type":"Feature","geometry":{"type":"LineString","coordinates":[[135.06906,34.66113],[135.06951,34.66041]]},"properties":{"layer":"expressway","city":"神戸市","title":"自動車専用道路","detail":"高速道路・自動車専用道路。原付一種（50cc以下）は進入禁止。","kind":"motorroad","src":"© OpenStreetMap contributors (ODbL)","confidence":"osm"}},{"type":"Feature","geometry":{"type":"LineString","coordinates":[[135.06802,34.65862],[135.06709,34.65885]]},"properties":{"layer":"expressway","city":"神戸市","title":"自動車専用道路","detail":"高速道路・自動車専用道路。原付一種（50cc以下）は進入禁止。","kind":"motorroad","src":"© OpenStreetMap contributors (ODbL)","confidence":"osm"}},{"type":"Feature","geometry":{"type":"LineString","coordinates":[[135.06806,34.66625],[135.06856,34.6647]]},"properties":{"layer":"expressway","city":"神戸市","title":"自動車専用道路","detail":"高速道路・自動車専用道路。原付一種（50cc以下）は進入禁止。","kind":"motorroad","src":"© OpenStreetMap contributors (ODbL)","confidence":"osm"}},{"type":"Feature","geometry":{"type":"LineString","coordinates":[[135.06792,34.66284],[135.06812,34.66326]]},"properties":{"layer":"expressway","city":"神戸市","title":"自動車専用道路","detail":"高速道路・自動車専用道路。原付一種（50cc以下）は進入禁止。","kind":"motorroad","src":"© OpenStreetMap contributors (ODbL)","confidence":"osm"}},{"type":"Feature","geometry":{"type":"LineString","coordinates":[[135.06868,34.66096],[135.06909,34.65949],[135.06878,34.65867]]},"properties":{"layer":"expressway","city":"神戸市","title":"自動車専用道路","detail":"高速道路・自動車専用道路。原付一種（50cc以下）は進入禁止。","kind":"motorroad","src":"© OpenStreetMap contributors (ODbL)","confidence":"osm"}},{"type":"Feature","geometry":{"type":"LineString","coordinates":[[135.06783,34.66181],[135.06803,34.66282]]},"properties":{"layer":"expressway","city":"神戸市","title":"自動車専用道路","detail":"高速道路・自動車専用道路。原付一種（50cc以下）は進入禁止。","kind":"motorroad","src":"© OpenStreetMap contributors (ODbL)","confidence":"osm"}},{"type":"Feature","geometry":{"type":"LineString","coordinates":[[135.0676,34.66659],[135.06846,34.66343]]},"properties":{"layer":"expressway","city":"神戸市","title":"第二神明北線;神戸西バイパス","detail":"高速道路・自動車専用道路。原付一種（50cc以下）は進入禁止。","kind":"motorroad","src":"© OpenStreetMap contributors (ODbL)","confidence":"osm"}},{"type":"Feature","geometry":{"type":"LineString","coordinates":[[135.0677,34.66193],[135.06792,34.66284]]},"properties":{"layer":"expressway","city":"神戸市","title":"自動車専用道路","detail":"高速道路・自動車専用道路。原付一種（50cc以下）は進入禁止。","kind":"motorroad","src":"© OpenStreetMap contributors (ODbL)","confidence":"osm"}},{"type":"Feature","geometry":{"type":"LineString","coordinates":[[135.06803,34.66282],[135.06823,34.66415]]},"properties":{"layer":"expressway","city":"神戸市","title":"自動車専用道路","detail":"高速道路・自動車専用道路。原付一種（50cc以下）は進入禁止。","kind":"motorroad","src":"© OpenStreetMap contributors (ODbL)","confidence":"osm"}},{"type":"Feature","geometry":{"type":"LineString","coordinates":[[135.06741,34.6607],[135.06783,34.66181]]},"properties":{"layer":"expressway","city":"神戸市","title":"自動車専用道路","detail":"高速道路・自動車専用道路。原付一種（50cc以下）は進入禁止。","kind":"motorroad","src":"© OpenStreetMap contributors (ODbL)","confidence":"osm"}},{"type":"Feature","geometry":{"type":"LineString","coordinates":[[135.06631,34.6604],[135.0677,34.66193]]},"properties":{"layer":"expressway","city":"神戸市","title":"自動車専用道路","detail":"高速道路・自動車専用道路。原付一種（50cc以下）は進入禁止。","kind":"motorroad","src":"© OpenStreetMap contributors (ODbL)","confidence":"osm"}},{"type":"Feature","geometry":{"type":"LineString","coordinates":[[135.06749,34.66165],[135.06792,34.66381]]},"properties":{"layer":"expressway","city":"神戸市","title":"自動車専用道路","detail":"高速道路・自動車専用道路。原付一種（50cc以下）は進入禁止。","kind":"motorroad","src":"© OpenStreetMap contributors (ODbL)","confidence":"osm"}},{"type":"Feature","geometry":{"type":"LineString","coordinates":[[135.0675,34.66656],[135.06726,34.66712]]},"properties":{"layer":"expressway","city":"神戸市","title":"第二神明北線;神戸西バイパス","detail":"高速道路・自動車専用道路。原付一種（50cc以下）は進入禁止。","kind":"motorroad","src":"© OpenStreetMap contributors (ODbL)","confidence":"osm"}},{"type":"Feature","geometry":{"type":"LineString","coordinates":[[135.06787,34.6585],[135.06747,34.65689],[135.06744,34.6557]]},"properties":{"layer":"expressway","city":"神戸市","title":"阪神高速5号湾岸線","detail":"高速道路・自動車専用道路。原付一種（50cc以下）は進入禁止。","kind":"motorroad","src":"© OpenStreetMap contributors (ODbL)","confidence":"osm"}},{"type":"Feature","geometry":{"type":"LineString","coordinates":[[135.06895,34.66142],[135.06906,34.66113]]},"properties":{"layer":"expressway","city":"神戸市","title":"自動車専用道路","detail":"高速道路・自動車専用道路。原付一種（50cc以下）は進入禁止。","kind":"motorroad","src":"© OpenStreetMap contributors (ODbL)","confidence":"osm"}},{"type":"Feature","geometry":{"type":"LineString","coordinates":[[135.06683,34.66039],[135.06749,34.66165]]},"properties":{"layer":"expressway","city":"神戸市","title":"自動車専用道路","detail":"高速道路・自動車専用道路。原付一種（50cc以下）は進入禁止。","kind":"motorroad","src":"© OpenStreetMap contributors (ODbL)","confidence":"osm"}},{"type":"Feature","geometry":{"type":"LineString","coordinates":[[135.06822,34.66115],[135.06742,34.65862],[135.06641,34.65672],[135.0649,34.65492],[135.06301,34.65346]]},"properties":{"layer":"expressway","city":"神戸市","title":"神戸淡路鳴門自動車道","detail":"高速道路・自動車専用道路。原付一種（50cc以下）は進入禁止。","kind":"motorroad","src":"© OpenStreetMap contributors (ODbL)","confidence":"osm"}},{"type":"Feature","geometry":{"type":"LineString","coordinates":[[135.06951,34.66041],[135.06971,34.65934],[135.0691,34.6585]]},"properties":{"layer":"expressway","city":"神戸市","title":"自動車専用道路","detail":"高速道路・自動車専用道路。原付一種（50cc以下）は進入禁止。","kind":"motorroad","src":"© OpenStreetMap contributors (ODbL)","confidence":"osm"}},{"type":"Feature","geometry":{"type":"LineString","coordinates":[[135.06815,34.65984],[135.06843,34.6616],[135.06834,34.66341]]},"properties":{"layer":"expressway","city":"神戸市","title":"第二神明北線;神戸西バイパス","detail":"高速道路・自動車専用道路。原付一種（50cc以下）は進入禁止。","kind":"motorroad","src":"© OpenStreetMap contributors (ODbL)","confidence":"osm"}},{"type":"Feature","geometry":{"type":"LineString","coordinates":[[135.06868,34.66096],[135.06892,34.65934],[135.0686,34.65886],[135.06802,34.65862]]},"properties":{"layer":"expressway","city":"神戸市","title":"自動車専用道路","detail":"高速道路・自動車専用道路。原付一種（50cc以下）は進入禁止。","kind":"motorroad","src":"© OpenStreetMap contributors (ODbL)","confidence":"osm"}},{"type":"Feature","geometry":{"type":"LineString","coordinates":[[135.06702,34.65862],[135.06649,34.65951],[135.06683,34.66039]]},"properties":{"layer":"expressway","city":"神戸市","title":"自動車専用道路","detail":"高速道路・自動車専用道路。原付一種（50cc以下）は進入禁止。","kind":"motorroad","src":"© OpenStreetMap contributors (ODbL)","confidence":"osm"}},{"type":"Feature","geometry":{"type":"LineString","coordinates":[[135.06796,34.66427],[135.0675,34.66656]]},"properties":{"layer":"expressway","city":"神戸市","title":"自動車専用道路","detail":"高速道路・自動車専用道路。原付一種（50cc以下）は進入禁止。","kind":"motorroad","src":"© OpenStreetMap contributors (ODbL)","confidence":"osm"}},{"type":"Feature","geometry":{"type":"LineString","coordinates":[[135.06797,34.65835],[135.06702,34.65862]]},"properties":{"layer":"expressway","city":"神戸市","title":"自動車専用道路","detail":"高速道路・自動車専用道路。原付一種（50cc以下）は進入禁止。","kind":"motorroad","src":"© OpenStreetMap contributors (ODbL)","confidence":"osm"}},{"type":"Feature","geometry":{"type":"LineString","coordinates":[[135.06669,34.65673],[135.06563,34.65549]]},"properties":{"layer":"expressway","city":"神戸市","title":"自動車専用道路","detail":"高速道路・自動車専用道路。原付一種（50cc以下）は進入禁止。","kind":"motorroad","src":"© OpenStreetMap contributors (ODbL)","confidence":"osm"}},{"type":"Feature","geometry":{"type":"LineString","coordinates":[[135.15291,34.65811],[135.1525,34.65755],[135.15297,34.65639]]},"properties":{"layer":"expressway","city":"神戸市","title":"3","detail":"高速道路・自動車専用道路。原付一種（50cc以下）は進入禁止。","kind":"motorroad","src":"© OpenStreetMap contributors (ODbL)","confidence":"osm"}},{"type":"Feature","geometry":{"type":"LineString","coordinates":[[135.14229,34.6648],[135.14427,34.66393],[135.14509,34.66382],[135.146,34.6641],[135.14825,34.66537],[135.14917,34.66544],[135.15004,34.66518],[135.15072,34.66465],[135.15108,34.66394],[135.15099,34.66146],[135.15116,34.66053]]},"properties":{"layer":"expressway","city":"神戸市","title":"阪神高速31号神戸山手線","detail":"高速道路・自動車専用道路。原付一種（50cc以下）は進入禁止。","kind":"motorroad","src":"© OpenStreetMap contributors (ODbL)","confidence":"osm"}},{"type":"Feature","geometry":{"type":"LineString","coordinates":[[135.15258,34.65702],[135.15289,34.65619]]},"properties":{"layer":"expressway","city":"神戸市","title":"阪神高速31号神戸山手線","detail":"高速道路・自動車専用道路。原付一種（50cc以下）は進入禁止。","kind":"motorroad","src":"© OpenStreetMap contributors (ODbL)","confidence":"osm"}},{"type":"Feature","geometry":{"type":"LineString","coordinates":[[135.15425,34.65881],[135.15004,34.65718]]},"properties":{"layer":"expressway","city":"神戸市","title":"阪神高速3号神戸線","detail":"高速道路・自動車専用道路。原付一種（50cc以下）は進入禁止。","kind":"motorroad","src":"© OpenStreetMap contributors (ODbL)","confidence":"osm"}},{"type":"Feature","geometry":{"type":"LineString","coordinates":[[135.14351,34.66416],[135.14506,34.6635],[135.1462,34.66392]]},"properties":{"layer":"expressway","city":"神戸市","title":"阪神高速31号神戸山手線","detail":"高速道路・自動車専用道路。原付一種（50cc以下）は進入禁止。","kind":"motorroad","src":"© OpenStreetMap contributors (ODbL)","confidence":"osm"}},{"type":"Feature","geometry":{"type":"LineString","coordinates":[[135.14443,34.66359],[135.14314,34.66408]]},"properties":{"layer":"expressway","city":"神戸市","title":"阪神高速31号神戸山手線","detail":"高速道路・自動車専用道路。原付一種（50cc以下）は進入禁止。","kind":"motorroad","src":"© OpenStreetMap contributors (ODbL)","confidence":"osm"}},{"type":"Feature","geometry":{"type":"LineString","coordinates":[[135.15055,34.65746],[135.1546,34.65911]]},"properties":{"layer":"expressway","city":"神戸市","title":"阪神高速3号神戸線","detail":"高速道路・自動車専用道路。原付一種（50cc以下）は進入禁止。","kind":"motorroad","src":"© OpenStreetMap contributors (ODbL)","confidence":"osm"}},{"type":"Feature","geometry":{"type":"LineString","coordinates":[[135.13499,34.64756],[135.13343,34.64666],[135.13233,34.64673],[135.13168,34.64734],[135.13076,34.64922],[135.13006,34.64987],[135.12898,34.65038],[135.12507,34.65158]]},"properties":{"layer":"expressway","city":"神戸市","title":"阪神高速3号神戸線","detail":"高速道路・自動車専用道路。原付一種（50cc以下）は進入禁止。","kind":"motorroad","src":"© OpenStreetMap contributors (ODbL)","confidence":"osm"}},{"type":"Feature","geometry":{"type":"LineString","coordinates":[[135.15297,34.65639],[135.15313,34.65619],[135.15339,34.65619]]},"properties":{"layer":"expressway","city":"神戸市","title":"3","detail":"高速道路・自動車専用道路。原付一種（50cc以下）は進入禁止。","kind":"motorroad","src":"© OpenStreetMap contributors (ODbL)","confidence":"osm"}},{"type":"Feature","geometry":{"type":"LineString","coordinates":[[135.15302,34.65605],[135.15279,34.65613],[135.15263,34.6566]]},"properties":{"layer":"expressway","city":"神戸市","title":"3","detail":"高速道路・自動車専用道路。原付一種（50cc以下）は進入禁止。","kind":"motorroad","src":"© OpenStreetMap contributors (ODbL)","confidence":"osm"}},{"type":"Feature","geometry":{"type":"LineString","coordinates":[[135.15173,34.659],[135.15207,34.65851],[135.15247,34.65838],[135.1546,34.65911]]},"properties":{"layer":"expressway","city":"神戸市","title":"阪神高速31号神戸山手線","detail":"高速道路・自動車専用道路。原付一種（50cc以下）は進入禁止。","kind":"motorroad","src":"© OpenStreetMap contributors (ODbL)","confidence":"osm"}},{"type":"Feature","geometry":{"type":"LineString","coordinates":[[135.15425,34.65881],[135.15291,34.65811]]},"properties":{"layer":"expressway","city":"神戸市","title":"31","detail":"高速道路・自動車専用道路。原付一種（50cc以下）は進入禁止。","kind":"motorroad","src":"© OpenStreetMap contributors (ODbL)","confidence":"osm"}},{"type":"Feature","geometry":{"type":"LineString","coordinates":[[135.15289,34.65619],[135.15296,34.65598]]},"properties":{"layer":"expressway","city":"神戸市","title":"阪神高速31号神戸山手線","detail":"高速道路・自動車専用道路。原付一種（50cc以下）は進入禁止。","kind":"motorroad","src":"© OpenStreetMap contributors (ODbL)","confidence":"osm"}},{"type":"Feature","geometry":{"type":"LineString","coordinates":[[135.14314,34.66408],[135.14135,34.66483]]},"properties":{"layer":"expressway","city":"神戸市","title":"阪神高速31号神戸山手線","detail":"高速道路・自動車専用道路。原付一種（50cc以下）は進入禁止。","kind":"motorroad","src":"© OpenStreetMap contributors (ODbL)","confidence":"osm"}},{"type":"Feature","geometry":{"type":"LineString","coordinates":[[135.1631,34.66452],[135.16773,34.66768],[135.17671,34.6729],[135.17736,34.67411],[135.17878,34.6782],[135.18225,34.68175],[135.1835,34.68389],[135.18428,34.6846],[135.18531,34.68525],[135.1864,34.68554],[135.19247,34.68541]]},"properties":{"layer":"expressway","city":"神戸市","title":"阪神高速3号神戸線","detail":"高速道路・自動車専用道路。原付一種（50cc以下）は進入禁止。","kind":"motorroad","src":"© OpenStreetMap contributors (ODbL)","confidence":"osm"}},{"type":"Feature","geometry":{"type":"LineString","coordinates":[[135.07804,34.69376],[135.07488,34.69139],[135.07365,34.69082],[135.07312,34.69035]]},"properties":{"layer":"expressway","city":"神戸市","title":"神戸淡路鳴門自動車道","detail":"高速道路・自動車専用道路。原付一種（50cc以下）は進入禁止。","kind":"motorroad","src":"© OpenStreetMap contributors (ODbL)","confidence":"osm"}},{"type":"Feature","geometry":{"type":"LineString","coordinates":[[135.10055,34.70507],[135.09952,34.70591]]},"properties":{"layer":"expressway","city":"神戸市","title":"阪神高速7号北神戸線","detail":"高速道路・自動車専用道路。原付一種（50cc以下）は進入禁止。","kind":"motorroad","src":"© OpenStreetMap contributors (ODbL)","confidence":"osm"}},{"type":"Feature","geometry":{"type":"LineString","coordinates":[[135.10218,34.70978],[135.10833,34.71359],[135.10945,34.71451],[135.11056,34.71581]]},"properties":{"layer":"expressway","city":"神戸市","title":"阪神高速7号北神戸線","detail":"高速道路・自動車専用道路。原付一種（50cc以下）は進入禁止。","kind":"motorroad","src":"© OpenStreetMap contributors (ODbL)","confidence":"osm"}},{"type":"Feature","geometry":{"type":"LineString","coordinates":[[135.09986,34.70859],[135.10218,34.70978]]},"properties":{"layer":"expressway","city":"神戸市","title":"阪神高速7号北神戸線","detail":"高速道路・自動車専用道路。原付一種（50cc以下）は進入禁止。","kind":"motorroad","src":"© OpenStreetMap contributors (ODbL)","confidence":"osm"}},{"type":"Feature","geometry":{"type":"LineString","coordinates":[[135.10216,34.70966],[135.09489,34.70507],[135.09183,34.70242]]},"properties":{"layer":"expressway","city":"神戸市","title":"阪神高速7号北神戸線","detail":"高速道路・自動車専用道路。原付一種（50cc以下）は進入禁止。","kind":"motorroad","src":"© OpenStreetMap contributors (ODbL)","confidence":"osm"}},{"type":"Feature","geometry":{"type":"LineString","coordinates":[[135.09963,34.70597],[135.09902,34.70666],[135.09886,34.70726],[135.0992,34.70813],[135.09986,34.70859]]},"properties":{"layer":"expressway","city":"神戸市","title":"阪神高速7号北神戸線","detail":"高速道路・自動車専用道路。原付一種（50cc以下）は進入禁止。","kind":"motorroad","src":"© OpenStreetMap contributors (ODbL)","confidence":"osm"}},{"type":"Feature","geometry":{"type":"LineString","coordinates":[[135.09866,34.70694],[135.09918,34.70665],[135.10074,34.70505]]},"properties":{"layer":"expressway","city":"神戸市","title":"阪神高速31号神戸山手線","detail":"高速道路・自動車専用道路。原付一種（50cc以下）は進入禁止。","kind":"motorroad","src":"© OpenStreetMap contributors (ODbL)","confidence":"osm"}},{"type":"Feature","geometry":{"type":"LineString","coordinates":[[135.09713,34.70691],[135.09808,34.70706]]},"properties":{"layer":"expressway","city":"神戸市","title":"阪神高速31号神戸山手線","detail":"高速道路・自動車専用道路。原付一種（50cc以下）は進入禁止。","kind":"motorroad","src":"© OpenStreetMap contributors (ODbL)","confidence":"osm"}},{"type":"Feature","geometry":{"type":"LineString","coordinates":[[135.06722,34.65525],[135.06723,34.65652],[135.06767,34.65826]]},"properties":{"layer":"expressway","city":"神戸市","title":"阪神高速5号湾岸線","detail":"高速道路・自動車専用道路。原付一種（50cc以下）は進入禁止。","kind":"motorroad","src":"© OpenStreetMap contributors (ODbL)","confidence":"osm"}},{"type":"Feature","geometry":{"type":"LineString","coordinates":[[135.37721,34.7172],[135.37636,34.71752]]},"properties":{"layer":"expressway","city":"西宮市","title":"3-08","detail":"高速道路・自動車専用道路。原付一種（50cc以下）は進入禁止。","kind":"motorroad","src":"© OpenStreetMap contributors (ODbL)","confidence":"osm"}},{"type":"Feature","geometry":{"type":"LineString","coordinates":[[135.37566,34.71794],[135.37792,34.71748]]},"properties":{"layer":"expressway","city":"西宮市","title":"3-08","detail":"高速道路・自動車専用道路。原付一種（50cc以下）は進入禁止。","kind":"motorroad","src":"© OpenStreetMap contributors (ODbL)","confidence":"osm"}},{"type":"Feature","geometry":{"type":"LineString","coordinates":[[135.37848,34.71668],[135.37811,34.71696],[135.37721,34.7172]]},"properties":{"layer":"expressway","city":"西宮市","title":"3-08","detail":"高速道路・自動車専用道路。原付一種（50cc以下）は進入禁止。","kind":"motorroad","src":"© OpenStreetMap contributors (ODbL)","confidence":"osm"}},{"type":"Feature","geometry":{"type":"LineString","coordinates":[[135.37456,34.71812],[135.37566,34.71794]]},"properties":{"layer":"expressway","city":"西宮市","title":"3-08","detail":"高速道路・自動車専用道路。原付一種（50cc以下）は進入禁止。","kind":"motorroad","src":"© OpenStreetMap contributors (ODbL)","confidence":"osm"}},{"type":"Feature","geometry":{"type":"LineString","coordinates":[[135.37792,34.71748],[135.37913,34.71712]]},"properties":{"layer":"expressway","city":"西宮市","title":"3-08","detail":"高速道路・自動車専用道路。原付一種（50cc以下）は進入禁止。","kind":"motorroad","src":"© OpenStreetMap contributors (ODbL)","confidence":"osm"}},{"type":"Feature","geometry":{"type":"LineString","coordinates":[[135.37839,34.71712],[135.37784,34.71687],[135.3777,34.71657],[135.3781,34.71624],[135.37843,34.71637],[135.37848,34.71668]]},"properties":{"layer":"expressway","city":"西宮市","title":"3-08","detail":"高速道路・自動車専用道路。原付一種（50cc以下）は進入禁止。","kind":"motorroad","src":"© OpenStreetMap contributors (ODbL)","confidence":"osm"}},{"type":"Feature","geometry":{"type":"LineString","coordinates":[[135.35798,34.72444],[135.35748,34.7247]]},"properties":{"layer":"expressway","city":"西宮市","title":"名神高速道路","detail":"高速道路・自動車専用道路。原付一種（50cc以下）は進入禁止。","kind":"motorroad","src":"© OpenStreetMap contributors (ODbL)","confidence":"osm"}},{"type":"Feature","geometry":{"type":"LineString","coordinates":[[135.35939,34.73409],[135.35952,34.73946],[135.35995,34.74117],[135.36072,34.74243],[135.36166,34.74337],[135.36303,34.74424],[135.36436,34.74475]]},"properties":{"layer":"expressway","city":"西宮市","title":"名神高速道路","detail":"高速道路・自動車専用道路。原付一種（50cc以下）は進入禁止。","kind":"motorroad","src":"© OpenStreetMap contributors (ODbL)","confidence":"osm"}},{"type":"Feature","geometry":{"type":"LineString","coordinates":[[135.35586,34.72575],[135.35464,34.72629]]},"properties":{"layer":"expressway","city":"西宮市","title":"名神高速道路","detail":"高速道路・自動車専用道路。原付一種（50cc以下）は進入禁止。","kind":"motorroad","src":"© OpenStreetMap contributors (ODbL)","confidence":"osm"}},{"type":"Feature","geometry":{"type":"LineString","coordinates":[[135.35579,34.7268],[135.35586,34.72622],[135.3572,34.72528]]},"properties":{"layer":"expressway","city":"西宮市","title":"名神高速道路","detail":"高速道路・自動車専用道路。原付一種（50cc以下）は進入禁止。","kind":"motorroad","src":"© OpenStreetMap contributors (ODbL)","confidence":"osm"}},{"type":"Feature","geometry":{"type":"LineString","coordinates":[[135.35481,34.72695],[135.35558,34.72695],[135.35648,34.72769]]},"properties":{"layer":"expressway","city":"西宮市","title":"名神高速道路","detail":"高速道路・自動車専用道路。原付一種（50cc以下）は進入禁止。","kind":"motorroad","src":"© OpenStreetMap contributors (ODbL)","confidence":"osm"}},{"type":"Feature","geometry":{"type":"LineString","coordinates":[[135.35284,34.7283],[135.35435,34.72732],[135.35554,34.72714]]},"properties":{"layer":"expressway","city":"西宮市","title":"名神高速道路","detail":"高速道路・自動車専用道路。原付一種（50cc以下）は進入禁止。","kind":"motorroad","src":"© OpenStreetMap contributors (ODbL)","confidence":"osm"}},{"type":"Feature","geometry":{"type":"LineString","coordinates":[[135.35382,34.72714],[135.35232,34.72836]]},"properties":{"layer":"expressway","city":"西宮市","title":"名神高速道路","detail":"高速道路・自動車専用道路。原付一種（50cc以下）は進入禁止。","kind":"motorroad","src":"© OpenStreetMap contributors (ODbL)","confidence":"osm"}},{"type":"Feature","geometry":{"type":"LineString","coordinates":[[135.3545,34.72639],[135.35382,34.72714]]},"properties":{"layer":"expressway","city":"西宮市","title":"名神高速道路","detail":"高速道路・自動車専用道路。原付一種（50cc以下）は進入禁止。","kind":"motorroad","src":"© OpenStreetMap contributors (ODbL)","confidence":"osm"}},{"type":"Feature","geometry":{"type":"LineString","coordinates":[[135.35232,34.72857],[135.35284,34.7283]]},"properties":{"layer":"expressway","city":"西宮市","title":"名神高速道路","detail":"高速道路・自動車専用道路。原付一種（50cc以下）は進入禁止。","kind":"motorroad","src":"© OpenStreetMap contributors (ODbL)","confidence":"osm"}},{"type":"Feature","geometry":{"type":"LineString","coordinates":[[135.35673,34.72778],[135.35598,34.72712]]},"properties":{"layer":"expressway","city":"西宮市","title":"名神高速道路","detail":"高速道路・自動車専用道路。原付一種（50cc以下）は進入禁止。","kind":"motorroad","src":"© OpenStreetMap contributors (ODbL)","confidence":"osm"}},{"type":"Feature","geometry":{"type":"LineString","coordinates":[[135.35579,34.7268],[135.35539,34.72622],[135.35464,34.72629]]},"properties":{"layer":"expressway","city":"西宮市","title":"名神高速道路","detail":"高速道路・自動車専用道路。原付一種（50cc以下）は進入禁止。","kind":"motorroad","src":"© OpenStreetMap contributors (ODbL)","confidence":"osm"}},{"type":"Feature","geometry":{"type":"LineString","coordinates":[[135.35554,34.72714],[135.35648,34.72769]]},"properties":{"layer":"expressway","city":"西宮市","title":"名神高速道路","detail":"高速道路・自動車専用道路。原付一種（50cc以下）は進入禁止。","kind":"motorroad","src":"© OpenStreetMap contributors (ODbL)","confidence":"osm"}},{"type":"Feature","geometry":{"type":"LineString","coordinates":[[135.3545,34.72639],[135.35435,34.72675],[135.35448,34.727],[135.35554,34.72714]]},"properties":{"layer":"expressway","city":"西宮市","title":"名神高速道路","detail":"高速道路・自動車専用道路。原付一種（50cc以下）は進入禁止。","kind":"motorroad","src":"© OpenStreetMap contributors (ODbL)","confidence":"osm"}},{"type":"Feature","geometry":{"type":"LineString","coordinates":[[135.3572,34.72528],[135.35758,34.72497]]},"properties":{"layer":"expressway","city":"西宮市","title":"名神高速道路","detail":"高速道路・自動車専用道路。原付一種（50cc以下）は進入禁止。","kind":"motorroad","src":"© OpenStreetMap contributors (ODbL)","confidence":"osm"}},{"type":"Feature","geometry":{"type":"LineString","coordinates":[[135.22476,34.70302],[135.22509,34.70301]]},"properties":{"layer":"expressway","city":"神戸市","title":"自動車専用道路","detail":"高速道路・自動車専用道路。原付一種（50cc以下）は進入禁止。","kind":"motorroad","src":"© OpenStreetMap contributors (ODbL)","confidence":"osm"}},{"type":"Feature","geometry":{"type":"LineString","coordinates":[[135.22518,34.70281],[135.22398,34.70281]]},"properties":{"layer":"expressway","city":"神戸市","title":"自動車専用道路","detail":"高速道路・自動車専用道路。原付一種（50cc以下）は進入禁止。","kind":"motorroad","src":"© OpenStreetMap contributors (ODbL)","confidence":"osm"}},{"type":"Feature","geometry":{"type":"LineString","coordinates":[[135.22398,34.70281],[135.22169,34.70273]]},"properties":{"layer":"expressway","city":"神戸市","title":"自動車専用道路","detail":"高速道路・自動車専用道路。原付一種（50cc以下）は進入禁止。","kind":"motorroad","src":"© OpenStreetMap contributors (ODbL)","confidence":"osm"}},{"type":"Feature","geometry":{"type":"LineString","coordinates":[[135.05483,34.69853],[135.05385,34.69802]]},"properties":{"layer":"expressway","city":"神戸市","title":"自動車専用道路","detail":"高速道路・自動車専用道路。原付一種（50cc以下）は進入禁止。","kind":"motorroad","src":"© OpenStreetMap contributors (ODbL)","confidence":"osm"}},{"type":"Feature","geometry":{"type":"LineString","coordinates":[[135.02889,34.68671],[135.02608,34.68624]]},"properties":{"layer":"expressway","city":"神戸市","title":"阪神高速7号北神戸線","detail":"高速道路・自動車専用道路。原付一種（50cc以下）は進入禁止。","kind":"motorroad","src":"© OpenStreetMap contributors (ODbL)","confidence":"osm"}},{"type":"Feature","geometry":{"type":"LineString","coordinates":[[135.03099,34.68675],[135.02889,34.68671]]},"properties":{"layer":"expressway","city":"神戸市","title":"阪神高速7号北神戸線","detail":"高速道路・自動車専用道路。原付一種（50cc以下）は進入禁止。","kind":"motorroad","src":"© OpenStreetMap contributors (ODbL)","confidence":"osm"}},{"type":"Feature","geometry":{"type":"LineString","coordinates":[[135.07843,34.69422],[135.0771,34.69437],[135.07591,34.69483],[135.07475,34.69575],[135.0742,34.69656]]},"properties":{"layer":"expressway","city":"神戸市","title":"阪神高速7号北神戸線","detail":"高速道路・自動車専用道路。原付一種（50cc以下）は進入禁止。","kind":"motorroad","src":"© OpenStreetMap contributors (ODbL)","confidence":"osm"}},{"type":"Feature","geometry":{"type":"LineString","coordinates":[[135.01751,34.68015],[135.01919,34.68256],[135.02072,34.68398],[135.02294,34.68525],[135.02534,34.68613]]},"properties":{"layer":"expressway","city":"神戸市","title":"阪神高速7号北神戸線","detail":"高速道路・自動車専用道路。原付一種（50cc以下）は進入禁止。","kind":"motorroad","src":"© OpenStreetMap contributors (ODbL)","confidence":"osm"}},{"type":"Feature","geometry":{"type":"LineString","coordinates":[[135.02548,34.66198],[135.0238,34.66227]]},"properties":{"layer":"expressway","city":"神戸市","title":"自動車専用道路","detail":"高速道路・自動車専用道路。原付一種（50cc以下）は進入禁止。","kind":"motorroad","src":"© OpenStreetMap contributors (ODbL)","confidence":"osm"}},{"type":"Feature","geometry":{"type":"LineString","coordinates":[[135.0233,34.68494],[135.02455,34.68433],[135.02551,34.68362],[135.02733,34.6817]]},"properties":{"layer":"expressway","city":"神戸市","title":"第二神明北線;神戸西バイパス","detail":"高速道路・自動車専用道路。原付一種（50cc以下）は進入禁止。","kind":"motorroad","src":"© OpenStreetMap contributors (ODbL)","confidence":"osm"}},{"type":"Feature","geometry":{"type":"LineString","coordinates":[[135.05609,34.67069],[135.0584,34.67045],[135.06202,34.67093],[135.06385,34.67075],[135.06503,34.67024],[135.06573,34.66971],[135.06668,34.66851],[135.06737,34.66715]]},"properties":{"layer":"expressway","city":"神戸市","title":"第二神明北線;神戸西バイパス","detail":"高速道路・自動車専用道路。原付一種（50cc以下）は進入禁止。","kind":"motorroad","src":"© OpenStreetMap contributors (ODbL)","confidence":"osm"}},{"type":"Feature","geometry":{"type":"LineString","coordinates":[[135.02699,34.6617],[135.02798,34.66154]]},"properties":{"layer":"expressway","city":"神戸市","title":"自動車専用道路","detail":"高速道路・自動車専用道路。原付一種（50cc以下）は進入禁止。","kind":"motorroad","src":"© OpenStreetMap contributors (ODbL)","confidence":"osm"}},{"type":"Feature","geometry":{"type":"LineString","coordinates":[[135.01252,34.67774],[135.01389,34.67735]]},"properties":{"layer":"expressway","city":"神戸市","title":"第二神明道路","detail":"高速道路・自動車専用道路。原付一種（50cc以下）は進入禁止。","kind":"motorroad","src":"© OpenStreetMap contributors (ODbL)","confidence":"osm"}},{"type":"Feature","geometry":{"type":"LineString","coordinates":[[135.02797,34.66149],[135.02698,34.66165]]},"properties":{"layer":"expressway","city":"神戸市","title":"自動車専用道路","detail":"高速道路・自動車専用道路。原付一種（50cc以下）は進入禁止。","kind":"motorroad","src":"© OpenStreetMap contributors (ODbL)","confidence":"osm"}},{"type":"Feature","geometry":{"type":"LineString","coordinates":[[135.02733,34.6817],[135.0296,34.67958]]},"properties":{"layer":"expressway","city":"神戸市","title":"第二神明北線;神戸西バイパス","detail":"高速道路・自動車専用道路。原付一種（50cc以下）は進入禁止。","kind":"motorroad","src":"© OpenStreetMap contributors (ODbL)","confidence":"osm"}},{"type":"Feature","geometry":{"type":"LineString","coordinates":[[135.01389,34.67735],[135.01683,34.67626],[135.01879,34.67521]]},"properties":{"layer":"expressway","city":"神戸市","title":"第二神明道路","detail":"高速道路・自動車専用道路。原付一種（50cc以下）は進入禁止。","kind":"motorroad","src":"© OpenStreetMap contributors (ODbL)","confidence":"osm"}},{"type":"Feature","geometry":{"type":"LineString","coordinates":[[135.02698,34.66165],[135.02548,34.66198]]},"properties":{"layer":"expressway","city":"神戸市","title":"自動車専用道路","detail":"高速道路・自動車専用道路。原付一種（50cc以下）は進入禁止。","kind":"motorroad","src":"© OpenStreetMap contributors (ODbL)","confidence":"osm"}},{"type":"Feature","geometry":{"type":"LineString","coordinates":[[135.02202,34.68505],[135.02258,34.68514],[135.0233,34.68494]]},"properties":{"layer":"expressway","city":"神戸市","title":"第二神明北線;神戸西バイパス","detail":"高速道路・自動車専用道路。原付一種（50cc以下）は進入禁止。","kind":"motorroad","src":"© OpenStreetMap contributors (ODbL)","confidence":"osm"}},{"type":"Feature","geometry":{"type":"LineString","coordinates":[[134.97112,34.68976],[134.96998,34.69132],[134.96854,34.69527],[134.96722,34.69739],[134.96601,34.69857],[134.96437,34.69976],[134.96018,34.70205]]},"properties":{"layer":"expressway","city":"神戸市","title":"第二神明道路","detail":"高速道路・自動車専用道路。原付一種（50cc以下）は進入禁止。","kind":"motorroad","src":"© OpenStreetMap contributors (ODbL)","confidence":"osm"}},{"type":"Feature","geometry":{"type":"LineString","coordinates":[[135.02798,34.66154],[135.02952,34.66124],[135.02963,34.66033],[135.03011,34.6598]]},"properties":{"layer":"expressway","city":"神戸市","title":"自動車専用道路","detail":"高速道路・自動車専用道路。原付一種（50cc以下）は進入禁止。","kind":"motorroad","src":"© OpenStreetMap contributors (ODbL)","confidence":"osm"}},{"type":"Feature","geometry":{"type":"LineString","coordinates":[[135.01387,34.67726],[135.01245,34.67767]]},"properties":{"layer":"expressway","city":"神戸市","title":"第二神明道路","detail":"高速道路・自動車専用道路。原付一種（50cc以下）は進入禁止。","kind":"motorroad","src":"© OpenStreetMap contributors (ODbL)","confidence":"osm"}},{"type":"Feature","geometry":{"type":"LineString","coordinates":[[135.02415,34.68409],[135.02306,34.68444],[135.02202,34.68439],[135.02114,34.68406],[135.01982,34.68306]]},"properties":{"layer":"expressway","city":"神戸市","title":"第二神明北線;神戸西バイパス","detail":"高速道路・自動車専用道路。原付一種（50cc以下）は進入禁止。","kind":"motorroad","src":"© OpenStreetMap contributors (ODbL)","confidence":"osm"}},{"type":"Feature","geometry":{"type":"LineString","coordinates":[[135.0165,34.67826],[135.01555,34.67707]]},"properties":{"layer":"expressway","city":"神戸市","title":"阪神高速7号北神戸線","detail":"高速道路・自動車専用道路。原付一種（50cc以下）は進入禁止。","kind":"motorroad","src":"© OpenStreetMap contributors (ODbL)","confidence":"osm"}},{"type":"Feature","geometry":{"type":"LineString","coordinates":[[135.39647,34.81082],[135.40301,34.81116],[135.41022,34.81119]]},"properties":{"layer":"expressway","city":"宝塚市","title":"中国自動車道","detail":"高速道路・自動車専用道路。原付一種（50cc以下）は進入禁止。","kind":"motorroad","src":"© OpenStreetMap contributors (ODbL)","confidence":"osm"}},{"type":"Feature","geometry":{"type":"LineString","coordinates":[[135.41022,34.81106],[135.40364,34.81103],[135.39649,34.81069]]},"properties":{"layer":"expressway","city":"宝塚市","title":"中国自動車道","detail":"高速道路・自動車専用道路。原付一種（50cc以下）は進入禁止。","kind":"motorroad","src":"© OpenStreetMap contributors (ODbL)","confidence":"osm"}},{"type":"Feature","geometry":{"type":"LineString","coordinates":[[135.19303,34.68457],[135.19071,34.68443],[135.18728,34.68461],[135.18619,34.68443],[135.18386,34.68299],[135.18231,34.6815]]},"properties":{"layer":"expressway","city":"神戸市","title":"浜手バイパス","detail":"高速道路・自動車専用道路。原付一種（50cc以下）は進入禁止。","kind":"motorroad","src":"© OpenStreetMap contributors (ODbL)","confidence":"osm"}},{"type":"Feature","geometry":{"type":"LineString","coordinates":[[135.19514,34.68488],[135.19303,34.68457]]},"properties":{"layer":"expressway","city":"神戸市","title":"浜手バイパス","detail":"高速道路・自動車専用道路。原付一種（50cc以下）は進入禁止。","kind":"motorroad","src":"© OpenStreetMap contributors (ODbL)","confidence":"osm"}},{"type":"Feature","geometry":{"type":"LineString","coordinates":[[135.1593,34.76025],[135.18179,34.72384],[135.18494,34.71986],[135.1941,34.70992]]},"properties":{"layer":"expressway","city":"神戸市","title":"阪神高速32号新神戸トンネル","detail":"原付（50cc以下）通行禁止の路線としてOSMに登録。","kind":"moped_no","src":"© OpenStreetMap contributors (ODbL)","confidence":"osm"}},{"type":"Feature","geometry":{"type":"LineString","coordinates":[[135.20201,34.69733],[135.20245,34.69672]]},"properties":{"layer":"expressway","city":"神戸市","title":"阪神高速32号新神戸トンネル","detail":"原付（50cc以下）通行禁止の路線としてOSMに登録。","kind":"moped_no","src":"© OpenStreetMap contributors (ODbL)","confidence":"osm"}},{"type":"Feature","geometry":{"type":"LineString","coordinates":[[135.19469,34.70531],[135.19609,34.70514],[135.1966,34.70477],[135.19707,34.70408]]},"properties":{"layer":"expressway","city":"神戸市","title":"山麓バイパス","detail":"原付（50cc以下）通行禁止の路線としてOSMに登録。","kind":"moped_no","src":"© OpenStreetMap contributors (ODbL)","confidence":"osm"}},{"type":"Feature","geometry":{"type":"LineString","coordinates":[[135.16661,34.69958],[135.16791,34.70018],[135.1709,34.70212],[135.17236,34.70273],[135.17434,34.70323],[135.19011,34.70616],[135.19212,34.70607],[135.19469,34.70531]]},"properties":{"layer":"expressway","city":"神戸市","title":"山麓バイパス","detail":"原付（50cc以下）通行禁止の路線としてOSMに登録。","kind":"moped_no","src":"© OpenStreetMap contributors (ODbL)","confidence":"osm"}},{"type":"Feature","geometry":{"type":"LineString","coordinates":[[135.19391,34.7076],[135.19303,34.70853],[135.19235,34.70894],[135.1911,34.70927],[135.19003,34.70923],[135.17577,34.70384]]},"properties":{"layer":"expressway","city":"神戸市","title":"山麓バイパス","detail":"原付（50cc以下）通行禁止の路線としてOSMに登録。","kind":"moped_no","src":"© OpenStreetMap contributors (ODbL)","confidence":"osm"}},{"type":"Feature","geometry":{"type":"LineString","coordinates":[[135.1941,34.70992],[135.19511,34.70923],[135.19663,34.70737]]},"properties":{"layer":"expressway","city":"神戸市","title":"阪神高速32号新神戸トンネル","detail":"原付（50cc以下）通行禁止の路線としてOSMに登録。","kind":"moped_no","src":"© OpenStreetMap contributors (ODbL)","confidence":"osm"}},{"type":"Feature","geometry":{"type":"LineString","coordinates":[[135.19525,34.70579],[135.19391,34.7076]]},"properties":{"layer":"expressway","city":"神戸市","title":"山麓バイパス","detail":"原付（50cc以下）通行禁止の路線としてOSMに登録。","kind":"moped_no","src":"© OpenStreetMap contributors (ODbL)","confidence":"osm"}},{"type":"Feature","geometry":{"type":"LineString","coordinates":[[135.19625,34.70526],[135.19525,34.70579]]},"properties":{"layer":"expressway","city":"神戸市","title":"山麓バイパス","detail":"原付（50cc以下）通行禁止の路線としてOSMに登録。","kind":"moped_no","src":"© OpenStreetMap contributors (ODbL)","confidence":"osm"}},{"type":"Feature","geometry":{"type":"LineString","coordinates":[[135.19663,34.70737],[135.19667,34.70733]]},"properties":{"layer":"expressway","city":"神戸市","title":"阪神高速32号新神戸トンネル","detail":"原付（50cc以下）通行禁止の路線としてOSMに登録。","kind":"moped_no","src":"© OpenStreetMap contributors (ODbL)","confidence":"osm"}},{"type":"Feature","geometry":{"type":"LineString","coordinates":[[135.20119,34.69769],[135.19998,34.69933],[135.1976,34.70341]]},"properties":{"layer":"expressway","city":"神戸市","title":"山麓バイパス","detail":"原付（50cc以下）通行禁止の路線としてOSMに登録。","kind":"moped_no","src":"© OpenStreetMap contributors (ODbL)","confidence":"osm"}},{"type":"Feature","geometry":{"type":"LineString","coordinates":[[135.19707,34.70408],[135.19826,34.70238]]},"properties":{"layer":"expressway","city":"神戸市","title":"山麓バイパス","detail":"原付（50cc以下）通行禁止の路線としてOSMに登録。","kind":"moped_no","src":"© OpenStreetMap contributors (ODbL)","confidence":"osm"}},{"type":"Feature","geometry":{"type":"LineString","coordinates":[[135.02534,34.68613],[135.02887,34.68682]]},"properties":{"layer":"expressway","city":"神戸市","title":"阪神高速7号北神戸線","detail":"高速道路・自動車専用道路。原付一種（50cc以下）は進入禁止。","kind":"motorroad","src":"© OpenStreetMap contributors (ODbL)","confidence":"osm"}},{"type":"Feature","geometry":{"type":"LineString","coordinates":[[135.07291,34.69129],[135.07216,34.69144],[135.07175,34.69117],[135.07195,34.69062],[135.07237,34.69055],[135.07266,34.6907],[135.07385,34.69295]]},"properties":{"layer":"expressway","city":"神戸市","title":"神戸淡路鳴門自動車道","detail":"高速道路・自動車専用道路。原付一種（50cc以下）は進入禁止。","kind":"motorroad","src":"© OpenStreetMap contributors (ODbL)","confidence":"osm"}},{"type":"Feature","geometry":{"type":"LineString","coordinates":[[135.07472,34.69128],[135.07404,34.6911],[135.07332,34.69116]]},"properties":{"layer":"expressway","city":"神戸市","title":"神戸淡路鳴門自動車道","detail":"高速道路・自動車専用道路。原付一種（50cc以下）は進入禁止。","kind":"motorroad","src":"© OpenStreetMap contributors (ODbL)","confidence":"osm"}},{"type":"Feature","geometry":{"type":"LineString","coordinates":[[135.07332,34.69116],[135.07291,34.69129]]},"properties":{"layer":"expressway","city":"神戸市","title":"神戸淡路鳴門自動車道","detail":"高速道路・自動車専用道路。原付一種（50cc以下）は進入禁止。","kind":"motorroad","src":"© OpenStreetMap contributors (ODbL)","confidence":"osm"}},{"type":"Feature","geometry":{"type":"LineString","coordinates":[[135.07453,34.69428],[135.07609,34.69675],[135.07809,34.69928]]},"properties":{"layer":"expressway","city":"神戸市","title":"神戸淡路鳴門自動車道;西神道路","detail":"高速道路・自動車専用道路。原付一種（50cc以下）は進入禁止。","kind":"motorroad","src":"© OpenStreetMap contributors (ODbL)","confidence":"osm"}},{"type":"Feature","geometry":{"type":"LineString","coordinates":[[135.03104,34.68685],[135.03381,34.68702],[135.03579,34.68779]]},"properties":{"layer":"expressway","city":"神戸市","title":"阪神高速7号北神戸線","detail":"高速道路・自動車専用道路。原付一種（50cc以下）は進入禁止。","kind":"motorroad","src":"© OpenStreetMap contributors (ODbL)","confidence":"osm"}},{"type":"Feature","geometry":{"type":"LineString","coordinates":[[135.07461,34.69418],[135.07267,34.69005]]},"properties":{"layer":"expressway","city":"神戸市","title":"神戸淡路鳴門自動車道;西神道路","detail":"高速道路・自動車専用道路。原付一種（50cc以下）は進入禁止。","kind":"motorroad","src":"© OpenStreetMap contributors (ODbL)","confidence":"osm"}},{"type":"Feature","geometry":{"type":"LineString","coordinates":[[135.02887,34.68682],[135.03104,34.68685]]},"properties":{"layer":"expressway","city":"神戸市","title":"阪神高速7号北神戸線","detail":"高速道路・自動車専用道路。原付一種（50cc以下）は進入禁止。","kind":"motorroad","src":"© OpenStreetMap contributors (ODbL)","confidence":"osm"}},{"type":"Feature","geometry":{"type":"LineString","coordinates":[[135.07633,34.8096],[135.07597,34.81179]]},"properties":{"layer":"expressway","city":"神戸市","title":"山陽自動車道","detail":"高速道路・自動車専用道路。原付一種（50cc以下）は進入禁止。","kind":"motorroad","src":"© OpenStreetMap contributors (ODbL)","confidence":"osm"}},{"type":"Feature","geometry":{"type":"LineString","coordinates":[[135.08508,34.70647],[135.0864,34.70762]]},"properties":{"layer":"expressway","city":"神戸市","title":"神戸淡路鳴門自動車道;西神道路","detail":"高速道路・自動車専用道路。原付一種（50cc以下）は進入禁止。","kind":"motorroad","src":"© OpenStreetMap contributors (ODbL)","confidence":"osm"}},{"type":"Feature","geometry":{"type":"LineString","coordinates":[[135.08225,34.76983],[135.08226,34.77015]]},"properties":{"layer":"expressway","city":"神戸市","title":"山陽自動車道木見支線","detail":"高速道路・自動車専用道路。原付一種（50cc以下）は進入禁止。","kind":"motorroad","src":"© OpenStreetMap contributors (ODbL)","confidence":"osm"}},{"type":"Feature","geometry":{"type":"LineString","coordinates":[[135.09175,34.74895],[135.09016,34.75309],[135.08555,34.75921],[135.08375,34.7624],[135.08267,34.76561],[135.0823,34.76752],[135.08225,34.76983]]},"properties":{"layer":"expressway","city":"神戸市","title":"山陽自動車道木見支線","detail":"高速道路・自動車専用道路。原付一種（50cc以下）は進入禁止。","kind":"motorroad","src":"© OpenStreetMap contributors (ODbL)","confidence":"osm"}},{"type":"Feature","geometry":{"type":"LineString","coordinates":[[135.0792,34.70056],[135.08508,34.70647]]},"properties":{"layer":"expressway","city":"神戸市","title":"神戸淡路鳴門自動車道;西神道路","detail":"高速道路・自動車専用道路。原付一種（50cc以下）は進入禁止。","kind":"motorroad","src":"© OpenStreetMap contributors (ODbL)","confidence":"osm"}},{"type":"Feature","geometry":{"type":"LineString","coordinates":[[135.21603,34.85798],[135.21427,34.86149],[135.21278,34.86353]]},"properties":{"layer":"expressway","city":"神戸市","title":"中国自動車道","detail":"高速道路・自動車専用道路。原付一種（50cc以下）は進入禁止。","kind":"motorroad","src":"© OpenStreetMap contributors (ODbL)","confidence":"osm"}},{"type":"Feature","geometry":{"type":"LineString","coordinates":[[135.2082,34.84662],[135.20228,34.84241]]},"properties":{"layer":"expressway","city":"神戸市","title":"山陽自動車道","detail":"高速道路・自動車専用道路。原付一種（50cc以下）は進入禁止。","kind":"motorroad","src":"© OpenStreetMap contributors (ODbL)","confidence":"osm"}},{"type":"Feature","geometry":{"type":"LineString","coordinates":[[135.15849,34.89133],[135.15981,34.89016],[135.16231,34.88703],[135.16355,34.88609],[135.16488,34.88551],[135.16688,34.88514],[135.17093,34.88533],[135.17556,34.88433],[135.18033,34.88416],[135.18214,34.88393]]},"properties":{"layer":"expressway","city":"神戸市","title":"中国自動車道","detail":"高速道路・自動車専用道路。原付一種（50cc以下）は進入禁止。","kind":"motorroad","src":"© OpenStreetMap contributors (ODbL)","confidence":"osm"}},{"type":"Feature","geometry":{"type":"LineString","coordinates":[[135.20886,34.8472],[135.21243,34.8489]]},"properties":{"layer":"expressway","city":"神戸市","title":"山陽自動車道","detail":"高速道路・自動車専用道路。原付一種（50cc以下）は進入禁止。","kind":"motorroad","src":"© OpenStreetMap contributors (ODbL)","confidence":"osm"}},{"type":"Feature","geometry":{"type":"LineString","coordinates":[[135.20717,34.8669],[135.20134,34.86793],[135.19896,34.86892],[135.19801,34.86967],[135.1972,34.87065],[135.19514,34.8749]]},"properties":{"layer":"expressway","city":"神戸市","title":"中国自動車道","detail":"高速道路・自動車専用道路。原付一種（50cc以下）は進入禁止。","kind":"motorroad","src":"© OpenStreetMap contributors (ODbL)","confidence":"osm"}},{"type":"Feature","geometry":{"type":"LineString","coordinates":[[135.2081,34.84675],[135.20886,34.8472]]},"properties":{"layer":"expressway","city":"神戸市","title":"山陽自動車道","detail":"高速道路・自動車専用道路。原付一種（50cc以下）は進入禁止。","kind":"motorroad","src":"© OpenStreetMap contributors (ODbL)","confidence":"osm"}},{"type":"Feature","geometry":{"type":"LineString","coordinates":[[135.19191,34.87861],[135.19396,34.87666],[135.19514,34.87518]]},"properties":{"layer":"expressway","city":"神戸市","title":"中国自動車道","detail":"高速道路・自動車専用道路。原付一種（50cc以下）は進入禁止。","kind":"motorroad","src":"© OpenStreetMap contributors (ODbL)","confidence":"osm"}},{"type":"Feature","geometry":{"type":"LineString","coordinates":[[135.18834,34.88187],[135.18889,34.88157],[135.18916,34.88171],[135.18917,34.88198],[135.18769,34.88333]]},"properties":{"layer":"expressway","city":"神戸市","title":"自動車専用道路","detail":"高速道路・自動車専用道路。原付一種（50cc以下）は進入禁止。","kind":"motorroad","src":"© OpenStreetMap contributors (ODbL)","confidence":"osm"}},{"type":"Feature","geometry":{"type":"LineString","coordinates":[[135.18993,34.88195],[135.18911,34.88139],[135.18841,34.88159]]},"properties":{"layer":"expressway","city":"神戸市","title":"自動車専用道路","detail":"高速道路・自動車専用道路。原付一種（50cc以下）は進入禁止。","kind":"motorroad","src":"© OpenStreetMap contributors (ODbL)","confidence":"osm"}},{"type":"Feature","geometry":{"type":"LineString","coordinates":[[135.21195,34.86454],[135.21247,34.86406]]},"properties":{"layer":"expressway","city":"神戸市","title":"中国自動車道","detail":"高速道路・自動車専用道路。原付一種（50cc以下）は進入禁止。","kind":"motorroad","src":"© OpenStreetMap contributors (ODbL)","confidence":"osm"}},{"type":"Feature","geometry":{"type":"LineString","coordinates":[[135.2345,34.83408],[135.23373,34.83383],[135.23355,34.83354],[135.23393,34.83326],[135.2344,34.83354],[135.2347,34.83484],[135.23458,34.8356]]},"properties":{"layer":"expressway","city":"西宮市","title":"自動車専用道路","detail":"高速道路・自動車専用道路。原付一種（50cc以下）は進入禁止。","kind":"motorroad","src":"© OpenStreetMap contributors (ODbL)","confidence":"osm"}},{"type":"Feature","geometry":{"type":"LineString","coordinates":[[135.23525,34.83584],[135.23435,34.83333],[135.23376,34.8332],[135.23308,34.83365],[135.23255,34.83374]]},"properties":{"layer":"expressway","city":"西宮市","title":"自動車専用道路","detail":"高速道路・自動車専用道路。原付一種（50cc以下）は進入禁止。","kind":"motorroad","src":"© OpenStreetMap contributors (ODbL)","confidence":"osm"}},{"type":"Feature","geometry":{"type":"LineString","coordinates":[[135.23304,34.83925],[135.2338,34.83923],[135.23493,34.83967],[135.2356,34.83936],[135.23573,34.83886],[135.23548,34.83684]]},"properties":{"layer":"expressway","city":"西宮市","title":"自動車専用道路","detail":"高速道路・自動車専用道路。原付一種（50cc以下）は進入禁止。","kind":"motorroad","src":"© OpenStreetMap contributors (ODbL)","confidence":"osm"}},{"type":"Feature","geometry":{"type":"LineString","coordinates":[[135.23252,34.8339],[135.23419,34.83435],[135.23455,34.83485],[135.23458,34.8356]]},"properties":{"layer":"expressway","city":"西宮市","title":"自動車専用道路","detail":"高速道路・自動車専用道路。原付一種（50cc以下）は進入禁止。","kind":"motorroad","src":"© OpenStreetMap contributors (ODbL)","confidence":"osm"}},{"type":"Feature","geometry":{"type":"LineString","coordinates":[[135.23683,34.83804],[135.23582,34.83785],[135.23548,34.83684]]},"properties":{"layer":"expressway","city":"西宮市","title":"自動車専用道路","detail":"高速道路・自動車専用道路。原付一種（50cc以下）は進入禁止。","kind":"motorroad","src":"© OpenStreetMap contributors (ODbL)","confidence":"osm"}},{"type":"Feature","geometry":{"type":"LineString","coordinates":[[135.23482,34.83685],[135.23514,34.83801],[135.23422,34.83862]]},"properties":{"layer":"expressway","city":"西宮市","title":"自動車専用道路","detail":"高速道路・自動車専用道路。原付一種（50cc以下）は進入禁止。","kind":"motorroad","src":"© OpenStreetMap contributors (ODbL)","confidence":"osm"}},{"type":"Feature","geometry":{"type":"LineString","coordinates":[[135.22633,34.79347],[135.2249,34.79142]]},"properties":{"layer":"expressway","city":"神戸市","title":"阪神高速7号北神戸線北延伸線","detail":"高速道路・自動車専用道路。原付一種（50cc以下）は進入禁止。","kind":"motorroad","src":"© OpenStreetMap contributors (ODbL)","confidence":"osm"}},{"type":"Feature","geometry":{"type":"LineString","coordinates":[[135.2571,34.83001],[135.25736,34.83122],[135.25804,34.83252]]},"properties":{"layer":"expressway","city":"西宮市","title":"自動車専用道路","detail":"高速道路・自動車専用道路。原付一種（50cc以下）は進入禁止。","kind":"motorroad","src":"© OpenStreetMap contributors (ODbL)","confidence":"osm"}},{"type":"Feature","geometry":{"type":"LineString","coordinates":[[135.25998,34.82446],[135.2575,34.82796],[135.25708,34.82903]]},"properties":{"layer":"expressway","city":"西宮市","title":"阪神高速7号北神戸線","detail":"高速道路・自動車専用道路。原付一種（50cc以下）は進入禁止。","kind":"motorroad","src":"© OpenStreetMap contributors (ODbL)","confidence":"osm"}},{"type":"Feature","geometry":{"type":"LineString","coordinates":[[135.22774,34.7957],[135.22718,34.79504]]},"properties":{"layer":"expressway","city":"神戸市","title":"阪神高速7号北神戸線","detail":"高速道路・自動車専用道路。原付一種（50cc以下）は進入禁止。","kind":"motorroad","src":"© OpenStreetMap contributors (ODbL)","confidence":"osm"}},{"type":"Feature","geometry":{"type":"LineString","coordinates":[[135.25708,34.82903],[135.2571,34.83001]]},"properties":{"layer":"expressway","city":"西宮市","title":"阪神高速7号北神戸線","detail":"高速道路・自動車専用道路。原付一種（50cc以下）は進入禁止。","kind":"motorroad","src":"© OpenStreetMap contributors (ODbL)","confidence":"osm"}},{"type":"Feature","geometry":{"type":"LineString","coordinates":[[135.25762,34.83075],[135.25738,34.82948],[135.25768,34.82833],[135.26049,34.82428]]},"properties":{"layer":"expressway","city":"西宮市","title":"阪神高速7号北神戸線","detail":"高速道路・自動車専用道路。原付一種（50cc以下）は進入禁止。","kind":"motorroad","src":"© OpenStreetMap contributors (ODbL)","confidence":"osm"}},{"type":"Feature","geometry":{"type":"LineString","coordinates":[[135.24971,34.81786],[135.24827,34.81688],[135.24756,34.81567]]},"properties":{"layer":"expressway","city":"西宮市","title":"自動車専用道路","detail":"高速道路・自動車専用道路。原付一種（50cc以下）は進入禁止。","kind":"motorroad","src":"© OpenStreetMap contributors (ODbL)","confidence":"osm"}},{"type":"Feature","geometry":{"type":"LineString","coordinates":[[135.24746,34.81611],[135.2482,34.81707],[135.24906,34.81772],[135.25006,34.81817],[135.25135,34.81847]]},"properties":{"layer":"expressway","city":"西宮市","title":"阪神高速7号北神戸線","detail":"高速道路・自動車専用道路。原付一種（50cc以下）は進入禁止。","kind":"motorroad","src":"© OpenStreetMap contributors (ODbL)","confidence":"osm"}},{"type":"Feature","geometry":{"type":"LineString","coordinates":[[135.24706,34.81258],[135.24691,34.81498],[135.24727,34.81608]]},"properties":{"layer":"expressway","city":"西宮市","title":"自動車専用道路","detail":"高速道路・自動車専用道路。原付一種（50cc以下）は進入禁止。","kind":"motorroad","src":"© OpenStreetMap contributors (ODbL)","confidence":"osm"}},{"type":"Feature","geometry":{"type":"LineString","coordinates":[[135.24684,34.81001],[135.24705,34.81143],[135.24701,34.81446],[135.24726,34.81572]]},"properties":{"layer":"expressway","city":"西宮市","title":"阪神高速7号北神戸線","detail":"高速道路・自動車専用道路。原付一種（50cc以下）は進入禁止。","kind":"motorroad","src":"© OpenStreetMap contributors (ODbL)","confidence":"osm"}},{"type":"Feature","geometry":{"type":"LineString","coordinates":[[135.25148,34.8181],[135.2516,34.81756],[135.2511,34.81725],[135.25054,34.81745],[135.25046,34.81798]]},"properties":{"layer":"expressway","city":"西宮市","title":"自動車専用道路","detail":"高速道路・自動車専用道路。原付一種（50cc以下）は進入禁止。","kind":"motorroad","src":"© OpenStreetMap contributors (ODbL)","confidence":"osm"}},{"type":"Feature","geometry":{"type":"LineString","coordinates":[[135.25256,34.81858],[135.25144,34.8184]]},"properties":{"layer":"expressway","city":"西宮市","title":"阪神高速7号北神戸線","detail":"高速道路・自動車専用道路。原付一種（50cc以下）は進入禁止。","kind":"motorroad","src":"© OpenStreetMap contributors (ODbL)","confidence":"osm"}},{"type":"Feature","geometry":{"type":"LineString","coordinates":[[135.24736,34.81568],[135.24711,34.81448],[135.24737,34.81236],[135.24733,34.81065]]},"properties":{"layer":"expressway","city":"西宮市","title":"阪神高速7号北神戸線","detail":"高速道路・自動車専用道路。原付一種（50cc以下）は進入禁止。","kind":"motorroad","src":"© OpenStreetMap contributors (ODbL)","confidence":"osm"}},{"type":"Feature","geometry":{"type":"LineString","coordinates":[[135.25147,34.81803],[135.25088,34.8182],[135.24971,34.81786]]},"properties":{"layer":"expressway","city":"西宮市","title":"自動車専用道路","detail":"高速道路・自動車専用道路。原付一種（50cc以下）は進入禁止。","kind":"motorroad","src":"© OpenStreetMap contributors (ODbL)","confidence":"osm"}},{"type":"Feature","geometry":{"type":"LineString","coordinates":[[135.25738,34.81929],[135.25663,34.81918]]},"properties":{"layer":"expressway","city":"西宮市","title":"阪神高速7号北神戸線","detail":"高速道路・自動車専用道路。原付一種（50cc以下）は進入禁止。","kind":"motorroad","src":"© OpenStreetMap contributors (ODbL)","confidence":"osm"}},{"type":"Feature","geometry":{"type":"LineString","coordinates":[[135.2506,34.81802],[135.25054,34.81757],[135.25104,34.81731],[135.25154,34.81759],[135.25147,34.81803]]},"properties":{"layer":"expressway","city":"西宮市","title":"自動車専用道路","detail":"高速道路・自動車専用道路。原付一種（50cc以下）は進入禁止。","kind":"motorroad","src":"© OpenStreetMap contributors (ODbL)","confidence":"osm"}},{"type":"Feature","geometry":{"type":"LineString","coordinates":[[135.16595,34.8309],[135.16803,34.83009],[135.17174,34.82816],[135.1742,34.82717],[135.17718,34.82677],[135.1799,34.82716],[135.18192,34.82799],[135.18421,34.82965],[135.18579,34.83127],[135.18855,34.83472],[135.19079,34.83663],[135.1932,34.83801],[135.19825,34.84013],[135.20058,34.84141]]},"properties":{"layer":"expressway","city":"神戸市","title":"山陽自動車道","detail":"高速道路・自動車専用道路。原付一種（50cc以下）は進入禁止。","kind":"motorroad","src":"© OpenStreetMap contributors (ODbL)","confidence":"osm"}},{"type":"Feature","geometry":{"type":"LineString","coordinates":[[135.19758,34.84366],[135.19781,34.84418],[135.1974,34.84455],[135.19706,34.84449],[135.19685,34.84418],[135.19727,34.84372]]},"properties":{"layer":"expressway","city":"神戸市","title":"自動車専用道路","detail":"高速道路・自動車専用道路。原付一種（50cc以下）は進入禁止。","kind":"motorroad","src":"© OpenStreetMap contributors (ODbL)","confidence":"osm"}},{"type":"Feature","geometry":{"type":"LineString","coordinates":[[135.19775,34.84114],[135.19803,34.84087],[135.19871,34.84073],[135.20051,34.84145]]},"properties":{"layer":"expressway","city":"神戸市","title":"自動車専用道路","detail":"高速道路・自動車専用道路。原付一種（50cc以下）は進入禁止。","kind":"motorroad","src":"© OpenStreetMap contributors (ODbL)","confidence":"osm"}},{"type":"Feature","geometry":{"type":"LineString","coordinates":[[135.20228,34.84241],[135.20124,34.8416]]},"properties":{"layer":"expressway","city":"神戸市","title":"自動車専用道路","detail":"高速道路・自動車専用道路。原付一種（50cc以下）は進入禁止。","kind":"motorroad","src":"© OpenStreetMap contributors (ODbL)","confidence":"osm"}},{"type":"Feature","geometry":{"type":"LineString","coordinates":[[135.19823,34.84038],[135.19858,34.83996]]},"properties":{"layer":"expressway","city":"神戸市","title":"自動車専用道路","detail":"高速道路・自動車専用道路。原付一種（50cc以下）は進入禁止。","kind":"motorroad","src":"© OpenStreetMap contributors (ODbL)","confidence":"osm"}},{"type":"Feature","geometry":{"type":"LineString","coordinates":[[135.19816,34.84034],[135.19755,34.84125]]},"properties":{"layer":"expressway","city":"神戸市","title":"自動車専用道路","detail":"高速道路・自動車専用道路。原付一種（50cc以下）は進入禁止。","kind":"motorroad","src":"© OpenStreetMap contributors (ODbL)","confidence":"osm"}},{"type":"Feature","geometry":{"type":"LineString","coordinates":[[135.1946,34.83862],[135.19761,34.84011],[135.19775,34.8407],[135.19714,34.84206]]},"properties":{"layer":"expressway","city":"神戸市","title":"自動車専用道路","detail":"高速道路・自動車専用道路。原付一種（50cc以下）は進入禁止。","kind":"motorroad","src":"© OpenStreetMap contributors (ODbL)","confidence":"osm"}},{"type":"Feature","geometry":{"type":"LineString","coordinates":[[135.20228,34.84241],[135.20118,34.84165]]},"properties":{"layer":"expressway","city":"神戸市","title":"山陽自動車道","detail":"高速道路・自動車専用道路。原付一種（50cc以下）は進入禁止。","kind":"motorroad","src":"© OpenStreetMap contributors (ODbL)","confidence":"osm"}},{"type":"Feature","geometry":{"type":"LineString","coordinates":[[135.18238,34.88375],[135.18212,34.88381]]},"properties":{"layer":"expressway","city":"神戸市","title":"中国自動車道","detail":"高速道路・自動車専用道路。原付一種（50cc以下）は進入禁止。","kind":"motorroad","src":"© OpenStreetMap contributors (ODbL)","confidence":"osm"}},{"type":"Feature","geometry":{"type":"LineString","coordinates":[[135.18214,34.88393],[135.1824,34.88388]]},"properties":{"layer":"expressway","city":"神戸市","title":"中国自動車道","detail":"高速道路・自動車専用道路。原付一種（50cc以下）は進入禁止。","kind":"motorroad","src":"© OpenStreetMap contributors (ODbL)","confidence":"osm"}},{"type":"Feature","geometry":{"type":"LineString","coordinates":[[135.18679,34.88216],[135.18933,34.88058],[135.19165,34.87884]]},"properties":{"layer":"expressway","city":"神戸市","title":"中国自動車道","detail":"高速道路・自動車専用道路。原付一種（50cc以下）は進入禁止。","kind":"motorroad","src":"© OpenStreetMap contributors (ODbL)","confidence":"osm"}},{"type":"Feature","geometry":{"type":"LineString","coordinates":[[135.19157,34.87871],[135.18899,34.88065],[135.18683,34.88199]]},"properties":{"layer":"expressway","city":"神戸市","title":"中国自動車道","detail":"高速道路・自動車専用道路。原付一種（50cc以下）は進入禁止。","kind":"motorroad","src":"© OpenStreetMap contributors (ODbL)","confidence":"osm"}},{"type":"Feature","geometry":{"type":"LineString","coordinates":[[135.18659,34.88212],[135.18397,34.8833]]},"properties":{"layer":"expressway","city":"神戸市","title":"中国自動車道","detail":"高速道路・自動車専用道路。原付一種（50cc以下）は進入禁止。","kind":"motorroad","src":"© OpenStreetMap contributors (ODbL)","confidence":"osm"}},{"type":"Feature","geometry":{"type":"LineString","coordinates":[[135.18347,34.8836],[135.18657,34.88228]]},"properties":{"layer":"expressway","city":"神戸市","title":"中国自動車道","detail":"高速道路・自動車専用道路。原付一種（50cc以下）は進入禁止。","kind":"motorroad","src":"© OpenStreetMap contributors (ODbL)","confidence":"osm"}},{"type":"Feature","geometry":{"type":"LineString","coordinates":[[135.18212,34.88381],[135.18064,34.88401],[135.17555,34.88421],[135.17094,34.8852],[135.16686,34.88501],[135.16481,34.8854],[135.16377,34.88582],[135.1626,34.88658],[135.15911,34.89067],[135.15794,34.89155],[135.15646,34.89233]]},"properties":{"layer":"expressway","city":"神戸市","title":"中国自動車道","detail":"高速道路・自動車専用道路。原付一種（50cc以下）は進入禁止。","kind":"motorroad","src":"© OpenStreetMap contributors (ODbL)","confidence":"osm"}},{"type":"Feature","geometry":{"type":"LineString","coordinates":[[135.18776,34.88338],[135.18963,34.8823],[135.18993,34.88195]]},"properties":{"layer":"expressway","city":"神戸市","title":"自動車専用道路","detail":"高速道路・自動車専用道路。原付一種（50cc以下）は進入禁止。","kind":"motorroad","src":"© OpenStreetMap contributors (ODbL)","confidence":"osm"}},{"type":"Feature","geometry":{"type":"LineString","coordinates":[[135.18773,34.88272],[135.18715,34.88286],[135.18696,34.88248],[135.18808,34.88142]]},"properties":{"layer":"expressway","city":"神戸市","title":"自動車専用道路","detail":"高速道路・自動車専用道路。原付一種（50cc以下）は進入禁止。","kind":"motorroad","src":"© OpenStreetMap contributors (ODbL)","confidence":"osm"}},{"type":"Feature","geometry":{"type":"LineString","coordinates":[[135.18808,34.88125],[135.18686,34.88186]]},"properties":{"layer":"expressway","city":"神戸市","title":"自動車専用道路","detail":"高速道路・自動車専用道路。原付一種（50cc以下）は進入禁止。","kind":"motorroad","src":"© OpenStreetMap contributors (ODbL)","confidence":"osm"}},{"type":"Feature","geometry":{"type":"LineString","coordinates":[[135.18653,34.88201],[135.18603,34.88208],[135.18568,34.88178],[135.18594,34.88129],[135.18659,34.88138],[135.18659,34.88272],[135.18679,34.88301],[135.18716,34.88313],[135.18773,34.88294]]},"properties":{"layer":"expressway","city":"神戸市","title":"自動車専用道路","detail":"高速道路・自動車専用道路。原付一種（50cc以下）は進入禁止。","kind":"motorroad","src":"© OpenStreetMap contributors (ODbL)","confidence":"osm"}},{"type":"Feature","geometry":{"type":"LineString","coordinates":[[135.18993,34.88195],[135.19027,34.88166],[135.19081,34.88031]]},"properties":{"layer":"expressway","city":"神戸市","title":"自動車専用道路","detail":"高速道路・自動車専用道路。原付一種（50cc以下）は進入禁止。","kind":"motorroad","src":"© OpenStreetMap contributors (ODbL)","confidence":"osm"}},{"type":"Feature","geometry":{"type":"LineString","coordinates":[[135.22028,34.85211],[135.21812,34.85447],[135.2162,34.85763]]},"properties":{"layer":"expressway","city":"神戸市","title":"中国自動車道","detail":"高速道路・自動車専用道路。原付一種（50cc以下）は進入禁止。","kind":"motorroad","src":"© OpenStreetMap contributors (ODbL)","confidence":"osm"}},{"type":"Feature","geometry":{"type":"LineString","coordinates":[[135.37257,34.80539],[135.36941,34.80598],[135.36901,34.80592],[135.36859,34.80553]]},"properties":{"layer":"expressway","city":"宝塚市","title":"自動車専用道路","detail":"高速道路・自動車専用道路。原付一種（50cc以下）は進入禁止。","kind":"motorroad","src":"© OpenStreetMap contributors (ODbL)","confidence":"osm"}},{"type":"Feature","geometry":{"type":"LineString","coordinates":[[135.36747,34.80354],[135.36739,34.80332]]},"properties":{"layer":"expressway","city":"宝塚市","title":"自動車専用道路","detail":"高速道路・自動車専用道路。原付一種（50cc以下）は進入禁止。","kind":"motorroad","src":"© OpenStreetMap contributors (ODbL)","confidence":"osm"}},{"type":"Feature","geometry":{"type":"LineString","coordinates":[[135.36835,34.80562],[135.36908,34.80712],[135.36869,34.8076],[135.36839,34.80761],[135.36815,34.8074],[135.36828,34.80704],[135.36884,34.8067]]},"properties":{"layer":"expressway","city":"宝塚市","title":"自動車専用道路","detail":"高速道路・自動車専用道路。原付一種（50cc以下）は進入禁止。","kind":"motorroad","src":"© OpenStreetMap contributors (ODbL)","confidence":"osm"}},{"type":"Feature","geometry":{"type":"LineString","coordinates":[[135.36808,34.80457],[135.36759,34.80379]]},"properties":{"layer":"expressway","city":"宝塚市","title":"自動車専用道路","detail":"高速道路・自動車専用道路。原付一種（50cc以下）は進入禁止。","kind":"motorroad","src":"© OpenStreetMap contributors (ODbL)","confidence":"osm"}},{"type":"Feature","geometry":{"type":"LineString","coordinates":[[135.36511,34.80911],[135.36728,34.80777],[135.36861,34.8077],[135.36898,34.80752],[135.36915,34.80692],[135.36859,34.80553]]},"properties":{"layer":"expressway","city":"宝塚市","title":"自動車専用道路","detail":"高速道路・自動車専用道路。原付一種（50cc以下）は進入禁止。","kind":"motorroad","src":"© OpenStreetMap contributors (ODbL)","confidence":"osm"}},{"type":"Feature","geometry":{"type":"LineString","coordinates":[[135.26221,34.79043],[135.26098,34.78986],[135.26002,34.79],[135.2595,34.79084],[135.25856,34.79336],[135.25906,34.79379],[135.26018,34.79381],[135.26053,34.79362],[135.26088,34.79301],[135.26141,34.79304],[135.26149,34.79346],[135.26112,34.79527],[135.26153,34.79555],[135.26323,34.79548],[135.2634,34.79567],[135.26317,34.79643],[135.26283,34.79661],[135.26145,34.79675],[135.26077,34.79591],[135.26038,34.796],[135.25986,34.79661],[135.25903,34.79631]]},"properties":{"layer":"expressway","city":"神戸市","title":"芦有ドライブウェイ","detail":"原付（50cc以下）通行禁止の路線としてOSMに登録。","kind":"moped_no","src":"© OpenStreetMap contributors (ODbL)","confidence":"osm"}},{"type":"Feature","geometry":{"type":"LineString","coordinates":[[135.27567,34.78112],[135.2759,34.78119]]},"properties":{"layer":"expressway","city":"西宮市","title":"原付通行禁止路線","detail":"原付（50cc以下）通行禁止の路線としてOSMに登録。","kind":"moped_no","src":"© OpenStreetMap contributors (ODbL)","confidence":"osm"}},{"type":"Feature","geometry":{"type":"LineString","coordinates":[[135.26567,34.78701],[135.26365,34.7876]]},"properties":{"layer":"expressway","city":"神戸市","title":"芦有ドライブウェイ","detail":"原付（50cc以下）通行禁止の路線としてOSMに登録。","kind":"moped_no","src":"© OpenStreetMap contributors (ODbL)","confidence":"osm"}},{"type":"Feature","geometry":{"type":"LineString","coordinates":[[135.22987,34.79702],[135.22915,34.79638],[135.22926,34.79604],[135.22972,34.79589]]},"properties":{"layer":"expressway","city":"神戸市","title":"阪神高速７号北神戸線","detail":"高速道路・自動車専用道路。原付一種（50cc以下）は進入禁止。","kind":"motorroad","src":"© OpenStreetMap contributors (ODbL)","confidence":"osm"}},{"type":"Feature","geometry":{"type":"LineString","coordinates":[[135.26365,34.7876],[135.26309,34.78781],[135.26292,34.78806],[135.26361,34.78889],[135.26348,34.78955],[135.26406,34.7901],[135.26484,34.79036],[135.26495,34.79078],[135.26423,34.79142],[135.26374,34.79137]]},"properties":{"layer":"expressway","city":"神戸市","title":"芦有ドライブウェイ","detail":"原付（50cc以下）通行禁止の路線としてOSMに登録。","kind":"moped_no","src":"© OpenStreetMap contributors (ODbL)","confidence":"osm"}},{"type":"Feature","geometry":{"type":"LineString","coordinates":[[135.22941,34.79795],[135.22925,34.7982],[135.22883,34.7983],[135.22836,34.79788],[135.22857,34.79747],[135.22934,34.79698],[135.22983,34.79716],[135.23036,34.79785],[135.23084,34.79791]]},"properties":{"layer":"expressway","city":"神戸市","title":"自動車専用道路","detail":"高速道路・自動車専用道路。原付一種（50cc以下）は進入禁止。","kind":"motorroad","src":"© OpenStreetMap contributors (ODbL)","confidence":"osm"}},{"type":"Feature","geometry":{"type":"LineString","coordinates":[[135.27565,34.78114],[135.26912,34.78552],[135.26721,34.78643]]},"properties":{"layer":"expressway","city":"西宮市","title":"芦有ドライブウェイ","detail":"原付（50cc以下）通行禁止の路線としてOSMに登録。","kind":"moped_no","src":"© OpenStreetMap contributors (ODbL)","confidence":"osm"}},{"type":"Feature","geometry":{"type":"LineString","coordinates":[[135.27616,34.78165],[135.27609,34.78118]]},"properties":{"layer":"expressway","city":"西宮市","title":"芦有ドライブウェイ","detail":"原付（50cc以下）通行禁止の路線としてOSMに登録。","kind":"moped_no","src":"© OpenStreetMap contributors (ODbL)","confidence":"osm"}},{"type":"Feature","geometry":{"type":"LineString","coordinates":[[135.23125,34.7974],[135.23099,34.79764],[135.23064,34.79749]]},"properties":{"layer":"expressway","city":"神戸市","title":"自動車専用道路","detail":"高速道路・自動車専用道路。原付一種（50cc以下）は進入禁止。","kind":"motorroad","src":"© OpenStreetMap contributors (ODbL)","confidence":"osm"}},{"type":"Feature","geometry":{"type":"LineString","coordinates":[[135.26374,34.79137],[135.26221,34.79043]]},"properties":{"layer":"expressway","city":"神戸市","title":"芦有ドライブウェイ","detail":"原付（50cc以下）通行禁止の路線としてOSMに登録。","kind":"moped_no","src":"© OpenStreetMap contributors (ODbL)","confidence":"osm"}},{"type":"Feature","geometry":{"type":"LineString","coordinates":[[135.08664,34.72563],[135.08586,34.72689]]},"properties":{"layer":"expressway","city":"神戸市","title":"自動車専用道路","detail":"高速道路・自動車専用道路。原付一種（50cc以下）は進入禁止。","kind":"motorroad","src":"© OpenStreetMap contributors (ODbL)","confidence":"osm"}},{"type":"Feature","geometry":{"type":"LineString","coordinates":[[135.08522,34.73164],[135.08556,34.72979],[135.08668,34.72914],[135.08694,34.72878],[135.08666,34.72829],[135.08552,34.72798]]},"properties":{"layer":"expressway","city":"神戸市","title":"自動車専用道路","detail":"高速道路・自動車専用道路。原付一種（50cc以下）は進入禁止。","kind":"motorroad","src":"© OpenStreetMap contributors (ODbL)","confidence":"osm"}},{"type":"Feature","geometry":{"type":"LineString","coordinates":[[135.08549,34.72803],[135.08674,34.72843],[135.08682,34.72892],[135.08624,34.72917],[135.08583,34.72892],[135.08576,34.72835]]},"properties":{"layer":"expressway","city":"神戸市","title":"自動車専用道路","detail":"高速道路・自動車専用道路。原付一種（50cc以下）は進入禁止。","kind":"motorroad","src":"© OpenStreetMap contributors (ODbL)","confidence":"osm"}},{"type":"Feature","geometry":{"type":"LineString","coordinates":[[135.08403,34.72852],[135.08449,34.7281],[135.08505,34.72839],[135.08461,34.7293],[135.08445,34.7304],[135.0851,34.73229]]},"properties":{"layer":"expressway","city":"神戸市","title":"自動車専用道路","detail":"高速道路・自動車専用道路。原付一種（50cc以下）は進入禁止。","kind":"motorroad","src":"© OpenStreetMap contributors (ODbL)","confidence":"osm"}},{"type":"Feature","geometry":{"type":"LineString","coordinates":[[135.08583,34.72799],[135.08613,34.72714]]},"properties":{"layer":"expressway","city":"神戸市","title":"自動車専用道路","detail":"高速道路・自動車専用道路。原付一種（50cc以下）は進入禁止。","kind":"motorroad","src":"© OpenStreetMap contributors (ODbL)","confidence":"osm"}},{"type":"Feature","geometry":{"type":"LineString","coordinates":[[135.28175,34.83341],[135.28022,34.83414]]},"properties":{"layer":"expressway","city":"西宮市","title":"中国自動車道","detail":"高速道路・自動車専用道路。原付一種（50cc以下）は進入禁止。","kind":"motorroad","src":"© OpenStreetMap contributors (ODbL)","confidence":"osm"}},{"type":"Feature","geometry":{"type":"LineString","coordinates":[[135.23579,34.83828],[135.23537,34.83836]]},"properties":{"layer":"expressway","city":"西宮市","title":"中国自動車道","detail":"高速道路・自動車専用道路。原付一種（50cc以下）は進入禁止。","kind":"motorroad","src":"© OpenStreetMap contributors (ODbL)","confidence":"osm"}},{"type":"Feature","geometry":{"type":"LineString","coordinates":[[135.28031,34.83426],[135.28185,34.83352]]},"properties":{"layer":"expressway","city":"西宮市","title":"中国自動車道","detail":"高速道路・自動車専用道路。原付一種（50cc以下）は進入禁止。","kind":"motorroad","src":"© OpenStreetMap contributors (ODbL)","confidence":"osm"}},{"type":"Feature","geometry":{"type":"LineString","coordinates":[[135.23541,34.83849],[135.23583,34.83841]]},"properties":{"layer":"expressway","city":"西宮市","title":"中国自動車道","detail":"高速道路・自動車専用道路。原付一種（50cc以下）は進入禁止。","kind":"motorroad","src":"© OpenStreetMap contributors (ODbL)","confidence":"osm"}},{"type":"Feature","geometry":{"type":"LineString","coordinates":[[135.31637,34.82278],[135.3183,34.82203],[135.3202,34.82169]]},"properties":{"layer":"expressway","city":"西宮市","title":"中国自動車道","detail":"高速道路・自動車専用道路。原付一種（50cc以下）は進入禁止。","kind":"motorroad","src":"© OpenStreetMap contributors (ODbL)","confidence":"osm"}},{"type":"Feature","geometry":{"type":"LineString","coordinates":[[135.23849,34.83815],[135.23973,34.83814]]},"properties":{"layer":"expressway","city":"西宮市","title":"中国自動車道","detail":"高速道路・自動車専用道路。原付一種（50cc以下）は進入禁止。","kind":"motorroad","src":"© OpenStreetMap contributors (ODbL)","confidence":"osm"}},{"type":"Feature","geometry":{"type":"LineString","coordinates":[[135.23974,34.83801],[135.23851,34.83801]]},"properties":{"layer":"expressway","city":"西宮市","title":"中国自動車道","detail":"高速道路・自動車専用道路。原付一種（50cc以下）は進入禁止。","kind":"motorroad","src":"© OpenStreetMap contributors (ODbL)","confidence":"osm"}},{"type":"Feature","geometry":{"type":"LineString","coordinates":[[135.32565,34.82203],[135.32427,34.82179]]},"properties":{"layer":"expressway","city":"西宮市","title":"中国自動車道","detail":"高速道路・自動車専用道路。原付一種（50cc以下）は進入禁止。","kind":"motorroad","src":"© OpenStreetMap contributors (ODbL)","confidence":"osm"}},{"type":"Feature","geometry":{"type":"LineString","coordinates":[[135.32505,34.82215],[135.32837,34.82252]]},"properties":{"layer":"expressway","city":"西宮市","title":"中国自動車道","detail":"高速道路・自動車専用道路。原付一種（50cc以下）は進入禁止。","kind":"motorroad","src":"© OpenStreetMap contributors (ODbL)","confidence":"osm"}},{"type":"Feature","geometry":{"type":"LineString","coordinates":[[135.33192,34.8218],[135.33002,34.82222],[135.32808,34.82229]]},"properties":{"layer":"expressway","city":"西宮市","title":"中国自動車道","detail":"高速道路・自動車専用道路。原付一種（50cc以下）は進入禁止。","kind":"motorroad","src":"© OpenStreetMap contributors (ODbL)","confidence":"osm"}},{"type":"Feature","geometry":{"type":"LineString","coordinates":[[135.30999,34.82478],[135.31197,34.82455],[135.31355,34.82413]]},"properties":{"layer":"expressway","city":"西宮市","title":"中国自動車道","detail":"高速道路・自動車専用道路。原付一種（50cc以下）は進入禁止。","kind":"motorroad","src":"© OpenStreetMap contributors (ODbL)","confidence":"osm"}},{"type":"Feature","geometry":{"type":"LineString","coordinates":[[135.31344,34.824],[135.31194,34.82441],[135.31004,34.82464]]},"properties":{"layer":"expressway","city":"西宮市","title":"中国自動車道","detail":"高速道路・自動車専用道路。原付一種（50cc以下）は進入禁止。","kind":"motorroad","src":"© OpenStreetMap contributors (ODbL)","confidence":"osm"}},{"type":"Feature","geometry":{"type":"LineString","coordinates":[[135.33359,34.82154],[135.33505,34.82084]]},"properties":{"layer":"expressway","city":"宝塚市","title":"中国自動車道","detail":"高速道路・自動車専用道路。原付一種（50cc以下）は進入禁止。","kind":"motorroad","src":"© OpenStreetMap contributors (ODbL)","confidence":"osm"}},{"type":"Feature","geometry":{"type":"LineString","coordinates":[[135.28022,34.83414],[135.27732,34.83505],[135.27373,34.83569],[135.2707,34.83575],[135.26658,34.83525]]},"properties":{"layer":"expressway","city":"西宮市","title":"中国自動車道","detail":"高速道路・自動車専用道路。原付一種（50cc以下）は進入禁止。","kind":"motorroad","src":"© OpenStreetMap contributors (ODbL)","confidence":"osm"}},{"type":"Feature","geometry":{"type":"LineString","coordinates":[[135.23537,34.83836],[135.2334,34.83883],[135.23126,34.83968]]},"properties":{"layer":"expressway","city":"西宮市","title":"中国自動車道","detail":"高速道路・自動車専用道路。原付一種（50cc以下）は進入禁止。","kind":"motorroad","src":"© OpenStreetMap contributors (ODbL)","confidence":"osm"}},{"type":"Feature","geometry":{"type":"LineString","coordinates":[[135.23851,34.83801],[135.23579,34.83828]]},"properties":{"layer":"expressway","city":"西宮市","title":"中国自動車道","detail":"高速道路・自動車専用道路。原付一種（50cc以下）は進入禁止。","kind":"motorroad","src":"© OpenStreetMap contributors (ODbL)","confidence":"osm"}},{"type":"Feature","geometry":{"type":"LineString","coordinates":[[135.31355,34.82413],[135.31637,34.82278]]},"properties":{"layer":"expressway","city":"西宮市","title":"中国自動車道","detail":"高速道路・自動車専用道路。原付一種（50cc以下）は進入禁止。","kind":"motorroad","src":"© OpenStreetMap contributors (ODbL)","confidence":"osm"}},{"type":"Feature","geometry":{"type":"LineString","coordinates":[[135.31625,34.82264],[135.31344,34.824]]},"properties":{"layer":"expressway","city":"西宮市","title":"中国自動車道","detail":"高速道路・自動車専用道路。原付一種（50cc以下）は進入禁止。","kind":"motorroad","src":"© OpenStreetMap contributors (ODbL)","confidence":"osm"}},{"type":"Feature","geometry":{"type":"LineString","coordinates":[[135.28185,34.83352],[135.28547,34.83113],[135.28685,34.83048],[135.28827,34.83014],[135.29228,34.8297],[135.29733,34.82786],[135.30276,34.82751],[135.30408,34.82708],[135.30753,34.82534],[135.30999,34.82478]]},"properties":{"layer":"expressway","city":"西宮市","title":"中国自動車道","detail":"高速道路・自動車専用道路。原付一種（50cc以下）は進入禁止。","kind":"motorroad","src":"© OpenStreetMap contributors (ODbL)","confidence":"osm"}},{"type":"Feature","geometry":{"type":"LineString","coordinates":[[135.31004,34.82464],[135.30748,34.82521],[135.304,34.82698],[135.30274,34.82738],[135.2973,34.82773],[135.29226,34.82958],[135.28819,34.83002],[135.28679,34.83037],[135.28539,34.83103],[135.28175,34.83341]]},"properties":{"layer":"expressway","city":"西宮市","title":"中国自動車道","detail":"高速道路・自動車専用道路。原付一種（50cc以下）は進入禁止。","kind":"motorroad","src":"© OpenStreetMap contributors (ODbL)","confidence":"osm"}},{"type":"Feature","geometry":{"type":"LineString","coordinates":[[135.23583,34.83841],[135.23849,34.83815]]},"properties":{"layer":"expressway","city":"西宮市","title":"中国自動車道","detail":"高速道路・自動車専用道路。原付一種（50cc以下）は進入禁止。","kind":"motorroad","src":"© OpenStreetMap contributors (ODbL)","confidence":"osm"}},{"type":"Feature","geometry":{"type":"LineString","coordinates":[[135.23973,34.83814],[135.24564,34.83829],[135.25129,34.83735],[135.25586,34.83731]]},"properties":{"layer":"expressway","city":"西宮市","title":"中国自動車道","detail":"高速道路・自動車専用道路。原付一種（50cc以下）は進入禁止。","kind":"motorroad","src":"© OpenStreetMap contributors (ODbL)","confidence":"osm"}},{"type":"Feature","geometry":{"type":"LineString","coordinates":[[135.26658,34.83525],[135.26301,34.83455],[135.26106,34.83465]]},"properties":{"layer":"expressway","city":"西宮市","title":"阪神高速7号北神戸線","detail":"高速道路・自動車専用道路。原付一種（50cc以下）は進入禁止。","kind":"motorroad","src":"© OpenStreetMap contributors (ODbL)","confidence":"osm"}},{"type":"Feature","geometry":{"type":"LineString","coordinates":[[135.35784,34.72477],[135.35813,34.72451]]},"properties":{"layer":"expressway","city":"西宮市","title":"名神高速道路","detail":"高速道路・自動車専用道路。原付一種（50cc以下）は進入禁止。","kind":"motorroad","src":"© OpenStreetMap contributors (ODbL)","confidence":"osm"}},{"type":"Feature","geometry":{"type":"LineString","coordinates":[[135.25969,34.83312],[135.2588,34.83267],[135.2585,34.83226]]},"properties":{"layer":"expressway","city":"西宮市","title":"自動車専用道路","detail":"高速道路・自動車専用道路。原付一種（50cc以下）は進入禁止。","kind":"motorroad","src":"© OpenStreetMap contributors (ODbL)","confidence":"osm"}},{"type":"Feature","geometry":{"type":"LineString","coordinates":[[135.25952,34.8331],[135.26071,34.83402],[135.26091,34.83443]]},"properties":{"layer":"expressway","city":"西宮市","title":"自動車専用道路","detail":"高速道路・自動車専用道路。原付一種（50cc以下）は進入禁止。","kind":"motorroad","src":"© OpenStreetMap contributors (ODbL)","confidence":"osm"}},{"type":"Feature","geometry":{"type":"LineString","coordinates":[[135.3244,34.73286],[135.32155,34.73198]]},"properties":{"layer":"expressway","city":"西宮市","title":"自動車専用道路","detail":"高速道路・自動車専用道路。原付一種（50cc以下）は進入禁止。","kind":"motorroad","src":"© OpenStreetMap contributors (ODbL)","confidence":"osm"}},{"type":"Feature","geometry":{"type":"LineString","coordinates":[[135.33456,34.7338],[135.33377,34.73375]]},"properties":{"layer":"expressway","city":"西宮市","title":"自動車専用道路","detail":"高速道路・自動車専用道路。原付一種（50cc以下）は進入禁止。","kind":"motorroad","src":"© OpenStreetMap contributors (ODbL)","confidence":"osm"}},{"type":"Feature","geometry":{"type":"LineString","coordinates":[[135.34942,34.70958],[135.35044,34.70881]]},"properties":{"layer":"expressway","city":"西宮市","title":"自動車専用道路","detail":"高速道路・自動車専用道路。原付一種（50cc以下）は進入禁止。","kind":"motorroad","src":"© OpenStreetMap contributors (ODbL)","confidence":"osm"}},{"type":"Feature","geometry":{"type":"LineString","coordinates":[[135.35069,34.70801],[135.34852,34.70989]]},"properties":{"layer":"expressway","city":"西宮市","title":"自動車専用道路","detail":"高速道路・自動車専用道路。原付一種（50cc以下）は進入禁止。","kind":"motorroad","src":"© OpenStreetMap contributors (ODbL)","confidence":"osm"}},{"type":"Feature","geometry":{"type":"LineString","coordinates":[[135.34669,34.71171],[135.3479,34.71084]]},"properties":{"layer":"expressway","city":"西宮市","title":"自動車専用道路","detail":"高速道路・自動車専用道路。原付一種（50cc以下）は進入禁止。","kind":"motorroad","src":"© OpenStreetMap contributors (ODbL)","confidence":"osm"}},{"type":"Feature","geometry":{"type":"LineString","coordinates":[[135.34022,34.71461],[135.3378,34.71524]]},"properties":{"layer":"expressway","city":"西宮市","title":"5","detail":"高速道路・自動車専用道路。原付一種（50cc以下）は進入禁止。","kind":"motorroad","src":"© OpenStreetMap contributors (ODbL)","confidence":"osm"}},{"type":"Feature","geometry":{"type":"LineString","coordinates":[[135.33571,34.71619],[135.33837,34.71539]]},"properties":{"layer":"expressway","city":"西宮市","title":"5","detail":"高速道路・自動車専用道路。原付一種（50cc以下）は進入禁止。","kind":"motorroad","src":"© OpenStreetMap contributors (ODbL)","confidence":"osm"}},{"type":"Feature","geometry":{"type":"LineString","coordinates":[[135.3358,34.71585],[135.33351,34.71637]]},"properties":{"layer":"expressway","city":"西宮市","title":"西宮浜","detail":"高速道路・自動車専用道路。原付一種（50cc以下）は進入禁止。","kind":"motorroad","src":"© OpenStreetMap contributors (ODbL)","confidence":"osm"}},{"type":"Feature","geometry":{"type":"LineString","coordinates":[[135.2431,34.80455],[135.23245,34.79957]]},"properties":{"layer":"expressway","city":"西宮市","title":"阪神高速7号北神戸線","detail":"高速道路・自動車専用道路。原付一種（50cc以下）は進入禁止。","kind":"motorroad","src":"© OpenStreetMap contributors (ODbL)","confidence":"osm"}},{"type":"Feature","geometry":{"type":"LineString","coordinates":[[135.23234,34.79969],[135.23477,34.80103],[135.24146,34.804],[135.24315,34.80494]]},"properties":{"layer":"expressway","city":"神戸市","title":"阪神高速7号北神戸線","detail":"高速道路・自動車専用道路。原付一種（50cc以下）は進入禁止。","kind":"motorroad","src":"© OpenStreetMap contributors (ODbL)","confidence":"osm"}},{"type":"Feature","geometry":{"type":"LineString","coordinates":[[135.24315,34.80494],[135.24537,34.80703],[135.24606,34.80809],[135.24684,34.81001]]},"properties":{"layer":"expressway","city":"西宮市","title":"阪神高速7号北神戸線","detail":"高速道路・自動車専用道路。原付一種（50cc以下）は進入禁止。","kind":"motorroad","src":"© OpenStreetMap contributors (ODbL)","confidence":"osm"}},{"type":"Feature","geometry":{"type":"LineString","coordinates":[[135.24726,34.8103],[135.24687,34.80894],[135.24584,34.80707],[135.24447,34.80556],[135.2431,34.80455]]},"properties":{"layer":"expressway","city":"西宮市","title":"阪神高速7号北神戸線","detail":"高速道路・自動車専用道路。原付一種（50cc以下）は進入禁止。","kind":"motorroad","src":"© OpenStreetMap contributors (ODbL)","confidence":"osm"}},{"type":"Feature","geometry":{"type":"LineString","coordinates":[[135.06742,34.66247],[135.06806,34.66356]]},"properties":{"layer":"expressway","city":"神戸市","title":"自動車専用道路","detail":"高速道路・自動車専用道路。原付一種（50cc以下）は進入禁止。","kind":"motorroad","src":"© OpenStreetMap contributors (ODbL)","confidence":"osm"}},{"type":"Feature","geometry":{"type":"LineString","coordinates":[[135.27588,34.70718],[135.27393,34.70588]]},"properties":{"layer":"expressway","city":"神戸市","title":"魚崎浜出口","detail":"高速道路・自動車専用道路。原付一種（50cc以下）は進入禁止。","kind":"motorroad","src":"© OpenStreetMap contributors (ODbL)","confidence":"osm"}},{"type":"Feature","geometry":{"type":"LineString","coordinates":[[135.27356,34.70159],[135.27394,34.70418],[135.27445,34.70471]]},"properties":{"layer":"expressway","city":"神戸市","title":"5","detail":"高速道路・自動車専用道路。原付一種（50cc以下）は進入禁止。","kind":"motorroad","src":"© OpenStreetMap contributors (ODbL)","confidence":"osm"}},{"type":"Feature","geometry":{"type":"LineString","coordinates":[[135.27643,34.70504],[135.27461,34.70471],[135.27417,34.70448],[135.27377,34.70236]]},"properties":{"layer":"expressway","city":"神戸市","title":"5","detail":"高速道路・自動車専用道路。原付一種（50cc以下）は進入禁止。","kind":"motorroad","src":"© OpenStreetMap contributors (ODbL)","confidence":"osm"}},{"type":"Feature","geometry":{"type":"LineString","coordinates":[[135.22642,34.70302],[135.22806,34.70335],[135.22947,34.70427]]},"properties":{"layer":"expressway","city":"神戸市","title":"自動車専用道路","detail":"高速道路・自動車専用道路。原付一種（50cc以下）は進入禁止。","kind":"motorroad","src":"© OpenStreetMap contributors (ODbL)","confidence":"osm"}},{"type":"Feature","geometry":{"type":"LineString","coordinates":[[135.22931,34.704],[135.22833,34.7032],[135.22711,34.70285]]},"properties":{"layer":"expressway","city":"神戸市","title":"自動車専用道路","detail":"高速道路・自動車専用道路。原付一種（50cc以下）は進入禁止。","kind":"motorroad","src":"© OpenStreetMap contributors (ODbL)","confidence":"osm"}},{"type":"Feature","geometry":{"type":"LineString","coordinates":[[135.2257,34.70301],[135.22642,34.70302]]},"properties":{"layer":"expressway","city":"神戸市","title":"自動車専用道路","detail":"高速道路・自動車専用道路。原付一種（50cc以下）は進入禁止。","kind":"motorroad","src":"© OpenStreetMap contributors (ODbL)","confidence":"osm"}},{"type":"Feature","geometry":{"type":"LineString","coordinates":[[135.26995,34.71169],[135.27413,34.71248],[135.27544,34.71291]]},"properties":{"layer":"expressway","city":"神戸市","title":"自動車専用道路","detail":"高速道路・自動車専用道路。原付一種（50cc以下）は進入禁止。","kind":"motorroad","src":"© OpenStreetMap contributors (ODbL)","confidence":"osm"}},{"type":"Feature","geometry":{"type":"LineString","coordinates":[[135.28481,34.71739],[135.2873,34.7189]]},"properties":{"layer":"expressway","city":"神戸市","title":"自動車専用道路","detail":"高速道路・自動車専用道路。原付一種（50cc以下）は進入禁止。","kind":"motorroad","src":"© OpenStreetMap contributors (ODbL)","confidence":"osm"}},{"type":"Feature","geometry":{"type":"LineString","coordinates":[[135.28798,34.71892],[135.28719,34.71841]]},"properties":{"layer":"expressway","city":"神戸市","title":"自動車専用道路","detail":"高速道路・自動車専用道路。原付一種（50cc以下）は進入禁止。","kind":"motorroad","src":"© OpenStreetMap contributors (ODbL)","confidence":"osm"}},{"type":"Feature","geometry":{"type":"LineString","coordinates":[[135.05242,34.64799],[135.05417,34.64766],[135.05435,34.64801],[135.05412,34.64814]]},"properties":{"layer":"expressway","city":"神戸市","title":"第二神明道路","detail":"高速道路・自動車専用道路。原付一種（50cc以下）は進入禁止。","kind":"motorroad","src":"© OpenStreetMap contributors (ODbL)","confidence":"osm"}},{"type":"Feature","geometry":{"type":"LineString","coordinates":[[135.05153,34.6476],[135.05174,34.64744],[135.0523,34.64757],[135.05285,34.64725],[135.053,34.64755],[135.05097,34.6483]]},"properties":{"layer":"expressway","city":"神戸市","title":"第二神明道路","detail":"高速道路・自動車専用道路。原付一種（50cc以下）は進入禁止。","kind":"motorroad","src":"© OpenStreetMap contributors (ODbL)","confidence":"osm"}},{"type":"Feature","geometry":{"type":"LineString","coordinates":[[135.07068,34.647],[135.07174,34.64682],[135.0722,34.64691],[135.07351,34.64834],[135.07407,34.64865],[135.07614,34.64832],[135.07698,34.6485]]},"properties":{"layer":"expressway","city":"神戸市","title":"自動車専用道路","detail":"高速道路・自動車専用道路。原付一種（50cc以下）は進入禁止。","kind":"motorroad","src":"© OpenStreetMap contributors (ODbL)","confidence":"osm"}},{"type":"Feature","geometry":{"type":"LineString","coordinates":[[135.06984,34.6472],[135.07068,34.647]]},"properties":{"layer":"expressway","city":"神戸市","title":"自動車専用道路","detail":"高速道路・自動車専用道路。原付一種（50cc以下）は進入禁止。","kind":"motorroad","src":"© OpenStreetMap contributors (ODbL)","confidence":"osm"}},{"type":"Feature","geometry":{"type":"LineString","coordinates":[[135.03243,34.65825],[135.03334,34.65746]]},"properties":{"layer":"expressway","city":"神戸市","title":"第二神明道路","detail":"高速道路・自動車専用道路。原付一種（50cc以下）は進入禁止。","kind":"motorroad","src":"© OpenStreetMap contributors (ODbL)","confidence":"osm"}},{"type":"Feature","geometry":{"type":"LineString","coordinates":[[135.05451,34.64813],[135.05456,34.64763],[135.05478,34.64742],[135.05693,34.64677]]},"properties":{"layer":"expressway","city":"神戸市","title":"第二神明道路","detail":"高速道路・自動車専用道路。原付一種（50cc以下）は進入禁止。","kind":"motorroad","src":"© OpenStreetMap contributors (ODbL)","confidence":"osm"}},{"type":"Feature","geometry":{"type":"LineString","coordinates":[[135.05483,34.64718],[135.05364,34.64737],[135.05281,34.64715],[135.05223,34.64747],[135.05186,34.6474]]},"properties":{"layer":"expressway","city":"神戸市","title":"第二神明道路","detail":"高速道路・自動車専用道路。原付一種（50cc以下）は進入禁止。","kind":"motorroad","src":"© OpenStreetMap contributors (ODbL)","confidence":"osm"}},{"type":"Feature","geometry":{"type":"LineString","coordinates":[[135.04808,34.67263],[135.04716,34.67257]]},"properties":{"layer":"expressway","city":"神戸市","title":"自動車専用道路","detail":"高速道路・自動車専用道路。原付一種（50cc以下）は進入禁止。","kind":"motorroad","src":"© OpenStreetMap contributors (ODbL)","confidence":"osm"}},{"type":"Feature","geometry":{"type":"LineString","coordinates":[[135.05748,34.67044],[135.059,34.67025]]},"properties":{"layer":"expressway","city":"神戸市","title":"第二神明北線;神戸西バイパス","detail":"高速道路・自動車専用道路。原付一種（50cc以下）は進入禁止。","kind":"motorroad","src":"© OpenStreetMap contributors (ODbL)","confidence":"osm"}},{"type":"Feature","geometry":{"type":"LineString","coordinates":[[135.04716,34.67257],[135.04413,34.67256]]},"properties":{"layer":"expressway","city":"神戸市","title":"自動車専用道路","detail":"高速道路・自動車専用道路。原付一種（50cc以下）は進入禁止。","kind":"motorroad","src":"© OpenStreetMap contributors (ODbL)","confidence":"osm"}},{"type":"Feature","geometry":{"type":"LineString","coordinates":[[135.07065,34.64688],[135.07016,34.64693]]},"properties":{"layer":"expressway","city":"神戸市","title":"自動車専用道路","detail":"高速道路・自動車専用道路。原付一種（50cc以下）は進入禁止。","kind":"motorroad","src":"© OpenStreetMap contributors (ODbL)","confidence":"osm"}},{"type":"Feature","geometry":{"type":"LineString","coordinates":[[135.07016,34.64693],[135.06964,34.64734],[135.06955,34.64812]]},"properties":{"layer":"expressway","city":"神戸市","title":"自動車専用道路","detail":"高速道路・自動車専用道路。原付一種（50cc以下）は進入禁止。","kind":"motorroad","src":"© OpenStreetMap contributors (ODbL)","confidence":"osm"}},{"type":"Feature","geometry":{"type":"LineString","coordinates":[[135.05236,34.6718],[135.05748,34.67044]]},"properties":{"layer":"expressway","city":"神戸市","title":"第二神明北線;神戸西バイパス","detail":"高速道路・自動車専用道路。原付一種（50cc以下）は進入禁止。","kind":"motorroad","src":"© OpenStreetMap contributors (ODbL)","confidence":"osm"}},{"type":"Feature","geometry":{"type":"LineString","coordinates":[[135.05746,34.67035],[135.05519,34.6705],[135.05174,34.67191]]},"properties":{"layer":"expressway","city":"神戸市","title":"第二神明北線;神戸西バイパス","detail":"高速道路・自動車専用道路。原付一種（50cc以下）は進入禁止。","kind":"motorroad","src":"© OpenStreetMap contributors (ODbL)","confidence":"osm"}},{"type":"Feature","geometry":{"type":"LineString","coordinates":[[135.05912,34.67008],[135.05746,34.67035]]},"properties":{"layer":"expressway","city":"神戸市","title":"第二神明北線;神戸西バイパス","detail":"高速道路・自動車専用道路。原付一種（50cc以下）は進入禁止。","kind":"motorroad","src":"© OpenStreetMap contributors (ODbL)","confidence":"osm"}},{"type":"Feature","geometry":{"type":"LineString","coordinates":[[134.9551,34.70457],[134.93635,34.71375],[134.93194,34.71517],[134.9302,34.71547],[134.92713,34.71566]]},"properties":{"layer":"expressway","city":"神戸市","title":"第二神明道路","detail":"高速道路・自動車専用道路。原付一種（50cc以下）は進入禁止。","kind":"motorroad","src":"© OpenStreetMap contributors (ODbL)","confidence":"osm"}},{"type":"Feature","geometry":{"type":"LineString","coordinates":[[134.94131,34.70977],[134.94099,34.70983]]},"properties":{"layer":"expressway","city":"神戸市","title":"第二神明道路","detail":"高速道路・自動車専用道路。原付一種（50cc以下）は進入禁止。","kind":"motorroad","src":"© OpenStreetMap contributors (ODbL)","confidence":"osm"}},{"type":"Feature","geometry":{"type":"LineString","coordinates":[[134.94231,34.71157],[134.94204,34.71179]]},"properties":{"layer":"expressway","city":"神戸市","title":"第二神明道路","detail":"高速道路・自動車専用道路。原付一種（50cc以下）は進入禁止。","kind":"motorroad","src":"© OpenStreetMap contributors (ODbL)","confidence":"osm"}},{"type":"Feature","geometry":{"type":"LineString","coordinates":[[134.94272,34.70958],[134.94131,34.70977]]},"properties":{"layer":"expressway","city":"神戸市","title":"第二神明道路","detail":"高速道路・自動車専用道路。原付一種（50cc以下）は進入禁止。","kind":"motorroad","src":"© OpenStreetMap contributors (ODbL)","confidence":"osm"}},{"type":"Feature","geometry":{"type":"LineString","coordinates":[[134.94361,34.71112],[134.94284,34.71124],[134.94231,34.71157]]},"properties":{"layer":"expressway","city":"神戸市","title":"第二神明道路","detail":"高速道路・自動車専用道路。原付一種（50cc以下）は進入禁止。","kind":"motorroad","src":"© OpenStreetMap contributors (ODbL)","confidence":"osm"}},{"type":"Feature","geometry":{"type":"LineString","coordinates":[[134.94104,34.70991],[134.94265,34.70971],[134.94337,34.70998],[134.94326,34.71032],[134.94156,34.71129]]},"properties":{"layer":"expressway","city":"神戸市","title":"第二神明道路","detail":"高速道路・自動車専用道路。原付一種（50cc以下）は進入禁止。","kind":"motorroad","src":"© OpenStreetMap contributors (ODbL)","confidence":"osm"}},{"type":"Feature","geometry":{"type":"LineString","coordinates":[[135.20304,34.69281],[135.20353,34.69401]]},"properties":{"layer":"expressway","city":"神戸市","title":"3-16","detail":"高速道路・自動車専用道路。原付一種（50cc以下）は進入禁止。","kind":"motorroad","src":"© OpenStreetMap contributors (ODbL)","confidence":"osm"}},{"type":"Feature","geometry":{"type":"LineString","coordinates":[[135.20308,34.69461],[135.20331,34.69395]]},"properties":{"layer":"expressway","city":"神戸市","title":"3-16","detail":"高速道路・自動車専用道路。原付一種（50cc以下）は進入禁止。","kind":"motorroad","src":"© OpenStreetMap contributors (ODbL)","confidence":"osm"}},{"type":"Feature","geometry":{"type":"LineString","coordinates":[[135.20304,34.69493],[135.20308,34.69461]]},"properties":{"layer":"expressway","city":"神戸市","title":"3-16","detail":"高速道路・自動車専用道路。原付一種（50cc以下）は進入禁止。","kind":"motorroad","src":"© OpenStreetMap contributors (ODbL)","confidence":"osm"}},{"type":"Feature","geometry":{"type":"LineString","coordinates":[[135.20255,34.69655],[135.20304,34.69493]]},"properties":{"layer":"expressway","city":"神戸市","title":"3-16","detail":"高速道路・自動車専用道路。原付一種（50cc以下）は進入禁止。","kind":"motorroad","src":"© OpenStreetMap contributors (ODbL)","confidence":"osm"}},{"type":"Feature","geometry":{"type":"LineString","coordinates":[[135.20308,34.69461],[135.20333,34.69421],[135.2039,34.69412],[135.20509,34.69522]]},"properties":{"layer":"expressway","city":"神戸市","title":"3-16","detail":"高速道路・自動車専用道路。原付一種（50cc以下）は進入禁止。","kind":"motorroad","src":"© OpenStreetMap contributors (ODbL)","confidence":"osm"}},{"type":"Feature","geometry":{"type":"LineString","coordinates":[[135.29772,34.7104],[135.29711,34.71072],[135.29733,34.71129],[135.30023,34.7117]]},"properties":{"layer":"expressway","city":"神戸市","title":"5-12","detail":"高速道路・自動車専用道路。原付一種（50cc以下）は進入禁止。","kind":"motorroad","src":"© OpenStreetMap contributors (ODbL)","confidence":"osm"}},{"type":"Feature","geometry":{"type":"LineString","coordinates":[[135.27393,34.70588],[135.27392,34.70521],[135.27457,34.7049],[135.27804,34.70554]]},"properties":{"layer":"expressway","city":"神戸市","title":"魚崎浜出口","detail":"高速道路・自動車専用道路。原付一種（50cc以下）は進入禁止。","kind":"motorroad","src":"© OpenStreetMap contributors (ODbL)","confidence":"osm"}},{"type":"Feature","geometry":{"type":"LineString","coordinates":[[135.29943,34.71153],[135.30145,34.71168]]},"properties":{"layer":"expressway","city":"神戸市","title":"5","detail":"高速道路・自動車専用道路。原付一種（50cc以下）は進入禁止。","kind":"motorroad","src":"© OpenStreetMap contributors (ODbL)","confidence":"osm"}},{"type":"Feature","geometry":{"type":"LineString","coordinates":[[135.30287,34.71209],[135.30266,34.71176],[135.29996,34.7113]]},"properties":{"layer":"expressway","city":"神戸市","title":"5","detail":"高速道路・自動車専用道路。原付一種（50cc以下）は進入禁止。","kind":"motorroad","src":"© OpenStreetMap contributors (ODbL)","confidence":"osm"}},{"type":"Feature","geometry":{"type":"LineString","coordinates":[[135.27804,34.70554],[135.27861,34.70566]]},"properties":{"layer":"expressway","city":"神戸市","title":"魚崎浜出口","detail":"高速道路・自動車専用道路。原付一種（50cc以下）は進入禁止。","kind":"motorroad","src":"© OpenStreetMap contributors (ODbL)","confidence":"osm"}},{"type":"Feature","geometry":{"type":"LineString","coordinates":[[135.29897,34.71076],[135.29772,34.7104]]},"properties":{"layer":"expressway","city":"神戸市","title":"5-12","detail":"高速道路・自動車専用道路。原付一種（50cc以下）は進入禁止。","kind":"motorroad","src":"© OpenStreetMap contributors (ODbL)","confidence":"osm"}},{"type":"Feature","geometry":{"type":"LineString","coordinates":[[135.29729,34.71082],[135.29693,34.71145]]},"properties":{"layer":"expressway","city":"神戸市","title":"5","detail":"高速道路・自動車専用道路。原付一種（50cc以下）は進入禁止。","kind":"motorroad","src":"© OpenStreetMap contributors (ODbL)","confidence":"osm"}},{"type":"Feature","geometry":{"type":"LineString","coordinates":[[135.29593,34.71086],[135.29742,34.71125]]},"properties":{"layer":"expressway","city":"神戸市","title":"5","detail":"高速道路・自動車専用道路。原付一種（50cc以下）は進入禁止。","kind":"motorroad","src":"© OpenStreetMap contributors (ODbL)","confidence":"osm"}},{"type":"Feature","geometry":{"type":"LineString","coordinates":[[135.29996,34.7113],[135.29747,34.71094]]},"properties":{"layer":"expressway","city":"神戸市","title":"5","detail":"高速道路・自動車専用道路。原付一種（50cc以下）は進入禁止。","kind":"motorroad","src":"© OpenStreetMap contributors (ODbL)","confidence":"osm"}},{"type":"Feature","geometry":{"type":"LineString","coordinates":[[135.36522,34.6975],[135.36775,34.69724]]},"properties":{"layer":"expressway","city":"西宮市","title":"5","detail":"高速道路・自動車専用道路。原付一種（50cc以下）は進入禁止。","kind":"motorroad","src":"© OpenStreetMap contributors (ODbL)","confidence":"osm"}},{"type":"Feature","geometry":{"type":"LineString","coordinates":[[135.30345,34.71193],[135.30153,34.71148]]},"properties":{"layer":"expressway","city":"神戸市","title":"5","detail":"高速道路・自動車専用道路。原付一種（50cc以下）は進入禁止。","kind":"motorroad","src":"© OpenStreetMap contributors (ODbL)","confidence":"osm"}},{"type":"Feature","geometry":{"type":"LineString","coordinates":[[135.27469,34.70658],[135.27284,34.7061],[135.26755,34.70572]]},"properties":{"layer":"expressway","city":"神戸市","title":"ハーバーハイウェイ","detail":"高速道路・自動車専用道路。原付一種（50cc以下）は進入禁止。","kind":"motorroad","src":"© OpenStreetMap contributors (ODbL)","confidence":"osm"}},{"type":"Feature","geometry":{"type":"LineString","coordinates":[[135.27316,34.69639],[135.27312,34.69589],[135.27348,34.69558],[135.27603,34.69567],[135.27645,34.69551],[135.27668,34.69511]]},"properties":{"layer":"expressway","city":"神戸市","title":"阪神高速5号湾岸　線六甲アイランド北出口","detail":"高速道路・自動車専用道路。原付一種（50cc以下）は進入禁止。","kind":"motorroad","src":"© OpenStreetMap contributors (ODbL)","confidence":"osm"}},{"type":"Feature","geometry":{"type":"LineString","coordinates":[[135.27413,34.70488],[135.27369,34.70536],[135.27382,34.70593]]},"properties":{"layer":"expressway","city":"神戸市","title":"魚崎浜入口","detail":"高速道路・自動車専用道路。原付一種（50cc以下）は進入禁止。","kind":"motorroad","src":"© OpenStreetMap contributors (ODbL)","confidence":"osm"}},{"type":"Feature","geometry":{"type":"LineString","coordinates":[[135.27808,34.70529],[135.27643,34.70504]]},"properties":{"layer":"expressway","city":"神戸市","title":"魚崎浜入口","detail":"高速道路・自動車専用道路。原付一種（50cc以下）は進入禁止。","kind":"motorroad","src":"© OpenStreetMap contributors (ODbL)","confidence":"osm"}},{"type":"Feature","geometry":{"type":"LineString","coordinates":[[135.27643,34.70504],[135.27547,34.70494]]},"properties":{"layer":"expressway","city":"神戸市","title":"魚崎浜入口","detail":"高速道路・自動車専用道路。原付一種（50cc以下）は進入禁止。","kind":"motorroad","src":"© OpenStreetMap contributors (ODbL)","confidence":"osm"}},{"type":"Feature","geometry":{"type":"LineString","coordinates":[[135.20331,34.69395],[135.2037,34.69324],[135.20282,34.69192]]},"properties":{"layer":"expressway","city":"神戸市","title":"3-16","detail":"高速道路・自動車専用道路。原付一種（50cc以下）は進入禁止。","kind":"motorroad","src":"© OpenStreetMap contributors (ODbL)","confidence":"osm"}},{"type":"Feature","geometry":{"type":"LineString","coordinates":[[135.22545,34.70301],[135.2257,34.70301]]},"properties":{"layer":"expressway","city":"神戸市","title":"自動車専用道路","detail":"高速道路・自動車専用道路。原付一種（50cc以下）は進入禁止。","kind":"motorroad","src":"© OpenStreetMap contributors (ODbL)","confidence":"osm"}},{"type":"Feature","geometry":{"type":"LineString","coordinates":[[135.33334,34.7341],[135.33415,34.73403]]},"properties":{"layer":"expressway","city":"西宮市","title":"自動車専用道路","detail":"高速道路・自動車専用道路。原付一種（50cc以下）は進入禁止。","kind":"motorroad","src":"© OpenStreetMap contributors (ODbL)","confidence":"osm"}},{"type":"Feature","geometry":{"type":"LineString","coordinates":[[135.2694,34.71148],[135.26995,34.71169]]},"properties":{"layer":"expressway","city":"神戸市","title":"自動車専用道路","detail":"高速道路・自動車専用道路。原付一種（50cc以下）は進入禁止。","kind":"motorroad","src":"© OpenStreetMap contributors (ODbL)","confidence":"osm"}},{"type":"Feature","geometry":{"type":"LineString","coordinates":[[135.20386,34.69363],[135.20361,34.69334]]},"properties":{"layer":"expressway","city":"神戸市","title":"3-16","detail":"高速道路・自動車専用道路。原付一種（50cc以下）は進入禁止。","kind":"motorroad","src":"© OpenStreetMap contributors (ODbL)","confidence":"osm"}},{"type":"Feature","geometry":{"type":"LineString","coordinates":[[135.22582,34.70282],[135.22554,34.70281]]},"properties":{"layer":"expressway","city":"神戸市","title":"自動車専用道路","detail":"高速道路・自動車専用道路。原付一種（50cc以下）は進入禁止。","kind":"motorroad","src":"© OpenStreetMap contributors (ODbL)","confidence":"osm"}},{"type":"Feature","geometry":{"type":"LineString","coordinates":[[135.27099,34.71148],[135.26983,34.71136]]},"properties":{"layer":"expressway","city":"神戸市","title":"自動車専用道路","detail":"高速道路・自動車専用道路。原付一種（50cc以下）は進入禁止。","kind":"motorroad","src":"© OpenStreetMap contributors (ODbL)","confidence":"osm"}},{"type":"Feature","geometry":{"type":"LineString","coordinates":[[135.2873,34.7189],[135.28804,34.71921]]},"properties":{"layer":"expressway","city":"神戸市","title":"自動車専用道路","detail":"高速道路・自動車専用道路。原付一種（50cc以下）は進入禁止。","kind":"motorroad","src":"© OpenStreetMap contributors (ODbL)","confidence":"osm"}},{"type":"Feature","geometry":{"type":"LineString","coordinates":[[135.22711,34.70285],[135.22582,34.70282]]},"properties":{"layer":"expressway","city":"神戸市","title":"自動車専用道路","detail":"高速道路・自動車専用道路。原付一種（50cc以下）は進入禁止。","kind":"motorroad","src":"© OpenStreetMap contributors (ODbL)","confidence":"osm"}},{"type":"Feature","geometry":{"type":"LineString","coordinates":[[135.27386,34.71225],[135.27099,34.71148]]},"properties":{"layer":"expressway","city":"神戸市","title":"自動車専用道路","detail":"高速道路・自動車専用道路。原付一種（50cc以下）は進入禁止。","kind":"motorroad","src":"© OpenStreetMap contributors (ODbL)","confidence":"osm"}},{"type":"Feature","geometry":{"type":"LineString","coordinates":[[135.20553,34.6955],[135.20501,34.695]]},"properties":{"layer":"expressway","city":"神戸市","title":"3-16","detail":"高速道路・自動車専用道路。原付一種（50cc以下）は進入禁止。","kind":"motorroad","src":"© OpenStreetMap contributors (ODbL)","confidence":"osm"}},{"type":"Feature","geometry":{"type":"LineString","coordinates":[[135.33377,34.73375],[135.32971,34.73365]]},"properties":{"layer":"expressway","city":"西宮市","title":"自動車専用道路","detail":"高速道路・自動車専用道路。原付一種（50cc以下）は進入禁止。","kind":"motorroad","src":"© OpenStreetMap contributors (ODbL)","confidence":"osm"}},{"type":"Feature","geometry":{"type":"LineString","coordinates":[[135.32229,34.73253],[135.3251,34.73325],[135.32745,34.73353]]},"properties":{"layer":"expressway","city":"西宮市","title":"自動車専用道路","detail":"高速道路・自動車専用道路。原付一種（50cc以下）は進入禁止。","kind":"motorroad","src":"© OpenStreetMap contributors (ODbL)","confidence":"osm"}},{"type":"Feature","geometry":{"type":"LineString","coordinates":[[135.28719,34.71841],[135.28423,34.71697]]},"properties":{"layer":"expressway","city":"神戸市","title":"自動車専用道路","detail":"高速道路・自動車専用道路。原付一種（50cc以下）は進入禁止。","kind":"motorroad","src":"© OpenStreetMap contributors (ODbL)","confidence":"osm"}},{"type":"Feature","geometry":{"type":"LineString","coordinates":[[135.32966,34.73372],[135.33334,34.7341]]},"properties":{"layer":"expressway","city":"西宮市","title":"自動車専用道路","detail":"高速道路・自動車専用道路。原付一種（50cc以下）は進入禁止。","kind":"motorroad","src":"© OpenStreetMap contributors (ODbL)","confidence":"osm"}},{"type":"Feature","geometry":{"type":"LineString","coordinates":[[135.19709,34.68564],[135.19651,34.6854],[135.19659,34.68493]]},"properties":{"layer":"expressway","city":"神戸市","title":"阪神高速 京橋出口","detail":"高速道路・自動車専用道路。原付一種（50cc以下）は進入禁止。","kind":"motorroad","src":"© OpenStreetMap contributors (ODbL)","confidence":"osm"}},{"type":"Feature","geometry":{"type":"LineString","coordinates":[[135.08241,34.77351],[135.08298,34.78024]]},"properties":{"layer":"expressway","city":"神戸市","title":"山陽自動車道木見支線","detail":"高速道路・自動車専用道路。原付一種（50cc以下）は進入禁止。","kind":"motorroad","src":"© OpenStreetMap contributors (ODbL)","confidence":"osm"}},{"type":"Feature","geometry":{"type":"LineString","coordinates":[[135.08338,34.78023],[135.08275,34.77359]]},"properties":{"layer":"expressway","city":"神戸市","title":"山陽自動車道木見支線","detail":"高速道路・自動車専用道路。原付一種（50cc以下）は進入禁止。","kind":"motorroad","src":"© OpenStreetMap contributors (ODbL)","confidence":"osm"}},{"type":"Feature","geometry":{"type":"LineString","coordinates":[[135.08273,34.77303],[135.0826,34.77014]]},"properties":{"layer":"expressway","city":"神戸市","title":"山陽自動車道木見支線","detail":"高速道路・自動車専用道路。原付一種（50cc以下）は進入禁止。","kind":"motorroad","src":"© OpenStreetMap contributors (ODbL)","confidence":"osm"}},{"type":"Feature","geometry":{"type":"LineString","coordinates":[[135.08226,34.77015],[135.08239,34.77304]]},"properties":{"layer":"expressway","city":"神戸市","title":"山陽自動車道木見支線","detail":"高速道路・自動車専用道路。原付一種（50cc以下）は進入禁止。","kind":"motorroad","src":"© OpenStreetMap contributors (ODbL)","confidence":"osm"}},{"type":"Feature","geometry":{"type":"LineString","coordinates":[[135.13521,34.69559],[135.13639,34.69659],[135.13867,34.69747]]},"properties":{"layer":"expressway","city":"神戸市","title":"山麓バイパス","detail":"原付（50cc以下）通行禁止の路線としてOSMに登録。","kind":"moped_no","src":"© OpenStreetMap contributors (ODbL)","confidence":"osm"}},{"type":"Feature","geometry":{"type":"LineString","coordinates":[[135.13282,34.69351],[135.13415,34.69396]]},"properties":{"layer":"expressway","city":"神戸市","title":"山麓バイパス","detail":"原付（50cc以下）通行禁止の路線としてOSMに登録。","kind":"moped_no","src":"© OpenStreetMap contributors (ODbL)","confidence":"osm"}},{"type":"Feature","geometry":{"type":"LineString","coordinates":[[135.13513,34.6955],[135.13521,34.69559]]},"properties":{"layer":"expressway","city":"神戸市","title":"山麓バイパス","detail":"原付（50cc以下）通行禁止の路線としてOSMに登録。","kind":"moped_no","src":"© OpenStreetMap contributors (ODbL)","confidence":"osm"}},{"type":"Feature","geometry":{"type":"LineString","coordinates":[[135.13357,34.69359],[135.13415,34.69396]]},"properties":{"layer":"expressway","city":"神戸市","title":"山麓バイパス","detail":"原付（50cc以下）通行禁止の路線としてOSMに登録。","kind":"moped_no","src":"© OpenStreetMap contributors (ODbL)","confidence":"osm"}},{"type":"Feature","geometry":{"type":"LineString","coordinates":[[135.13195,34.69352],[135.13275,34.69343],[135.13357,34.69359]]},"properties":{"layer":"expressway","city":"神戸市","title":"山麓バイパス","detail":"原付（50cc以下）通行禁止の路線としてOSMに登録。","kind":"moped_no","src":"© OpenStreetMap contributors (ODbL)","confidence":"osm"}},{"type":"Feature","geometry":{"type":"LineString","coordinates":[[135.14315,34.69721],[135.14466,34.69704]]},"properties":{"layer":"expressway","city":"神戸市","title":"山麓バイパス","detail":"原付（50cc以下）通行禁止の路線としてOSMに登録。","kind":"moped_no","src":"© OpenStreetMap contributors (ODbL)","confidence":"osm"}},{"type":"Feature","geometry":{"type":"LineString","coordinates":[[135.13427,34.69408],[135.13513,34.6955]]},"properties":{"layer":"expressway","city":"神戸市","title":"山麓バイパス","detail":"原付（50cc以下）通行禁止の路線としてOSMに登録。","kind":"moped_no","src":"© OpenStreetMap contributors (ODbL)","confidence":"osm"}},{"type":"Feature","geometry":{"type":"LineString","coordinates":[[135.13968,34.69769],[135.14086,34.69773]]},"properties":{"layer":"expressway","city":"神戸市","title":"山麓バイパス","detail":"原付（50cc以下）通行禁止の路線としてOSMに登録。","kind":"moped_no","src":"© OpenStreetMap contributors (ODbL)","confidence":"osm"}},{"type":"Feature","geometry":{"type":"LineString","coordinates":[[135.13867,34.69747],[135.13968,34.69769]]},"properties":{"layer":"expressway","city":"神戸市","title":"山麓バイパス","detail":"原付（50cc以下）通行禁止の路線としてOSMに登録。","kind":"moped_no","src":"© OpenStreetMap contributors (ODbL)","confidence":"osm"}},{"type":"Feature","geometry":{"type":"LineString","coordinates":[[135.14086,34.69773],[135.14315,34.69721]]},"properties":{"layer":"expressway","city":"神戸市","title":"山麓バイパス","detail":"原付（50cc以下）通行禁止の路線としてOSMに登録。","kind":"moped_no","src":"© OpenStreetMap contributors (ODbL)","confidence":"osm"}},{"type":"Feature","geometry":{"type":"LineString","coordinates":[[135.12848,34.69451],[135.12972,34.69455],[135.13137,34.69386]]},"properties":{"layer":"expressway","city":"神戸市","title":"山麓バイパス","detail":"原付（50cc以下）通行禁止の路線としてOSMに登録。","kind":"moped_no","src":"© OpenStreetMap contributors (ODbL)","confidence":"osm"}},{"type":"Feature","geometry":{"type":"LineString","coordinates":[[135.1557,34.76113],[135.1564,34.76145],[135.15738,34.76159],[135.15849,34.76144]]},"properties":{"layer":"expressway","city":"神戸市","title":"阪神高速32号新神戸トンネル","detail":"原付（50cc以下）通行禁止の路線としてOSMに登録。","kind":"moped_no","src":"© OpenStreetMap contributors (ODbL)","confidence":"osm"}},{"type":"Feature","geometry":{"type":"LineString","coordinates":[[135.19391,34.7076],[135.19135,34.71112],[135.18879,34.71421],[135.18639,34.71667],[135.17713,34.72523],[135.17459,34.72803],[135.17233,34.73107],[135.163,34.74651],[135.16145,34.74938],[135.16084,34.75176],[135.16052,34.75697],[135.15912,34.76017]]},"properties":{"layer":"expressway","city":"神戸市","title":"阪神高速32号新神戸トンネル","detail":"原付（50cc以下）通行禁止の路線としてOSMに登録。","kind":"moped_no","src":"© OpenStreetMap contributors (ODbL)","confidence":"osm"}},{"type":"Feature","geometry":{"type":"LineString","coordinates":[[135.15884,34.761],[135.1593,34.76025]]},"properties":{"layer":"expressway","city":"神戸市","title":"阪神高速32号新神戸トンネル","detail":"原付（50cc以下）通行禁止の路線としてOSMに登録。","kind":"moped_no","src":"© OpenStreetMap contributors (ODbL)","confidence":"osm"}},{"type":"Feature","geometry":{"type":"LineString","coordinates":[[135.15912,34.76017],[135.15869,34.76095]]},"properties":{"layer":"expressway","city":"神戸市","title":"阪神高速32号新神戸トンネル","detail":"原付（50cc以下）通行禁止の路線としてOSMに登録。","kind":"moped_no","src":"© OpenStreetMap contributors (ODbL)","confidence":"osm"}},{"type":"Feature","geometry":{"type":"LineString","coordinates":[[135.08239,34.77304],[135.08241,34.77351]]},"properties":{"layer":"expressway","city":"神戸市","title":"山陽自動車道木見支線","detail":"高速道路・自動車専用道路。原付一種（50cc以下）は進入禁止。","kind":"motorroad","src":"© OpenStreetMap contributors (ODbL)","confidence":"osm"}},{"type":"Feature","geometry":{"type":"LineString","coordinates":[[135.15604,34.76152],[135.15643,34.76168],[135.15781,34.76167]]},"properties":{"layer":"expressway","city":"神戸市","title":"箕谷出口","detail":"高速道路・自動車専用道路。原付一種（50cc以下）は進入禁止。","kind":"motorroad","src":"© OpenStreetMap contributors (ODbL)","confidence":"osm"}},{"type":"Feature","geometry":{"type":"LineString","coordinates":[[135.22936,34.79764],[135.22941,34.79795]]},"properties":{"layer":"expressway","city":"神戸市","title":"自動車専用道路","detail":"高速道路・自動車専用道路。原付一種（50cc以下）は進入禁止。","kind":"motorroad","src":"© OpenStreetMap contributors (ODbL)","confidence":"osm"}},{"type":"Feature","geometry":{"type":"LineString","coordinates":[[135.08275,34.77359],[135.08273,34.77303]]},"properties":{"layer":"expressway","city":"神戸市","title":"山陽自動車道木見支線","detail":"高速道路・自動車専用道路。原付一種（50cc以下）は進入禁止。","kind":"motorroad","src":"© OpenStreetMap contributors (ODbL)","confidence":"osm"}},{"type":"Feature","geometry":{"type":"LineString","coordinates":[[135.22957,34.79729],[135.2284,34.79637]]},"properties":{"layer":"expressway","city":"神戸市","title":"自動車専用道路","detail":"高速道路・自動車専用道路。原付一種（50cc以下）は進入禁止。","kind":"motorroad","src":"© OpenStreetMap contributors (ODbL)","confidence":"osm"}},{"type":"Feature","geometry":{"type":"LineString","coordinates":[[135.23116,34.79766],[135.23125,34.7974]]},"properties":{"layer":"expressway","city":"神戸市","title":"自動車専用道路","detail":"高速道路・自動車専用道路。原付一種（50cc以下）は進入禁止。","kind":"motorroad","src":"© OpenStreetMap contributors (ODbL)","confidence":"osm"}},{"type":"Feature","geometry":{"type":"LineString","coordinates":[[135.22972,34.79589],[135.23009,34.79604]]},"properties":{"layer":"expressway","city":"神戸市","title":"自動車専用道路","detail":"高速道路・自動車専用道路。原付一種（50cc以下）は進入禁止。","kind":"motorroad","src":"© OpenStreetMap contributors (ODbL)","confidence":"osm"}},{"type":"Feature","geometry":{"type":"LineString","coordinates":[[135.13111,34.69377],[135.12978,34.69419]]},"properties":{"layer":"expressway","city":"神戸市","title":"山麓バイパス","detail":"原付（50cc以下）通行禁止の路線としてOSMに登録。","kind":"moped_no","src":"© OpenStreetMap contributors (ODbL)","confidence":"osm"}},{"type":"Feature","geometry":{"type":"LineString","coordinates":[[135.10989,34.71428],[135.10993,34.71328],[135.10958,34.71288],[135.10893,34.71279],[135.10833,34.71319]]},"properties":{"layer":"expressway","city":"神戸市","title":"阪神高速7号北神戸線","detail":"高速道路・自動車専用道路。原付一種（50cc以下）は進入禁止。","kind":"motorroad","src":"© OpenStreetMap contributors (ODbL)","confidence":"osm"}},{"type":"Feature","geometry":{"type":"LineString","coordinates":[[135.11066,34.71577],[135.10969,34.7146],[135.10839,34.71351],[135.10216,34.70966]]},"properties":{"layer":"expressway","city":"神戸市","title":"阪神高速7号北神戸線","detail":"高速道路・自動車専用道路。原付一種（50cc以下）は進入禁止。","kind":"motorroad","src":"© OpenStreetMap contributors (ODbL)","confidence":"osm"}},{"type":"Feature","geometry":{"type":"LineString","coordinates":[[135.19865,34.76769],[135.19533,34.76441],[135.19312,34.76334]]},"properties":{"layer":"expressway","city":"神戸市","title":"阪神高速7号北神戸線","detail":"高速道路・自動車専用道路。原付一種（50cc以下）は進入禁止。","kind":"motorroad","src":"© OpenStreetMap contributors (ODbL)","confidence":"osm"}},{"type":"Feature","geometry":{"type":"LineString","coordinates":[[135.19177,34.76316],[135.18903,34.76304],[135.18546,34.76182],[135.18311,34.76143]]},"properties":{"layer":"expressway","city":"神戸市","title":"阪神高速7号北神戸線","detail":"高速道路・自動車専用道路。原付一種（50cc以下）は進入禁止。","kind":"motorroad","src":"© OpenStreetMap contributors (ODbL)","confidence":"osm"}},{"type":"Feature","geometry":{"type":"LineString","coordinates":[[135.15205,34.75522],[135.14869,34.75547],[135.1465,34.75538],[135.14444,34.75487],[135.1425,34.75373]]},"properties":{"layer":"expressway","city":"神戸市","title":"阪神高速7号北神戸線","detail":"高速道路・自動車専用道路。原付一種（50cc以下）は進入禁止。","kind":"motorroad","src":"© OpenStreetMap contributors (ODbL)","confidence":"osm"}},{"type":"Feature","geometry":{"type":"LineString","coordinates":[[135.21759,34.78353],[135.21755,34.78345]]},"properties":{"layer":"expressway","city":"神戸市","title":"阪神高速7号北神戸線","detail":"高速道路・自動車専用道路。原付一種（50cc以下）は進入禁止。","kind":"motorroad","src":"© OpenStreetMap contributors (ODbL)","confidence":"osm"}},{"type":"Feature","geometry":{"type":"LineString","coordinates":[[135.20343,34.77028],[135.2032,34.77019]]},"properties":{"layer":"expressway","city":"神戸市","title":"阪神高速7号北神戸線","detail":"高速道路・自動車専用道路。原付一種（50cc以下）は進入禁止。","kind":"motorroad","src":"© OpenStreetMap contributors (ODbL)","confidence":"osm"}},{"type":"Feature","geometry":{"type":"LineString","coordinates":[[135.22692,34.79563],[135.22707,34.79634]]},"properties":{"layer":"expressway","city":"神戸市","title":"阪神高速7号北神戸線北延伸線","detail":"高速道路・自動車専用道路。原付一種（50cc以下）は進入禁止。","kind":"motorroad","src":"© OpenStreetMap contributors (ODbL)","confidence":"osm"}},{"type":"Feature","geometry":{"type":"LineString","coordinates":[[135.12751,34.72839],[135.12584,34.72722]]},"properties":{"layer":"expressway","city":"神戸市","title":"阪神高速7号北神戸線","detail":"高速道路・自動車専用道路。原付一種（50cc以下）は進入禁止。","kind":"motorroad","src":"© OpenStreetMap contributors (ODbL)","confidence":"osm"}},{"type":"Feature","geometry":{"type":"LineString","coordinates":[[135.2269,34.79867],[135.22642,34.79985]]},"properties":{"layer":"expressway","city":"神戸市","title":"阪神高速7号北神戸線北延伸線","detail":"高速道路・自動車専用道路。原付一種（50cc以下）は進入禁止。","kind":"motorroad","src":"© OpenStreetMap contributors (ODbL)","confidence":"osm"}},{"type":"Feature","geometry":{"type":"LineString","coordinates":[[135.14179,34.7532],[135.13779,34.7504]]},"properties":{"layer":"expressway","city":"神戸市","title":"阪神高速7号北神戸線","detail":"高速道路・自動車専用道路。原付一種（50cc以下）は進入禁止。","kind":"motorroad","src":"© OpenStreetMap contributors (ODbL)","confidence":"osm"}},{"type":"Feature","geometry":{"type":"LineString","coordinates":[[135.23245,34.79957],[135.23109,34.79868]]},"properties":{"layer":"expressway","city":"神戸市","title":"阪神高速7号北神戸線","detail":"高速道路・自動車専用道路。原付一種（50cc以下）は進入禁止。","kind":"motorroad","src":"© OpenStreetMap contributors (ODbL)","confidence":"osm"}},{"type":"Feature","geometry":{"type":"LineString","coordinates":[[135.13565,34.74891],[135.12981,34.74464]]},"properties":{"layer":"expressway","city":"神戸市","title":"阪神高速7号北神戸線","detail":"高速道路・自動車専用道路。原付一種（50cc以下）は進入禁止。","kind":"motorroad","src":"© OpenStreetMap contributors (ODbL)","confidence":"osm"}},{"type":"Feature","geometry":{"type":"LineString","coordinates":[[135.22926,34.79731],[135.23053,34.7984]]},"properties":{"layer":"expressway","city":"神戸市","title":"阪神高速7号北神戸線","detail":"高速道路・自動車専用道路。原付一種（50cc以下）は進入禁止。","kind":"motorroad","src":"© OpenStreetMap contributors (ODbL)","confidence":"osm"}},{"type":"Feature","geometry":{"type":"LineString","coordinates":[[135.17602,34.7608],[135.17425,34.76032],[135.17211,34.76011]]},"properties":{"layer":"expressway","city":"神戸市","title":"阪神高速7号北神戸線","detail":"高速道路・自動車専用道路。原付一種（50cc以下）は進入禁止。","kind":"motorroad","src":"© OpenStreetMap contributors (ODbL)","confidence":"osm"}},{"type":"Feature","geometry":{"type":"LineString","coordinates":[[135.16156,34.75879],[135.15871,34.75756],[135.15616,34.75603]]},"properties":{"layer":"expressway","city":"神戸市","title":"阪神高速7号北神戸線","detail":"高速道路・自動車専用道路。原付一種（50cc以下）は進入禁止。","kind":"motorroad","src":"© OpenStreetMap contributors (ODbL)","confidence":"osm"}},{"type":"Feature","geometry":{"type":"LineString","coordinates":[[135.18314,34.76152],[135.18515,34.76183],[135.189,34.76312],[135.19178,34.76325]]},"properties":{"layer":"expressway","city":"神戸市","title":"阪神高速7号北神戸線","detail":"高速道路・自動車専用道路。原付一種（50cc以下）は進入禁止。","kind":"motorroad","src":"© OpenStreetMap contributors (ODbL)","confidence":"osm"}},{"type":"Feature","geometry":{"type":"LineString","coordinates":[[135.19291,34.76339],[135.1942,34.76385],[135.19526,34.76448],[135.19858,34.76775]]},"properties":{"layer":"expressway","city":"神戸市","title":"阪神高速7号北神戸線","detail":"高速道路・自動車専用道路。原付一種（50cc以下）は進入禁止。","kind":"motorroad","src":"© OpenStreetMap contributors (ODbL)","confidence":"osm"}},{"type":"Feature","geometry":{"type":"LineString","coordinates":[[135.14248,34.75382],[135.14441,34.75496],[135.14655,34.75547],[135.14851,34.75557],[135.15206,34.75531]]},"properties":{"layer":"expressway","city":"神戸市","title":"阪神高速7号北神戸線","detail":"高速道路・自動車専用道路。原付一種（50cc以下）は進入禁止。","kind":"motorroad","src":"© OpenStreetMap contributors (ODbL)","confidence":"osm"}},{"type":"Feature","geometry":{"type":"LineString","coordinates":[[135.12824,34.72974],[135.12881,34.73136],[135.12868,34.7328],[135.1281,34.73404],[135.12625,34.73678],[135.12583,34.73797],[135.12571,34.73921]]},"properties":{"layer":"expressway","city":"神戸市","title":"阪神高速7号北神戸線","detail":"高速道路・自動車専用道路。原付一種（50cc以下）は進入禁止。","kind":"motorroad","src":"© OpenStreetMap contributors (ODbL)","confidence":"osm"}},{"type":"Feature","geometry":{"type":"LineString","coordinates":[[135.20311,34.77034],[135.20337,34.77047]]},"properties":{"layer":"expressway","city":"神戸市","title":"阪神高速7号北神戸線","detail":"高速道路・自動車専用道路。原付一種（50cc以下）は進入禁止。","kind":"motorroad","src":"© OpenStreetMap contributors (ODbL)","confidence":"osm"}},{"type":"Feature","geometry":{"type":"LineString","coordinates":[[135.13772,34.75047],[135.14178,34.75331]]},"properties":{"layer":"expressway","city":"神戸市","title":"阪神高速7号北神戸線","detail":"高速道路・自動車専用道路。原付一種（50cc以下）は進入禁止。","kind":"motorroad","src":"© OpenStreetMap contributors (ODbL)","confidence":"osm"}},{"type":"Feature","geometry":{"type":"LineString","coordinates":[[135.17213,34.76021],[135.17401,34.76036],[135.17599,34.76088]]},"properties":{"layer":"expressway","city":"神戸市","title":"阪神高速7号北神戸線","detail":"高速道路・自動車専用道路。原付一種（50cc以下）は進入禁止。","kind":"motorroad","src":"© OpenStreetMap contributors (ODbL)","confidence":"osm"}},{"type":"Feature","geometry":{"type":"LineString","coordinates":[[135.11152,34.71729],[135.11305,34.71908],[135.11574,34.72094]]},"properties":{"layer":"expressway","city":"神戸市","title":"阪神高速7号北神戸線","detail":"高速道路・自動車専用道路。原付一種（50cc以下）は進入禁止。","kind":"motorroad","src":"© OpenStreetMap contributors (ODbL)","confidence":"osm"}},{"type":"Feature","geometry":{"type":"LineString","coordinates":[[135.2214,34.78956],[135.22353,34.79052]]},"properties":{"layer":"expressway","city":"神戸市","title":"阪神高速7号北神戸線","detail":"高速道路・自動車専用道路。原付一種（50cc以下）は進入禁止。","kind":"motorroad","src":"© OpenStreetMap contributors (ODbL)","confidence":"osm"}},{"type":"Feature","geometry":{"type":"LineString","coordinates":[[135.15516,34.75575],[135.15613,34.75612]]},"properties":{"layer":"expressway","city":"神戸市","title":"阪神高速7号北神戸線","detail":"高速道路・自動車専用道路。原付一種（50cc以下）は進入禁止。","kind":"motorroad","src":"© OpenStreetMap contributors (ODbL)","confidence":"osm"}},{"type":"Feature","geometry":{"type":"LineString","coordinates":[[135.17599,34.76088],[135.1778,34.76139],[135.17925,34.7616],[135.18314,34.76152]]},"properties":{"layer":"expressway","city":"神戸市","title":"阪神高速7号北神戸線","detail":"高速道路・自動車専用道路。原付一種（50cc以下）は進入禁止。","kind":"motorroad","src":"© OpenStreetMap contributors (ODbL)","confidence":"osm"}},{"type":"Feature","geometry":{"type":"LineString","coordinates":[[135.16097,34.75869],[135.16349,34.75937],[135.16675,34.75997],[135.17213,34.76021]]},"properties":{"layer":"expressway","city":"神戸市","title":"阪神高速7号北神戸線","detail":"高速道路・自動車専用道路。原付一種（50cc以下）は進入禁止。","kind":"motorroad","src":"© OpenStreetMap contributors (ODbL)","confidence":"osm"}},{"type":"Feature","geometry":{"type":"LineString","coordinates":[[135.22717,34.79886],[135.22729,34.79839]]},"properties":{"layer":"expressway","city":"神戸市","title":"阪神高速7号北神戸線北延伸線","detail":"高速道路・自動車専用道路。原付一種（50cc以下）は進入禁止。","kind":"motorroad","src":"© OpenStreetMap contributors (ODbL)","confidence":"osm"}},{"type":"Feature","geometry":{"type":"LineString","coordinates":[[135.10742,34.71456],[135.10753,34.71434],[135.10781,34.7143],[135.10882,34.71497],[135.10946,34.71504]]},"properties":{"layer":"expressway","city":"神戸市","title":"阪神高速7号北神戸線","detail":"高速道路・自動車専用道路。原付一種（50cc以下）は進入禁止。","kind":"motorroad","src":"© OpenStreetMap contributors (ODbL)","confidence":"osm"}},{"type":"Feature","geometry":{"type":"LineString","coordinates":[[135.20337,34.77047],[135.21016,34.7731],[135.2123,34.77448],[135.21387,34.77644],[135.2173,34.78368]]},"properties":{"layer":"expressway","city":"神戸市","title":"阪神高速7号北神戸線;新唐櫃トンネル","detail":"高速道路・自動車専用道路。原付一種（50cc以下）は進入禁止。","kind":"motorroad","src":"© OpenStreetMap contributors (ODbL)","confidence":"osm"}},{"type":"Feature","geometry":{"type":"LineString","coordinates":[[135.15712,34.75887],[135.15586,34.76083],[135.15604,34.76152]]},"properties":{"layer":"expressway","city":"神戸市","title":"阪神高速７号北神戸線","detail":"高速道路・自動車専用道路。原付一種（50cc以下）は進入禁止。","kind":"motorroad","src":"© OpenStreetMap contributors (ODbL)","confidence":"osm"}},{"type":"Feature","geometry":{"type":"LineString","coordinates":[[135.10837,34.71323],[135.10867,34.713],[135.10896,34.71302],[135.10907,34.71338],[135.10861,34.71346],[135.10503,34.71136]]},"properties":{"layer":"expressway","city":"神戸市","title":"阪神高速7号北神戸線","detail":"高速道路・自動車専用道路。原付一種（50cc以下）は進入禁止。","kind":"motorroad","src":"© OpenStreetMap contributors (ODbL)","confidence":"osm"}},{"type":"Feature","geometry":{"type":"LineString","coordinates":[[135.17211,34.76011],[135.16689,34.7599],[135.16156,34.75879]]},"properties":{"layer":"expressway","city":"神戸市","title":"阪神高速7号北神戸線","detail":"高速道路・自動車専用道路。原付一種（50cc以下）は進入禁止。","kind":"motorroad","src":"© OpenStreetMap contributors (ODbL)","confidence":"osm"}},{"type":"Feature","geometry":{"type":"LineString","coordinates":[[135.21755,34.78345],[135.21415,34.77634],[135.21294,34.77466],[135.21177,34.77366],[135.21033,34.77285],[135.20426,34.77058]]},"properties":{"layer":"expressway","city":"神戸市","title":"阪神高速7号北神戸線;新唐櫃トンネル","detail":"高速道路・自動車専用道路。原付一種（50cc以下）は進入禁止。","kind":"motorroad","src":"© OpenStreetMap contributors (ODbL)","confidence":"osm"}},{"type":"Feature","geometry":{"type":"LineString","coordinates":[[135.12896,34.73287],[135.12946,34.73197]]},"properties":{"layer":"expressway","city":"神戸市","title":"阪神高速７号北神戸線","detail":"高速道路・自動車専用道路。原付一種（50cc以下）は進入禁止。","kind":"motorroad","src":"© OpenStreetMap contributors (ODbL)","confidence":"osm"}},{"type":"Feature","geometry":{"type":"LineString","coordinates":[[135.12783,34.73218],[135.12826,34.73266],[135.12828,34.73324],[135.12716,34.73534]]},"properties":{"layer":"expressway","city":"神戸市","title":"阪神高速７号北神戸線","detail":"高速道路・自動車専用道路。原付一種（50cc以下）は進入禁止。","kind":"motorroad","src":"© OpenStreetMap contributors (ODbL)","confidence":"osm"}},{"type":"Feature","geometry":{"type":"LineString","coordinates":[[135.12865,34.73119],[135.12845,34.73198],[135.12807,34.73209],[135.12776,34.73196],[135.12754,34.73154],[135.12744,34.73035]]},"properties":{"layer":"expressway","city":"神戸市","title":"阪神高速７号北神戸線","detail":"高速道路・自動車専用道路。原付一種（50cc以下）は進入禁止。","kind":"motorroad","src":"© OpenStreetMap contributors (ODbL)","confidence":"osm"}},{"type":"Feature","geometry":{"type":"LineString","coordinates":[[135.20426,34.77058],[135.20343,34.77028]]},"properties":{"layer":"expressway","city":"神戸市","title":"阪神高速7号北神戸線","detail":"高速道路・自動車専用道路。原付一種（50cc以下）は進入禁止。","kind":"motorroad","src":"© OpenStreetMap contributors (ODbL)","confidence":"osm"}},{"type":"Feature","geometry":{"type":"LineString","coordinates":[[135.2172,34.78438],[135.21701,34.78433]]},"properties":{"layer":"expressway","city":"神戸市","title":"阪神高速７号北神戸線","detail":"高速道路・自動車専用道路。原付一種（50cc以下）は進入禁止。","kind":"motorroad","src":"© OpenStreetMap contributors (ODbL)","confidence":"osm"}},{"type":"Feature","geometry":{"type":"LineString","coordinates":[[135.20699,34.77272],[135.2066,34.77229]]},"properties":{"layer":"expressway","city":"神戸市","title":"阪神高速７号北神戸線","detail":"高速道路・自動車専用道路。原付一種（50cc以下）は進入禁止。","kind":"motorroad","src":"© OpenStreetMap contributors (ODbL)","confidence":"osm"}},{"type":"Feature","geometry":{"type":"LineString","coordinates":[[135.14178,34.75331],[135.14248,34.75382]]},"properties":{"layer":"expressway","city":"神戸市","title":"阪神高速7号北神戸線","detail":"高速道路・自動車専用道路。原付一種（50cc以下）は進入禁止。","kind":"motorroad","src":"© OpenStreetMap contributors (ODbL)","confidence":"osm"}},{"type":"Feature","geometry":{"type":"LineString","coordinates":[[135.20742,34.77314],[135.2073,34.773]]},"properties":{"layer":"expressway","city":"神戸市","title":"阪神高速７号北神戸線","detail":"高速道路・自動車専用道路。原付一種（50cc以下）は進入禁止。","kind":"motorroad","src":"© OpenStreetMap contributors (ODbL)","confidence":"osm"}},{"type":"Feature","geometry":{"type":"LineString","coordinates":[[135.15814,34.75765],[135.15715,34.75882]]},"properties":{"layer":"expressway","city":"神戸市","title":"阪神高速7号北神戸線","detail":"高速道路・自動車専用道路。原付一種（50cc以下）は進入禁止。","kind":"motorroad","src":"© OpenStreetMap contributors (ODbL)","confidence":"osm"}},{"type":"Feature","geometry":{"type":"LineString","coordinates":[[135.10806,34.71355],[135.10837,34.71323]]},"properties":{"layer":"expressway","city":"神戸市","title":"阪神高速7号北神戸線","detail":"高速道路・自動車専用道路。原付一種（50cc以下）は進入禁止。","kind":"motorroad","src":"© OpenStreetMap contributors (ODbL)","confidence":"osm"}},{"type":"Feature","geometry":{"type":"LineString","coordinates":[[135.2073,34.773],[135.20699,34.77272]]},"properties":{"layer":"expressway","city":"神戸市","title":"阪神高速７号北神戸線","detail":"高速道路・自動車専用道路。原付一種（50cc以下）は進入禁止。","kind":"motorroad","src":"© OpenStreetMap contributors (ODbL)","confidence":"osm"}},{"type":"Feature","geometry":{"type":"LineString","coordinates":[[135.21689,34.78438],[135.21709,34.78447]]},"properties":{"layer":"expressway","city":"神戸市","title":"阪神高速７号北神戸線","detail":"高速道路・自動車専用道路。原付一種（50cc以下）は進入禁止。","kind":"motorroad","src":"© OpenStreetMap contributors (ODbL)","confidence":"osm"}},{"type":"Feature","geometry":{"type":"LineString","coordinates":[[135.1076,34.714],[135.10779,34.71381]]},"properties":{"layer":"expressway","city":"神戸市","title":"阪神高速7号北神戸線","detail":"高速道路・自動車専用道路。原付一種（50cc以下）は進入禁止。","kind":"motorroad","src":"© OpenStreetMap contributors (ODbL)","confidence":"osm"}},{"type":"Feature","geometry":{"type":"LineString","coordinates":[[135.21491,34.78357],[135.21504,34.78364]]},"properties":{"layer":"expressway","city":"神戸市","title":"阪神高速７号北神戸線","detail":"高速道路・自動車専用道路。原付一種（50cc以下）は進入禁止。","kind":"motorroad","src":"© OpenStreetMap contributors (ODbL)","confidence":"osm"}},{"type":"Feature","geometry":{"type":"LineString","coordinates":[[135.10779,34.71381],[135.10806,34.71355]]},"properties":{"layer":"expressway","city":"神戸市","title":"阪神高速7号北神戸線","detail":"高速道路・自動車専用道路。原付一種（50cc以下）は進入禁止。","kind":"motorroad","src":"© OpenStreetMap contributors (ODbL)","confidence":"osm"}},{"type":"Feature","geometry":{"type":"LineString","coordinates":[[135.12854,34.72963],[135.12751,34.72839]]},"properties":{"layer":"expressway","city":"神戸市","title":"阪神高速7号北神戸線","detail":"高速道路・自動車専用道路。原付一種（50cc以下）は進入禁止。","kind":"motorroad","src":"© OpenStreetMap contributors (ODbL)","confidence":"osm"}},{"type":"Feature","geometry":{"type":"LineString","coordinates":[[135.10954,34.713],[135.1091,34.71278],[135.10793,34.71292],[135.10719,34.71258]]},"properties":{"layer":"expressway","city":"神戸市","title":"阪神高速7号北神戸線","detail":"高速道路・自動車専用道路。原付一種（50cc以下）は進入禁止。","kind":"motorroad","src":"© OpenStreetMap contributors (ODbL)","confidence":"osm"}},{"type":"Feature","geometry":{"type":"LineString","coordinates":[[135.11056,34.71581],[135.11152,34.71729]]},"properties":{"layer":"expressway","city":"神戸市","title":"阪神高速7号北神戸線","detail":"高速道路・自動車専用道路。原付一種（50cc以下）は進入禁止。","kind":"motorroad","src":"© OpenStreetMap contributors (ODbL)","confidence":"osm"}},{"type":"Feature","geometry":{"type":"LineString","coordinates":[[135.23084,34.79791],[135.23116,34.79766]]},"properties":{"layer":"expressway","city":"神戸市","title":"阪神高速７号北神戸線","detail":"高速道路・自動車専用道路。原付一種（50cc以下）は進入禁止。","kind":"motorroad","src":"© OpenStreetMap contributors (ODbL)","confidence":"osm"}},{"type":"Feature","geometry":{"type":"LineString","coordinates":[[135.15737,34.76138],[135.1566,34.7613]]},"properties":{"layer":"expressway","city":"神戸市","title":"阪神高速７号北神戸線","detail":"高速道路・自動車専用道路。原付一種（50cc以下）は進入禁止。","kind":"motorroad","src":"© OpenStreetMap contributors (ODbL)","confidence":"osm"}},{"type":"Feature","geometry":{"type":"LineString","coordinates":[[135.13558,34.74898],[135.13772,34.75047]]},"properties":{"layer":"expressway","city":"神戸市","title":"阪神高速7号北神戸線","detail":"高速道路・自動車専用道路。原付一種（50cc以下）は進入禁止。","kind":"motorroad","src":"© OpenStreetMap contributors (ODbL)","confidence":"osm"}},{"type":"Feature","geometry":{"type":"LineString","coordinates":[[135.21504,34.78364],[135.21643,34.78422]]},"properties":{"layer":"expressway","city":"神戸市","title":"阪神高速７号北神戸線","detail":"高速道路・自動車専用道路。原付一種（50cc以下）は進入禁止。","kind":"motorroad","src":"© OpenStreetMap contributors (ODbL)","confidence":"osm"}},{"type":"Feature","geometry":{"type":"LineString","coordinates":[[135.19178,34.76325],[135.19291,34.76339]]},"properties":{"layer":"expressway","city":"神戸市","title":"阪神高速７号北神戸線","detail":"高速道路・自動車専用道路。原付一種（50cc以下）は進入禁止。","kind":"motorroad","src":"© OpenStreetMap contributors (ODbL)","confidence":"osm"}},{"type":"Feature","geometry":{"type":"LineString","coordinates":[[135.23064,34.79749],[135.22987,34.79702]]},"properties":{"layer":"expressway","city":"神戸市","title":"阪神高速７号北神戸線","detail":"高速道路・自動車専用道路。原付一種（50cc以下）は進入禁止。","kind":"motorroad","src":"© OpenStreetMap contributors (ODbL)","confidence":"osm"}},{"type":"Feature","geometry":{"type":"LineString","coordinates":[[135.10533,34.71166],[135.10727,34.71313]]},"properties":{"layer":"expressway","city":"神戸市","title":"阪神高速7号北神戸線","detail":"高速道路・自動車専用道路。原付一種（50cc以下）は進入禁止。","kind":"motorroad","src":"© OpenStreetMap contributors (ODbL)","confidence":"osm"}},{"type":"Feature","geometry":{"type":"LineString","coordinates":[[135.1425,34.75373],[135.14179,34.7532]]},"properties":{"layer":"expressway","city":"神戸市","title":"阪神高速7号北神戸線","detail":"高速道路・自動車専用道路。原付一種（50cc以下）は進入禁止。","kind":"motorroad","src":"© OpenStreetMap contributors (ODbL)","confidence":"osm"}},{"type":"Feature","geometry":{"type":"LineString","coordinates":[[135.20576,34.77171],[135.2066,34.77229]]},"properties":{"layer":"expressway","city":"神戸市","title":"阪神高速７号北神戸線","detail":"高速道路・自動車専用道路。原付一種（50cc以下）は進入禁止。","kind":"motorroad","src":"© OpenStreetMap contributors (ODbL)","confidence":"osm"}},{"type":"Feature","geometry":{"type":"LineString","coordinates":[[135.19312,34.76334],[135.19177,34.76316]]},"properties":{"layer":"expressway","city":"神戸市","title":"阪神高速7号北神戸線","detail":"高速道路・自動車専用道路。原付一種（50cc以下）は進入禁止。","kind":"motorroad","src":"© OpenStreetMap contributors (ODbL)","confidence":"osm"}},{"type":"Feature","geometry":{"type":"LineString","coordinates":[[135.10729,34.715],[135.1076,34.714]]},"properties":{"layer":"expressway","city":"神戸市","title":"阪神高速7号北神戸線","detail":"高速道路・自動車専用道路。原付一種（50cc以下）は進入禁止。","kind":"motorroad","src":"© OpenStreetMap contributors (ODbL)","confidence":"osm"}},{"type":"Feature","geometry":{"type":"LineString","coordinates":[[135.11166,34.71722],[135.11066,34.71577]]},"properties":{"layer":"expressway","city":"神戸市","title":"阪神高速7号北神戸線","detail":"高速道路・自動車専用道路。原付一種（50cc以下）は進入禁止。","kind":"motorroad","src":"© OpenStreetMap contributors (ODbL)","confidence":"osm"}},{"type":"Feature","geometry":{"type":"LineString","coordinates":[[135.12917,34.73152],[135.12886,34.73043]]},"properties":{"layer":"expressway","city":"神戸市","title":"阪神高速7号北神戸線","detail":"高速道路・自動車専用道路。原付一種（50cc以下）は進入禁止。","kind":"motorroad","src":"© OpenStreetMap contributors (ODbL)","confidence":"osm"}},{"type":"Feature","geometry":{"type":"LineString","coordinates":[[135.21701,34.78433],[135.21491,34.7834]]},"properties":{"layer":"expressway","city":"神戸市","title":"阪神高速７号北神戸線","detail":"高速道路・自動車専用道路。原付一種（50cc以下）は進入禁止。","kind":"motorroad","src":"© OpenStreetMap contributors (ODbL)","confidence":"osm"}},{"type":"Feature","geometry":{"type":"LineString","coordinates":[[135.13779,34.7504],[135.13565,34.74891]]},"properties":{"layer":"expressway","city":"神戸市","title":"阪神高速7号北神戸線","detail":"高速道路・自動車専用道路。原付一種（50cc以下）は進入禁止。","kind":"motorroad","src":"© OpenStreetMap contributors (ODbL)","confidence":"osm"}},{"type":"Feature","geometry":{"type":"LineString","coordinates":[[135.21912,34.78719],[135.21867,34.78559]]},"properties":{"layer":"expressway","city":"神戸市","title":"阪神高速７号北神戸線","detail":"高速道路・自動車専用道路。原付一種（50cc以下）は進入禁止。","kind":"motorroad","src":"© OpenStreetMap contributors (ODbL)","confidence":"osm"}},{"type":"Feature","geometry":{"type":"LineString","coordinates":[[135.2066,34.77229],[135.20584,34.77164]]},"properties":{"layer":"expressway","city":"神戸市","title":"阪神高速７号北神戸線","detail":"高速道路・自動車専用道路。原付一種（50cc以下）は進入禁止。","kind":"motorroad","src":"© OpenStreetMap contributors (ODbL)","confidence":"osm"}},{"type":"Feature","geometry":{"type":"LineString","coordinates":[[135.21643,34.78422],[135.21689,34.78438]]},"properties":{"layer":"expressway","city":"神戸市","title":"阪神高速７号北神戸線","detail":"高速道路・自動車専用道路。原付一種（50cc以下）は進入禁止。","kind":"motorroad","src":"© OpenStreetMap contributors (ODbL)","confidence":"osm"}},{"type":"Feature","geometry":{"type":"LineString","coordinates":[[135.12853,34.7303],[135.12865,34.73119]]},"properties":{"layer":"expressway","city":"神戸市","title":"阪神高速7号北神戸線","detail":"高速道路・自動車専用道路。原付一種（50cc以下）は進入禁止。","kind":"motorroad","src":"© OpenStreetMap contributors (ODbL)","confidence":"osm"}},{"type":"Feature","geometry":{"type":"LineString","coordinates":[[135.15838,34.76101],[135.15804,34.76122],[135.15717,34.76122]]},"properties":{"layer":"expressway","city":"神戸市","title":"阪神高速７号北神戸線","detail":"高速道路・自動車専用道路。原付一種（50cc以下）は進入禁止。","kind":"motorroad","src":"© OpenStreetMap contributors (ODbL)","confidence":"osm"}},{"type":"Feature","geometry":{"type":"LineString","coordinates":[[135.21315,34.78314],[135.21362,34.78294],[135.21491,34.78357]]},"properties":{"layer":"expressway","city":"神戸市","title":"阪神高速７号北神戸線","detail":"高速道路・自動車専用道路。原付一種（50cc以下）は進入禁止。","kind":"motorroad","src":"© OpenStreetMap contributors (ODbL)","confidence":"osm"}},{"type":"Feature","geometry":{"type":"LineString","coordinates":[[135.20336,34.77009],[135.20149,34.76936]]},"properties":{"layer":"expressway","city":"神戸市","title":"阪神高速７号北神戸線","detail":"高速道路・自動車専用道路。原付一種（50cc以下）は進入禁止。","kind":"motorroad","src":"© OpenStreetMap contributors (ODbL)","confidence":"osm"}},{"type":"Feature","geometry":{"type":"LineString","coordinates":[[135.22626,34.79402],[135.22692,34.79563]]},"properties":{"layer":"expressway","city":"神戸市","title":"阪神高速７号北神戸線北延伸線","detail":"高速道路・自動車専用道路。原付一種（50cc以下）は進入禁止。","kind":"motorroad","src":"© OpenStreetMap contributors (ODbL)","confidence":"osm"}},{"type":"Feature","geometry":{"type":"LineString","coordinates":[[135.12723,34.72857],[135.12824,34.72974]]},"properties":{"layer":"expressway","city":"神戸市","title":"阪神高速7号北神戸線","detail":"高速道路・自動車専用道路。原付一種（50cc以下）は進入禁止。","kind":"motorroad","src":"© OpenStreetMap contributors (ODbL)","confidence":"osm"}},{"type":"Feature","geometry":{"type":"LineString","coordinates":[[135.16156,34.75879],[135.15987,34.75799]]},"properties":{"layer":"expressway","city":"神戸市","title":"阪神高速7号北神戸線","detail":"高速道路・自動車専用道路。原付一種（50cc以下）は進入禁止。","kind":"motorroad","src":"© OpenStreetMap contributors (ODbL)","confidence":"osm"}},{"type":"Feature","geometry":{"type":"LineString","coordinates":[[135.10727,34.71313],[135.10729,34.715]]},"properties":{"layer":"expressway","city":"神戸市","title":"阪神高速7号北神戸線","detail":"高速道路・自動車専用道路。原付一種（50cc以下）は進入禁止。","kind":"motorroad","src":"© OpenStreetMap contributors (ODbL)","confidence":"osm"}},{"type":"Feature","geometry":{"type":"LineString","coordinates":[[135.12836,34.73383],[135.12896,34.73287]]},"properties":{"layer":"expressway","city":"神戸市","title":"阪神高速７号北神戸線","detail":"高速道路・自動車専用道路。原付一種（50cc以下）は進入禁止。","kind":"motorroad","src":"© OpenStreetMap contributors (ODbL)","confidence":"osm"}},{"type":"Feature","geometry":{"type":"LineString","coordinates":[[135.20136,34.76942],[135.20315,34.77052]]},"properties":{"layer":"expressway","city":"神戸市","title":"阪神高速７号北神戸線","detail":"高速道路・自動車専用道路。原付一種（50cc以下）は進入禁止。","kind":"motorroad","src":"© OpenStreetMap contributors (ODbL)","confidence":"osm"}},{"type":"Feature","geometry":{"type":"LineString","coordinates":[[135.22934,34.79724],[135.22774,34.7957]]},"properties":{"layer":"expressway","city":"神戸市","title":"阪神高速7号北神戸線","detail":"高速道路・自動車専用道路。原付一種（50cc以下）は進入禁止。","kind":"motorroad","src":"© OpenStreetMap contributors (ODbL)","confidence":"osm"}},{"type":"Feature","geometry":{"type":"LineString","coordinates":[[135.19858,34.76775],[135.20311,34.77034]]},"properties":{"layer":"expressway","city":"神戸市","title":"阪神高速7号北神戸線","detail":"高速道路・自動車専用道路。原付一種（50cc以下）は進入禁止。","kind":"motorroad","src":"© OpenStreetMap contributors (ODbL)","confidence":"osm"}},{"type":"Feature","geometry":{"type":"LineString","coordinates":[[135.22724,34.79528],[135.22764,34.79575]]},"properties":{"layer":"expressway","city":"神戸市","title":"阪神高速7号北神戸線","detail":"高速道路・自動車専用道路。原付一種（50cc以下）は進入禁止。","kind":"motorroad","src":"© OpenStreetMap contributors (ODbL)","confidence":"osm"}},{"type":"Feature","geometry":{"type":"LineString","coordinates":[[135.15573,34.75584],[135.15407,34.75537],[135.15205,34.75522]]},"properties":{"layer":"expressway","city":"神戸市","title":"阪神高速7号北神戸線","detail":"高速道路・自動車専用道路。原付一種（50cc以下）は進入禁止。","kind":"motorroad","src":"© OpenStreetMap contributors (ODbL)","confidence":"osm"}},{"type":"Feature","geometry":{"type":"LineString","coordinates":[[135.12783,34.73218],[135.12858,34.73238]]},"properties":{"layer":"expressway","city":"神戸市","title":"阪神高速７号北神戸線","detail":"高速道路・自動車専用道路。原付一種（50cc以下）は進入禁止。","kind":"motorroad","src":"© OpenStreetMap contributors (ODbL)","confidence":"osm"}},{"type":"Feature","geometry":{"type":"LineString","coordinates":[[135.22707,34.79634],[135.22706,34.79796]]},"properties":{"layer":"expressway","city":"神戸市","title":"阪神高速７号北神戸線北延伸線","detail":"高速道路・自動車専用道路。原付一種（50cc以下）は進入禁止。","kind":"motorroad","src":"© OpenStreetMap contributors (ODbL)","confidence":"osm"}},{"type":"Feature","geometry":{"type":"LineString","coordinates":[[135.10029,34.70842],[135.09974,34.70792],[135.09951,34.7071],[135.10029,34.70564]]},"properties":{"layer":"expressway","city":"神戸市","title":"阪神高速31号神戸山手線","detail":"高速道路・自動車専用道路。原付一種（50cc以下）は進入禁止。","kind":"motorroad","src":"© OpenStreetMap contributors (ODbL)","confidence":"osm"}},{"type":"Feature","geometry":{"type":"LineString","coordinates":[[135.21709,34.78447],[135.21777,34.78499],[135.21866,34.78659]]},"properties":{"layer":"expressway","city":"神戸市","title":"阪神高速７号北神戸線","detail":"高速道路・自動車専用道路。原付一種（50cc以下）は進入禁止。","kind":"motorroad","src":"© OpenStreetMap contributors (ODbL)","confidence":"osm"}},{"type":"Feature","geometry":{"type":"LineString","coordinates":[[135.1584,34.75723],[135.15621,34.75597]]},"properties":{"layer":"expressway","city":"神戸市","title":"阪神高速7号北神戸線","detail":"高速道路・自動車専用道路。原付一種（50cc以下）は進入禁止。","kind":"motorroad","src":"© OpenStreetMap contributors (ODbL)","confidence":"osm"}},{"type":"Feature","geometry":{"type":"LineString","coordinates":[[135.20584,34.77164],[135.20433,34.77053],[135.20336,34.77009]]},"properties":{"layer":"expressway","city":"神戸市","title":"阪神高速７号北神戸線","detail":"高速道路・自動車専用道路。原付一種（50cc以下）は進入禁止。","kind":"motorroad","src":"© OpenStreetMap contributors (ODbL)","confidence":"osm"}},{"type":"Feature","geometry":{"type":"LineString","coordinates":[[135.15987,34.75799],[135.15884,34.75751],[135.15814,34.75765]]},"properties":{"layer":"expressway","city":"神戸市","title":"阪神高速7号北神戸線","detail":"高速道路・自動車専用道路。原付一種（50cc以下）は進入禁止。","kind":"motorroad","src":"© OpenStreetMap contributors (ODbL)","confidence":"osm"}},{"type":"Feature","geometry":{"type":"LineString","coordinates":[[135.2032,34.77019],[135.20006,34.76861],[135.19865,34.76769]]},"properties":{"layer":"expressway","city":"神戸市","title":"阪神高速7号北神戸線","detail":"高速道路・自動車専用道路。原付一種（50cc以下）は進入禁止。","kind":"motorroad","src":"© OpenStreetMap contributors (ODbL)","confidence":"osm"}},{"type":"Feature","geometry":{"type":"LineString","coordinates":[[135.10946,34.71504],[135.1099,34.71516],[135.11052,34.71583]]},"properties":{"layer":"expressway","city":"神戸市","title":"阪神高速7号北神戸線","detail":"高速道路・自動車専用道路。原付一種（50cc以下）は進入禁止。","kind":"motorroad","src":"© OpenStreetMap contributors (ODbL)","confidence":"osm"}},{"type":"Feature","geometry":{"type":"LineString","coordinates":[[135.15206,34.75531],[135.15343,34.75536],[135.15516,34.75575]]},"properties":{"layer":"expressway","city":"神戸市","title":"阪神高速7号北神戸線","detail":"高速道路・自動車専用道路。原付一種（50cc以下）は進入禁止。","kind":"motorroad","src":"© OpenStreetMap contributors (ODbL)","confidence":"osm"}},{"type":"Feature","geometry":{"type":"LineString","coordinates":[[135.1566,34.7613],[135.15615,34.76109],[135.15609,34.76069],[135.15724,34.75887]]},"properties":{"layer":"expressway","city":"神戸市","title":"阪神高速７号北神戸線","detail":"高速道路・自動車専用道路。原付一種（50cc以下）は進入禁止。","kind":"motorroad","src":"© OpenStreetMap contributors (ODbL)","confidence":"osm"}},{"type":"Feature","geometry":{"type":"LineString","coordinates":[[135.21867,34.78559],[135.21821,34.78476],[135.2172,34.78438]]},"properties":{"layer":"expressway","city":"神戸市","title":"阪神高速７号北神戸線","detail":"高速道路・自動車専用道路。原付一種（50cc以下）は進入禁止。","kind":"motorroad","src":"© OpenStreetMap contributors (ODbL)","confidence":"osm"}},{"type":"Feature","geometry":{"type":"LineString","coordinates":[[135.20315,34.77052],[135.20576,34.77171]]},"properties":{"layer":"expressway","city":"神戸市","title":"阪神高速７号北神戸線","detail":"高速道路・自動車専用道路。原付一種（50cc以下）は進入禁止。","kind":"motorroad","src":"© OpenStreetMap contributors (ODbL)","confidence":"osm"}},{"type":"Feature","geometry":{"type":"LineString","coordinates":[[135.15724,34.75887],[135.15801,34.75809],[135.15855,34.75783],[135.16068,34.75859]]},"properties":{"layer":"expressway","city":"神戸市","title":"阪神高速7号北神戸線","detail":"高速道路・自動車専用道路。原付一種（50cc以下）は進入禁止。","kind":"motorroad","src":"© OpenStreetMap contributors (ODbL)","confidence":"osm"}},{"type":"Feature","geometry":{"type":"LineString","coordinates":[[135.12858,34.73238],[135.12898,34.73212],[135.12917,34.73152]]},"properties":{"layer":"expressway","city":"神戸市","title":"阪神高速７号北神戸線","detail":"高速道路・自動車専用道路。原付一種（50cc以下）は進入禁止。","kind":"motorroad","src":"© OpenStreetMap contributors (ODbL)","confidence":"osm"}},{"type":"Feature","geometry":{"type":"LineString","coordinates":[[135.18311,34.76143],[135.17925,34.7615],[135.17797,34.76134],[135.17602,34.7608]]},"properties":{"layer":"expressway","city":"神戸市","title":"阪神高速7号北神戸線","detail":"高速道路・自動車専用道路。原付一種（50cc以下）は進入禁止。","kind":"motorroad","src":"© OpenStreetMap contributors (ODbL)","confidence":"osm"}},{"type":"Feature","geometry":{"type":"LineString","coordinates":[[135.12747,34.7302],[135.12744,34.7303]]},"properties":{"layer":"expressway","city":"神戸市","title":"阪神高速７号北神戸線","detail":"高速道路・自動車専用道路。原付一種（50cc以下）は進入禁止。","kind":"motorroad","src":"© OpenStreetMap contributors (ODbL)","confidence":"osm"}},{"type":"Feature","geometry":{"type":"LineString","coordinates":[[135.1107,34.71575],[135.10989,34.71428]]},"properties":{"layer":"expressway","city":"神戸市","title":"阪神高速7号北神戸線","detail":"高速道路・自動車専用道路。原付一種（50cc以下）は進入禁止。","kind":"motorroad","src":"© OpenStreetMap contributors (ODbL)","confidence":"osm"}},{"type":"Feature","geometry":{"type":"LineString","coordinates":[[135.22147,34.78945],[135.22029,34.78876],[135.2195,34.78786],[135.21759,34.78353]]},"properties":{"layer":"expressway","city":"神戸市","title":"阪神高速7号北神戸線","detail":"高速道路・自動車専用道路。原付一種（50cc以下）は進入禁止。","kind":"motorroad","src":"© OpenStreetMap contributors (ODbL)","confidence":"osm"}},{"type":"Feature","geometry":{"type":"LineString","coordinates":[[135.21738,34.78385],[135.21936,34.78794],[135.22017,34.78885],[135.2214,34.78956]]},"properties":{"layer":"expressway","city":"神戸市","title":"阪神高速7号北神戸線","detail":"高速道路・自動車専用道路。原付一種（50cc以下）は進入禁止。","kind":"motorroad","src":"© OpenStreetMap contributors (ODbL)","confidence":"osm"}},{"type":"Feature","geometry":{"type":"LineString","coordinates":[[135.23009,34.79604],[135.23051,34.79652],[135.23056,34.79694],[135.23019,34.7973],[135.22957,34.79729]]},"properties":{"layer":"expressway","city":"神戸市","title":"阪神高速７号北神戸線","detail":"高速道路・自動車専用道路。原付一種（50cc以下）は進入禁止。","kind":"motorroad","src":"© OpenStreetMap contributors (ODbL)","confidence":"osm"}},{"type":"Feature","geometry":{"type":"LineString","coordinates":[[135.10029,34.70564],[135.10074,34.70505]]},"properties":{"layer":"expressway","city":"神戸市","title":"阪神高速31号神戸山手線","detail":"高速道路・自動車専用道路。原付一種（50cc以下）は進入禁止。","kind":"motorroad","src":"© OpenStreetMap contributors (ODbL)","confidence":"osm"}},{"type":"Feature","geometry":{"type":"LineString","coordinates":[[135.20733,34.86699],[135.20765,34.86689]]},"properties":{"layer":"expressway","city":"神戸市","title":"中国自動車道","detail":"高速道路・自動車専用道路。原付一種（50cc以下）は進入禁止。","kind":"motorroad","src":"© OpenStreetMap contributors (ODbL)","confidence":"osm"}},{"type":"Feature","geometry":{"type":"LineString","coordinates":[[135.2162,34.85763],[135.21603,34.85798]]},"properties":{"layer":"expressway","city":"神戸市","title":"中国自動車道","detail":"高速道路・自動車専用道路。原付一種（50cc以下）は進入禁止。","kind":"motorroad","src":"© OpenStreetMap contributors (ODbL)","confidence":"osm"}},{"type":"Feature","geometry":{"type":"LineString","coordinates":[[135.20749,34.8668],[135.20717,34.8669]]},"properties":{"layer":"expressway","city":"神戸市","title":"中国自動車道","detail":"高速道路・自動車専用道路。原付一種（50cc以下）は進入禁止。","kind":"motorroad","src":"© OpenStreetMap contributors (ODbL)","confidence":"osm"}},{"type":"Feature","geometry":{"type":"LineString","coordinates":[[135.19514,34.87518],[135.19535,34.87486]]},"properties":{"layer":"expressway","city":"神戸市","title":"中国自動車道","detail":"高速道路・自動車専用道路。原付一種（50cc以下）は進入禁止。","kind":"motorroad","src":"© OpenStreetMap contributors (ODbL)","confidence":"osm"}},{"type":"Feature","geometry":{"type":"LineString","coordinates":[[135.21942,34.84925],[135.21568,34.84934],[135.21296,34.8489]]},"properties":{"layer":"expressway","city":"神戸市","title":"神戸JCT","detail":"高速道路・自動車専用道路。原付一種（50cc以下）は進入禁止。","kind":"motorroad","src":"© OpenStreetMap contributors (ODbL)","confidence":"osm"}},{"type":"Feature","geometry":{"type":"LineString","coordinates":[[135.21667,34.84977],[135.22011,34.84987]]},"properties":{"layer":"expressway","city":"神戸市","title":"神戸JCT","detail":"高速道路・自動車専用道路。原付一種（50cc以下）は進入禁止。","kind":"motorroad","src":"© OpenStreetMap contributors (ODbL)","confidence":"osm"}},{"type":"Feature","geometry":{"type":"LineString","coordinates":[[135.23126,34.83968],[135.23093,34.83985]]},"properties":{"layer":"expressway","city":"神戸市","title":"中国自動車道","detail":"高速道路・自動車専用道路。原付一種（50cc以下）は進入禁止。","kind":"motorroad","src":"© OpenStreetMap contributors (ODbL)","confidence":"osm"}},{"type":"Feature","geometry":{"type":"LineString","coordinates":[[135.22134,34.85106],[135.22028,34.85211]]},"properties":{"layer":"expressway","city":"神戸市","title":"中国自動車道","detail":"高速道路・自動車専用道路。原付一種（50cc以下）は進入禁止。","kind":"motorroad","src":"© OpenStreetMap contributors (ODbL)","confidence":"osm"}},{"type":"Feature","geometry":{"type":"LineString","coordinates":[[135.21247,34.86406],[135.21279,34.86373]]},"properties":{"layer":"expressway","city":"神戸市","title":"中国自動車道","detail":"高速道路・自動車専用道路。原付一種（50cc以下）は進入禁止。","kind":"motorroad","src":"© OpenStreetMap contributors (ODbL)","confidence":"osm"}},{"type":"Feature","geometry":{"type":"LineString","coordinates":[[135.23088,34.84004],[135.23121,34.83987]]},"properties":{"layer":"expressway","city":"神戸市","title":"中国自動車道","detail":"高速道路・自動車専用道路。原付一種（50cc以下）は進入禁止。","kind":"motorroad","src":"© OpenStreetMap contributors (ODbL)","confidence":"osm"}},{"type":"Feature","geometry":{"type":"LineString","coordinates":[[135.21618,34.85803],[135.21634,34.85769]]},"properties":{"layer":"expressway","city":"神戸市","title":"中国自動車道","detail":"高速道路・自動車専用道路。原付一種（50cc以下）は進入禁止。","kind":"motorroad","src":"© OpenStreetMap contributors (ODbL)","confidence":"osm"}},{"type":"Feature","geometry":{"type":"LineString","coordinates":[[135.19514,34.8749],[135.19494,34.87521]]},"properties":{"layer":"expressway","city":"神戸市","title":"中国自動車道","detail":"高速道路・自動車専用道路。原付一種（50cc以下）は進入禁止。","kind":"motorroad","src":"© OpenStreetMap contributors (ODbL)","confidence":"osm"}},{"type":"Feature","geometry":{"type":"LineString","coordinates":[[135.22815,34.84175],[135.22683,34.84316]]},"properties":{"layer":"expressway","city":"神戸市","title":"中国自動車道","detail":"高速道路・自動車専用道路。原付一種（50cc以下）は進入禁止。","kind":"motorroad","src":"© OpenStreetMap contributors (ODbL)","confidence":"osm"}},{"type":"Feature","geometry":{"type":"LineString","coordinates":[[135.22696,34.84324],[135.22818,34.84193]]},"properties":{"layer":"expressway","city":"神戸市","title":"中国自動車道","detail":"高速道路・自動車専用道路。原付一種（50cc以下）は進入禁止。","kind":"motorroad","src":"© OpenStreetMap contributors (ODbL)","confidence":"osm"}},{"type":"Feature","geometry":{"type":"LineString","coordinates":[[135.22016,34.85204],[135.21882,34.85362]]},"properties":{"layer":"expressway","city":"神戸市","title":"神戸JCT","detail":"高速道路・自動車専用道路。原付一種（50cc以下）は進入禁止。","kind":"motorroad","src":"© OpenStreetMap contributors (ODbL)","confidence":"osm"}},{"type":"Feature","geometry":{"type":"LineString","coordinates":[[135.22032,34.85229],[135.22147,34.85115]]},"properties":{"layer":"expressway","city":"神戸市","title":"中国自動車道","detail":"高速道路・自動車専用道路。原付一種（50cc以下）は進入禁止。","kind":"motorroad","src":"© OpenStreetMap contributors (ODbL)","confidence":"osm"}},{"type":"Feature","geometry":{"type":"LineString","coordinates":[[135.22683,34.84316],[135.22596,34.84437]]},"properties":{"layer":"expressway","city":"神戸市","title":"中国自動車道","detail":"高速道路・自動車専用道路。原付一種（50cc以下）は進入禁止。","kind":"motorroad","src":"© OpenStreetMap contributors (ODbL)","confidence":"osm"}},{"type":"Feature","geometry":{"type":"LineString","coordinates":[[135.22147,34.85115],[135.22243,34.85014]]},"properties":{"layer":"expressway","city":"神戸市","title":"中国自動車道","detail":"高速道路・自動車専用道路。原付一種（50cc以下）は進入禁止。","kind":"motorroad","src":"© OpenStreetMap contributors (ODbL)","confidence":"osm"}},{"type":"Feature","geometry":{"type":"LineString","coordinates":[[135.19535,34.87486],[135.19733,34.87072],[135.19814,34.86975],[135.19907,34.86902],[135.20138,34.86805],[135.20733,34.86699]]},"properties":{"layer":"expressway","city":"神戸市","title":"中国自動車道","detail":"高速道路・自動車専用道路。原付一種（50cc以下）は進入禁止。","kind":"motorroad","src":"© OpenStreetMap contributors (ODbL)","confidence":"osm"}},{"type":"Feature","geometry":{"type":"LineString","coordinates":[[135.21634,34.85769],[135.21723,34.85602],[135.21858,34.85413]]},"properties":{"layer":"expressway","city":"神戸市","title":"中国自動車道","detail":"高速道路・自動車専用道路。原付一種（50cc以下）は進入禁止。","kind":"motorroad","src":"© OpenStreetMap contributors (ODbL)","confidence":"osm"}},{"type":"Feature","geometry":{"type":"LineString","coordinates":[[135.23022,34.84024],[135.22815,34.84175]]},"properties":{"layer":"expressway","city":"神戸市","title":"中国自動車道","detail":"高速道路・自動車専用道路。原付一種（50cc以下）は進入禁止。","kind":"motorroad","src":"© OpenStreetMap contributors (ODbL)","confidence":"osm"}},{"type":"Feature","geometry":{"type":"LineString","coordinates":[[135.22818,34.84193],[135.23088,34.84004]]},"properties":{"layer":"expressway","city":"神戸市","title":"中国自動車道","detail":"高速道路・自動車専用道路。原付一種（50cc以下）は進入禁止。","kind":"motorroad","src":"© OpenStreetMap contributors (ODbL)","confidence":"osm"}},{"type":"Feature","geometry":{"type":"LineString","coordinates":[[135.20765,34.86689],[135.21012,34.86581],[135.21195,34.86454]]},"properties":{"layer":"expressway","city":"神戸市","title":"中国自動車道","detail":"高速道路・自動車専用道路。原付一種（50cc以下）は進入禁止。","kind":"motorroad","src":"© OpenStreetMap contributors (ODbL)","confidence":"osm"}},{"type":"Feature","geometry":{"type":"LineString","coordinates":[[135.21279,34.86373],[135.21444,34.86149],[135.21618,34.85803]]},"properties":{"layer":"expressway","city":"神戸市","title":"中国自動車道","detail":"高速道路・自動車専用道路。原付一種（50cc以下）は進入禁止。","kind":"motorroad","src":"© OpenStreetMap contributors (ODbL)","confidence":"osm"}},{"type":"Feature","geometry":{"type":"LineString","coordinates":[[135.23121,34.83987],[135.23316,34.83907],[135.23541,34.83849]]},"properties":{"layer":"expressway","city":"神戸市","title":"中国自動車道","detail":"高速道路・自動車専用道路。原付一種（50cc以下）は進入禁止。","kind":"motorroad","src":"© OpenStreetMap contributors (ODbL)","confidence":"osm"}},{"type":"Feature","geometry":{"type":"LineString","coordinates":[[135.2022,34.80618],[135.20252,34.80611]]},"properties":{"layer":"expressway","city":"神戸市","title":"阪神高速7号北神戸線北延伸線","detail":"高速道路・自動車専用道路。原付一種（50cc以下）は進入禁止。","kind":"motorroad","src":"© OpenStreetMap contributors (ODbL)","confidence":"osm"}},{"type":"Feature","geometry":{"type":"LineString","coordinates":[[135.2001,34.80723],[135.20031,34.80708]]},"properties":{"layer":"expressway","city":"神戸市","title":"阪神高速7号北神戸線北延伸線","detail":"高速道路・自動車専用道路。原付一種（50cc以下）は進入禁止。","kind":"motorroad","src":"© OpenStreetMap contributors (ODbL)","confidence":"osm"}},{"type":"Feature","geometry":{"type":"LineString","coordinates":[[135.1999,34.8073],[135.19922,34.80781]]},"properties":{"layer":"expressway","city":"神戸市","title":"阪神高速7号北神戸線北延伸線","detail":"高速道路・自動車専用道路。原付一種（50cc以下）は進入禁止。","kind":"motorroad","src":"© OpenStreetMap contributors (ODbL)","confidence":"osm"}},{"type":"Feature","geometry":{"type":"LineString","coordinates":[[135.19727,34.84372],[135.19799,34.84337]]},"properties":{"layer":"expressway","city":"神戸市","title":"自動車専用道路","detail":"高速道路・自動車専用道路。原付一種（50cc以下）は進入禁止。","kind":"motorroad","src":"© OpenStreetMap contributors (ODbL)","confidence":"osm"}},{"type":"Feature","geometry":{"type":"LineString","coordinates":[[135.0998,34.82035],[135.10288,34.82111]]},"properties":{"layer":"expressway","city":"神戸市","title":"山陽自動車道","detail":"高速道路・自動車専用道路。原付一種（50cc以下）は進入禁止。","kind":"motorroad","src":"© OpenStreetMap contributors (ODbL)","confidence":"osm"}},{"type":"Feature","geometry":{"type":"LineString","coordinates":[[135.20895,34.84707],[135.2082,34.84662]]},"properties":{"layer":"expressway","city":"神戸市","title":"山陽自動車道","detail":"高速道路・自動車専用道路。原付一種（50cc以下）は進入禁止。","kind":"motorroad","src":"© OpenStreetMap contributors (ODbL)","confidence":"osm"}},{"type":"Feature","geometry":{"type":"LineString","coordinates":[[135.11522,34.82045],[135.1134,34.82059]]},"properties":{"layer":"expressway","city":"神戸市","title":"山陽自動車道","detail":"高速道路・自動車専用道路。原付一種（50cc以下）は進入禁止。","kind":"motorroad","src":"© OpenStreetMap contributors (ODbL)","confidence":"osm"}},{"type":"Feature","geometry":{"type":"LineString","coordinates":[[135.11342,34.82069],[135.11522,34.82056]]},"properties":{"layer":"expressway","city":"神戸市","title":"山陽自動車道","detail":"高速道路・自動車専用道路。原付一種（50cc以下）は進入禁止。","kind":"motorroad","src":"© OpenStreetMap contributors (ODbL)","confidence":"osm"}},{"type":"Feature","geometry":{"type":"LineString","coordinates":[[135.10291,34.821],[135.09965,34.8202]]},"properties":{"layer":"expressway","city":"神戸市","title":"山陽自動車道","detail":"高速道路・自動車専用道路。原付一種（50cc以下）は進入禁止。","kind":"motorroad","src":"© OpenStreetMap contributors (ODbL)","confidence":"osm"}},{"type":"Feature","geometry":{"type":"LineString","coordinates":[[135.16249,34.83169],[135.16595,34.8309]]},"properties":{"layer":"expressway","city":"神戸市","title":"山陽自動車道","detail":"高速道路・自動車専用道路。原付一種（50cc以下）は進入禁止。","kind":"motorroad","src":"© OpenStreetMap contributors (ODbL)","confidence":"osm"}},{"type":"Feature","geometry":{"type":"LineString","coordinates":[[135.16588,34.83079],[135.16247,34.83158]]},"properties":{"layer":"expressway","city":"神戸市","title":"山陽自動車道","detail":"高速道路・自動車専用道路。原付一種（50cc以下）は進入禁止。","kind":"motorroad","src":"© OpenStreetMap contributors (ODbL)","confidence":"osm"}},{"type":"Feature","geometry":{"type":"LineString","coordinates":[[135.13513,34.82075],[135.13411,34.82092]]},"properties":{"layer":"expressway","city":"神戸市","title":"山陽自動車道","detail":"高速道路・自動車専用道路。原付一種（50cc以下）は進入禁止。","kind":"motorroad","src":"© OpenStreetMap contributors (ODbL)","confidence":"osm"}},{"type":"Feature","geometry":{"type":"LineString","coordinates":[[135.1985,34.83993],[135.19816,34.84034]]},"properties":{"layer":"expressway","city":"神戸市","title":"自動車専用道路","detail":"高速道路・自動車専用道路。原付一種（50cc以下）は進入禁止。","kind":"motorroad","src":"© OpenStreetMap contributors (ODbL)","confidence":"osm"}},{"type":"Feature","geometry":{"type":"LineString","coordinates":[[135.13414,34.82104],[135.13515,34.82086]]},"properties":{"layer":"expressway","city":"神戸市","title":"山陽自動車道","detail":"高速道路・自動車専用道路。原付一種（50cc以下）は進入禁止。","kind":"motorroad","src":"© OpenStreetMap contributors (ODbL)","confidence":"osm"}},{"type":"Feature","geometry":{"type":"LineString","coordinates":[[135.1272,34.82215],[135.13088,34.82174]]},"properties":{"layer":"expressway","city":"神戸市","title":"山陽自動車道","detail":"高速道路・自動車専用道路。原付一種（50cc以下）は進入禁止。","kind":"motorroad","src":"© OpenStreetMap contributors (ODbL)","confidence":"osm"}},{"type":"Feature","geometry":{"type":"LineString","coordinates":[[135.13087,34.82163],[135.12718,34.82204]]},"properties":{"layer":"expressway","city":"神戸市","title":"山陽自動車道","detail":"高速道路・自動車専用道路。原付一種（50cc以下）は進入禁止。","kind":"motorroad","src":"© OpenStreetMap contributors (ODbL)","confidence":"osm"}},{"type":"Feature","geometry":{"type":"LineString","coordinates":[[135.16247,34.83158],[135.1603,34.83177],[135.1584,34.83173],[135.15651,34.83141],[135.15468,34.83081],[135.15249,34.82971],[135.15078,34.82856],[135.14903,34.827],[135.1459,34.82373],[135.14372,34.82221],[135.14158,34.8213],[135.13963,34.82081],[135.13711,34.82061],[135.13513,34.82075]]},"properties":{"layer":"expressway","city":"神戸市","title":"山陽自動車道","detail":"高速道路・自動車専用道路。原付一種（50cc以下）は進入禁止。","kind":"motorroad","src":"© OpenStreetMap contributors (ODbL)","confidence":"osm"}},{"type":"Feature","geometry":{"type":"LineString","coordinates":[[135.13515,34.82086],[135.1371,34.82072],[135.13902,34.82083],[135.14097,34.82122],[135.14314,34.82204],[135.14581,34.8238],[135.14892,34.82707],[135.15069,34.82864],[135.15241,34.82979],[135.15462,34.8309],[135.15647,34.83151],[135.15837,34.83183],[135.1603,34.83188],[135.16249,34.83169]]},"properties":{"layer":"expressway","city":"神戸市","title":"山陽自動車道","detail":"高速道路・自動車専用道路。原付一種（50cc以下）は進入禁止。","kind":"motorroad","src":"© OpenStreetMap contributors (ODbL)","confidence":"osm"}},{"type":"Feature","geometry":{"type":"LineString","coordinates":[[135.13088,34.82174],[135.13414,34.82104]]},"properties":{"layer":"expressway","city":"神戸市","title":"山陽自動車道","detail":"高速道路・自動車専用道路。原付一種（50cc以下）は進入禁止。","kind":"motorroad","src":"© OpenStreetMap contributors (ODbL)","confidence":"osm"}},{"type":"Feature","geometry":{"type":"LineString","coordinates":[[135.13411,34.82092],[135.13087,34.82163]]},"properties":{"layer":"expressway","city":"神戸市","title":"山陽自動車道","detail":"高速道路・自動車専用道路。原付一種（50cc以下）は進入禁止。","kind":"motorroad","src":"© OpenStreetMap contributors (ODbL)","confidence":"osm"}},{"type":"Feature","geometry":{"type":"LineString","coordinates":[[135.11522,34.82056],[135.11857,34.82075],[135.12389,34.82186],[135.1272,34.82215]]},"properties":{"layer":"expressway","city":"神戸市","title":"山陽自動車道","detail":"高速道路・自動車専用道路。原付一種（50cc以下）は進入禁止。","kind":"motorroad","src":"© OpenStreetMap contributors (ODbL)","confidence":"osm"}},{"type":"Feature","geometry":{"type":"LineString","coordinates":[[135.12718,34.82204],[135.12392,34.82175],[135.11858,34.82064],[135.11522,34.82045]]},"properties":{"layer":"expressway","city":"神戸市","title":"山陽自動車道","detail":"高速道路・自動車専用道路。原付一種（50cc以下）は進入禁止。","kind":"motorroad","src":"© OpenStreetMap contributors (ODbL)","confidence":"osm"}},{"type":"Feature","geometry":{"type":"LineString","coordinates":[[135.10288,34.82111],[135.1051,34.82138],[135.10737,34.82141],[135.11342,34.82069]]},"properties":{"layer":"expressway","city":"神戸市","title":"山陽自動車道","detail":"高速道路・自動車専用道路。原付一種（50cc以下）は進入禁止。","kind":"motorroad","src":"© OpenStreetMap contributors (ODbL)","confidence":"osm"}},{"type":"Feature","geometry":{"type":"LineString","coordinates":[[135.1134,34.82059],[135.10738,34.8213],[135.10511,34.82127],[135.10291,34.821]]},"properties":{"layer":"expressway","city":"神戸市","title":"山陽自動車道","detail":"高速道路・自動車専用道路。原付一種（50cc以下）は進入禁止。","kind":"motorroad","src":"© OpenStreetMap contributors (ODbL)","confidence":"osm"}},{"type":"Feature","geometry":{"type":"LineString","coordinates":[[135.22144,34.80396],[135.22159,34.80391]]},"properties":{"layer":"expressway","city":"神戸市","title":"阪神高速7号北神戸線北延伸線","detail":"高速道路・自動車専用道路。原付一種（50cc以下）は進入禁止。","kind":"motorroad","src":"© OpenStreetMap contributors (ODbL)","confidence":"osm"}},{"type":"Feature","geometry":{"type":"LineString","coordinates":[[135.20302,34.80594],[135.2025,34.80605]]},"properties":{"layer":"expressway","city":"神戸市","title":"阪神高速7号北神戸線北延伸線","detail":"高速道路・自動車専用道路。原付一種（50cc以下）は進入禁止。","kind":"motorroad","src":"© OpenStreetMap contributors (ODbL)","confidence":"osm"}},{"type":"Feature","geometry":{"type":"LineString","coordinates":[[135.20413,34.80586],[135.2062,34.80558]]},"properties":{"layer":"expressway","city":"神戸市","title":"阪神高速7号北神戸線北延伸線","detail":"高速道路・自動車専用道路。原付一種（50cc以下）は進入禁止。","kind":"motorroad","src":"© OpenStreetMap contributors (ODbL)","confidence":"osm"}},{"type":"Feature","geometry":{"type":"LineString","coordinates":[[135.20619,34.8055],[135.20413,34.80576]]},"properties":{"layer":"expressway","city":"神戸市","title":"阪神高速7号北神戸線北延伸線","detail":"高速道路・自動車専用道路。原付一種（50cc以下）は進入禁止。","kind":"motorroad","src":"© OpenStreetMap contributors (ODbL)","confidence":"osm"}},{"type":"Feature","geometry":{"type":"LineString","coordinates":[[135.21328,34.80516],[135.21178,34.80523]]},"properties":{"layer":"expressway","city":"神戸市","title":"阪神高速7号北神戸線北延伸線","detail":"高速道路・自動車専用道路。原付一種（50cc以下）は進入禁止。","kind":"motorroad","src":"© OpenStreetMap contributors (ODbL)","confidence":"osm"}},{"type":"Feature","geometry":{"type":"LineString","coordinates":[[135.20825,34.80544],[135.21137,34.80533]]},"properties":{"layer":"expressway","city":"神戸市","title":"阪神高速7号北神戸線北延伸線","detail":"高速道路・自動車専用道路。原付一種（50cc以下）は進入禁止。","kind":"motorroad","src":"© OpenStreetMap contributors (ODbL)","confidence":"osm"}},{"type":"Feature","geometry":{"type":"LineString","coordinates":[[135.21331,34.80524],[135.21804,34.80472],[135.22144,34.80396]]},"properties":{"layer":"expressway","city":"神戸市","title":"阪神高速７号北神戸線北延伸線","detail":"高速道路・自動車専用道路。原付一種（50cc以下）は進入禁止。","kind":"motorroad","src":"© OpenStreetMap contributors (ODbL)","confidence":"osm"}},{"type":"Feature","geometry":{"type":"LineString","coordinates":[[135.22132,34.80376],[135.21792,34.80466],[135.21328,34.80516]]},"properties":{"layer":"expressway","city":"神戸市","title":"阪神高速７号北神戸線北延伸線","detail":"高速道路・自動車専用道路。原付一種（50cc以下）は進入禁止。","kind":"motorroad","src":"© OpenStreetMap contributors (ODbL)","confidence":"osm"}},{"type":"Feature","geometry":{"type":"LineString","coordinates":[[135.21442,34.80377],[135.21452,34.8043],[135.21497,34.80482],[135.21568,34.80516],[135.21658,34.80525]]},"properties":{"layer":"expressway","city":"神戸市","title":"阪神高速７号北神戸線北延伸線","detail":"高速道路・自動車専用道路。原付一種（50cc以下）は進入禁止。","kind":"motorroad","src":"© OpenStreetMap contributors (ODbL)","confidence":"osm"}},{"type":"Feature","geometry":{"type":"LineString","coordinates":[[135.21735,34.80462],[135.21677,34.80472]]},"properties":{"layer":"expressway","city":"神戸市","title":"阪神高速７号北神戸線北延伸線","detail":"高速道路・自動車専用道路。原付一種（50cc以下）は進入禁止。","kind":"motorroad","src":"© OpenStreetMap contributors (ODbL)","confidence":"osm"}},{"type":"Feature","geometry":{"type":"LineString","coordinates":[[135.2179,34.8049],[135.21973,34.80438]]},"properties":{"layer":"expressway","city":"神戸市","title":"阪神高速７号北神戸線北延伸線","detail":"高速道路・自動車専用道路。原付一種（50cc以下）は進入禁止。","kind":"motorroad","src":"© OpenStreetMap contributors (ODbL)","confidence":"osm"}},{"type":"Feature","geometry":{"type":"LineString","coordinates":[[135.21658,34.80525],[135.21682,34.80521]]},"properties":{"layer":"expressway","city":"神戸市","title":"阪神高速７号北神戸線北延伸線","detail":"高速道路・自動車専用道路。原付一種（50cc以下）は進入禁止。","kind":"motorroad","src":"© OpenStreetMap contributors (ODbL)","confidence":"osm"}},{"type":"Feature","geometry":{"type":"LineString","coordinates":[[135.21437,34.80489],[135.21451,34.80488]]},"properties":{"layer":"expressway","city":"神戸市","title":"阪神高速７号北神戸線北延伸線","detail":"高速道路・自動車専用道路。原付一種（50cc以下）は進入禁止。","kind":"motorroad","src":"© OpenStreetMap contributors (ODbL)","confidence":"osm"}},{"type":"Feature","geometry":{"type":"LineString","coordinates":[[135.21682,34.80521],[135.2179,34.8049]]},"properties":{"layer":"expressway","city":"神戸市","title":"阪神高速７号北神戸線北延伸線","detail":"高速道路・自動車専用道路。原付一種（50cc以下）は進入禁止。","kind":"motorroad","src":"© OpenStreetMap contributors (ODbL)","confidence":"osm"}},{"type":"Feature","geometry":{"type":"LineString","coordinates":[[135.20254,34.80616],[135.20295,34.80607]]},"properties":{"layer":"expressway","city":"神戸市","title":"阪神高速7号北神戸線北延伸線","detail":"高速道路・自動車専用道路。原付一種（50cc以下）は進入禁止。","kind":"motorroad","src":"© OpenStreetMap contributors (ODbL)","confidence":"osm"}},{"type":"Feature","geometry":{"type":"LineString","coordinates":[[135.20215,34.80612],[135.20175,34.80622]]},"properties":{"layer":"expressway","city":"神戸市","title":"阪神高速7号北神戸線北延伸線","detail":"高速道路・自動車専用道路。原付一種（50cc以下）は進入禁止。","kind":"motorroad","src":"© OpenStreetMap contributors (ODbL)","confidence":"osm"}},{"type":"Feature","geometry":{"type":"LineString","coordinates":[[135.20413,34.80576],[135.20362,34.80584]]},"properties":{"layer":"expressway","city":"神戸市","title":"阪神高速７号北神戸線北延伸線","detail":"高速道路・自動車専用道路。原付一種（50cc以下）は進入禁止。","kind":"motorroad","src":"© OpenStreetMap contributors (ODbL)","confidence":"osm"}},{"type":"Feature","geometry":{"type":"LineString","coordinates":[[135.2062,34.80558],[135.20825,34.80544]]},"properties":{"layer":"expressway","city":"神戸市","title":"阪神高速７号北神戸線北延伸線","detail":"高速道路・自動車専用道路。原付一種（50cc以下）は進入禁止。","kind":"motorroad","src":"© OpenStreetMap contributors (ODbL)","confidence":"osm"}},{"type":"Feature","geometry":{"type":"LineString","coordinates":[[135.20824,34.80535],[135.20619,34.8055]]},"properties":{"layer":"expressway","city":"神戸市","title":"阪神高速７号北神戸線北延伸線","detail":"高速道路・自動車専用道路。原付一種（50cc以下）は進入禁止。","kind":"motorroad","src":"© OpenStreetMap contributors (ODbL)","confidence":"osm"}},{"type":"Feature","geometry":{"type":"LineString","coordinates":[[135.22065,34.80399],[135.21735,34.80462]]},"properties":{"layer":"expressway","city":"神戸市","title":"阪神高速７号北神戸線北延伸線","detail":"高速道路・自動車専用道路。原付一種（50cc以下）は進入禁止。","kind":"motorroad","src":"© OpenStreetMap contributors (ODbL)","confidence":"osm"}},{"type":"Feature","geometry":{"type":"LineString","coordinates":[[135.21677,34.80472],[135.2152,34.80468],[135.21466,34.8043],[135.21449,34.80386]]},"properties":{"layer":"expressway","city":"神戸市","title":"阪神高速７号北神戸線北延伸線","detail":"高速道路・自動車専用道路。原付一種（50cc以下）は進入禁止。","kind":"motorroad","src":"© OpenStreetMap contributors (ODbL)","confidence":"osm"}},{"type":"Feature","geometry":{"type":"LineString","coordinates":[[134.96016,34.70216],[134.96444,34.69983],[134.96608,34.69863],[134.9673,34.69744],[134.96864,34.6953],[134.97008,34.69135],[134.97117,34.68985]]},"properties":{"layer":"expressway","city":"神戸市","title":"第二神明道路","detail":"高速道路・自動車専用道路。原付一種（50cc以下）は進入禁止。","kind":"motorroad","src":"© OpenStreetMap contributors (ODbL)","confidence":"osm"}},{"type":"Feature","geometry":{"type":"LineString","coordinates":[[134.98243,34.68521],[134.98228,34.68554],[134.98173,34.68563]]},"properties":{"layer":"expressway","city":"神戸市","title":"自動車専用道路","detail":"高速道路・自動車専用道路。原付一種（50cc以下）は進入禁止。","kind":"motorroad","src":"© OpenStreetMap contributors (ODbL)","confidence":"osm"}},{"type":"Feature","geometry":{"type":"LineString","coordinates":[[134.97953,34.68542],[134.98009,34.68576],[134.98098,34.68578]]},"properties":{"layer":"expressway","city":"神戸市","title":"自動車専用道路","detail":"高速道路・自動車専用道路。原付一種（50cc以下）は進入禁止。","kind":"motorroad","src":"© OpenStreetMap contributors (ODbL)","confidence":"osm"}},{"type":"Feature","geometry":{"type":"LineString","coordinates":[[134.98258,34.68554],[134.98263,34.68513],[134.98293,34.68504],[134.98304,34.68528],[134.98274,34.68559]]},"properties":{"layer":"expressway","city":"神戸市","title":"自動車専用道路","detail":"高速道路・自動車専用道路。原付一種（50cc以下）は進入禁止。","kind":"motorroad","src":"© OpenStreetMap contributors (ODbL)","confidence":"osm"}},{"type":"Feature","geometry":{"type":"LineString","coordinates":[[134.97935,34.68515],[134.97953,34.68542]]},"properties":{"layer":"expressway","city":"神戸市","title":"自動車専用道路","detail":"高速道路・自動車専用道路。原付一種（50cc以下）は進入禁止。","kind":"motorroad","src":"© OpenStreetMap contributors (ODbL)","confidence":"osm"}},{"type":"Feature","geometry":{"type":"LineString","coordinates":[[134.9796,34.68538],[134.97942,34.6851]]},"properties":{"layer":"expressway","city":"神戸市","title":"自動車専用道路","detail":"高速道路・自動車専用道路。原付一種（50cc以下）は進入禁止。","kind":"motorroad","src":"© OpenStreetMap contributors (ODbL)","confidence":"osm"}},{"type":"Feature","geometry":{"type":"LineString","coordinates":[[134.97796,34.68616],[134.97918,34.68569],[134.98058,34.6858]]},"properties":{"layer":"expressway","city":"神戸市","title":"自動車専用道路","detail":"高速道路・自動車専用道路。原付一種（50cc以下）は進入禁止。","kind":"motorroad","src":"© OpenStreetMap contributors (ODbL)","confidence":"osm"}},{"type":"Feature","geometry":{"type":"LineString","coordinates":[[134.98113,34.68437],[134.98049,34.68453],[134.97952,34.6844],[134.97923,34.68468],[134.97935,34.68515]]},"properties":{"layer":"expressway","city":"神戸市","title":"自動車専用道路","detail":"高速道路・自動車専用道路。原付一種（50cc以下）は進入禁止。","kind":"motorroad","src":"© OpenStreetMap contributors (ODbL)","confidence":"osm"}},{"type":"Feature","geometry":{"type":"LineString","coordinates":[[134.97942,34.6851],[134.97938,34.68458],[134.97985,34.68448],[134.97998,34.68479],[134.97915,34.6854]]},"properties":{"layer":"expressway","city":"神戸市","title":"自動車専用道路","detail":"高速道路・自動車専用道路。原付一種（50cc以下）は進入禁止。","kind":"motorroad","src":"© OpenStreetMap contributors (ODbL)","confidence":"osm"}},{"type":"Feature","geometry":{"type":"LineString","coordinates":[[135.15621,34.69713],[135.15643,34.69721]]},"properties":{"layer":"expressway","city":"神戸市","title":"山麓バイパス","detail":"原付（50cc以下）通行禁止の路線としてOSMに登録。","kind":"moped_no","src":"© OpenStreetMap contributors (ODbL)","confidence":"osm"}},{"type":"Feature","geometry":{"type":"LineString","coordinates":[[135.15291,34.69631],[135.15419,34.69655]]},"properties":{"layer":"expressway","city":"神戸市","title":"山麓バイパス","detail":"原付（50cc以下）通行禁止の路線としてOSMに登録。","kind":"moped_no","src":"© OpenStreetMap contributors (ODbL)","confidence":"osm"}},{"type":"Feature","geometry":{"type":"LineString","coordinates":[[135.15643,34.69721],[135.15917,34.69828],[135.16282,34.69888]]},"properties":{"layer":"expressway","city":"神戸市","title":"山麓バイパス","detail":"原付（50cc以下）通行禁止の路線としてOSMに登録。","kind":"moped_no","src":"© OpenStreetMap contributors (ODbL)","confidence":"osm"}},{"type":"Feature","geometry":{"type":"LineString","coordinates":[[135.15539,34.69686],[135.15621,34.69713]]},"properties":{"layer":"expressway","city":"神戸市","title":"山麓バイパス","detail":"原付（50cc以下）通行禁止の路線としてOSMに登録。","kind":"moped_no","src":"© OpenStreetMap contributors (ODbL)","confidence":"osm"}},{"type":"Feature","geometry":{"type":"LineString","coordinates":[[135.16282,34.69888],[135.16317,34.69891]]},"properties":{"layer":"expressway","city":"神戸市","title":"山麓バイパス","detail":"原付（50cc以下）通行禁止の路線としてOSMに登録。","kind":"moped_no","src":"© OpenStreetMap contributors (ODbL)","confidence":"osm"}},{"type":"Feature","geometry":{"type":"LineString","coordinates":[[135.15419,34.69655],[135.15539,34.69686]]},"properties":{"layer":"expressway","city":"神戸市","title":"山麓バイパス","detail":"原付（50cc以下）通行禁止の路線としてOSMに登録。","kind":"moped_no","src":"© OpenStreetMap contributors (ODbL)","confidence":"osm"}},{"type":"Feature","geometry":{"type":"LineString","coordinates":[[135.16379,34.69895],[135.16464,34.69909]]},"properties":{"layer":"expressway","city":"神戸市","title":"山麓バイパス","detail":"原付（50cc以下）通行禁止の路線としてOSMに登録。","kind":"moped_no","src":"© OpenStreetMap contributors (ODbL)","confidence":"osm"}},{"type":"Feature","geometry":{"type":"LineString","coordinates":[[135.15781,34.76167],[135.15818,34.76132]]},"properties":{"layer":"expressway","city":"神戸市","title":"箕谷出口","detail":"高速道路・自動車専用道路。原付一種（50cc以下）は進入禁止。","kind":"motorroad","src":"© OpenStreetMap contributors (ODbL)","confidence":"osm"}},{"type":"Feature","geometry":{"type":"LineString","coordinates":[[135.15818,34.76132],[135.15838,34.76101]]},"properties":{"layer":"expressway","city":"神戸市","title":"箕谷出口","detail":"高速道路・自動車専用道路。原付一種（50cc以下）は進入禁止。","kind":"motorroad","src":"© OpenStreetMap contributors (ODbL)","confidence":"osm"}},{"type":"Feature","geometry":{"type":"LineString","coordinates":[[135.1666,34.69929],[135.16496,34.69907]]},"properties":{"layer":"expressway","city":"神戸市","title":"山麓バイパス","detail":"原付（50cc以下）通行禁止の路線としてOSMに登録。","kind":"moped_no","src":"© OpenStreetMap contributors (ODbL)","confidence":"osm"}},{"type":"Feature","geometry":{"type":"LineString","coordinates":[[135.15838,34.76132],[135.15659,34.76139],[135.15576,34.76103]]},"properties":{"layer":"expressway","city":"神戸市","title":"阪神高速32号新神戸トンネル","detail":"原付（50cc以下）通行禁止の路線としてOSMに登録。","kind":"moped_no","src":"© OpenStreetMap contributors (ODbL)","confidence":"osm"}},{"type":"Feature","geometry":{"type":"LineString","coordinates":[[135.15717,34.76122],[135.1566,34.7613]]},"properties":{"layer":"expressway","city":"神戸市","title":"阪神高速７号北神戸線","detail":"高速道路・自動車専用道路。原付一種（50cc以下）は進入禁止。","kind":"motorroad","src":"© OpenStreetMap contributors (ODbL)","confidence":"osm"}},{"type":"Feature","geometry":{"type":"LineString","coordinates":[[135.1584,34.75761],[135.1584,34.75723]]},"properties":{"layer":"expressway","city":"神戸市","title":"阪神高速7号北神戸線","detail":"高速道路・自動車専用道路。原付一種（50cc以下）は進入禁止。","kind":"motorroad","src":"© OpenStreetMap contributors (ODbL)","confidence":"osm"}},{"type":"Feature","geometry":{"type":"LineString","coordinates":[[135.15724,34.75887],[135.1584,34.75761]]},"properties":{"layer":"expressway","city":"神戸市","title":"阪神高速7号北神戸線","detail":"高速道路・自動車専用道路。原付一種（50cc以下）は進入禁止。","kind":"motorroad","src":"© OpenStreetMap contributors (ODbL)","confidence":"osm"}},{"type":"Feature","geometry":{"type":"LineString","coordinates":[[135.15604,34.76152],[135.15738,34.76159]]},"properties":{"layer":"expressway","city":"神戸市","title":"阪神高速32号新神戸トンネル","detail":"高速道路・自動車専用道路。原付一種（50cc以下）は進入禁止。","kind":"motorroad","src":"© OpenStreetMap contributors (ODbL)","confidence":"osm"}},{"type":"Feature","geometry":{"type":"LineString","coordinates":[[135.03759,34.67527],[135.03464,34.6773],[135.02953,34.67951]]},"properties":{"layer":"expressway","city":"神戸市","title":"第二神明北線;神戸西バイパス","detail":"高速道路・自動車専用道路。原付一種（50cc以下）は進入禁止。","kind":"motorroad","src":"© OpenStreetMap contributors (ODbL)","confidence":"osm"}},{"type":"Feature","geometry":{"type":"LineString","coordinates":[[135.04494,34.67274],[135.04959,34.6726],[135.05609,34.67069]]},"properties":{"layer":"expressway","city":"神戸市","title":"第二神明北線;神戸西バイパス","detail":"高速道路・自動車専用道路。原付一種（50cc以下）は進入禁止。","kind":"motorroad","src":"© OpenStreetMap contributors (ODbL)","confidence":"osm"}},{"type":"Feature","geometry":{"type":"LineString","coordinates":[[135.0296,34.67958],[135.0347,34.67737],[135.03766,34.67535]]},"properties":{"layer":"expressway","city":"神戸市","title":"第二神明北線;神戸西バイパス","detail":"高速道路・自動車専用道路。原付一種（50cc以下）は進入禁止。","kind":"motorroad","src":"© OpenStreetMap contributors (ODbL)","confidence":"osm"}},{"type":"Feature","geometry":{"type":"LineString","coordinates":[[135.0403,34.67372],[135.03759,34.67527]]},"properties":{"layer":"expressway","city":"神戸市","title":"第二神明北線;神戸西バイパス","detail":"高速道路・自動車専用道路。原付一種（50cc以下）は進入禁止。","kind":"motorroad","src":"© OpenStreetMap contributors (ODbL)","confidence":"osm"}},{"type":"Feature","geometry":{"type":"LineString","coordinates":[[135.03766,34.67535],[135.04034,34.6738]]},"properties":{"layer":"expressway","city":"神戸市","title":"第二神明北線;神戸西バイパス","detail":"高速道路・自動車専用道路。原付一種（50cc以下）は進入禁止。","kind":"motorroad","src":"© OpenStreetMap contributors (ODbL)","confidence":"osm"}},{"type":"Feature","geometry":{"type":"LineString","coordinates":[[135.04493,34.67265],[135.04259,34.67298],[135.0403,34.67372]]},"properties":{"layer":"expressway","city":"神戸市","title":"第二神明北線;神戸西バイパス","detail":"高速道路・自動車専用道路。原付一種（50cc以下）は進入禁止。","kind":"motorroad","src":"© OpenStreetMap contributors (ODbL)","confidence":"osm"}},{"type":"Feature","geometry":{"type":"LineString","coordinates":[[135.04034,34.6738],[135.04262,34.67307],[135.04494,34.67274]]},"properties":{"layer":"expressway","city":"神戸市","title":"第二神明北線;神戸西バイパス","detail":"高速道路・自動車専用道路。原付一種（50cc以下）は進入禁止。","kind":"motorroad","src":"© OpenStreetMap contributors (ODbL)","confidence":"osm"}},{"type":"Feature","geometry":{"type":"LineString","coordinates":[[135.02953,34.67951],[135.02692,34.68197]]},"properties":{"layer":"expressway","city":"神戸市","title":"第二神明北線;神戸西バイパス","detail":"高速道路・自動車専用道路。原付一種（50cc以下）は進入禁止。","kind":"motorroad","src":"© OpenStreetMap contributors (ODbL)","confidence":"osm"}},{"type":"Feature","geometry":{"type":"LineString","coordinates":[[135.07311,34.64766],[135.07562,34.64779],[135.07855,34.64912]]},"properties":{"layer":"expressway","city":"神戸市","title":"第二神明道路","detail":"高速道路・自動車専用道路。原付一種（50cc以下）は進入禁止。","kind":"motorroad","src":"© OpenStreetMap contributors (ODbL)","confidence":"osm"}},{"type":"Feature","geometry":{"type":"LineString","coordinates":[[135.07302,34.64754],[135.07273,34.64755]]},"properties":{"layer":"expressway","city":"神戸市","title":"第二神明道路","detail":"高速道路・自動車専用道路。原付一種（50cc以下）は進入禁止。","kind":"motorroad","src":"© OpenStreetMap contributors (ODbL)","confidence":"osm"}},{"type":"Feature","geometry":{"type":"LineString","coordinates":[[135.07281,34.64766],[135.07311,34.64766]]},"properties":{"layer":"expressway","city":"神戸市","title":"第二神明道路","detail":"高速道路・自動車専用道路。原付一種（50cc以下）は進入禁止。","kind":"motorroad","src":"© OpenStreetMap contributors (ODbL)","confidence":"osm"}},{"type":"Feature","geometry":{"type":"LineString","coordinates":[[135.07113,34.64772],[135.07281,34.64766]]},"properties":{"layer":"expressway","city":"神戸市","title":"第二神明道路","detail":"高速道路・自動車専用道路。原付一種（50cc以下）は進入禁止。","kind":"motorroad","src":"© OpenStreetMap contributors (ODbL)","confidence":"osm"}},{"type":"Feature","geometry":{"type":"LineString","coordinates":[[135.07009,34.64763],[135.06714,34.64774]]},"properties":{"layer":"expressway","city":"神戸市","title":"第二神明道路","detail":"高速道路・自動車専用道路。原付一種（50cc以下）は進入禁止。","kind":"motorroad","src":"© OpenStreetMap contributors (ODbL)","confidence":"osm"}},{"type":"Feature","geometry":{"type":"LineString","coordinates":[[135.02859,34.68668],[135.02453,34.6858],[135.02285,34.68515],[135.02198,34.68548]]},"properties":{"layer":"expressway","city":"神戸市","title":"自動車専用道路","detail":"高速道路・自動車専用道路。原付一種（50cc以下）は進入禁止。","kind":"motorroad","src":"© OpenStreetMap contributors (ODbL)","confidence":"osm"}},{"type":"Feature","geometry":{"type":"LineString","coordinates":[[135.02198,34.68548],[135.02285,34.68519],[135.02547,34.68625],[135.02857,34.68679]]},"properties":{"layer":"expressway","city":"神戸市","title":"自動車専用道路","detail":"高速道路・自動車専用道路。原付一種（50cc以下）は進入禁止。","kind":"motorroad","src":"© OpenStreetMap contributors (ODbL)","confidence":"osm"}},{"type":"Feature","geometry":{"type":"LineString","coordinates":[[135.07319,34.64777],[135.0739,34.64778]]},"properties":{"layer":"expressway","city":"神戸市","title":"自動車専用道路","detail":"高速道路・自動車専用道路。原付一種（50cc以下）は進入禁止。","kind":"motorroad","src":"© OpenStreetMap contributors (ODbL)","confidence":"osm"}},{"type":"Feature","geometry":{"type":"LineString","coordinates":[[135.07707,34.64803],[135.07542,34.64747],[135.07348,34.64736],[135.07215,34.6467],[135.07016,34.64693]]},"properties":{"layer":"expressway","city":"神戸市","title":"自動車専用道路","detail":"高速道路・自動車専用道路。原付一種（50cc以下）は進入禁止。","kind":"motorroad","src":"© OpenStreetMap contributors (ODbL)","confidence":"osm"}},{"type":"Feature","geometry":{"type":"LineString","coordinates":[[135.07289,34.64776],[135.07319,34.64777]]},"properties":{"layer":"expressway","city":"神戸市","title":"自動車専用道路","detail":"高速道路・自動車専用道路。原付一種（50cc以下）は進入禁止。","kind":"motorroad","src":"© OpenStreetMap contributors (ODbL)","confidence":"osm"}},{"type":"Feature","geometry":{"type":"LineString","coordinates":[[135.07752,34.64829],[135.07707,34.64803]]},"properties":{"layer":"expressway","city":"神戸市","title":"自動車専用道路","detail":"高速道路・自動車専用道路。原付一種（50cc以下）は進入禁止。","kind":"motorroad","src":"© OpenStreetMap contributors (ODbL)","confidence":"osm"}},{"type":"Feature","geometry":{"type":"LineString","coordinates":[[135.07698,34.6485],[135.07825,34.6491]]},"properties":{"layer":"expressway","city":"神戸市","title":"自動車専用道路","detail":"高速道路・自動車専用道路。原付一種（50cc以下）は進入禁止。","kind":"motorroad","src":"© OpenStreetMap contributors (ODbL)","confidence":"osm"}},{"type":"Feature","geometry":{"type":"LineString","coordinates":[[135.04368,34.67302],[135.04502,34.67284]]},"properties":{"layer":"expressway","city":"神戸市","title":"自動車専用道路","detail":"高速道路・自動車専用道路。原付一種（50cc以下）は進入禁止。","kind":"motorroad","src":"© OpenStreetMap contributors (ODbL)","confidence":"osm"}},{"type":"Feature","geometry":{"type":"LineString","coordinates":[[135.06826,34.66518],[135.06875,34.66323]]},"properties":{"layer":"expressway","city":"神戸市","title":"自動車専用道路","detail":"高速道路・自動車専用道路。原付一種（50cc以下）は進入禁止。","kind":"motorroad","src":"© OpenStreetMap contributors (ODbL)","confidence":"osm"}},{"type":"Feature","geometry":{"type":"LineString","coordinates":[[135.06806,34.66356],[135.06826,34.66518]]},"properties":{"layer":"expressway","city":"神戸市","title":"自動車専用道路","detail":"高速道路・自動車専用道路。原付一種（50cc以下）は進入禁止。","kind":"motorroad","src":"© OpenStreetMap contributors (ODbL)","confidence":"osm"}},{"type":"Feature","geometry":{"type":"LineString","coordinates":[[135.07709,34.64811],[135.07272,34.6492]]},"properties":{"layer":"expressway","city":"神戸市","title":"自動車専用道路","detail":"高速道路・自動車専用道路。原付一種（50cc以下）は進入禁止。","kind":"motorroad","src":"© OpenStreetMap contributors (ODbL)","confidence":"osm"}},{"type":"Feature","geometry":{"type":"LineString","coordinates":[[135.04502,34.67284],[135.04897,34.67268]]},"properties":{"layer":"expressway","city":"神戸市","title":"自動車専用道路","detail":"高速道路・自動車専用道路。原付一種（50cc以下）は進入禁止。","kind":"motorroad","src":"© OpenStreetMap contributors (ODbL)","confidence":"osm"}},{"type":"Feature","geometry":{"type":"LineString","coordinates":[[135.0761,34.81279],[135.07701,34.81408],[135.08085,34.81631]]},"properties":{"layer":"expressway","city":"神戸市","title":"山陽自動車道","detail":"高速道路・自動車専用道路。原付一種（50cc以下）は進入禁止。","kind":"motorroad","src":"© OpenStreetMap contributors (ODbL)","confidence":"osm"}},{"type":"Feature","geometry":{"type":"LineString","coordinates":[[135.10752,34.68531],[135.10736,34.68499],[135.10684,34.68488],[135.10652,34.68508],[135.10636,34.68565]]},"properties":{"layer":"expressway","city":"神戸市","title":"自動車専用道路","detail":"高速道路・自動車専用道路。原付一種（50cc以下）は進入禁止。","kind":"motorroad","src":"© OpenStreetMap contributors (ODbL)","confidence":"osm"}},{"type":"Feature","geometry":{"type":"LineString","coordinates":[[135.10701,34.68564],[135.10736,34.68495],[135.10682,34.68458]]},"properties":{"layer":"expressway","city":"神戸市","title":"31","detail":"高速道路・自動車専用道路。原付一種（50cc以下）は進入禁止。","kind":"motorroad","src":"© OpenStreetMap contributors (ODbL)","confidence":"osm"}},{"type":"Feature","geometry":{"type":"LineString","coordinates":[[135.11067,34.67585],[135.10948,34.67649]]},"properties":{"layer":"expressway","city":"神戸市","title":"31","detail":"高速道路・自動車専用道路。原付一種（50cc以下）は進入禁止。","kind":"motorroad","src":"© OpenStreetMap contributors (ODbL)","confidence":"osm"}},{"type":"Feature","geometry":{"type":"LineString","coordinates":[[135.1061,34.68753],[135.10697,34.6862]]},"properties":{"layer":"expressway","city":"神戸市","title":"自動車専用道路","detail":"高速道路・自動車専用道路。原付一種（50cc以下）は進入禁止。","kind":"motorroad","src":"© OpenStreetMap contributors (ODbL)","confidence":"osm"}},{"type":"Feature","geometry":{"type":"LineString","coordinates":[[135.108,34.67839],[135.10816,34.67791],[135.10883,34.67722],[135.10963,34.6767]]},"properties":{"layer":"expressway","city":"神戸市","title":"自動車専用道路","detail":"高速道路・自動車専用道路。原付一種（50cc以下）は進入禁止。","kind":"motorroad","src":"© OpenStreetMap contributors (ODbL)","confidence":"osm"}},{"type":"Feature","geometry":{"type":"LineString","coordinates":[[135.10612,34.68586],[135.10585,34.68745]]},"properties":{"layer":"expressway","city":"神戸市","title":"31","detail":"高速道路・自動車専用道路。原付一種（50cc以下）は進入禁止。","kind":"motorroad","src":"© OpenStreetMap contributors (ODbL)","confidence":"osm"}},{"type":"Feature","geometry":{"type":"LineString","coordinates":[[135.10963,34.6767],[135.11114,34.67584]]},"properties":{"layer":"expressway","city":"神戸市","title":"31","detail":"高速道路・自動車専用道路。原付一種（50cc以下）は進入禁止。","kind":"motorroad","src":"© OpenStreetMap contributors (ODbL)","confidence":"osm"}},{"type":"Feature","geometry":{"type":"LineString","coordinates":[[135.10948,34.67649],[135.10811,34.67758],[135.108,34.67839]]},"properties":{"layer":"expressway","city":"神戸市","title":"31","detail":"高速道路・自動車専用道路。原付一種（50cc以下）は進入禁止。","kind":"motorroad","src":"© OpenStreetMap contributors (ODbL)","confidence":"osm"}},{"type":"Feature","geometry":{"type":"LineString","coordinates":[[135.10771,34.68336],[135.10704,34.68466],[135.10612,34.68586]]},"properties":{"layer":"expressway","city":"神戸市","title":"31","detail":"高速道路・自動車専用道路。原付一種（50cc以下）は進入禁止。","kind":"motorroad","src":"© OpenStreetMap contributors (ODbL)","confidence":"osm"}},{"type":"Feature","geometry":{"type":"LineString","coordinates":[[135.10697,34.6862],[135.10742,34.68528],[135.10789,34.68309]]},"properties":{"layer":"expressway","city":"神戸市","title":"自動車専用道路","detail":"高速道路・自動車専用道路。原付一種（50cc以下）は進入禁止。","kind":"motorroad","src":"© OpenStreetMap contributors (ODbL)","confidence":"osm"}},{"type":"Feature","geometry":{"type":"LineString","coordinates":[[135.10777,34.67943],[135.10786,34.67843],[135.10842,34.67748],[135.11206,34.6751]]},"properties":{"layer":"expressway","city":"神戸市","title":"阪神高速31号神戸山手線","detail":"高速道路・自動車専用道路。原付一種（50cc以下）は進入禁止。","kind":"motorroad","src":"© OpenStreetMap contributors (ODbL)","confidence":"osm"}},{"type":"Feature","geometry":{"type":"LineString","coordinates":[[135.11349,34.67373],[135.11434,34.67322]]},"properties":{"layer":"expressway","city":"神戸市","title":"阪神高速31号神戸山手線","detail":"高速道路・自動車専用道路。原付一種（50cc以下）は進入禁止。","kind":"motorroad","src":"© OpenStreetMap contributors (ODbL)","confidence":"osm"}},{"type":"Feature","geometry":{"type":"LineString","coordinates":[[135.11206,34.6751],[135.11349,34.67373]]},"properties":{"layer":"expressway","city":"神戸市","title":"阪神高速31号神戸山手線","detail":"高速道路・自動車専用道路。原付一種（50cc以下）は進入禁止。","kind":"motorroad","src":"© OpenStreetMap contributors (ODbL)","confidence":"osm"}},{"type":"Feature","geometry":{"type":"LineString","coordinates":[[135.10766,34.67943],[135.10788,34.68192],[135.10771,34.68336]]},"properties":{"layer":"expressway","city":"神戸市","title":"阪神高速31号神戸山手線","detail":"高速道路・自動車専用道路。原付一種（50cc以下）は進入禁止。","kind":"motorroad","src":"© OpenStreetMap contributors (ODbL)","confidence":"osm"}},{"type":"Feature","geometry":{"type":"LineString","coordinates":[[135.03326,34.6574],[135.03235,34.65818]]},"properties":{"layer":"expressway","city":"神戸市","title":"第二神明道路","detail":"高速道路・自動車専用道路。原付一種（50cc以下）は進入禁止。","kind":"motorroad","src":"© OpenStreetMap contributors (ODbL)","confidence":"osm"}},{"type":"Feature","geometry":{"type":"LineString","coordinates":[[135.03334,34.65746],[135.03626,34.65389],[135.03743,34.65283]]},"properties":{"layer":"expressway","city":"神戸市","title":"第二神明道路","detail":"高速道路・自動車専用道路。原付一種（50cc以下）は進入禁止。","kind":"motorroad","src":"© OpenStreetMap contributors (ODbL)","confidence":"osm"}},{"type":"Feature","geometry":{"type":"LineString","coordinates":[[135.07637,34.69284],[135.07688,34.69351],[135.07688,34.69399],[135.07554,34.69484],[135.07453,34.69603]]},"properties":{"layer":"expressway","city":"神戸市","title":"阪神高速7号北神戸線","detail":"高速道路・自動車専用道路。原付一種（50cc以下）は進入禁止。","kind":"motorroad","src":"© OpenStreetMap contributors (ODbL)","confidence":"osm"}},{"type":"Feature","geometry":{"type":"LineString","coordinates":[[135.07435,34.69653],[135.07561,34.69529],[135.07646,34.69487],[135.07755,34.6947]]},"properties":{"layer":"expressway","city":"神戸市","title":"神戸淡路鳴門自動車道","detail":"高速道路・自動車専用道路。原付一種（50cc以下）は進入禁止。","kind":"motorroad","src":"© OpenStreetMap contributors (ODbL)","confidence":"osm"}},{"type":"Feature","geometry":{"type":"LineString","coordinates":[[135.0751,34.69056],[135.0751,34.69119],[135.07612,34.69178],[135.07713,34.69197],[135.07745,34.69221],[135.07736,34.69256],[135.07695,34.69268],[135.07576,34.69202]]},"properties":{"layer":"expressway","city":"神戸市","title":"神戸淡路鳴門自動車道","detail":"高速道路・自動車専用道路。原付一種（50cc以下）は進入禁止。","kind":"motorroad","src":"© OpenStreetMap contributors (ODbL)","confidence":"osm"}},{"type":"Feature","geometry":{"type":"LineString","coordinates":[[135.07751,34.69331],[135.07783,34.69297],[135.07759,34.69212],[135.07621,34.69176],[135.07521,34.69118],[135.07505,34.69088],[135.07519,34.6906]]},"properties":{"layer":"expressway","city":"神戸市","title":"神戸淡路鳴門自動車道","detail":"高速道路・自動車専用道路。原付一種（50cc以下）は進入禁止。","kind":"motorroad","src":"© OpenStreetMap contributors (ODbL)","confidence":"osm"}},{"type":"Feature","geometry":{"type":"LineString","coordinates":[[135.05186,34.6474],[135.05162,34.64738],[135.05153,34.6476]]},"properties":{"layer":"expressway","city":"神戸市","title":"自動車専用道路","detail":"高速道路・自動車専用道路。原付一種（50cc以下）は進入禁止。","kind":"motorroad","src":"© OpenStreetMap contributors (ODbL)","confidence":"osm"}},{"type":"Feature","geometry":{"type":"LineString","coordinates":[[135.0758,34.695],[135.07772,34.69449],[135.07959,34.69462]]},"properties":{"layer":"expressway","city":"神戸市","title":"自動車専用道路","detail":"高速道路・自動車専用道路。原付一種（50cc以下）は進入禁止。","kind":"motorroad","src":"© OpenStreetMap contributors (ODbL)","confidence":"osm"}},{"type":"Feature","geometry":{"type":"LineString","coordinates":[[135.08,34.69422],[135.07996,34.694],[135.07961,34.6939],[135.07865,34.69389],[135.07698,34.6943],[135.07616,34.69471]]},"properties":{"layer":"expressway","city":"神戸市","title":"自動車専用道路","detail":"高速道路・自動車専用道路。原付一種（50cc以下）は進入禁止。","kind":"motorroad","src":"© OpenStreetMap contributors (ODbL)","confidence":"osm"}},{"type":"Feature","geometry":{"type":"LineString","coordinates":[[135.07843,34.69431],[135.07958,34.69442],[135.08091,34.69482]]},"properties":{"layer":"expressway","city":"神戸市","title":"阪神高速7号北神戸線","detail":"高速道路・自動車専用道路。原付一種（50cc以下）は進入禁止。","kind":"motorroad","src":"© OpenStreetMap contributors (ODbL)","confidence":"osm"}},{"type":"Feature","geometry":{"type":"LineString","coordinates":[[135.06818,34.7007],[135.06508,34.70042]]},"properties":{"layer":"expressway","city":"神戸市","title":"阪神高速7号北神戸線","detail":"高速道路・自動車専用道路。原付一種（50cc以下）は進入禁止。","kind":"motorroad","src":"© OpenStreetMap contributors (ODbL)","confidence":"osm"}},{"type":"Feature","geometry":{"type":"LineString","coordinates":[[135.07435,34.69653],[135.07512,34.69552],[135.07604,34.69487],[135.07712,34.69446],[135.07843,34.69431]]},"properties":{"layer":"expressway","city":"神戸市","title":"阪神高速7号北神戸線","detail":"高速道路・自動車専用道路。原付一種（50cc以下）は進入禁止。","kind":"motorroad","src":"© OpenStreetMap contributors (ODbL)","confidence":"osm"}},{"type":"Feature","geometry":{"type":"LineString","coordinates":[[135.07256,34.69011],[135.07453,34.69428]]},"properties":{"layer":"expressway","city":"神戸市","title":"神戸淡路鳴門自動車道;西神道路","detail":"高速道路・自動車専用道路。原付一種（50cc以下）は進入禁止。","kind":"motorroad","src":"© OpenStreetMap contributors (ODbL)","confidence":"osm"}},{"type":"Feature","geometry":{"type":"LineString","coordinates":[[135.07267,34.69005],[135.07084,34.68701],[135.06573,34.67988]]},"properties":{"layer":"expressway","city":"神戸市","title":"神戸淡路鳴門自動車道;西神道路","detail":"高速道路・自動車専用道路。原付一種（50cc以下）は進入禁止。","kind":"motorroad","src":"© OpenStreetMap contributors (ODbL)","confidence":"osm"}},{"type":"Feature","geometry":{"type":"LineString","coordinates":[[135.05004,34.69667],[135.05184,34.69767],[135.05219,34.69845],[135.05256,34.69863],[135.05301,34.69879],[135.05413,34.6986],[135.05564,34.69913]]},"properties":{"layer":"expressway","city":"神戸市","title":"自動車専用道路","detail":"高速道路・自動車専用道路。原付一種（50cc以下）は進入禁止。","kind":"motorroad","src":"© OpenStreetMap contributors (ODbL)","confidence":"osm"}},{"type":"Feature","geometry":{"type":"LineString","coordinates":[[135.05561,34.69863],[135.05401,34.69806],[135.05376,34.69747],[135.0534,34.6973],[135.05273,34.69714],[135.05203,34.69731]]},"properties":{"layer":"expressway","city":"神戸市","title":"自動車専用道路","detail":"高速道路・自動車専用道路。原付一種（50cc以下）は進入禁止。","kind":"motorroad","src":"© OpenStreetMap contributors (ODbL)","confidence":"osm"}},{"type":"Feature","geometry":{"type":"LineString","coordinates":[[135.05558,34.69816],[135.05515,34.69839]]},"properties":{"layer":"expressway","city":"神戸市","title":"自動車専用道路","detail":"高速道路・自動車専用道路。原付一種（50cc以下）は進入禁止。","kind":"motorroad","src":"© OpenStreetMap contributors (ODbL)","confidence":"osm"}},{"type":"Feature","geometry":{"type":"LineString","coordinates":[[135.0598,34.69965],[135.05913,34.69951]]},"properties":{"layer":"expressway","city":"神戸市","title":"自動車専用道路","detail":"高速道路・自動車専用道路。原付一種（50cc以下）は進入禁止。","kind":"motorroad","src":"© OpenStreetMap contributors (ODbL)","confidence":"osm"}},{"type":"Feature","geometry":{"type":"LineString","coordinates":[[135.05561,34.69867],[135.05668,34.69936],[135.05862,34.69964]]},"properties":{"layer":"expressway","city":"神戸市","title":"自動車専用道路","detail":"高速道路・自動車専用道路。原付一種（50cc以下）は進入禁止。","kind":"motorroad","src":"© OpenStreetMap contributors (ODbL)","confidence":"osm"}},{"type":"Feature","geometry":{"type":"LineString","coordinates":[[135.15993,34.66218],[135.15464,34.65903]]},"properties":{"layer":"expressway","city":"神戸市","title":"阪神高速3号神戸線","detail":"高速道路・自動車専用道路。原付一種（50cc以下）は進入禁止。","kind":"motorroad","src":"© OpenStreetMap contributors (ODbL)","confidence":"osm"}},{"type":"Feature","geometry":{"type":"LineString","coordinates":[[135.17577,34.70384],[135.17248,34.70217],[135.16929,34.69995],[135.16825,34.69952],[135.1666,34.69929]]},"properties":{"layer":"expressway","city":"神戸市","title":"山麓バイパス","detail":"原付（50cc以下）通行禁止の路線としてOSMに登録。","kind":"moped_no","src":"© OpenStreetMap contributors (ODbL)","confidence":"osm"}},{"type":"Feature","geometry":{"type":"LineString","coordinates":[[135.14466,34.69704],[135.14577,34.69714]]},"properties":{"layer":"expressway","city":"神戸市","title":"山麓バイパス","detail":"原付（50cc以下）通行禁止の路線としてOSMに登録。","kind":"moped_no","src":"© OpenStreetMap contributors (ODbL)","confidence":"osm"}},{"type":"Feature","geometry":{"type":"LineString","coordinates":[[135.14577,34.69714],[135.14669,34.69719]]},"properties":{"layer":"expressway","city":"神戸市","title":"山麓バイパス","detail":"原付（50cc以下）通行禁止の路線としてOSMに登録。","kind":"moped_no","src":"© OpenStreetMap contributors (ODbL)","confidence":"osm"}},{"type":"Feature","geometry":{"type":"LineString","coordinates":[[135.14669,34.69719],[135.14757,34.69707],[135.14936,34.69637]]},"properties":{"layer":"expressway","city":"神戸市","title":"山麓バイパス","detail":"原付（50cc以下）通行禁止の路線としてOSMに登録。","kind":"moped_no","src":"© OpenStreetMap contributors (ODbL)","confidence":"osm"}},{"type":"Feature","geometry":{"type":"LineString","coordinates":[[135.08616,34.7269],[135.08756,34.72435],[135.09151,34.71871],[135.09236,34.71686],[135.09251,34.715],[135.09211,34.71345],[135.09107,34.71178],[135.08995,34.71067]]},"properties":{"layer":"expressway","city":"神戸市","title":"神戸淡路鳴門自動車道;西神道路","detail":"高速道路・自動車専用道路。原付一種（50cc以下）は進入禁止。","kind":"motorroad","src":"© OpenStreetMap contributors (ODbL)","confidence":"osm"}},{"type":"Feature","geometry":{"type":"LineString","coordinates":[[135.08607,34.72714],[135.08616,34.7269]]},"properties":{"layer":"expressway","city":"神戸市","title":"神戸淡路鳴門自動車道;西神道路","detail":"高速道路・自動車専用道路。原付一種（50cc以下）は進入禁止。","kind":"motorroad","src":"© OpenStreetMap contributors (ODbL)","confidence":"osm"}},{"type":"Feature","geometry":{"type":"LineString","coordinates":[[135.08259,34.79876],[135.08132,34.80126],[135.07761,34.80645]]},"properties":{"layer":"expressway","city":"神戸市","title":"山陽自動車道木見支線","detail":"高速道路・自動車専用道路。原付一種（50cc以下）は進入禁止。","kind":"motorroad","src":"© OpenStreetMap contributors (ODbL)","confidence":"osm"}},{"type":"Feature","geometry":{"type":"LineString","coordinates":[[135.08521,34.73329],[135.08561,34.73514],[135.08627,34.7368],[135.08707,34.73825],[135.08978,34.74212]]},"properties":{"layer":"expressway","city":"神戸市","title":"山陽自動車道木見支線","detail":"高速道路・自動車専用道路。原付一種（50cc以下）は進入禁止。","kind":"motorroad","src":"© OpenStreetMap contributors (ODbL)","confidence":"osm"}},{"type":"Feature","geometry":{"type":"LineString","coordinates":[[135.08603,34.7269],[135.08593,34.72713]]},"properties":{"layer":"expressway","city":"神戸市","title":"神戸淡路鳴門自動車道;西神道路","detail":"高速道路・自動車専用道路。原付一種（50cc以下）は進入禁止。","kind":"motorroad","src":"© OpenStreetMap contributors (ODbL)","confidence":"osm"}},{"type":"Feature","geometry":{"type":"LineString","coordinates":[[135.08396,34.72829],[135.08376,34.72946]]},"properties":{"layer":"expressway","city":"神戸市","title":"自動車専用道路","detail":"高速道路・自動車専用道路。原付一種（50cc以下）は進入禁止。","kind":"motorroad","src":"© OpenStreetMap contributors (ODbL)","confidence":"osm"}},{"type":"Feature","geometry":{"type":"LineString","coordinates":[[135.08586,34.72689],[135.08574,34.72712]]},"properties":{"layer":"expressway","city":"神戸市","title":"自動車専用道路","detail":"高速道路・自動車専用道路。原付一種（50cc以下）は進入禁止。","kind":"motorroad","src":"© OpenStreetMap contributors (ODbL)","confidence":"osm"}},{"type":"Feature","geometry":{"type":"LineString","coordinates":[[135.08613,34.72714],[135.08622,34.7269]]},"properties":{"layer":"expressway","city":"神戸市","title":"自動車専用道路","detail":"高速道路・自動車専用道路。原付一種（50cc以下）は進入禁止。","kind":"motorroad","src":"© OpenStreetMap contributors (ODbL)","confidence":"osm"}},{"type":"Feature","geometry":{"type":"LineString","coordinates":[[135.08622,34.7269],[135.08634,34.72649]]},"properties":{"layer":"expressway","city":"神戸市","title":"自動車専用道路","detail":"高速道路・自動車専用道路。原付一種（50cc以下）は進入禁止。","kind":"motorroad","src":"© OpenStreetMap contributors (ODbL)","confidence":"osm"}},{"type":"Feature","geometry":{"type":"LineString","coordinates":[[135.10801,34.71351],[135.10774,34.71377]]},"properties":{"layer":"expressway","city":"神戸市","title":"阪神高速7号北神戸線","detail":"高速道路・自動車専用道路。原付一種（50cc以下）は進入禁止。","kind":"motorroad","src":"© OpenStreetMap contributors (ODbL)","confidence":"osm"}},{"type":"Feature","geometry":{"type":"LineString","coordinates":[[135.10833,34.71319],[135.10801,34.71351]]},"properties":{"layer":"expressway","city":"神戸市","title":"阪神高速7号北神戸線","detail":"高速道路・自動車専用道路。原付一種（50cc以下）は進入禁止。","kind":"motorroad","src":"© OpenStreetMap contributors (ODbL)","confidence":"osm"}},{"type":"Feature","geometry":{"type":"LineString","coordinates":[[135.10774,34.71377],[135.10755,34.71396]]},"properties":{"layer":"expressway","city":"神戸市","title":"阪神高速7号北神戸線","detail":"高速道路・自動車専用道路。原付一種（50cc以下）は進入禁止。","kind":"motorroad","src":"© OpenStreetMap contributors (ODbL)","confidence":"osm"}},{"type":"Feature","geometry":{"type":"LineString","coordinates":[[135.10755,34.71396],[135.1073,34.71455]]},"properties":{"layer":"expressway","city":"神戸市","title":"阪神高速7号北神戸線","detail":"高速道路・自動車専用道路。原付一種（50cc以下）は進入禁止。","kind":"motorroad","src":"© OpenStreetMap contributors (ODbL)","confidence":"osm"}},{"type":"Feature","geometry":{"type":"LineString","coordinates":[[135.15291,34.65811],[135.15243,34.65769],[135.15258,34.65702]]},"properties":{"layer":"expressway","city":"神戸市","title":"阪神高速31号神戸山手線","detail":"高速道路・自動車専用道路。原付一種（50cc以下）は進入禁止。","kind":"motorroad","src":"© OpenStreetMap contributors (ODbL)","confidence":"osm"}},{"type":"Feature","geometry":{"type":"LineString","coordinates":[[135.3673,34.80346],[135.36672,34.80354],[135.36634,34.80339],[135.3663,34.80308],[135.36666,34.80289],[135.36723,34.80338]]},"properties":{"layer":"expressway","city":"宝塚市","title":"自動車専用道路","detail":"高速道路・自動車専用道路。原付一種（50cc以下）は進入禁止。","kind":"motorroad","src":"© OpenStreetMap contributors (ODbL)","confidence":"osm"}},{"type":"Feature","geometry":{"type":"LineString","coordinates":[[135.3661,34.80397],[135.36714,34.80386],[135.36783,34.80464]]},"properties":{"layer":"expressway","city":"宝塚市","title":"自動車専用道路","detail":"高速道路・自動車専用道路。原付一種（50cc以下）は進入禁止。","kind":"motorroad","src":"© OpenStreetMap contributors (ODbL)","confidence":"osm"}},{"type":"Feature","geometry":{"type":"LineString","coordinates":[[135.36835,34.80562],[135.36847,34.80618],[135.36825,34.80655],[135.36472,34.80924]]},"properties":{"layer":"expressway","city":"宝塚市","title":"自動車専用道路","detail":"高速道路・自動車専用道路。原付一種（50cc以下）は進入禁止。","kind":"motorroad","src":"© OpenStreetMap contributors (ODbL)","confidence":"osm"}},{"type":"Feature","geometry":{"type":"LineString","coordinates":[[135.33759,34.81941],[135.33522,34.82035]]},"properties":{"layer":"expressway","city":"宝塚市","title":"中国自動車道","detail":"高速道路・自動車専用道路。原付一種（50cc以下）は進入禁止。","kind":"motorroad","src":"© OpenStreetMap contributors (ODbL)","confidence":"osm"}},{"type":"Feature","geometry":{"type":"LineString","coordinates":[[135.33527,34.82074],[135.3386,34.81944]]},"properties":{"layer":"expressway","city":"宝塚市","title":"中国自動車道","detail":"高速道路・自動車専用道路。原付一種（50cc以下）は進入禁止。","kind":"motorroad","src":"© OpenStreetMap contributors (ODbL)","confidence":"osm"}},{"type":"Feature","geometry":{"type":"LineString","coordinates":[[135.3349,34.8205],[135.3335,34.82115]]},"properties":{"layer":"expressway","city":"宝塚市","title":"中国自動車道","detail":"高速道路・自動車専用道路。原付一種（50cc以下）は進入禁止。","kind":"motorroad","src":"© OpenStreetMap contributors (ODbL)","confidence":"osm"}},{"type":"Feature","geometry":{"type":"LineString","coordinates":[[135.36808,34.80457],[135.36789,34.80361],[135.36878,34.80318]]},"properties":{"layer":"expressway","city":"宝塚市","title":"自動車専用道路","detail":"高速道路・自動車専用道路。原付一種（50cc以下）は進入禁止。","kind":"motorroad","src":"© OpenStreetMap contributors (ODbL)","confidence":"osm"}},{"type":"Feature","geometry":{"type":"LineString","coordinates":[[135.23525,34.83584],[135.23492,34.83557],[135.23458,34.83569]]},"properties":{"layer":"expressway","city":"西宮市","title":"自動車専用道路","detail":"高速道路・自動車専用道路。原付一種（50cc以下）は進入禁止。","kind":"motorroad","src":"© OpenStreetMap contributors (ODbL)","confidence":"osm"}},{"type":"Feature","geometry":{"type":"LineString","coordinates":[[135.23482,34.83685],[135.23543,34.83796],[135.23563,34.83913],[135.23517,34.83956],[135.23477,34.83958],[135.23442,34.83935],[135.23459,34.83883],[135.23543,34.83859]]},"properties":{"layer":"expressway","city":"西宮市","title":"自動車専用道路","detail":"高速道路・自動車専用道路。原付一種（50cc以下）は進入禁止。","kind":"motorroad","src":"© OpenStreetMap contributors (ODbL)","confidence":"osm"}},{"type":"Feature","geometry":{"type":"LineString","coordinates":[[135.20131,34.69744],[135.20119,34.69769]]},"properties":{"layer":"expressway","city":"神戸市","title":"山麓バイパス","detail":"原付（50cc以下）通行禁止の路線としてOSMに登録。","kind":"moped_no","src":"© OpenStreetMap contributors (ODbL)","confidence":"osm"}},{"type":"Feature","geometry":{"type":"LineString","coordinates":[[135.20196,34.6903],[135.19946,34.68658],[135.19834,34.68591],[135.19514,34.68488]]},"properties":{"layer":"expressway","city":"神戸市","title":"浜手バイパス","detail":"高速道路・自動車専用道路。原付一種（50cc以下）は進入禁止。","kind":"motorroad","src":"© OpenStreetMap contributors (ODbL)","confidence":"osm"}},{"type":"Feature","geometry":{"type":"LineString","coordinates":[[135.36727,34.80336],[135.36736,34.80357]]},"properties":{"layer":"expressway","city":"宝塚市","title":"自動車専用道路","detail":"高速道路・自動車専用道路。原付一種（50cc以下）は進入禁止。","kind":"motorroad","src":"© OpenStreetMap contributors (ODbL)","confidence":"osm"}},{"type":"Feature","geometry":{"type":"LineString","coordinates":[[135.36747,34.80354],[135.36734,34.80334]]},"properties":{"layer":"expressway","city":"宝塚市","title":"自動車専用道路","detail":"高速道路・自動車専用道路。原付一種（50cc以下）は進入禁止。","kind":"motorroad","src":"© OpenStreetMap contributors (ODbL)","confidence":"osm"}},{"type":"Feature","geometry":{"type":"LineString","coordinates":[[135.36723,34.80338],[135.36736,34.80357]]},"properties":{"layer":"expressway","city":"宝塚市","title":"自動車専用道路","detail":"高速道路・自動車専用道路。原付一種（50cc以下）は進入禁止。","kind":"motorroad","src":"© OpenStreetMap contributors (ODbL)","confidence":"osm"}},{"type":"Feature","geometry":{"type":"LineString","coordinates":[[135.36739,34.80332],[135.36739,34.80261],[135.36776,34.80255],[135.36802,34.80279],[135.36788,34.80314],[135.36741,34.80342]]},"properties":{"layer":"expressway","city":"宝塚市","title":"自動車専用道路","detail":"高速道路・自動車専用道路。原付一種（50cc以下）は進入禁止。","kind":"motorroad","src":"© OpenStreetMap contributors (ODbL)","confidence":"osm"}},{"type":"Feature","geometry":{"type":"LineString","coordinates":[[135.3675,34.80382],[135.36783,34.80464]]},"properties":{"layer":"expressway","city":"宝塚市","title":"自動車専用道路","detail":"高速道路・自動車専用道路。原付一種（50cc以下）は進入禁止。","kind":"motorroad","src":"© OpenStreetMap contributors (ODbL)","confidence":"osm"}},{"type":"Feature","geometry":{"type":"LineString","coordinates":[[135.19542,34.68482],[135.19512,34.6855],[135.19556,34.68566]]},"properties":{"layer":"expressway","city":"神戸市","title":"3","detail":"高速道路・自動車専用道路。原付一種（50cc以下）は進入禁止。","kind":"motorroad","src":"© OpenStreetMap contributors (ODbL)","confidence":"osm"}},{"type":"Feature","geometry":{"type":"LineString","coordinates":[[135.19556,34.68566],[135.19654,34.68578]]},"properties":{"layer":"expressway","city":"神戸市","title":"3","detail":"高速道路・自動車専用道路。原付一種（50cc以下）は進入禁止。","kind":"motorroad","src":"© OpenStreetMap contributors (ODbL)","confidence":"osm"}},{"type":"Feature","geometry":{"type":"LineString","coordinates":[[135.19377,34.68548],[135.19556,34.68575]]},"properties":{"layer":"expressway","city":"神戸市","title":"3","detail":"高速道路・自動車専用道路。原付一種（50cc以下）は進入禁止。","kind":"motorroad","src":"© OpenStreetMap contributors (ODbL)","confidence":"osm"}},{"type":"Feature","geometry":{"type":"LineString","coordinates":[[135.19445,34.6853],[135.19364,34.68526]]},"properties":{"layer":"expressway","city":"神戸市","title":"3","detail":"高速道路・自動車専用道路。原付一種（50cc以下）は進入禁止。","kind":"motorroad","src":"© OpenStreetMap contributors (ODbL)","confidence":"osm"}},{"type":"Feature","geometry":{"type":"LineString","coordinates":[[135.1534,34.65614],[135.15302,34.65605]]},"properties":{"layer":"expressway","city":"神戸市","title":"3","detail":"高速道路・自動車専用道路。原付一種（50cc以下）は進入禁止。","kind":"motorroad","src":"© OpenStreetMap contributors (ODbL)","confidence":"osm"}},{"type":"Feature","geometry":{"type":"LineString","coordinates":[[135.15166,34.65898],[135.15111,34.66045]]},"properties":{"layer":"expressway","city":"神戸市","title":"31","detail":"高速道路・自動車専用道路。原付一種（50cc以下）は進入禁止。","kind":"motorroad","src":"© OpenStreetMap contributors (ODbL)","confidence":"osm"}},{"type":"Feature","geometry":{"type":"LineString","coordinates":[[135.17303,34.67064],[135.17229,34.6701]]},"properties":{"layer":"expressway","city":"神戸市","title":"3","detail":"高速道路・自動車専用道路。原付一種（50cc以下）は進入禁止。","kind":"motorroad","src":"© OpenStreetMap contributors (ODbL)","confidence":"osm"}},{"type":"Feature","geometry":{"type":"LineString","coordinates":[[135.1209,34.6523],[135.12183,34.65242]]},"properties":{"layer":"expressway","city":"神戸市","title":"自動車専用道路","detail":"高速道路・自動車専用道路。原付一種（50cc以下）は進入禁止。","kind":"motorroad","src":"© OpenStreetMap contributors (ODbL)","confidence":"osm"}},{"type":"Feature","geometry":{"type":"LineString","coordinates":[[135.16564,34.66613],[135.16612,34.66647],[135.16613,34.66667]]},"properties":{"layer":"expressway","city":"神戸市","title":"3","detail":"高速道路・自動車専用道路。原付一種（50cc以下）は進入禁止。","kind":"motorroad","src":"© OpenStreetMap contributors (ODbL)","confidence":"osm"}},{"type":"Feature","geometry":{"type":"LineString","coordinates":[[135.12507,34.65158],[135.12307,34.6519]]},"properties":{"layer":"expressway","city":"神戸市","title":"自動車専用道路","detail":"高速道路・自動車専用道路。原付一種（50cc以下）は進入禁止。","kind":"motorroad","src":"© OpenStreetMap contributors (ODbL)","confidence":"osm"}},{"type":"Feature","geometry":{"type":"LineString","coordinates":[[135.16727,34.66728],[135.1664,34.66668],[135.16639,34.6665]]},"properties":{"layer":"expressway","city":"神戸市","title":"3","detail":"高速道路・自動車専用道路。原付一種（50cc以下）は進入禁止。","kind":"motorroad","src":"© OpenStreetMap contributors (ODbL)","confidence":"osm"}},{"type":"Feature","geometry":{"type":"LineString","coordinates":[[135.09213,34.65218],[135.09728,34.65132]]},"properties":{"layer":"expressway","city":"神戸市","title":"第二神明道路","detail":"高速道路・自動車専用道路。原付一種（50cc以下）は進入禁止。","kind":"motorroad","src":"© OpenStreetMap contributors (ODbL)","confidence":"osm"}},{"type":"Feature","geometry":{"type":"LineString","coordinates":[[135.11002,34.65326],[135.11265,34.6552],[135.11405,34.65579]]},"properties":{"layer":"expressway","city":"神戸市","title":"第二神明道路","detail":"高速道路・自動車専用道路。原付一種（50cc以下）は進入禁止。","kind":"motorroad","src":"© OpenStreetMap contributors (ODbL)","confidence":"osm"}},{"type":"Feature","geometry":{"type":"LineString","coordinates":[[135.10446,34.65033],[135.10531,34.65054],[135.10782,34.6517]]},"properties":{"layer":"expressway","city":"神戸市","title":"自動車専用道路","detail":"高速道路・自動車専用道路。原付一種（50cc以下）は進入禁止。","kind":"motorroad","src":"© OpenStreetMap contributors (ODbL)","confidence":"osm"}},{"type":"Feature","geometry":{"type":"LineString","coordinates":[[135.1713,34.66963],[135.17227,34.67026]]},"properties":{"layer":"expressway","city":"神戸市","title":"3","detail":"高速道路・自動車専用道路。原付一種（50cc以下）は進入禁止。","kind":"motorroad","src":"© OpenStreetMap contributors (ODbL)","confidence":"osm"}},{"type":"Feature","geometry":{"type":"LineString","coordinates":[[135.17586,34.6721],[135.17437,34.67138]]},"properties":{"layer":"expressway","city":"神戸市","title":"自動車専用道路","detail":"高速道路・自動車専用道路。原付一種（50cc以下）は進入禁止。","kind":"motorroad","src":"© OpenStreetMap contributors (ODbL)","confidence":"osm"}},{"type":"Feature","geometry":{"type":"LineString","coordinates":[[135.13041,34.64483],[135.12888,34.64465]]},"properties":{"layer":"expressway","city":"神戸市","title":"若宮出口","detail":"高速道路・自動車専用道路。原付一種（50cc以下）は進入禁止。","kind":"motorroad","src":"© OpenStreetMap contributors (ODbL)","confidence":"osm"}},{"type":"Feature","geometry":{"type":"LineString","coordinates":[[135.16856,34.66807],[135.16727,34.66728]]},"properties":{"layer":"expressway","city":"神戸市","title":"3","detail":"高速道路・自動車専用道路。原付一種（50cc以下）は進入禁止。","kind":"motorroad","src":"© OpenStreetMap contributors (ODbL)","confidence":"osm"}},{"type":"Feature","geometry":{"type":"LineString","coordinates":[[135.1631,34.66452],[135.16391,34.66494]]},"properties":{"layer":"expressway","city":"神戸市","title":"3","detail":"高速道路・自動車専用道路。原付一種（50cc以下）は進入禁止。","kind":"motorroad","src":"© OpenStreetMap contributors (ODbL)","confidence":"osm"}},{"type":"Feature","geometry":{"type":"LineString","coordinates":[[135.12183,34.65242],[135.12386,34.65189]]},"properties":{"layer":"expressway","city":"神戸市","title":"自動車専用道路","detail":"高速道路・自動車専用道路。原付一種（50cc以下）は進入禁止。","kind":"motorroad","src":"© OpenStreetMap contributors (ODbL)","confidence":"osm"}},{"type":"Feature","geometry":{"type":"LineString","coordinates":[[135.10307,34.65031],[135.10446,34.65033],[135.106,34.65065]]},"properties":{"layer":"expressway","city":"神戸市","title":"第二神明道路","detail":"高速道路・自動車専用道路。原付一種（50cc以下）は進入禁止。","kind":"motorroad","src":"© OpenStreetMap contributors (ODbL)","confidence":"osm"}},{"type":"Feature","geometry":{"type":"LineString","coordinates":[[135.15181,34.65902],[135.15219,34.65848],[135.15283,34.65844]]},"properties":{"layer":"expressway","city":"神戸市","title":"31","detail":"高速道路・自動車専用道路。原付一種（50cc以下）は進入禁止。","kind":"motorroad","src":"© OpenStreetMap contributors (ODbL)","confidence":"osm"}},{"type":"Feature","geometry":{"type":"LineString","coordinates":[[135.12307,34.6519],[135.12207,34.65211]]},"properties":{"layer":"expressway","city":"神戸市","title":"自動車専用道路","detail":"高速道路・自動車専用道路。原付一種（50cc以下）は進入禁止。","kind":"motorroad","src":"© OpenStreetMap contributors (ODbL)","confidence":"osm"}},{"type":"Feature","geometry":{"type":"LineString","coordinates":[[135.15055,34.65746],[135.15183,34.65818],[135.15166,34.65898]]},"properties":{"layer":"expressway","city":"神戸市","title":"31","detail":"高速道路・自動車専用道路。原付一種（50cc以下）は進入禁止。","kind":"motorroad","src":"© OpenStreetMap contributors (ODbL)","confidence":"osm"}},{"type":"Feature","geometry":{"type":"LineString","coordinates":[[135.09728,34.65132],[135.10044,34.65057],[135.10307,34.65031]]},"properties":{"layer":"expressway","city":"神戸市","title":"第二神明道路","detail":"高速道路・自動車専用道路。原付一種（50cc以下）は進入禁止。","kind":"motorroad","src":"© OpenStreetMap contributors (ODbL)","confidence":"osm"}},{"type":"Feature","geometry":{"type":"LineString","coordinates":[[135.11313,34.65524],[135.1086,34.65201]]},"properties":{"layer":"expressway","city":"神戸市","title":"自動車専用道路","detail":"高速道路・自動車専用道路。原付一種（50cc以下）は進入禁止。","kind":"motorroad","src":"© OpenStreetMap contributors (ODbL)","confidence":"osm"}},{"type":"Feature","geometry":{"type":"LineString","coordinates":[[135.15168,34.65956],[135.15181,34.65902]]},"properties":{"layer":"expressway","city":"神戸市","title":"31","detail":"高速道路・自動車専用道路。原付一種（50cc以下）は進入禁止。","kind":"motorroad","src":"© OpenStreetMap contributors (ODbL)","confidence":"osm"}},{"type":"Feature","geometry":{"type":"LineString","coordinates":[[135.13251,34.64622],[135.13393,34.64705]]},"properties":{"layer":"expressway","city":"神戸市","title":"若宮入口","detail":"高速道路・自動車専用道路。原付一種（50cc以下）は進入禁止。","kind":"motorroad","src":"© OpenStreetMap contributors (ODbL)","confidence":"osm"}},{"type":"Feature","geometry":{"type":"LineString","coordinates":[[135.13436,34.64706],[135.1311,34.64507],[135.13041,34.64483]]},"properties":{"layer":"expressway","city":"神戸市","title":"若宮出口","detail":"高速道路・自動車専用道路。原付一種（50cc以下）は進入禁止。","kind":"motorroad","src":"© OpenStreetMap contributors (ODbL)","confidence":"osm"}},{"type":"Feature","geometry":{"type":"LineString","coordinates":[[135.13393,34.64705],[135.13543,34.64805]]},"properties":{"layer":"expressway","city":"神戸市","title":"若宮入口","detail":"高速道路・自動車専用道路。原付一種（50cc以下）は進入禁止。","kind":"motorroad","src":"© OpenStreetMap contributors (ODbL)","confidence":"osm"}},{"type":"Feature","geometry":{"type":"LineString","coordinates":[[135.092,34.70158],[135.09241,34.70168],[135.09252,34.70203],[135.09227,34.70226],[135.09193,34.70226],[135.0904,34.70098]]},"properties":{"layer":"expressway","city":"神戸市","title":"自動車専用道路","detail":"高速道路・自動車専用道路。原付一種（50cc以下）は進入禁止。","kind":"motorroad","src":"© OpenStreetMap contributors (ODbL)","confidence":"osm"}},{"type":"Feature","geometry":{"type":"LineString","coordinates":[[135.09287,34.7034],[135.09169,34.70207],[135.09173,34.70174],[135.092,34.70158]]},"properties":{"layer":"expressway","city":"神戸市","title":"自動車専用道路","detail":"高速道路・自動車専用道路。原付一種（50cc以下）は進入禁止。","kind":"motorroad","src":"© OpenStreetMap contributors (ODbL)","confidence":"osm"}},{"type":"Feature","geometry":{"type":"LineString","coordinates":[[135.08826,34.69899],[135.09204,34.70276]]},"properties":{"layer":"expressway","city":"神戸市","title":"自動車専用道路","detail":"高速道路・自動車専用道路。原付一種（50cc以下）は進入禁止。","kind":"motorroad","src":"© OpenStreetMap contributors (ODbL)","confidence":"osm"}},{"type":"Feature","geometry":{"type":"LineString","coordinates":[[135.24984,34.81811],[135.25084,34.81827],[135.25148,34.8181]]},"properties":{"layer":"expressway","city":"西宮市","title":"自動車専用道路","detail":"高速道路・自動車専用道路。原付一種（50cc以下）は進入禁止。","kind":"motorroad","src":"© OpenStreetMap contributors (ODbL)","confidence":"osm"}},{"type":"Feature","geometry":{"type":"LineString","coordinates":[[135.22806,34.7962],[135.22936,34.79764]]},"properties":{"layer":"expressway","city":"神戸市","title":"阪神高速７号北神戸線","detail":"高速道路・自動車専用道路。原付一種（50cc以下）は進入禁止。","kind":"motorroad","src":"© OpenStreetMap contributors (ODbL)","confidence":"osm"}},{"type":"Feature","geometry":{"type":"LineString","coordinates":[[135.07882,34.64922],[135.08053,34.64969],[135.08234,34.6499]]},"properties":{"layer":"expressway","city":"神戸市","title":"第二神明道路","detail":"高速道路・自動車専用道路。原付一種（50cc以下）は進入禁止。","kind":"motorroad","src":"© OpenStreetMap contributors (ODbL)","confidence":"osm"}},{"type":"Feature","geometry":{"type":"LineString","coordinates":[[135.16896,34.88513],[135.16601,34.88494]]},"properties":{"layer":"expressway","city":"神戸市","title":"自動車専用道路","detail":"高速道路・自動車専用道路。原付一種（50cc以下）は進入禁止。","kind":"motorroad","src":"© OpenStreetMap contributors (ODbL)","confidence":"osm"}},{"type":"Feature","geometry":{"type":"LineString","coordinates":[[135.06714,34.64774],[135.06251,34.64782],[135.0588,34.64674],[135.05646,34.64676],[135.0476,34.64908],[135.0383,34.65218]]},"properties":{"layer":"expressway","city":"神戸市","title":"第二神明道路","detail":"高速道路・自動車専用道路。原付一種（50cc以下）は進入禁止。","kind":"motorroad","src":"© OpenStreetMap contributors (ODbL)","confidence":"osm"}},{"type":"Feature","geometry":{"type":"LineString","coordinates":[[135.06715,34.64785],[135.07008,34.64775]]},"properties":{"layer":"expressway","city":"神戸市","title":"第二神明道路","detail":"高速道路・自動車専用道路。原付一種（50cc以下）は進入禁止。","kind":"motorroad","src":"© OpenStreetMap contributors (ODbL)","confidence":"osm"}},{"type":"Feature","geometry":{"type":"LineString","coordinates":[[135.23255,34.83374],[135.23115,34.83364]]},"properties":{"layer":"expressway","city":"西宮市","title":"自動車専用道路","detail":"高速道路・自動車専用道路。原付一種（50cc以下）は進入禁止。","kind":"motorroad","src":"© OpenStreetMap contributors (ODbL)","confidence":"osm"}},{"type":"Feature","geometry":{"type":"LineString","coordinates":[[135.26085,34.83407],[135.25969,34.83312]]},"properties":{"layer":"expressway","city":"西宮市","title":"自動車専用道路","detail":"高速道路・自動車専用道路。原付一種（50cc以下）は進入禁止。","kind":"motorroad","src":"© OpenStreetMap contributors (ODbL)","confidence":"osm"}},{"type":"Feature","geometry":{"type":"LineString","coordinates":[[135.30313,34.71201],[135.3142,34.71415]]},"properties":{"layer":"expressway","city":"神戸市","title":"阪神高速5号湾岸線","detail":"高速道路・自動車専用道路。原付一種（50cc以下）は進入禁止。","kind":"motorroad","src":"© OpenStreetMap contributors (ODbL)","confidence":"osm"}},{"type":"Feature","geometry":{"type":"LineString","coordinates":[[135.27668,34.69511],[135.27673,34.6948]]},"properties":{"layer":"expressway","city":"神戸市","title":"阪神高速5号湾岸　六甲アイランド北出口","detail":"高速道路・自動車専用道路。原付一種（50cc以下）は進入禁止。","kind":"motorroad","src":"© OpenStreetMap contributors (ODbL)","confidence":"osm"}},{"type":"Feature","geometry":{"type":"LineString","coordinates":[[135.36731,34.80751],[135.36881,34.80666]]},"properties":{"layer":"expressway","city":"宝塚市","title":"中国自動車道","detail":"高速道路・自動車専用道路。原付一種（50cc以下）は進入禁止。","kind":"motorroad","src":"© OpenStreetMap contributors (ODbL)","confidence":"osm"}},{"type":"Feature","geometry":{"type":"LineString","coordinates":[[135.23525,34.83584],[135.23498,34.83482],[135.23508,34.83452],[135.23553,34.83436],[135.23673,34.83444]]},"properties":{"layer":"expressway","city":"西宮市","title":"自動車専用道路","detail":"高速道路・自動車専用道路。原付一種（50cc以下）は進入禁止。","kind":"motorroad","src":"© OpenStreetMap contributors (ODbL)","confidence":"osm"}},{"type":"Feature","geometry":{"type":"LineString","coordinates":[[135.25994,34.82043],[135.26019,34.82067]]},"properties":{"layer":"expressway","city":"西宮市","title":"阪神高速7号北神戸線","detail":"高速道路・自動車専用道路。原付一種（50cc以下）は進入禁止。","kind":"motorroad","src":"© OpenStreetMap contributors (ODbL)","confidence":"osm"}},{"type":"Feature","geometry":{"type":"LineString","coordinates":[[135.26049,34.82428],[135.26091,34.82366]]},"properties":{"layer":"expressway","city":"西宮市","title":"阪神高速7号北神戸線","detail":"高速道路・自動車専用道路。原付一種（50cc以下）は進入禁止。","kind":"motorroad","src":"© OpenStreetMap contributors (ODbL)","confidence":"osm"}},{"type":"Feature","geometry":{"type":"LineString","coordinates":[[135.26004,34.82013],[135.25901,34.81961],[135.25738,34.81929]]},"properties":{"layer":"expressway","city":"西宮市","title":"阪神高速7号北神戸線","detail":"高速道路・自動車専用道路。原付一種（50cc以下）は進入禁止。","kind":"motorroad","src":"© OpenStreetMap contributors (ODbL)","confidence":"osm"}},{"type":"Feature","geometry":{"type":"LineString","coordinates":[[135.25765,34.8196],[135.25911,34.81995],[135.25994,34.82043]]},"properties":{"layer":"expressway","city":"西宮市","title":"阪神高速7号北神戸線","detail":"高速道路・自動車専用道路。原付一種（50cc以下）は進入禁止。","kind":"motorroad","src":"© OpenStreetMap contributors (ODbL)","confidence":"osm"}},{"type":"Feature","geometry":{"type":"LineString","coordinates":[[135.21854,34.84977],[135.22195,34.84949],[135.22303,34.84912],[135.22394,34.84855]]},"properties":{"layer":"expressway","city":"神戸市","title":"神戸JCT","detail":"高速道路・自動車専用道路。原付一種（50cc以下）は進入禁止。","kind":"motorroad","src":"© OpenStreetMap contributors (ODbL)","confidence":"osm"}},{"type":"Feature","geometry":{"type":"LineString","coordinates":[[135.37429,34.80544],[135.37632,34.80566],[135.37782,34.80606],[135.38405,34.80875],[135.38694,34.80966]]},"properties":{"layer":"expressway","city":"宝塚市","title":"中国自動車道","detail":"高速道路・自動車専用道路。原付一種（50cc以下）は進入禁止。","kind":"motorroad","src":"© OpenStreetMap contributors (ODbL)","confidence":"osm"}},{"type":"Feature","geometry":{"type":"LineString","coordinates":[[135.373,34.80535],[135.37257,34.80539]]},"properties":{"layer":"expressway","city":"宝塚市","title":"中国自動車道","detail":"高速道路・自動車専用道路。原付一種（50cc以下）は進入禁止。","kind":"motorroad","src":"© OpenStreetMap contributors (ODbL)","confidence":"osm"}},{"type":"Feature","geometry":{"type":"LineString","coordinates":[[135.36721,34.80742],[135.36339,34.81033]]},"properties":{"layer":"expressway","city":"宝塚市","title":"中国自動車道","detail":"高速道路・自動車専用道路。原付一種（50cc以下）は進入禁止。","kind":"motorroad","src":"© OpenStreetMap contributors (ODbL)","confidence":"osm"}},{"type":"Feature","geometry":{"type":"LineString","coordinates":[[135.37429,34.80531],[135.373,34.80535]]},"properties":{"layer":"expressway","city":"宝塚市","title":"中国自動車道","detail":"高速道路・自動車専用道路。原付一種（50cc以下）は進入禁止。","kind":"motorroad","src":"© OpenStreetMap contributors (ODbL)","confidence":"osm"}},{"type":"Feature","geometry":{"type":"LineString","coordinates":[[135.36881,34.80666],[135.36915,34.80651]]},"properties":{"layer":"expressway","city":"宝塚市","title":"中国自動車道","detail":"高速道路・自動車専用道路。原付一種（50cc以下）は進入禁止。","kind":"motorroad","src":"© OpenStreetMap contributors (ODbL)","confidence":"osm"}},{"type":"Feature","geometry":{"type":"LineString","coordinates":[[135.37247,34.80553],[135.37294,34.80548]]},"properties":{"layer":"expressway","city":"宝塚市","title":"中国自動車道","detail":"高速道路・自動車専用道路。原付一種（50cc以下）は進入禁止。","kind":"motorroad","src":"© OpenStreetMap contributors (ODbL)","confidence":"osm"}},{"type":"Feature","geometry":{"type":"LineString","coordinates":[[135.37294,34.80548],[135.37429,34.80544]]},"properties":{"layer":"expressway","city":"宝塚市","title":"中国自動車道","detail":"高速道路・自動車専用道路。原付一種（50cc以下）は進入禁止。","kind":"motorroad","src":"© OpenStreetMap contributors (ODbL)","confidence":"osm"}},{"type":"Feature","geometry":{"type":"LineString","coordinates":[[135.35798,34.81467],[135.3555,34.81616]]},"properties":{"layer":"expressway","city":"宝塚市","title":"中国自動車道","detail":"高速道路・自動車専用道路。原付一種（50cc以下）は進入禁止。","kind":"motorroad","src":"© OpenStreetMap contributors (ODbL)","confidence":"osm"}},{"type":"Feature","geometry":{"type":"LineString","coordinates":[[135.36912,34.80637],[135.36875,34.80655]]},"properties":{"layer":"expressway","city":"宝塚市","title":"中国自動車道","detail":"高速道路・自動車専用道路。原付一種（50cc以下）は進入禁止。","kind":"motorroad","src":"© OpenStreetMap contributors (ODbL)","confidence":"osm"}},{"type":"Feature","geometry":{"type":"LineString","coordinates":[[135.36875,34.80655],[135.36721,34.80742]]},"properties":{"layer":"expressway","city":"宝塚市","title":"中国自動車道","detail":"高速道路・自動車専用道路。原付一種（50cc以下）は進入禁止。","kind":"motorroad","src":"© OpenStreetMap contributors (ODbL)","confidence":"osm"}},{"type":"Feature","geometry":{"type":"LineString","coordinates":[[135.35813,34.81478],[135.36349,34.81043]]},"properties":{"layer":"expressway","city":"宝塚市","title":"中国自動車道","detail":"高速道路・自動車専用道路。原付一種（50cc以下）は進入禁止。","kind":"motorroad","src":"© OpenStreetMap contributors (ODbL)","confidence":"osm"}},{"type":"Feature","geometry":{"type":"LineString","coordinates":[[135.37257,34.80539],[135.371,34.80569],[135.36912,34.80637]]},"properties":{"layer":"expressway","city":"宝塚市","title":"中国自動車道","detail":"高速道路・自動車専用道路。原付一種（50cc以下）は進入禁止。","kind":"motorroad","src":"© OpenStreetMap contributors (ODbL)","confidence":"osm"}},{"type":"Feature","geometry":{"type":"LineString","coordinates":[[135.36915,34.80651],[135.37061,34.80593],[135.37247,34.80553]]},"properties":{"layer":"expressway","city":"宝塚市","title":"中国自動車道","detail":"高速道路・自動車専用道路。原付一種（50cc以下）は進入禁止。","kind":"motorroad","src":"© OpenStreetMap contributors (ODbL)","confidence":"osm"}},{"type":"Feature","geometry":{"type":"LineString","coordinates":[[135.36884,34.8067],[135.36915,34.80651]]},"properties":{"layer":"expressway","city":"宝塚市","title":"自動車専用道路","detail":"高速道路・自動車専用道路。原付一種（50cc以下）は進入禁止。","kind":"motorroad","src":"© OpenStreetMap contributors (ODbL)","confidence":"osm"}},{"type":"Feature","geometry":{"type":"LineString","coordinates":[[135.22596,34.84437],[135.22291,34.84935]]},"properties":{"layer":"expressway","city":"神戸市","title":"中国自動車道","detail":"高速道路・自動車専用道路。原付一種（50cc以下）は進入禁止。","kind":"motorroad","src":"© OpenStreetMap contributors (ODbL)","confidence":"osm"}},{"type":"Feature","geometry":{"type":"LineString","coordinates":[[135.10852,34.65209],[135.11002,34.65326]]},"properties":{"layer":"expressway","city":"神戸市","title":"第二神明道路","detail":"高速道路・自動車専用道路。原付一種（50cc以下）は進入禁止。","kind":"motorroad","src":"© OpenStreetMap contributors (ODbL)","confidence":"osm"}},{"type":"Feature","geometry":{"type":"LineString","coordinates":[[135.10789,34.65163],[135.10852,34.65209]]},"properties":{"layer":"expressway","city":"神戸市","title":"第二神明道路","detail":"高速道路・自動車専用道路。原付一種（50cc以下）は進入禁止。","kind":"motorroad","src":"© OpenStreetMap contributors (ODbL)","confidence":"osm"}},{"type":"Feature","geometry":{"type":"LineString","coordinates":[[135.1086,34.65201],[135.10797,34.65156]]},"properties":{"layer":"expressway","city":"神戸市","title":"第二神明道路","detail":"高速道路・自動車専用道路。原付一種（50cc以下）は進入禁止。","kind":"motorroad","src":"© OpenStreetMap contributors (ODbL)","confidence":"osm"}},{"type":"Feature","geometry":{"type":"LineString","coordinates":[[135.10797,34.65156],[135.10665,34.65067]]},"properties":{"layer":"expressway","city":"神戸市","title":"第二神明道路","detail":"高速道路・自動車専用道路。原付一種（50cc以下）は進入禁止。","kind":"motorroad","src":"© OpenStreetMap contributors (ODbL)","confidence":"osm"}},{"type":"Feature","geometry":{"type":"LineString","coordinates":[[135.10782,34.6517],[135.10844,34.65215]]},"properties":{"layer":"expressway","city":"神戸市","title":"自動車専用道路","detail":"高速道路・自動車専用道路。原付一種（50cc以下）は進入禁止。","kind":"motorroad","src":"© OpenStreetMap contributors (ODbL)","confidence":"osm"}},{"type":"Feature","geometry":{"type":"LineString","coordinates":[[135.10844,34.65215],[135.11275,34.6555]]},"properties":{"layer":"expressway","city":"神戸市","title":"自動車専用道路","detail":"高速道路・自動車専用道路。原付一種（50cc以下）は進入禁止。","kind":"motorroad","src":"© OpenStreetMap contributors (ODbL)","confidence":"osm"}},{"type":"Feature","geometry":{"type":"LineString","coordinates":[[135.10267,34.69719],[135.10271,34.69685]]},"properties":{"layer":"expressway","city":"神戸市","title":"阪神高速31号神戸山手線","detail":"高速道路・自動車専用道路。原付一種（50cc以下）は進入禁止。","kind":"motorroad","src":"© OpenStreetMap contributors (ODbL)","confidence":"osm"}},{"type":"Feature","geometry":{"type":"LineString","coordinates":[[135.10257,34.69718],[135.10253,34.6977]]},"properties":{"layer":"expressway","city":"神戸市","title":"阪神高速31号神戸山手線","detail":"高速道路・自動車専用道路。原付一種（50cc以下）は進入禁止。","kind":"motorroad","src":"© OpenStreetMap contributors (ODbL)","confidence":"osm"}},{"type":"Feature","geometry":{"type":"LineString","coordinates":[[135.10262,34.6977],[135.10267,34.69719]]},"properties":{"layer":"expressway","city":"神戸市","title":"阪神高速31号神戸山手線","detail":"高速道路・自動車専用道路。原付一種（50cc以下）は進入禁止。","kind":"motorroad","src":"© OpenStreetMap contributors (ODbL)","confidence":"osm"}},{"type":"Feature","geometry":{"type":"LineString","coordinates":[[135.10253,34.6977],[135.1025,34.69921]]},"properties":{"layer":"expressway","city":"神戸市","title":"阪神高速31号神戸山手線","detail":"高速道路・自動車専用道路。原付一種（50cc以下）は進入禁止。","kind":"motorroad","src":"© OpenStreetMap contributors (ODbL)","confidence":"osm"}},{"type":"Feature","geometry":{"type":"LineString","coordinates":[[135.0804,34.69453],[135.07843,34.69422]]},"properties":{"layer":"expressway","city":"神戸市","title":"阪神高速7号北神戸線","detail":"高速道路・自動車専用道路。原付一種（50cc以下）は進入禁止。","kind":"motorroad","src":"© OpenStreetMap contributors (ODbL)","confidence":"osm"}},{"type":"Feature","geometry":{"type":"LineString","coordinates":[[135.09476,34.70512],[135.10218,34.70978]]},"properties":{"layer":"expressway","city":"神戸市","title":"阪神高速7号北神戸線","detail":"高速道路・自動車専用道路。原付一種（50cc以下）は進入禁止。","kind":"motorroad","src":"© OpenStreetMap contributors (ODbL)","confidence":"osm"}},{"type":"Feature","geometry":{"type":"LineString","coordinates":[[135.10244,34.70168],[135.10221,34.70274],[135.10167,34.70382]]},"properties":{"layer":"expressway","city":"神戸市","title":"阪神高速31号神戸山手線","detail":"高速道路・自動車専用道路。原付一種（50cc以下）は進入禁止。","kind":"motorroad","src":"© OpenStreetMap contributors (ODbL)","confidence":"osm"}},{"type":"Feature","geometry":{"type":"LineString","coordinates":[[135.1025,34.69921],[135.10244,34.70168]]},"properties":{"layer":"expressway","city":"神戸市","title":"阪神高速31号神戸山手線","detail":"高速道路・自動車専用道路。原付一種（50cc以下）は進入禁止。","kind":"motorroad","src":"© OpenStreetMap contributors (ODbL)","confidence":"osm"}},{"type":"Feature","geometry":{"type":"LineString","coordinates":[[135.10258,34.69921],[135.10262,34.6977]]},"properties":{"layer":"expressway","city":"神戸市","title":"阪神高速31号神戸山手線","detail":"高速道路・自動車専用道路。原付一種（50cc以下）は進入禁止。","kind":"motorroad","src":"© OpenStreetMap contributors (ODbL)","confidence":"osm"}},{"type":"Feature","geometry":{"type":"LineString","coordinates":[[135.10252,34.70169],[135.10258,34.69921]]},"properties":{"layer":"expressway","city":"神戸市","title":"阪神高速31号神戸山手線","detail":"高速道路・自動車専用道路。原付一種（50cc以下）は進入禁止。","kind":"motorroad","src":"© OpenStreetMap contributors (ODbL)","confidence":"osm"}},{"type":"Feature","geometry":{"type":"LineString","coordinates":[[135.03835,34.65226],[135.04764,34.64917],[135.05693,34.64677],[135.05879,34.64683],[135.06247,34.6479],[135.06715,34.64785]]},"properties":{"layer":"expressway","city":"神戸市","title":"第二神明道路","detail":"高速道路・自動車専用道路。原付一種（50cc以下）は進入禁止。","kind":"motorroad","src":"© OpenStreetMap contributors (ODbL)","confidence":"osm"}},{"type":"Feature","geometry":{"type":"LineString","coordinates":[[135.07273,34.64755],[135.07009,34.64763]]},"properties":{"layer":"expressway","city":"神戸市","title":"第二神明道路","detail":"高速道路・自動車専用道路。原付一種（50cc以下）は進入禁止。","kind":"motorroad","src":"© OpenStreetMap contributors (ODbL)","confidence":"osm"}},{"type":"Feature","geometry":{"type":"LineString","coordinates":[[135.08535,34.65021],[135.08227,34.64979]]},"properties":{"layer":"expressway","city":"神戸市","title":"第二神明道路","detail":"高速道路・自動車専用道路。原付一種（50cc以下）は進入禁止。","kind":"motorroad","src":"© OpenStreetMap contributors (ODbL)","confidence":"osm"}},{"type":"Feature","geometry":{"type":"LineString","coordinates":[[135.07716,34.69375],[135.07746,34.69423],[135.07792,34.69451],[135.07956,34.6945],[135.08091,34.69482]]},"properties":{"layer":"expressway","city":"神戸市","title":"阪神高速7号北神戸線","detail":"高速道路・自動車専用道路。原付一種（50cc以下）は進入禁止。","kind":"motorroad","src":"© OpenStreetMap contributors (ODbL)","confidence":"osm"}},{"type":"Feature","geometry":{"type":"LineString","coordinates":[[135.07338,34.69131],[135.07403,34.69148]]},"properties":{"layer":"expressway","city":"神戸市","title":"阪神高速7号北神戸線","detail":"高速道路・自動車専用道路。原付一種（50cc以下）は進入禁止。","kind":"motorroad","src":"© OpenStreetMap contributors (ODbL)","confidence":"osm"}},{"type":"Feature","geometry":{"type":"LineString","coordinates":[[135.07461,34.69418],[135.07377,34.69209],[135.0738,34.69175],[135.07411,34.69151],[135.07453,34.69152],[135.07565,34.6921],[135.07734,34.69333]]},"properties":{"layer":"expressway","city":"神戸市","title":"神戸淡路鳴門自動車道","detail":"高速道路・自動車専用道路。原付一種（50cc以下）は進入禁止。","kind":"motorroad","src":"© OpenStreetMap contributors (ODbL)","confidence":"osm"}},{"type":"Feature","geometry":{"type":"LineString","coordinates":[[135.07734,34.69333],[135.07751,34.69331]]},"properties":{"layer":"expressway","city":"神戸市","title":"神戸淡路鳴門自動車道","detail":"高速道路・自動車専用道路。原付一種（50cc以下）は進入禁止。","kind":"motorroad","src":"© OpenStreetMap contributors (ODbL)","confidence":"osm"}},{"type":"Feature","geometry":{"type":"LineString","coordinates":[[135.07779,34.69371],[135.07755,34.69343]]},"properties":{"layer":"expressway","city":"神戸市","title":"神戸淡路鳴門自動車道","detail":"高速道路・自動車専用道路。原付一種（50cc以下）は進入禁止。","kind":"motorroad","src":"© OpenStreetMap contributors (ODbL)","confidence":"osm"}},{"type":"Feature","geometry":{"type":"LineString","coordinates":[[135.07312,34.69035],[135.07147,34.68796]]},"properties":{"layer":"expressway","city":"神戸市","title":"神戸淡路鳴門自動車道","detail":"高速道路・自動車専用道路。原付一種（50cc以下）は進入禁止。","kind":"motorroad","src":"© OpenStreetMap contributors (ODbL)","confidence":"osm"}},{"type":"Feature","geometry":{"type":"LineString","coordinates":[[135.07295,34.69134],[135.07338,34.69131]]},"properties":{"layer":"expressway","city":"神戸市","title":"阪神高速7号北神戸線","detail":"高速道路・自動車専用道路。原付一種（50cc以下）は進入禁止。","kind":"motorroad","src":"© OpenStreetMap contributors (ODbL)","confidence":"osm"}},{"type":"Feature","geometry":{"type":"LineString","coordinates":[[135.07295,34.69134],[135.07334,34.69122]]},"properties":{"layer":"expressway","city":"神戸市","title":"神戸淡路鳴門自動車道","detail":"高速道路・自動車専用道路。原付一種（50cc以下）は進入禁止。","kind":"motorroad","src":"© OpenStreetMap contributors (ODbL)","confidence":"osm"}},{"type":"Feature","geometry":{"type":"LineString","coordinates":[[135.08189,34.69517],[135.08043,34.69444]]},"properties":{"layer":"expressway","city":"神戸市","title":"神戸淡路鳴門自動車道","detail":"高速道路・自動車専用道路。原付一種（50cc以下）は進入禁止。","kind":"motorroad","src":"© OpenStreetMap contributors (ODbL)","confidence":"osm"}},{"type":"Feature","geometry":{"type":"LineString","coordinates":[[135.08043,34.69444],[135.07804,34.69376]]},"properties":{"layer":"expressway","city":"神戸市","title":"神戸淡路鳴門自動車道","detail":"高速道路・自動車専用道路。原付一種（50cc以下）は進入禁止。","kind":"motorroad","src":"© OpenStreetMap contributors (ODbL)","confidence":"osm"}},{"type":"Feature","geometry":{"type":"LineString","coordinates":[[135.07755,34.6947],[135.07809,34.69437],[135.07779,34.69371]]},"properties":{"layer":"expressway","city":"神戸市","title":"神戸淡路鳴門自動車道","detail":"高速道路・自動車専用道路。原付一種（50cc以下）は進入禁止。","kind":"motorroad","src":"© OpenStreetMap contributors (ODbL)","confidence":"osm"}},{"type":"Feature","geometry":{"type":"LineString","coordinates":[[135.07162,34.68843],[135.0722,34.68987],[135.07188,34.69055]]},"properties":{"layer":"expressway","city":"神戸市","title":"神戸淡路鳴門自動車道","detail":"高速道路・自動車専用道路。原付一種（50cc以下）は進入禁止。","kind":"motorroad","src":"© OpenStreetMap contributors (ODbL)","confidence":"osm"}},{"type":"Feature","geometry":{"type":"LineString","coordinates":[[135.07334,34.69122],[135.07449,34.69132],[135.07565,34.6921]]},"properties":{"layer":"expressway","city":"神戸市","title":"神戸淡路鳴門自動車道","detail":"高速道路・自動車専用道路。原付一種（50cc以下）は進入禁止。","kind":"motorroad","src":"© OpenStreetMap contributors (ODbL)","confidence":"osm"}},{"type":"Feature","geometry":{"type":"LineString","coordinates":[[135.09183,34.70242],[135.08792,34.69834],[135.0844,34.69641]]},"properties":{"layer":"expressway","city":"神戸市","title":"阪神高速7号北神戸線","detail":"高速道路・自動車専用道路。原付一種（50cc以下）は進入禁止。","kind":"motorroad","src":"© OpenStreetMap contributors (ODbL)","confidence":"osm"}},{"type":"Feature","geometry":{"type":"LineString","coordinates":[[135.08435,34.69649],[135.08783,34.6984],[135.09204,34.70276]]},"properties":{"layer":"expressway","city":"神戸市","title":"阪神高速7号北神戸線","detail":"高速道路・自動車専用道路。原付一種（50cc以下）は進入禁止。","kind":"motorroad","src":"© OpenStreetMap contributors (ODbL)","confidence":"osm"}},{"type":"Feature","geometry":{"type":"LineString","coordinates":[[135.23543,34.83859],[135.23585,34.83851]]},"properties":{"layer":"expressway","city":"西宮市","title":"自動車専用道路","detail":"高速道路・自動車専用道路。原付一種（50cc以下）は進入禁止。","kind":"motorroad","src":"© OpenStreetMap contributors (ODbL)","confidence":"osm"}},{"type":"Feature","geometry":{"type":"LineString","coordinates":[[135.27654,34.69509],[135.27634,34.69546],[135.27587,34.69557],[135.27438,34.69555],[135.27275,34.69513],[135.27223,34.69524],[135.27206,34.69564],[135.27294,34.69684],[135.27325,34.69827]]},"properties":{"layer":"expressway","city":"神戸市","title":"阪神高速5号湾岸　線六甲アイランド北入口","detail":"高速道路・自動車専用道路。原付一種（50cc以下）は進入禁止。","kind":"motorroad","src":"© OpenStreetMap contributors (ODbL)","confidence":"osm"}},{"type":"Feature","geometry":{"type":"LineString","coordinates":[[135.36435,34.74465],[135.36243,34.7438],[135.36067,34.74218],[135.35983,34.7405],[135.35959,34.73802]]},"properties":{"layer":"expressway","city":"西宮市","title":"名神高速道路","detail":"高速道路・自動車専用道路。原付一種（50cc以下）は進入禁止。","kind":"motorroad","src":"© OpenStreetMap contributors (ODbL)","confidence":"osm"}},{"type":"Feature","geometry":{"type":"LineString","coordinates":[[135.03638,34.63582],[135.03557,34.634]]},"properties":{"layer":"expressway","city":"神戸市","title":"神戸淡路鳴門自動車道","detail":"高速道路・自動車専用道路。原付一種（50cc以下）は進入禁止。","kind":"motorroad","src":"© OpenStreetMap contributors (ODbL)","confidence":"osm"}},{"type":"Feature","geometry":{"type":"LineString","coordinates":[[135.03541,34.63406],[135.03622,34.63586]]},"properties":{"layer":"expressway","city":"神戸市","title":"神戸淡路鳴門自動車道","detail":"高速道路・自動車専用道路。原付一種（50cc以下）は進入禁止。","kind":"motorroad","src":"© OpenStreetMap contributors (ODbL)","confidence":"osm"}},{"type":"Feature","geometry":{"type":"LineString","coordinates":[[135.05469,34.6484],[135.05451,34.64813]]},"properties":{"layer":"expressway","city":"神戸市","title":"第二神明道路","detail":"高速道路・自動車専用道路。原付一種（50cc以下）は進入禁止。","kind":"motorroad","src":"© OpenStreetMap contributors (ODbL)","confidence":"osm"}},{"type":"Feature","geometry":{"type":"LineString","coordinates":[[135.05429,34.64824],[135.05451,34.64813]]},"properties":{"layer":"expressway","city":"神戸市","title":"第二神明道路","detail":"高速道路・自動車専用道路。原付一種（50cc以下）は進入禁止。","kind":"motorroad","src":"© OpenStreetMap contributors (ODbL)","confidence":"osm"}},{"type":"Feature","geometry":{"type":"LineString","coordinates":[[135.05434,34.64806],[135.0545,34.64836]]},"properties":{"layer":"expressway","city":"神戸市","title":"第二神明道路","detail":"高速道路・自動車専用道路。原付一種（50cc以下）は進入禁止。","kind":"motorroad","src":"© OpenStreetMap contributors (ODbL)","confidence":"osm"}},{"type":"Feature","geometry":{"type":"LineString","coordinates":[[135.08971,34.65178],[135.08783,34.65126]]},"properties":{"layer":"expressway","city":"神戸市","title":"自動車専用道路","detail":"高速道路・自動車専用道路。原付一種（50cc以下）は進入禁止。","kind":"motorroad","src":"© OpenStreetMap contributors (ODbL)","confidence":"osm"}},{"type":"Feature","geometry":{"type":"LineString","coordinates":[[135.09379,34.65183],[135.09147,34.65199]]},"properties":{"layer":"expressway","city":"神戸市","title":"自動車専用道路","detail":"高速道路・自動車専用道路。原付一種（50cc以下）は進入禁止。","kind":"motorroad","src":"© OpenStreetMap contributors (ODbL)","confidence":"osm"}},{"type":"Feature","geometry":{"type":"LineString","coordinates":[[135.06798,34.70091],[135.06922,34.70087],[135.07104,34.70044]]},"properties":{"layer":"expressway","city":"神戸市","title":"阪神高速7号北神戸線","detail":"高速道路・自動車専用道路。原付一種（50cc以下）は進入禁止。","kind":"motorroad","src":"© OpenStreetMap contributors (ODbL)","confidence":"osm"}},{"type":"Feature","geometry":{"type":"LineString","coordinates":[[135.07087,34.7002],[135.06818,34.7007]]},"properties":{"layer":"expressway","city":"神戸市","title":"阪神高速7号北神戸線","detail":"高速道路・自動車専用道路。原付一種（50cc以下）は進入禁止。","kind":"motorroad","src":"© OpenStreetMap contributors (ODbL)","confidence":"osm"}},{"type":"Feature","geometry":{"type":"LineString","coordinates":[[135.07176,34.69976],[135.07116,34.70008]]},"properties":{"layer":"expressway","city":"神戸市","title":"阪神高速7号北神戸線","detail":"高速道路・自動車専用道路。原付一種（50cc以下）は進入禁止。","kind":"motorroad","src":"© OpenStreetMap contributors (ODbL)","confidence":"osm"}},{"type":"Feature","geometry":{"type":"LineString","coordinates":[[135.07123,34.70037],[135.07195,34.69998]]},"properties":{"layer":"expressway","city":"神戸市","title":"阪神高速7号北神戸線","detail":"高速道路・自動車専用道路。原付一種（50cc以下）は進入禁止。","kind":"motorroad","src":"© OpenStreetMap contributors (ODbL)","confidence":"osm"}},{"type":"Feature","geometry":{"type":"LineString","coordinates":[[135.07104,34.70044],[135.07123,34.70037]]},"properties":{"layer":"expressway","city":"神戸市","title":"阪神高速7号北神戸線","detail":"高速道路・自動車専用道路。原付一種（50cc以下）は進入禁止。","kind":"motorroad","src":"© OpenStreetMap contributors (ODbL)","confidence":"osm"}},{"type":"Feature","geometry":{"type":"LineString","coordinates":[[135.07116,34.70008],[135.07087,34.7002]]},"properties":{"layer":"expressway","city":"神戸市","title":"阪神高速7号北神戸線","detail":"高速道路・自動車専用道路。原付一種（50cc以下）は進入禁止。","kind":"motorroad","src":"© OpenStreetMap contributors (ODbL)","confidence":"osm"}},{"type":"Feature","geometry":{"type":"LineString","coordinates":[[135.0742,34.69656],[135.07319,34.69842],[135.07176,34.69976]]},"properties":{"layer":"expressway","city":"神戸市","title":"阪神高速7号北神戸線","detail":"高速道路・自動車専用道路。原付一種（50cc以下）は進入禁止。","kind":"motorroad","src":"© OpenStreetMap contributors (ODbL)","confidence":"osm"}},{"type":"Feature","geometry":{"type":"LineString","coordinates":[[135.07195,34.69998],[135.07339,34.69856],[135.07435,34.69653]]},"properties":{"layer":"expressway","city":"神戸市","title":"阪神高速7号北神戸線","detail":"高速道路・自動車専用道路。原付一種（50cc以下）は進入禁止。","kind":"motorroad","src":"© OpenStreetMap contributors (ODbL)","confidence":"osm"}},{"type":"Feature","geometry":{"type":"LineString","coordinates":[[135.21449,34.80386],[135.21471,34.80355],[135.21519,34.8035]]},"properties":{"layer":"expressway","city":"神戸市","title":"阪神高速７号北神戸線北延伸線","detail":"高速道路・自動車専用道路。原付一種（50cc以下）は進入禁止。","kind":"motorroad","src":"© OpenStreetMap contributors (ODbL)","confidence":"osm"}},{"type":"Feature","geometry":{"type":"LineString","coordinates":[[135.22543,34.84603],[135.22702,34.84328]]},"properties":{"layer":"expressway","city":"神戸市","title":"神戸JCT","detail":"高速道路・自動車専用道路。原付一種（50cc以下）は進入禁止。","kind":"motorroad","src":"© OpenStreetMap contributors (ODbL)","confidence":"osm"}},{"type":"Feature","geometry":{"type":"LineString","coordinates":[[134.98238,34.68394],[134.98113,34.68437]]},"properties":{"layer":"expressway","city":"神戸市","title":"自動車専用道路","detail":"高速道路・自動車専用道路。原付一種（50cc以下）は進入禁止。","kind":"motorroad","src":"© OpenStreetMap contributors (ODbL)","confidence":"osm"}},{"type":"Feature","geometry":{"type":"LineString","coordinates":[[135.01245,34.67767],[134.99484,34.68253]]},"properties":{"layer":"expressway","city":"神戸市","title":"第二神明道路","detail":"高速道路・自動車専用道路。原付一種（50cc以下）は進入禁止。","kind":"motorroad","src":"© OpenStreetMap contributors (ODbL)","confidence":"osm"}},{"type":"Feature","geometry":{"type":"LineString","coordinates":[[134.98117,34.68453],[134.98294,34.68384]]},"properties":{"layer":"expressway","city":"神戸市","title":"第二神明道路","detail":"高速道路・自動車専用道路。原付一種（50cc以下）は進入禁止。","kind":"motorroad","src":"© OpenStreetMap contributors (ODbL)","confidence":"osm"}},{"type":"Feature","geometry":{"type":"LineString","coordinates":[[134.98289,34.68376],[134.98115,34.68445]]},"properties":{"layer":"expressway","city":"神戸市","title":"第二神明道路","detail":"高速道路・自動車専用道路。原付一種（50cc以下）は進入禁止。","kind":"motorroad","src":"© OpenStreetMap contributors (ODbL)","confidence":"osm"}},{"type":"Feature","geometry":{"type":"LineString","coordinates":[[134.98688,34.68305],[134.98905,34.68296]]},"properties":{"layer":"expressway","city":"神戸市","title":"第二神明道路","detail":"高速道路・自動車専用道路。原付一種（50cc以下）は進入禁止。","kind":"motorroad","src":"© OpenStreetMap contributors (ODbL)","confidence":"osm"}},{"type":"Feature","geometry":{"type":"LineString","coordinates":[[135.27356,34.70159],[135.27376,34.70406],[135.27422,34.70543],[135.27534,34.70671],[135.27685,34.70751],[135.27825,34.70782],[135.28523,34.70863],[135.29671,34.71102],[135.30313,34.71201]]},"properties":{"layer":"expressway","city":"神戸市","title":"阪神高速5号湾岸線","detail":"高速道路・自動車専用道路。原付一種（50cc以下）は進入禁止。","kind":"motorroad","src":"© OpenStreetMap contributors (ODbL)","confidence":"osm"}},{"type":"Feature","geometry":{"type":"LineString","coordinates":[[134.98182,34.68577],[134.98259,34.68572]]},"properties":{"layer":"expressway","city":"神戸市","title":"自動車専用道路","detail":"高速道路・自動車専用道路。原付一種（50cc以下）は進入禁止。","kind":"motorroad","src":"© OpenStreetMap contributors (ODbL)","confidence":"osm"}},{"type":"Feature","geometry":{"type":"LineString","coordinates":[[135.22285,34.8499],[135.22581,34.85049]]},"properties":{"layer":"expressway","city":"神戸市","title":"新名神高速道路","detail":"高速道路・自動車専用道路。原付一種（50cc以下）は進入禁止。","kind":"motorroad","src":"© OpenStreetMap contributors (ODbL)","confidence":"osm"}},{"type":"Feature","geometry":{"type":"LineString","coordinates":[[134.98115,34.68445],[134.97789,34.68604]]},"properties":{"layer":"expressway","city":"神戸市","title":"第二神明道路","detail":"高速道路・自動車専用道路。原付一種（50cc以下）は進入禁止。","kind":"motorroad","src":"© OpenStreetMap contributors (ODbL)","confidence":"osm"}},{"type":"Feature","geometry":{"type":"LineString","coordinates":[[134.9735,34.68825],[134.97209,34.689],[134.97112,34.68976]]},"properties":{"layer":"expressway","city":"神戸市","title":"第二神明道路","detail":"高速道路・自動車専用道路。原付一種（50cc以下）は進入禁止。","kind":"motorroad","src":"© OpenStreetMap contributors (ODbL)","confidence":"osm"}},{"type":"Feature","geometry":{"type":"LineString","coordinates":[[134.97349,34.68835],[134.97737,34.68641]]},"properties":{"layer":"expressway","city":"神戸市","title":"第二神明道路","detail":"高速道路・自動車専用道路。原付一種（50cc以下）は進入禁止。","kind":"motorroad","src":"© OpenStreetMap contributors (ODbL)","confidence":"osm"}},{"type":"Feature","geometry":{"type":"LineString","coordinates":[[134.97117,34.68985],[134.97214,34.68908],[134.97349,34.68835]]},"properties":{"layer":"expressway","city":"神戸市","title":"第二神明道路","detail":"高速道路・自動車専用道路。原付一種（50cc以下）は進入禁止。","kind":"motorroad","src":"© OpenStreetMap contributors (ODbL)","confidence":"osm"}},{"type":"Feature","geometry":{"type":"LineString","coordinates":[[135.09206,34.74908],[135.09196,34.74658],[135.09165,34.74534],[135.09091,34.74367]]},"properties":{"layer":"expressway","city":"神戸市","title":"山陽自動車道木見支線","detail":"高速道路・自動車専用道路。原付一種（50cc以下）は進入禁止。","kind":"motorroad","src":"© OpenStreetMap contributors (ODbL)","confidence":"osm"}},{"type":"Feature","geometry":{"type":"LineString","coordinates":[[135.08978,34.74212],[135.09081,34.74375]]},"properties":{"layer":"expressway","city":"神戸市","title":"山陽自動車道木見支線","detail":"高速道路・自動車専用道路。原付一種（50cc以下）は進入禁止。","kind":"motorroad","src":"© OpenStreetMap contributors (ODbL)","confidence":"osm"}},{"type":"Feature","geometry":{"type":"LineString","coordinates":[[135.09091,34.74367],[135.08988,34.74205]]},"properties":{"layer":"expressway","city":"神戸市","title":"山陽自動車道木見支線","detail":"高速道路・自動車専用道路。原付一種（50cc以下）は進入禁止。","kind":"motorroad","src":"© OpenStreetMap contributors (ODbL)","confidence":"osm"}},{"type":"Feature","geometry":{"type":"LineString","coordinates":[[135.09081,34.74375],[135.09172,34.74627],[135.09175,34.74895]]},"properties":{"layer":"expressway","city":"神戸市","title":"山陽自動車道木見支線","detail":"高速道路・自動車専用道路。原付一種（50cc以下）は進入禁止。","kind":"motorroad","src":"© OpenStreetMap contributors (ODbL)","confidence":"osm"}},{"type":"Feature","geometry":{"type":"LineString","coordinates":[[135.2255,34.79266],[135.22637,34.79398]]},"properties":{"layer":"expressway","city":"神戸市","title":"阪神高速7号北神戸線","detail":"高速道路・自動車専用道路。原付一種（50cc以下）は進入禁止。","kind":"motorroad","src":"© OpenStreetMap contributors (ODbL)","confidence":"osm"}},{"type":"Feature","geometry":{"type":"LineString","coordinates":[[135.06823,34.66415],[135.06794,34.66622]]},"properties":{"layer":"expressway","city":"神戸市","title":"自動車専用道路","detail":"高速道路・自動車専用道路。原付一種（50cc以下）は進入禁止。","kind":"motorroad","src":"© OpenStreetMap contributors (ODbL)","confidence":"osm"}},{"type":"Feature","geometry":{"type":"LineString","coordinates":[[135.07217,34.64945],[135.07127,34.64998]]},"properties":{"layer":"expressway","city":"神戸市","title":"自動車専用道路","detail":"高速道路・自動車専用道路。原付一種（50cc以下）は進入禁止。","kind":"motorroad","src":"© OpenStreetMap contributors (ODbL)","confidence":"osm"}},{"type":"Feature","geometry":{"type":"LineString","coordinates":[[135.07178,34.65018],[135.07338,34.64989]]},"properties":{"layer":"expressway","city":"神戸市","title":"自動車専用道路","detail":"高速道路・自動車専用道路。原付一種（50cc以下）は進入禁止。","kind":"motorroad","src":"© OpenStreetMap contributors (ODbL)","confidence":"osm"}},{"type":"Feature","geometry":{"type":"LineString","coordinates":[[135.1711,34.88545],[135.17311,34.88488]]},"properties":{"layer":"expressway","city":"神戸市","title":"自動車専用道路","detail":"高速道路・自動車専用道路。原付一種（50cc以下）は進入禁止。","kind":"motorroad","src":"© OpenStreetMap contributors (ODbL)","confidence":"osm"}},{"type":"Feature","geometry":{"type":"LineString","coordinates":[[135.29664,34.82828],[135.29869,34.82787],[135.30234,34.82759]]},"properties":{"layer":"expressway","city":"西宮市","title":"自動車専用道路","detail":"高速道路・自動車専用道路。原付一種（50cc以下）は進入禁止。","kind":"motorroad","src":"© OpenStreetMap contributors (ODbL)","confidence":"osm"}},{"type":"Feature","geometry":{"type":"LineString","coordinates":[[135.15339,34.83002],[135.15165,34.82918]]},"properties":{"layer":"expressway","city":"神戸市","title":"自動車専用道路","detail":"高速道路・自動車専用道路。原付一種（50cc以下）は進入禁止。","kind":"motorroad","src":"© OpenStreetMap contributors (ODbL)","confidence":"osm"}},{"type":"Feature","geometry":{"type":"LineString","coordinates":[[135.1558,34.83153],[135.15837,34.83183]]},"properties":{"layer":"expressway","city":"神戸市","title":"自動車専用道路","detail":"高速道路・自動車専用道路。原付一種（50cc以下）は進入禁止。","kind":"motorroad","src":"© OpenStreetMap contributors (ODbL)","confidence":"osm"}},{"type":"Feature","geometry":{"type":"LineString","coordinates":[[135.15096,34.82883],[135.1534,34.83056]]},"properties":{"layer":"expressway","city":"神戸市","title":"自動車専用道路","detail":"高速道路・自動車専用道路。原付一種（50cc以下）は進入禁止。","kind":"motorroad","src":"© OpenStreetMap contributors (ODbL)","confidence":"osm"}},{"type":"Feature","geometry":{"type":"LineString","coordinates":[[135.29471,34.82845],[135.29179,34.82968]]},"properties":{"layer":"expressway","city":"西宮市","title":"自動車専用道路","detail":"高速道路・自動車専用道路。原付一種（50cc以下）は進入禁止。","kind":"motorroad","src":"© OpenStreetMap contributors (ODbL)","confidence":"osm"}},{"type":"Feature","geometry":{"type":"LineString","coordinates":[[135.26422,34.83513],[135.26656,34.83537]]},"properties":{"layer":"expressway","city":"西宮市","title":"阪神高速7号北神戸線","detail":"高速道路・自動車専用道路。原付一種（50cc以下）は進入禁止。","kind":"motorroad","src":"© OpenStreetMap contributors (ODbL)","confidence":"osm"}},{"type":"Feature","geometry":{"type":"LineString","coordinates":[[135.25808,34.83242],[135.25914,34.83387],[135.26133,34.83503],[135.26207,34.83526],[135.26422,34.83513]]},"properties":{"layer":"expressway","city":"西宮市","title":"阪神高速7号北神戸線","detail":"高速道路・自動車専用道路。原付一種（50cc以下）は進入禁止。","kind":"motorroad","src":"© OpenStreetMap contributors (ODbL)","confidence":"osm"}},{"type":"Feature","geometry":{"type":"LineString","coordinates":[[135.25804,34.83252],[135.25857,34.83285],[135.25952,34.8331]]},"properties":{"layer":"expressway","city":"西宮市","title":"自動車専用道路","detail":"高速道路・自動車専用道路。原付一種（50cc以下）は進入禁止。","kind":"motorroad","src":"© OpenStreetMap contributors (ODbL)","confidence":"osm"}},{"type":"Feature","geometry":{"type":"LineString","coordinates":[[135.19957,34.84238],[135.1983,34.84304],[135.19781,34.84311],[135.19734,34.84266],[135.19735,34.8419]]},"properties":{"layer":"expressway","city":"神戸市","title":"自動車専用道路","detail":"高速道路・自動車専用道路。原付一種（50cc以下）は進入禁止。","kind":"motorroad","src":"© OpenStreetMap contributors (ODbL)","confidence":"osm"}},{"type":"Feature","geometry":{"type":"LineString","coordinates":[[135.07724,34.80716],[135.07633,34.8096]]},"properties":{"layer":"expressway","city":"神戸市","title":"山陽自動車道","detail":"高速道路・自動車専用道路。原付一種（50cc以下）は進入禁止。","kind":"motorroad","src":"© OpenStreetMap contributors (ODbL)","confidence":"osm"}},{"type":"Feature","geometry":{"type":"LineString","coordinates":[[135.15141,34.69618],[135.15291,34.69631]]},"properties":{"layer":"expressway","city":"神戸市","title":"山麓バイパス","detail":"原付（50cc以下）通行禁止の路線としてOSMに登録。","kind":"moped_no","src":"© OpenStreetMap contributors (ODbL)","confidence":"osm"}},{"type":"Feature","geometry":{"type":"LineString","coordinates":[[135.14936,34.69637],[135.15141,34.69618]]},"properties":{"layer":"expressway","city":"神戸市","title":"山麓バイパス","detail":"原付（50cc以下）通行禁止の路線としてOSMに登録。","kind":"moped_no","src":"© OpenStreetMap contributors (ODbL)","confidence":"osm"}},{"type":"Feature","geometry":{"type":"LineString","coordinates":[[135.32837,34.82252],[135.32949,34.82253]]},"properties":{"layer":"expressway","city":"西宮市","title":"中国自動車道","detail":"高速道路・自動車専用道路。原付一種（50cc以下）は進入禁止。","kind":"motorroad","src":"© OpenStreetMap contributors (ODbL)","confidence":"osm"}},{"type":"Feature","geometry":{"type":"LineString","coordinates":[[135.32808,34.82229],[135.32565,34.82203]]},"properties":{"layer":"expressway","city":"西宮市","title":"中国自動車道","detail":"高速道路・自動車専用道路。原付一種（50cc以下）は進入禁止。","kind":"motorroad","src":"© OpenStreetMap contributors (ODbL)","confidence":"osm"}},{"type":"Feature","geometry":{"type":"LineString","coordinates":[[135.32949,34.82253],[135.33154,34.82225],[135.33359,34.82154]]},"properties":{"layer":"expressway","city":"西宮市","title":"中国自動車道","detail":"高速道路・自動車専用道路。原付一種（50cc以下）は進入禁止。","kind":"motorroad","src":"© OpenStreetMap contributors (ODbL)","confidence":"osm"}},{"type":"Feature","geometry":{"type":"LineString","coordinates":[[135.19858,34.83996],[135.19902,34.83957],[135.19968,34.83952],[135.20004,34.83999],[135.19986,34.84024],[135.19944,34.84033],[135.19674,34.83936]]},"properties":{"layer":"expressway","city":"神戸市","title":"自動車専用道路","detail":"高速道路・自動車専用道路。原付一種（50cc以下）は進入禁止。","kind":"motorroad","src":"© OpenStreetMap contributors (ODbL)","confidence":"osm"}},{"type":"Feature","geometry":{"type":"LineString","coordinates":[[135.07724,34.80716],[135.07622,34.80919],[135.07558,34.80974],[135.0744,34.80988],[135.07372,34.80961],[135.07307,34.80905]]},"properties":{"layer":"expressway","city":"神戸市","title":"山陽自動車道","detail":"高速道路・自動車専用道路。原付一種（50cc以下）は進入禁止。","kind":"motorroad","src":"© OpenStreetMap contributors (ODbL)","confidence":"osm"}},{"type":"Feature","geometry":{"type":"LineString","coordinates":[[135.08258,34.76986],[135.08262,34.76773],[135.08297,34.76564],[135.08405,34.76249],[135.0859,34.75935],[135.09047,34.75319],[135.09185,34.75],[135.09206,34.74908]]},"properties":{"layer":"expressway","city":"神戸市","title":"山陽自動車道木見支線","detail":"高速道路・自動車専用道路。原付一種（50cc以下）は進入禁止。","kind":"motorroad","src":"© OpenStreetMap contributors (ODbL)","confidence":"osm"}},{"type":"Feature","geometry":{"type":"LineString","coordinates":[[135.22649,34.84388],[135.22696,34.84324]]},"properties":{"layer":"expressway","city":"神戸市","title":"中国自動車道","detail":"高速道路・自動車専用道路。原付一種（50cc以下）は進入禁止。","kind":"motorroad","src":"© OpenStreetMap contributors (ODbL)","confidence":"osm"}},{"type":"Feature","geometry":{"type":"LineString","coordinates":[[135.07425,34.69156],[135.07612,34.69264],[135.07716,34.69375]]},"properties":{"layer":"expressway","city":"神戸市","title":"阪神高速7号北神戸線","detail":"高速道路・自動車専用道路。原付一種（50cc以下）は進入禁止。","kind":"motorroad","src":"© OpenStreetMap contributors (ODbL)","confidence":"osm"}},{"type":"Feature","geometry":{"type":"LineString","coordinates":[[135.07403,34.69148],[135.07425,34.69156]]},"properties":{"layer":"expressway","city":"神戸市","title":"阪神高速7号北神戸線","detail":"高速道路・自動車専用道路。原付一種（50cc以下）は進入禁止。","kind":"motorroad","src":"© OpenStreetMap contributors (ODbL)","confidence":"osm"}},{"type":"Feature","geometry":{"type":"LineString","coordinates":[[135.0864,34.70762],[135.08987,34.71074]]},"properties":{"layer":"expressway","city":"神戸市","title":"神戸淡路鳴門自動車道;西神道路","detail":"高速道路・自動車専用道路。原付一種（50cc以下）は進入禁止。","kind":"motorroad","src":"© OpenStreetMap contributors (ODbL)","confidence":"osm"}},{"type":"Feature","geometry":{"type":"LineString","coordinates":[[135.0866,34.70751],[135.08539,34.70634]]},"properties":{"layer":"expressway","city":"神戸市","title":"神戸淡路鳴門自動車道;西神道路","detail":"高速道路・自動車専用道路。原付一種（50cc以下）は進入禁止。","kind":"motorroad","src":"© OpenStreetMap contributors (ODbL)","confidence":"osm"}},{"type":"Feature","geometry":{"type":"LineString","coordinates":[[135.08987,34.71074],[135.09123,34.71219],[135.092,34.71349],[135.09238,34.71501],[135.09234,34.71636],[135.0914,34.71867],[135.08725,34.72463]]},"properties":{"layer":"expressway","city":"神戸市","title":"神戸淡路鳴門自動車道;西神道路","detail":"高速道路・自動車専用道路。原付一種（50cc以下）は進入禁止。","kind":"motorroad","src":"© OpenStreetMap contributors (ODbL)","confidence":"osm"}},{"type":"Feature","geometry":{"type":"LineString","coordinates":[[135.08995,34.71067],[135.0866,34.70751]]},"properties":{"layer":"expressway","city":"神戸市","title":"神戸淡路鳴門自動車道;西神道路","detail":"高速道路・自動車専用道路。原付一種（50cc以下）は進入禁止。","kind":"motorroad","src":"© OpenStreetMap contributors (ODbL)","confidence":"osm"}},{"type":"Feature","geometry":{"type":"LineString","coordinates":[[135.03388,34.63188],[135.03541,34.63406]]},"properties":{"layer":"expressway","city":"神戸市","title":"神戸淡路鳴門自動車道","detail":"高速道路・自動車専用道路。原付一種（50cc以下）は進入禁止。","kind":"motorroad","src":"© OpenStreetMap contributors (ODbL)","confidence":"osm"}},{"type":"Feature","geometry":{"type":"LineString","coordinates":[[135.03425,34.6321],[135.00837,34.60198],[135.00751,34.60068],[135.00706,34.59956]]},"properties":{"layer":"expressway","city":"神戸市","title":"神戸淡路鳴門自動車道","detail":"高速道路・自動車専用道路。原付一種（50cc以下）は進入禁止。","kind":"motorroad","src":"© OpenStreetMap contributors (ODbL)","confidence":"osm"}},{"type":"Feature","geometry":{"type":"LineString","coordinates":[[135.09952,34.70591],[135.09848,34.7065],[135.0975,34.70652]]},"properties":{"layer":"expressway","city":"神戸市","title":"阪神高速7号北神戸線","detail":"高速道路・自動車専用道路。原付一種（50cc以下）は進入禁止。","kind":"motorroad","src":"© OpenStreetMap contributors (ODbL)","confidence":"osm"}},{"type":"Feature","geometry":{"type":"LineString","coordinates":[[135.0975,34.70652],[135.0955,34.70549]]},"properties":{"layer":"expressway","city":"神戸市","title":"阪神高速7号北神戸線","detail":"高速道路・自動車専用道路。原付一種（50cc以下）は進入禁止。","kind":"motorroad","src":"© OpenStreetMap contributors (ODbL)","confidence":"osm"}},{"type":"Feature","geometry":{"type":"LineString","coordinates":[[135.21253,34.84876],[135.20895,34.84707]]},"properties":{"layer":"expressway","city":"神戸市","title":"山陽自動車道","detail":"高速道路・自動車専用道路。原付一種（50cc以下）は進入禁止。","kind":"motorroad","src":"© OpenStreetMap contributors (ODbL)","confidence":"osm"}},{"type":"Feature","geometry":{"type":"LineString","coordinates":[[134.98274,34.68559],[134.98104,34.6857]]},"properties":{"layer":"expressway","city":"神戸市","title":"自動車専用道路","detail":"高速道路・自動車専用道路。原付一種（50cc以下）は進入禁止。","kind":"motorroad","src":"© OpenStreetMap contributors (ODbL)","confidence":"osm"}},{"type":"Feature","geometry":{"type":"LineString","coordinates":[[134.98272,34.68564],[134.98302,34.68547],[134.98309,34.68519],[134.98255,34.68483]]},"properties":{"layer":"expressway","city":"神戸市","title":"自動車専用道路","detail":"高速道路・自動車専用道路。原付一種（50cc以下）は進入禁止。","kind":"motorroad","src":"© OpenStreetMap contributors (ODbL)","confidence":"osm"}},{"type":"Feature","geometry":{"type":"LineString","coordinates":[[134.98173,34.68563],[134.98156,34.68568]]},"properties":{"layer":"expressway","city":"神戸市","title":"自動車専用道路","detail":"高速道路・自動車専用道路。原付一種（50cc以下）は進入禁止。","kind":"motorroad","src":"© OpenStreetMap contributors (ODbL)","confidence":"osm"}},{"type":"Feature","geometry":{"type":"LineString","coordinates":[[134.98104,34.6857],[134.98013,34.6857],[134.9796,34.68538]]},"properties":{"layer":"expressway","city":"神戸市","title":"自動車専用道路","detail":"高速道路・自動車専用道路。原付一種（50cc以下）は進入禁止。","kind":"motorroad","src":"© OpenStreetMap contributors (ODbL)","confidence":"osm"}},{"type":"Feature","geometry":{"type":"LineString","coordinates":[[134.98077,34.68572],[134.98023,34.68562],[134.98006,34.68541],[134.98049,34.68486]]},"properties":{"layer":"expressway","city":"神戸市","title":"自動車専用道路","detail":"高速道路・自動車専用道路。原付一種（50cc以下）は進入禁止。","kind":"motorroad","src":"© OpenStreetMap contributors (ODbL)","confidence":"osm"}},{"type":"Feature","geometry":{"type":"LineString","coordinates":[[134.98098,34.68578],[134.98272,34.68564]]},"properties":{"layer":"expressway","city":"神戸市","title":"自動車専用道路","detail":"高速道路・自動車専用道路。原付一種（50cc以下）は進入禁止。","kind":"motorroad","src":"© OpenStreetMap contributors (ODbL)","confidence":"osm"}},{"type":"Feature","geometry":{"type":"LineString","coordinates":[[134.98688,34.68296],[134.98531,34.68315]]},"properties":{"layer":"expressway","city":"神戸市","title":"第二神明道路","detail":"高速道路・自動車専用道路。原付一種（50cc以下）は進入禁止。","kind":"motorroad","src":"© OpenStreetMap contributors (ODbL)","confidence":"osm"}},{"type":"Feature","geometry":{"type":"LineString","coordinates":[[134.98294,34.68384],[134.98505,34.68329]]},"properties":{"layer":"expressway","city":"神戸市","title":"第二神明道路","detail":"高速道路・自動車専用道路。原付一種（50cc以下）は進入禁止。","kind":"motorroad","src":"© OpenStreetMap contributors (ODbL)","confidence":"osm"}},{"type":"Feature","geometry":{"type":"LineString","coordinates":[[135.15183,34.65961],[135.15168,34.65956]]},"properties":{"layer":"expressway","city":"神戸市","title":"31","detail":"高速道路・自動車専用道路。原付一種（50cc以下）は進入禁止。","kind":"motorroad","src":"© OpenStreetMap contributors (ODbL)","confidence":"osm"}},{"type":"Feature","geometry":{"type":"LineString","coordinates":[[135.19677,34.70632],[135.1967,34.70589]]},"properties":{"layer":"expressway","city":"神戸市","title":"阪神高速32号新神戸トンネル","detail":"原付（50cc以下）通行禁止の路線としてOSMに登録。","kind":"moped_no","src":"© OpenStreetMap contributors (ODbL)","confidence":"osm"}},{"type":"Feature","geometry":{"type":"LineString","coordinates":[[135.1967,34.70589],[135.19684,34.70566]]},"properties":{"layer":"expressway","city":"神戸市","title":"阪神高速32号新神戸トンネル","detail":"原付（50cc以下）通行禁止の路線としてOSMに登録。","kind":"moped_no","src":"© OpenStreetMap contributors (ODbL)","confidence":"osm"}},{"type":"Feature","geometry":{"type":"LineString","coordinates":[[135.2346,34.83584],[135.23468,34.83636]]},"properties":{"layer":"expressway","city":"西宮市","title":"自動車専用道路","detail":"高速道路・自動車専用道路。原付一種（50cc以下）は進入禁止。","kind":"motorroad","src":"© OpenStreetMap contributors (ODbL)","confidence":"osm"}},{"type":"Feature","geometry":{"type":"LineString","coordinates":[[135.23458,34.8356],[135.2346,34.83584]]},"properties":{"layer":"expressway","city":"西宮市","title":"自動車専用道路","detail":"高速道路・自動車専用道路。原付一種（50cc以下）は進入禁止。","kind":"motorroad","src":"© OpenStreetMap contributors (ODbL)","confidence":"osm"}},{"type":"Feature","geometry":{"type":"LineString","coordinates":[[135.1941,34.70992],[135.19665,34.70706],[135.19705,34.70488],[135.20116,34.69852]]},"properties":{"layer":"expressway","city":"神戸市","title":"阪神高速32号新神戸トンネル","detail":"原付（50cc以下）通行禁止の路線としてOSMに登録。","kind":"moped_no","src":"© OpenStreetMap contributors (ODbL)","confidence":"osm"}},{"type":"Feature","geometry":{"type":"LineString","coordinates":[[135.28834,34.7807],[135.28886,34.78093],[135.289,34.78158]]},"properties":{"layer":"expressway","city":"西宮市","title":"芦有ドライブウェイ","detail":"原付（50cc以下）通行禁止の路線としてOSMに登録。","kind":"moped_no","src":"© OpenStreetMap contributors (ODbL)","confidence":"osm"}},{"type":"Feature","geometry":{"type":"LineString","coordinates":[[135.289,34.78158],[135.2888,34.78198],[135.28766,34.78214],[135.28658,34.78273],[135.28548,34.78222],[135.28405,34.78116],[135.28284,34.78131],[135.28204,34.78084],[135.28082,34.78082],[135.27972,34.78052],[135.27877,34.78075],[135.2779,34.78067]]},"properties":{"layer":"expressway","city":"西宮市","title":"芦有ドライブウェイ","detail":"原付（50cc以下）通行禁止の路線としてOSMに登録。","kind":"moped_no","src":"© OpenStreetMap contributors (ODbL)","confidence":"osm"}},{"type":"Feature","geometry":{"type":"LineString","coordinates":[[135.27616,34.78165],[135.27586,34.78219]]},"properties":{"layer":"expressway","city":"西宮市","title":"芦有ドライブウェイ","detail":"原付（50cc以下）通行禁止の路線としてOSMに登録。","kind":"moped_no","src":"© OpenStreetMap contributors (ODbL)","confidence":"osm"}},{"type":"Feature","geometry":{"type":"LineString","coordinates":[[135.27613,34.78172],[135.27586,34.78191],[135.27578,34.78159]]},"properties":{"layer":"expressway","city":"西宮市","title":"原付通行禁止路線","detail":"原付（50cc以下）通行禁止の路線としてOSMに登録。","kind":"moped_no","src":"© OpenStreetMap contributors (ODbL)","confidence":"osm"}},{"type":"Feature","geometry":{"type":"LineString","coordinates":[[135.2761,34.78096],[135.27616,34.78165]]},"properties":{"layer":"expressway","city":"西宮市","title":"原付通行禁止路線","detail":"原付（50cc以下）通行禁止の路線としてOSMに登録。","kind":"moped_no","src":"© OpenStreetMap contributors (ODbL)","confidence":"osm"}},{"type":"Feature","geometry":{"type":"LineString","coordinates":[[135.27609,34.78118],[135.2761,34.78096]]},"properties":{"layer":"expressway","city":"西宮市","title":"芦有ドライブウェイ","detail":"原付（50cc以下）通行禁止の路線としてOSMに登録。","kind":"moped_no","src":"© OpenStreetMap contributors (ODbL)","confidence":"osm"}},{"type":"Feature","geometry":{"type":"LineString","coordinates":[[135.27584,34.78101],[135.27567,34.78112]]},"properties":{"layer":"expressway","city":"西宮市","title":"芦有ドライブウェイ","detail":"原付（50cc以下）通行禁止の路線としてOSMに登録。","kind":"moped_no","src":"© OpenStreetMap contributors (ODbL)","confidence":"osm"}},{"type":"Feature","geometry":{"type":"LineString","coordinates":[[135.25889,34.79623],[135.2584,34.79617],[135.25772,34.79672],[135.25691,34.79703],[135.25617,34.79815],[135.25512,34.79853],[135.25471,34.80067],[135.25353,34.80085],[135.25278,34.80067]]},"properties":{"layer":"expressway","city":"神戸市","title":"芦有ドライブウェイ","detail":"原付（50cc以下）通行禁止の路線としてOSMに登録。","kind":"moped_no","src":"© OpenStreetMap contributors (ODbL)","confidence":"osm"}},{"type":"Feature","geometry":{"type":"LineString","coordinates":[[135.25903,34.79631],[135.25889,34.79623]]},"properties":{"layer":"expressway","city":"神戸市","title":"芦有ドライブウェイ","detail":"原付（50cc以下）通行禁止の路線としてOSMに登録。","kind":"moped_no","src":"© OpenStreetMap contributors (ODbL)","confidence":"osm"}},{"type":"Feature","geometry":{"type":"LineString","coordinates":[[135.35737,34.72476],[135.35586,34.72575]]},"properties":{"layer":"expressway","city":"西宮市","title":"名神高速道路","detail":"高速道路・自動車専用道路。原付一種（50cc以下）は進入禁止。","kind":"motorroad","src":"© OpenStreetMap contributors (ODbL)","confidence":"osm"}},{"type":"Feature","geometry":{"type":"LineString","coordinates":[[135.35748,34.7247],[135.35737,34.72476]]},"properties":{"layer":"expressway","city":"西宮市","title":"名神高速道路","detail":"高速道路・自動車専用道路。原付一種（50cc以下）は進入禁止。","kind":"motorroad","src":"© OpenStreetMap contributors (ODbL)","confidence":"osm"}},{"type":"Feature","geometry":{"type":"LineString","coordinates":[[135.07579,34.64825],[135.07633,34.64822],[135.07698,34.6485]]},"properties":{"layer":"expressway","city":"神戸市","title":"自動車専用道路","detail":"高速道路・自動車専用道路。原付一種（50cc以下）は進入禁止。","kind":"motorroad","src":"© OpenStreetMap contributors (ODbL)","confidence":"osm"}},{"type":"Feature","geometry":{"type":"LineString","coordinates":[[135.00963,34.67871],[135.01336,34.6778]]},"properties":{"layer":"expressway","city":"神戸市","title":"自動車専用道路","detail":"高速道路・自動車専用道路。原付一種（50cc以下）は進入禁止。","kind":"motorroad","src":"© OpenStreetMap contributors (ODbL)","confidence":"osm"}},{"type":"Feature","geometry":{"type":"LineString","coordinates":[[135.05342,34.69863],[135.05414,34.69853],[135.05551,34.69887]]},"properties":{"layer":"expressway","city":"神戸市","title":"自動車専用道路","detail":"高速道路・自動車専用道路。原付一種（50cc以下）は進入禁止。","kind":"motorroad","src":"© OpenStreetMap contributors (ODbL)","confidence":"osm"}},{"type":"Feature","geometry":{"type":"LineString","coordinates":[[135.05203,34.69731],[135.0504,34.69671]]},"properties":{"layer":"expressway","city":"神戸市","title":"自動車専用道路","detail":"高速道路・自動車専用道路。原付一種（50cc以下）は進入禁止。","kind":"motorroad","src":"© OpenStreetMap contributors (ODbL)","confidence":"osm"}},{"type":"Feature","geometry":{"type":"LineString","coordinates":[[135.22149,34.85143],[135.22271,34.85016]]},"properties":{"layer":"expressway","city":"神戸市","title":"神戸JCT","detail":"高速道路・自動車専用道路。原付一種（50cc以下）は進入禁止。","kind":"motorroad","src":"© OpenStreetMap contributors (ODbL)","confidence":"osm"}},{"type":"Feature","geometry":{"type":"LineString","coordinates":[[135.22076,34.85211],[135.22149,34.85143]]},"properties":{"layer":"expressway","city":"神戸市","title":"山陽自動車道","detail":"高速道路・自動車専用道路。原付一種（50cc以下）は進入禁止。","kind":"motorroad","src":"© OpenStreetMap contributors (ODbL)","confidence":"osm"}},{"type":"Feature","geometry":{"type":"LineString","coordinates":[[135.22291,34.84935],[135.22226,34.85009]]},"properties":{"layer":"expressway","city":"神戸市","title":"中国自動車道","detail":"高速道路・自動車専用道路。原付一種（50cc以下）は進入禁止。","kind":"motorroad","src":"© OpenStreetMap contributors (ODbL)","confidence":"osm"}},{"type":"Feature","geometry":{"type":"LineString","coordinates":[[135.22306,34.84943],[135.22649,34.84388]]},"properties":{"layer":"expressway","city":"神戸市","title":"中国自動車道","detail":"高速道路・自動車専用道路。原付一種（50cc以下）は進入禁止。","kind":"motorroad","src":"© OpenStreetMap contributors (ODbL)","confidence":"osm"}},{"type":"Feature","geometry":{"type":"LineString","coordinates":[[135.22226,34.85009],[135.22134,34.85106]]},"properties":{"layer":"expressway","city":"神戸市","title":"中国自動車道","detail":"高速道路・自動車専用道路。原付一種（50cc以下）は進入禁止。","kind":"motorroad","src":"© OpenStreetMap contributors (ODbL)","confidence":"osm"}},{"type":"Feature","geometry":{"type":"LineString","coordinates":[[135.22243,34.85014],[135.22306,34.84943]]},"properties":{"layer":"expressway","city":"神戸市","title":"中国自動車道","detail":"高速道路・自動車専用道路。原付一種（50cc以下）は進入禁止。","kind":"motorroad","src":"© OpenStreetMap contributors (ODbL)","confidence":"osm"}},{"type":"Feature","geometry":{"type":"LineString","coordinates":[[135.22271,34.85016],[135.22335,34.84955]]},"properties":{"layer":"expressway","city":"神戸市","title":"神戸JCT","detail":"高速道路・自動車専用道路。原付一種（50cc以下）は進入禁止。","kind":"motorroad","src":"© OpenStreetMap contributors (ODbL)","confidence":"osm"}},{"type":"Feature","geometry":{"type":"LineString","coordinates":[[135.20124,34.8416],[135.20075,34.84124]]},"properties":{"layer":"expressway","city":"神戸市","title":"自動車専用道路","detail":"高速道路・自動車専用道路。原付一種（50cc以下）は進入禁止。","kind":"motorroad","src":"© OpenStreetMap contributors (ODbL)","confidence":"osm"}},{"type":"Feature","geometry":{"type":"LineString","coordinates":[[135.20118,34.84165],[135.20067,34.84132]]},"properties":{"layer":"expressway","city":"神戸市","title":"山陽自動車道","detail":"高速道路・自動車専用道路。原付一種（50cc以下）は進入禁止。","kind":"motorroad","src":"© OpenStreetMap contributors (ODbL)","confidence":"osm"}},{"type":"Feature","geometry":{"type":"LineString","coordinates":[[135.20106,34.84172],[135.2081,34.84675]]},"properties":{"layer":"expressway","city":"神戸市","title":"山陽自動車道","detail":"高速道路・自動車専用道路。原付一種（50cc以下）は進入禁止。","kind":"motorroad","src":"© OpenStreetMap contributors (ODbL)","confidence":"osm"}},{"type":"Feature","geometry":{"type":"LineString","coordinates":[[135.20075,34.84124],[135.20022,34.84074],[135.20015,34.8399],[135.19986,34.83953],[135.19919,34.83945],[135.1985,34.83993]]},"properties":{"layer":"expressway","city":"神戸市","title":"自動車専用道路","detail":"高速道路・自動車専用道路。原付一種（50cc以下）は進入禁止。","kind":"motorroad","src":"© OpenStreetMap contributors (ODbL)","confidence":"osm"}},{"type":"Feature","geometry":{"type":"LineString","coordinates":[[135.20067,34.84132],[135.19832,34.84003],[135.19274,34.83766],[135.19088,34.83655],[135.18865,34.83466],[135.18589,34.83121],[135.18429,34.82956],[135.182,34.8279],[135.17995,34.82706],[135.17718,34.82667],[135.17416,34.82707],[135.1726,34.82764],[135.16795,34.82999],[135.16588,34.83079]]},"properties":{"layer":"expressway","city":"神戸市","title":"山陽自動車道","detail":"高速道路・自動車専用道路。原付一種（50cc以下）は進入禁止。","kind":"motorroad","src":"© OpenStreetMap contributors (ODbL)","confidence":"osm"}},{"type":"Feature","geometry":{"type":"LineString","coordinates":[[135.20058,34.84141],[135.20106,34.84172]]},"properties":{"layer":"expressway","city":"神戸市","title":"山陽自動車道","detail":"高速道路・自動車専用道路。原付一種（50cc以下）は進入禁止。","kind":"motorroad","src":"© OpenStreetMap contributors (ODbL)","confidence":"osm"}},{"type":"Feature","geometry":{"type":"LineString","coordinates":[[135.20051,34.84145],[135.20106,34.84172]]},"properties":{"layer":"expressway","city":"神戸市","title":"自動車専用道路","detail":"高速道路・自動車専用道路。原付一種（50cc以下）は進入禁止。","kind":"motorroad","src":"© OpenStreetMap contributors (ODbL)","confidence":"osm"}},{"type":"Feature","geometry":{"type":"LineString","coordinates":[[135.31711,34.71472],[135.32884,34.71692],[135.33218,34.71687],[135.33509,34.71626],[135.34276,34.71396],[135.34542,34.71267],[135.36216,34.69871],[135.36377,34.69773],[135.36524,34.6974],[135.37256,34.69671],[135.38223,34.69679],[135.38494,34.69612]]},"properties":{"layer":"expressway","city":"西宮市","title":"阪神高速5号湾岸線","detail":"高速道路・自動車専用道路。原付一種（50cc以下）は進入禁止。","kind":"motorroad","src":"© OpenStreetMap contributors (ODbL)","confidence":"osm"}},{"type":"Feature","geometry":{"type":"LineString","coordinates":[[135.31424,34.71403],[135.30015,34.71139]]},"properties":{"layer":"expressway","city":"神戸市","title":"阪神高速5号湾岸線","detail":"高速道路・自動車専用道路。原付一種（50cc以下）は進入禁止。","kind":"motorroad","src":"© OpenStreetMap contributors (ODbL)","confidence":"osm"}},{"type":"Feature","geometry":{"type":"LineString","coordinates":[[135.22273,34.84969],[135.21943,34.84944]]},"properties":{"layer":"expressway","city":"神戸市","title":"山陽自動車道","detail":"高速道路・自動車専用道路。原付一種（50cc以下）は進入禁止。","kind":"motorroad","src":"© OpenStreetMap contributors (ODbL)","confidence":"osm"}},{"type":"Feature","geometry":{"type":"LineString","coordinates":[[135.38699,34.80955],[135.38411,34.80864],[135.37823,34.80607],[135.37634,34.80554],[135.37429,34.80531]]},"properties":{"layer":"expressway","city":"宝塚市","title":"中国自動車道","detail":"高速道路・自動車専用道路。原付一種（50cc以下）は進入禁止。","kind":"motorroad","src":"© OpenStreetMap contributors (ODbL)","confidence":"osm"}},{"type":"Feature","geometry":{"type":"LineString","coordinates":[[135.18683,34.88199],[135.18659,34.88212]]},"properties":{"layer":"expressway","city":"神戸市","title":"中国自動車道","detail":"高速道路・自動車専用道路。原付一種（50cc以下）は進入禁止。","kind":"motorroad","src":"© OpenStreetMap contributors (ODbL)","confidence":"osm"}},{"type":"Feature","geometry":{"type":"LineString","coordinates":[[135.18657,34.88228],[135.18679,34.88216]]},"properties":{"layer":"expressway","city":"神戸市","title":"中国自動車道","detail":"高速道路・自動車専用道路。原付一種（50cc以下）は進入禁止。","kind":"motorroad","src":"© OpenStreetMap contributors (ODbL)","confidence":"osm"}},{"type":"Feature","geometry":{"type":"LineString","coordinates":[[135.18686,34.88186],[135.18653,34.88201]]},"properties":{"layer":"expressway","city":"神戸市","title":"自動車専用道路","detail":"高速道路・自動車専用道路。原付一種（50cc以下）は進入禁止。","kind":"motorroad","src":"© OpenStreetMap contributors (ODbL)","confidence":"osm"}},{"type":"Feature","geometry":{"type":"LineString","coordinates":[[135.21244,34.86388],[135.21005,34.86569],[135.20749,34.8668]]},"properties":{"layer":"expressway","city":"神戸市","title":"中国自動車道","detail":"高速道路・自動車専用道路。原付一種（50cc以下）は進入禁止。","kind":"motorroad","src":"© OpenStreetMap contributors (ODbL)","confidence":"osm"}},{"type":"Feature","geometry":{"type":"LineString","coordinates":[[135.21278,34.86353],[135.21244,34.86388]]},"properties":{"layer":"expressway","city":"神戸市","title":"中国自動車道","detail":"高速道路・自動車専用道路。原付一種（50cc以下）は進入禁止。","kind":"motorroad","src":"© OpenStreetMap contributors (ODbL)","confidence":"osm"}},{"type":"Feature","geometry":{"type":"LineString","coordinates":[[135.23585,34.83851],[135.23626,34.83835]]},"properties":{"layer":"expressway","city":"西宮市","title":"自動車専用道路","detail":"高速道路・自動車専用道路。原付一種（50cc以下）は進入禁止。","kind":"motorroad","src":"© OpenStreetMap contributors (ODbL)","confidence":"osm"}},{"type":"Feature","geometry":{"type":"LineString","coordinates":[[135.25586,34.83731],[135.25743,34.83703],[135.25866,34.8366]]},"properties":{"layer":"expressway","city":"西宮市","title":"中国自動車道","detail":"高速道路・自動車専用道路。原付一種（50cc以下）は進入禁止。","kind":"motorroad","src":"© OpenStreetMap contributors (ODbL)","confidence":"osm"}},{"type":"Feature","geometry":{"type":"LineString","coordinates":[[135.25585,34.83718],[135.25136,34.83722],[135.24576,34.83816],[135.23974,34.83801]]},"properties":{"layer":"expressway","city":"西宮市","title":"中国自動車道","detail":"高速道路・自動車専用道路。原付一種（50cc以下）は進入禁止。","kind":"motorroad","src":"© OpenStreetMap contributors (ODbL)","confidence":"osm"}},{"type":"Feature","geometry":{"type":"LineString","coordinates":[[135.25866,34.8366],[135.26125,34.83513],[135.26239,34.83484],[135.26981,34.8358],[135.27242,34.8359],[135.27631,34.83539],[135.28031,34.83426]]},"properties":{"layer":"expressway","city":"西宮市","title":"中国自動車道","detail":"高速道路・自動車専用道路。原付一種（50cc以下）は進入禁止。","kind":"motorroad","src":"© OpenStreetMap contributors (ODbL)","confidence":"osm"}},{"type":"Feature","geometry":{"type":"LineString","coordinates":[[135.25859,34.83648],[135.25738,34.83691],[135.25585,34.83718]]},"properties":{"layer":"expressway","city":"西宮市","title":"中国自動車道","detail":"高速道路・自動車専用道路。原付一種（50cc以下）は進入禁止。","kind":"motorroad","src":"© OpenStreetMap contributors (ODbL)","confidence":"osm"}},{"type":"Feature","geometry":{"type":"LineString","coordinates":[[135.26106,34.83465],[135.26039,34.8345],[135.25931,34.83386],[135.25835,34.83233]]},"properties":{"layer":"expressway","city":"西宮市","title":"阪神高速7号北神戸線","detail":"高速道路・自動車専用道路。原付一種（50cc以下）は進入禁止。","kind":"motorroad","src":"© OpenStreetMap contributors (ODbL)","confidence":"osm"}},{"type":"Feature","geometry":{"type":"LineString","coordinates":[[135.3335,34.82115],[135.33192,34.8218]]},"properties":{"layer":"expressway","city":"宝塚市","title":"中国自動車道","detail":"高速道路・自動車専用道路。原付一種（50cc以下）は進入禁止。","kind":"motorroad","src":"© OpenStreetMap contributors (ODbL)","confidence":"osm"}},{"type":"Feature","geometry":{"type":"LineString","coordinates":[[135.35084,34.81785],[135.35195,34.81768]]},"properties":{"layer":"expressway","city":"宝塚市","title":"中国自動車道","detail":"高速道路・自動車専用道路。原付一種（50cc以下）は進入禁止。","kind":"motorroad","src":"© OpenStreetMap contributors (ODbL)","confidence":"osm"}},{"type":"Feature","geometry":{"type":"LineString","coordinates":[[135.35014,34.81766],[135.34215,34.81841]]},"properties":{"layer":"expressway","city":"宝塚市","title":"中国自動車道","detail":"高速道路・自動車専用道路。原付一種（50cc以下）は進入禁止。","kind":"motorroad","src":"© OpenStreetMap contributors (ODbL)","confidence":"osm"}},{"type":"Feature","geometry":{"type":"LineString","coordinates":[[135.36349,34.81043],[135.36731,34.80751]]},"properties":{"layer":"expressway","city":"宝塚市","title":"中国自動車道","detail":"高速道路・自動車専用道路。原付一種（50cc以下）は進入禁止。","kind":"motorroad","src":"© OpenStreetMap contributors (ODbL)","confidence":"osm"}},{"type":"Feature","geometry":{"type":"LineString","coordinates":[[135.36339,34.81033],[135.35798,34.81467]]},"properties":{"layer":"expressway","city":"宝塚市","title":"中国自動車道","detail":"高速道路・自動車専用道路。原付一種（50cc以下）は進入禁止。","kind":"motorroad","src":"© OpenStreetMap contributors (ODbL)","confidence":"osm"}},{"type":"Feature","geometry":{"type":"LineString","coordinates":[[135.23197,34.85176],[135.23016,34.85124]]},"properties":{"layer":"expressway","city":"神戸市","title":"神戸JCT","detail":"高速道路・自動車専用道路。原付一種（50cc以下）は進入禁止。","kind":"motorroad","src":"© OpenStreetMap contributors (ODbL)","confidence":"osm"}},{"type":"Feature","geometry":{"type":"LineString","coordinates":[[135.22746,34.85049],[135.22579,34.84976]]},"properties":{"layer":"expressway","city":"神戸市","title":"神戸JCT","detail":"高速道路・自動車専用道路。原付一種（50cc以下）は進入禁止。","kind":"motorroad","src":"© OpenStreetMap contributors (ODbL)","confidence":"osm"}},{"type":"Feature","geometry":{"type":"LineString","coordinates":[[135.22149,34.85143],[135.22239,34.85069],[135.22307,34.85039],[135.22389,34.85034],[135.22573,34.85062]]},"properties":{"layer":"expressway","city":"神戸市","title":"神戸JCT","detail":"高速道路・自動車専用道路。原付一種（50cc以下）は進入禁止。","kind":"motorroad","src":"© OpenStreetMap contributors (ODbL)","confidence":"osm"}},{"type":"Feature","geometry":{"type":"LineString","coordinates":[[135.22267,34.85071],[135.22447,34.8505],[135.22573,34.85062]]},"properties":{"layer":"expressway","city":"神戸市","title":"神戸JCT","detail":"高速道路・自動車専用道路。原付一種（50cc以下）は進入禁止。","kind":"motorroad","src":"© OpenStreetMap contributors (ODbL)","confidence":"osm"}},{"type":"Feature","geometry":{"type":"LineString","coordinates":[[135.02309,34.67121],[135.0244,34.66889],[135.02569,34.66437],[135.02644,34.6628],[135.02781,34.66133],[135.03011,34.6598]]},"properties":{"layer":"expressway","city":"神戸市","title":"第二神明道路","detail":"高速道路・自動車専用道路。原付一種（50cc以下）は進入禁止。","kind":"motorroad","src":"© OpenStreetMap contributors (ODbL)","confidence":"osm"}},{"type":"Feature","geometry":{"type":"LineString","coordinates":[[135.02291,34.67147],[135.02309,34.67121]]},"properties":{"layer":"expressway","city":"神戸市","title":"第二神明道路","detail":"高速道路・自動車専用道路。原付一種（50cc以下）は進入禁止。","kind":"motorroad","src":"© OpenStreetMap contributors (ODbL)","confidence":"osm"}},{"type":"Feature","geometry":{"type":"LineString","coordinates":[[135.02296,34.67123],[135.02277,34.67148]]},"properties":{"layer":"expressway","city":"神戸市","title":"第二神明道路","detail":"高速道路・自動車専用道路。原付一種（50cc以下）は進入禁止。","kind":"motorroad","src":"© OpenStreetMap contributors (ODbL)","confidence":"osm"}},{"type":"Feature","geometry":{"type":"LineString","coordinates":[[135.02277,34.67148],[135.02139,34.67304]]},"properties":{"layer":"expressway","city":"神戸市","title":"第二神明道路","detail":"高速道路・自動車専用道路。原付一種（50cc以下）は進入禁止。","kind":"motorroad","src":"© OpenStreetMap contributors (ODbL)","confidence":"osm"}},{"type":"Feature","geometry":{"type":"LineString","coordinates":[[135.02147,34.67309],[135.02291,34.67147]]},"properties":{"layer":"expressway","city":"神戸市","title":"第二神明道路","detail":"高速道路・自動車専用道路。原付一種（50cc以下）は進入禁止。","kind":"motorroad","src":"© OpenStreetMap contributors (ODbL)","confidence":"osm"}},{"type":"Feature","geometry":{"type":"LineString","coordinates":[[135.02139,34.67304],[135.01873,34.67514]]},"properties":{"layer":"expressway","city":"神戸市","title":"第二神明道路","detail":"高速道路・自動車専用道路。原付一種（50cc以下）は進入禁止。","kind":"motorroad","src":"© OpenStreetMap contributors (ODbL)","confidence":"osm"}},{"type":"Feature","geometry":{"type":"LineString","coordinates":[[135.01873,34.67514],[135.01678,34.67618],[135.01387,34.67726]]},"properties":{"layer":"expressway","city":"神戸市","title":"第二神明道路","detail":"高速道路・自動車専用道路。原付一種（50cc以下）は進入禁止。","kind":"motorroad","src":"© OpenStreetMap contributors (ODbL)","confidence":"osm"}},{"type":"Feature","geometry":{"type":"LineString","coordinates":[[135.01879,34.67521],[135.02147,34.67309]]},"properties":{"layer":"expressway","city":"神戸市","title":"第二神明道路","detail":"高速道路・自動車専用道路。原付一種（50cc以下）は進入禁止。","kind":"motorroad","src":"© OpenStreetMap contributors (ODbL)","confidence":"osm"}},{"type":"Feature","geometry":{"type":"LineString","coordinates":[[135.04531,34.69401],[135.04657,34.69473]]},"properties":{"layer":"expressway","city":"神戸市","title":"阪神高速7号北神戸線","detail":"高速道路・自動車専用道路。原付一種（50cc以下）は進入禁止。","kind":"motorroad","src":"© OpenStreetMap contributors (ODbL)","confidence":"osm"}},{"type":"Feature","geometry":{"type":"LineString","coordinates":[[135.04537,34.69393],[135.04242,34.69214]]},"properties":{"layer":"expressway","city":"神戸市","title":"阪神高速7号北神戸線","detail":"高速道路・自動車専用道路。原付一種（50cc以下）は進入禁止。","kind":"motorroad","src":"© OpenStreetMap contributors (ODbL)","confidence":"osm"}},{"type":"Feature","geometry":{"type":"LineString","coordinates":[[135.04657,34.69473],[135.05142,34.69734],[135.0555,34.69884]]},"properties":{"layer":"expressway","city":"神戸市","title":"阪神高速7号北神戸線","detail":"高速道路・自動車専用道路。原付一種（50cc以下）は進入禁止。","kind":"motorroad","src":"© OpenStreetMap contributors (ODbL)","confidence":"osm"}},{"type":"Feature","geometry":{"type":"LineString","coordinates":[[135.04663,34.69466],[135.04537,34.69393]]},"properties":{"layer":"expressway","city":"神戸市","title":"阪神高速7号北神戸線","detail":"高速道路・自動車専用道路。原付一種（50cc以下）は進入禁止。","kind":"motorroad","src":"© OpenStreetMap contributors (ODbL)","confidence":"osm"}},{"type":"Feature","geometry":{"type":"LineString","coordinates":[[135.04242,34.69214],[135.04122,34.69136]]},"properties":{"layer":"expressway","city":"神戸市","title":"阪神高速7号北神戸線","detail":"高速道路・自動車専用道路。原付一種（50cc以下）は進入禁止。","kind":"motorroad","src":"© OpenStreetMap contributors (ODbL)","confidence":"osm"}},{"type":"Feature","geometry":{"type":"LineString","coordinates":[[135.04236,34.69221],[135.04531,34.69401]]},"properties":{"layer":"expressway","city":"神戸市","title":"阪神高速7号北神戸線","detail":"高速道路・自動車専用道路。原付一種（50cc以下）は進入禁止。","kind":"motorroad","src":"© OpenStreetMap contributors (ODbL)","confidence":"osm"}},{"type":"Feature","geometry":{"type":"LineString","coordinates":[[135.04122,34.69136],[135.03788,34.68908]]},"properties":{"layer":"expressway","city":"神戸市","title":"阪神高速7号北神戸線","detail":"高速道路・自動車専用道路。原付一種（50cc以下）は進入禁止。","kind":"motorroad","src":"© OpenStreetMap contributors (ODbL)","confidence":"osm"}},{"type":"Feature","geometry":{"type":"LineString","coordinates":[[135.04115,34.69143],[135.04236,34.69221]]},"properties":{"layer":"expressway","city":"神戸市","title":"阪神高速7号北神戸線","detail":"高速道路・自動車専用道路。原付一種（50cc以下）は進入禁止。","kind":"motorroad","src":"© OpenStreetMap contributors (ODbL)","confidence":"osm"}},{"type":"Feature","geometry":{"type":"LineString","coordinates":[[135.03833,34.68953],[135.04115,34.69143]]},"properties":{"layer":"expressway","city":"神戸市","title":"阪神高速7号北神戸線","detail":"高速道路・自動車専用道路。原付一種（50cc以下）は進入禁止。","kind":"motorroad","src":"© OpenStreetMap contributors (ODbL)","confidence":"osm"}},{"type":"Feature","geometry":{"type":"LineString","coordinates":[[135.03788,34.68908],[135.03585,34.68771]]},"properties":{"layer":"expressway","city":"神戸市","title":"阪神高速7号北神戸線","detail":"高速道路・自動車専用道路。原付一種（50cc以下）は進入禁止。","kind":"motorroad","src":"© OpenStreetMap contributors (ODbL)","confidence":"osm"}},{"type":"Feature","geometry":{"type":"LineString","coordinates":[[135.03585,34.68771],[135.03383,34.68693],[135.03099,34.68675]]},"properties":{"layer":"expressway","city":"神戸市","title":"阪神高速7号北神戸線","detail":"高速道路・自動車専用道路。原付一種（50cc以下）は進入禁止。","kind":"motorroad","src":"© OpenStreetMap contributors (ODbL)","confidence":"osm"}},{"type":"Feature","geometry":{"type":"LineString","coordinates":[[135.03579,34.68779],[135.03833,34.68953]]},"properties":{"layer":"expressway","city":"神戸市","title":"阪神高速7号北神戸線","detail":"高速道路・自動車専用道路。原付一種（50cc以下）は進入禁止。","kind":"motorroad","src":"© OpenStreetMap contributors (ODbL)","confidence":"osm"}},{"type":"Feature","geometry":{"type":"LineString","coordinates":[[135.15606,34.75619],[135.15782,34.75743],[135.15784,34.75771],[135.15712,34.75887]]},"properties":{"layer":"expressway","city":"神戸市","title":"阪神高速7号北神戸線","detail":"高速道路・自動車専用道路。原付一種（50cc以下）は進入禁止。","kind":"motorroad","src":"© OpenStreetMap contributors (ODbL)","confidence":"osm"}},{"type":"Feature","geometry":{"type":"LineString","coordinates":[[135.15613,34.75612],[135.15915,34.75791],[135.16097,34.75869]]},"properties":{"layer":"expressway","city":"神戸市","title":"阪神高速7号北神戸線","detail":"高速道路・自動車専用道路。原付一種（50cc以下）は進入禁止。","kind":"motorroad","src":"© OpenStreetMap contributors (ODbL)","confidence":"osm"}},{"type":"Feature","geometry":{"type":"LineString","coordinates":[[135.15616,34.75603],[135.15573,34.75584]]},"properties":{"layer":"expressway","city":"神戸市","title":"阪神高速7号北神戸線","detail":"高速道路・自動車専用道路。原付一種（50cc以下）は進入禁止。","kind":"motorroad","src":"© OpenStreetMap contributors (ODbL)","confidence":"osm"}},{"type":"Feature","geometry":{"type":"LineString","coordinates":[[135.16464,34.69909],[135.16595,34.69936]]},"properties":{"layer":"expressway","city":"神戸市","title":"山麓バイパス","detail":"原付（50cc以下）通行禁止の路線としてOSMに登録。","kind":"moped_no","src":"© OpenStreetMap contributors (ODbL)","confidence":"osm"}},{"type":"Feature","geometry":{"type":"LineString","coordinates":[[135.16458,34.69901],[135.16379,34.69895]]},"properties":{"layer":"expressway","city":"神戸市","title":"山麓バイパス","detail":"原付（50cc以下）通行禁止の路線としてOSMに登録。","kind":"moped_no","src":"© OpenStreetMap contributors (ODbL)","confidence":"osm"}},{"type":"Feature","geometry":{"type":"LineString","coordinates":[[135.16317,34.69891],[135.16336,34.69892]]},"properties":{"layer":"expressway","city":"神戸市","title":"山麓バイパス","detail":"原付（50cc以下）通行禁止の路線としてOSMに登録。","kind":"moped_no","src":"© OpenStreetMap contributors (ODbL)","confidence":"osm"}},{"type":"Feature","geometry":{"type":"LineString","coordinates":[[135.16336,34.69892],[135.16379,34.69895]]},"properties":{"layer":"expressway","city":"神戸市","title":"山麓バイパス","detail":"原付（50cc以下）通行禁止の路線としてOSMに登録。","kind":"moped_no","src":"© OpenStreetMap contributors (ODbL)","confidence":"osm"}},{"type":"Feature","geometry":{"type":"LineString","coordinates":[[135.35568,34.81641],[135.35813,34.81478]]},"properties":{"layer":"expressway","city":"宝塚市","title":"中国自動車道","detail":"高速道路・自動車専用道路。原付一種（50cc以下）は進入禁止。","kind":"motorroad","src":"© OpenStreetMap contributors (ODbL)","confidence":"osm"}},{"type":"Feature","geometry":{"type":"LineString","coordinates":[[135.34217,34.81862],[135.35084,34.81785]]},"properties":{"layer":"expressway","city":"宝塚市","title":"中国自動車道","detail":"高速道路・自動車専用道路。原付一種（50cc以下）は進入禁止。","kind":"motorroad","src":"© OpenStreetMap contributors (ODbL)","confidence":"osm"}},{"type":"Feature","geometry":{"type":"LineString","coordinates":[[135.32396,34.82197],[135.32505,34.82215]]},"properties":{"layer":"expressway","city":"西宮市","title":"中国自動車道","detail":"高速道路・自動車専用道路。原付一種（50cc以下）は進入禁止。","kind":"motorroad","src":"© OpenStreetMap contributors (ODbL)","confidence":"osm"}},{"type":"Feature","geometry":{"type":"LineString","coordinates":[[135.34852,34.70989],[135.34696,34.71117]]},"properties":{"layer":"expressway","city":"西宮市","title":"自動車専用道路","detail":"高速道路・自動車専用道路。原付一種（50cc以下）は進入禁止。","kind":"motorroad","src":"© OpenStreetMap contributors (ODbL)","confidence":"osm"}},{"type":"Feature","geometry":{"type":"LineString","coordinates":[[135.05549,34.69871],[135.05149,34.69724],[135.04663,34.69466]]},"properties":{"layer":"expressway","city":"神戸市","title":"阪神高速7号北神戸線","detail":"高速道路・自動車専用道路。原付一種（50cc以下）は進入禁止。","kind":"motorroad","src":"© OpenStreetMap contributors (ODbL)","confidence":"osm"}},{"type":"Feature","geometry":{"type":"LineString","coordinates":[[135.0555,34.69884],[135.05638,34.69908]]},"properties":{"layer":"expressway","city":"神戸市","title":"阪神高速7号北神戸線","detail":"高速道路・自動車専用道路。原付一種（50cc以下）は進入禁止。","kind":"motorroad","src":"© OpenStreetMap contributors (ODbL)","confidence":"osm"}},{"type":"Feature","geometry":{"type":"LineString","coordinates":[[135.05551,34.69887],[135.0559,34.69896]]},"properties":{"layer":"expressway","city":"神戸市","title":"自動車専用道路","detail":"高速道路・自動車専用道路。原付一種（50cc以下）は進入禁止。","kind":"motorroad","src":"© OpenStreetMap contributors (ODbL)","confidence":"osm"}},{"type":"Feature","geometry":{"type":"LineString","coordinates":[[135.05621,34.69892],[135.05549,34.69871]]},"properties":{"layer":"expressway","city":"神戸市","title":"阪神高速7号北神戸線","detail":"高速道路・自動車専用道路。原付一種（50cc以下）は進入禁止。","kind":"motorroad","src":"© OpenStreetMap contributors (ODbL)","confidence":"osm"}},{"type":"Feature","geometry":{"type":"LineString","coordinates":[[135.05638,34.69908],[135.0591,34.69972]]},"properties":{"layer":"expressway","city":"神戸市","title":"阪神高速7号北神戸線","detail":"高速道路・自動車専用道路。原付一種（50cc以下）は進入禁止。","kind":"motorroad","src":"© OpenStreetMap contributors (ODbL)","confidence":"osm"}},{"type":"Feature","geometry":{"type":"LineString","coordinates":[[135.05913,34.69951],[135.0556,34.69858]]},"properties":{"layer":"expressway","city":"神戸市","title":"自動車専用道路","detail":"高速道路・自動車専用道路。原付一種（50cc以下）は進入禁止。","kind":"motorroad","src":"© OpenStreetMap contributors (ODbL)","confidence":"osm"}},{"type":"Feature","geometry":{"type":"LineString","coordinates":[[135.05914,34.69955],[135.05621,34.69892]]},"properties":{"layer":"expressway","city":"神戸市","title":"阪神高速7号北神戸線","detail":"高速道路・自動車専用道路。原付一種（50cc以下）は進入禁止。","kind":"motorroad","src":"© OpenStreetMap contributors (ODbL)","confidence":"osm"}},{"type":"Feature","geometry":{"type":"LineString","coordinates":[[135.0591,34.69972],[135.06129,34.69997]]},"properties":{"layer":"expressway","city":"神戸市","title":"阪神高速7号北神戸線","detail":"高速道路・自動車専用道路。原付一種（50cc以下）は進入禁止。","kind":"motorroad","src":"© OpenStreetMap contributors (ODbL)","confidence":"osm"}},{"type":"Feature","geometry":{"type":"LineString","coordinates":[[135.06131,34.69987],[135.05914,34.69955]]},"properties":{"layer":"expressway","city":"神戸市","title":"阪神高速7号北神戸線","detail":"高速道路・自動車専用道路。原付一種（50cc以下）は進入禁止。","kind":"motorroad","src":"© OpenStreetMap contributors (ODbL)","confidence":"osm"}},{"type":"Feature","geometry":{"type":"LineString","coordinates":[[135.06129,34.69997],[135.06263,34.70016]]},"properties":{"layer":"expressway","city":"神戸市","title":"阪神高速7号北神戸線","detail":"高速道路・自動車専用道路。原付一種（50cc以下）は進入禁止。","kind":"motorroad","src":"© OpenStreetMap contributors (ODbL)","confidence":"osm"}},{"type":"Feature","geometry":{"type":"LineString","coordinates":[[135.06263,34.70016],[135.06505,34.70051]]},"properties":{"layer":"expressway","city":"神戸市","title":"阪神高速7号北神戸線","detail":"高速道路・自動車専用道路。原付一種（50cc以下）は進入禁止。","kind":"motorroad","src":"© OpenStreetMap contributors (ODbL)","confidence":"osm"}},{"type":"Feature","geometry":{"type":"LineString","coordinates":[[135.06266,34.70007],[135.06131,34.69987]]},"properties":{"layer":"expressway","city":"神戸市","title":"阪神高速7号北神戸線","detail":"高速道路・自動車専用道路。原付一種（50cc以下）は進入禁止。","kind":"motorroad","src":"© OpenStreetMap contributors (ODbL)","confidence":"osm"}},{"type":"Feature","geometry":{"type":"LineString","coordinates":[[135.06505,34.70051],[135.06798,34.70091]]},"properties":{"layer":"expressway","city":"神戸市","title":"阪神高速7号北神戸線","detail":"高速道路・自動車専用道路。原付一種（50cc以下）は進入禁止。","kind":"motorroad","src":"© OpenStreetMap contributors (ODbL)","confidence":"osm"}},{"type":"Feature","geometry":{"type":"LineString","coordinates":[[135.06508,34.70042],[135.06266,34.70007]]},"properties":{"layer":"expressway","city":"神戸市","title":"阪神高速7号北神戸線","detail":"高速道路・自動車専用道路。原付一種（50cc以下）は進入禁止。","kind":"motorroad","src":"© OpenStreetMap contributors (ODbL)","confidence":"osm"}},{"type":"Feature","geometry":{"type":"LineString","coordinates":[[134.99371,34.68273],[134.99103,34.68288]]},"properties":{"layer":"expressway","city":"神戸市","title":"第二神明道路","detail":"高速道路・自動車専用道路。原付一種（50cc以下）は進入禁止。","kind":"motorroad","src":"© OpenStreetMap contributors (ODbL)","confidence":"osm"}},{"type":"Feature","geometry":{"type":"LineString","coordinates":[[134.99101,34.68297],[134.99373,34.68281]]},"properties":{"layer":"expressway","city":"神戸市","title":"第二神明道路","detail":"高速道路・自動車専用道路。原付一種（50cc以下）は進入禁止。","kind":"motorroad","src":"© OpenStreetMap contributors (ODbL)","confidence":"osm"}},{"type":"Feature","geometry":{"type":"LineString","coordinates":[[134.99103,34.68288],[134.98905,34.68287]]},"properties":{"layer":"expressway","city":"神戸市","title":"第二神明道路","detail":"高速道路・自動車専用道路。原付一種（50cc以下）は進入禁止。","kind":"motorroad","src":"© OpenStreetMap contributors (ODbL)","confidence":"osm"}},{"type":"Feature","geometry":{"type":"LineString","coordinates":[[134.98905,34.68296],[134.99101,34.68297]]},"properties":{"layer":"expressway","city":"神戸市","title":"第二神明道路","detail":"高速道路・自動車専用道路。原付一種（50cc以下）は進入禁止。","kind":"motorroad","src":"© OpenStreetMap contributors (ODbL)","confidence":"osm"}},{"type":"Feature","geometry":{"type":"LineString","coordinates":[[134.98905,34.68287],[134.98688,34.68296]]},"properties":{"layer":"expressway","city":"神戸市","title":"第二神明道路","detail":"高速道路・自動車専用道路。原付一種（50cc以下）は進入禁止。","kind":"motorroad","src":"© OpenStreetMap contributors (ODbL)","confidence":"osm"}},{"type":"Feature","geometry":{"type":"LineString","coordinates":[[134.98534,34.68324],[134.98688,34.68305]]},"properties":{"layer":"expressway","city":"神戸市","title":"第二神明道路","detail":"高速道路・自動車専用道路。原付一種（50cc以下）は進入禁止。","kind":"motorroad","src":"© OpenStreetMap contributors (ODbL)","confidence":"osm"}},{"type":"Feature","geometry":{"type":"LineString","coordinates":[[134.98531,34.68315],[134.98503,34.6832]]},"properties":{"layer":"expressway","city":"神戸市","title":"第二神明道路","detail":"高速道路・自動車専用道路。原付一種（50cc以下）は進入禁止。","kind":"motorroad","src":"© OpenStreetMap contributors (ODbL)","confidence":"osm"}},{"type":"Feature","geometry":{"type":"LineString","coordinates":[[134.98505,34.68329],[134.98534,34.68324]]},"properties":{"layer":"expressway","city":"神戸市","title":"第二神明道路","detail":"高速道路・自動車専用道路。原付一種（50cc以下）は進入禁止。","kind":"motorroad","src":"© OpenStreetMap contributors (ODbL)","confidence":"osm"}},{"type":"Feature","geometry":{"type":"LineString","coordinates":[[134.98503,34.6832],[134.98289,34.68376]]},"properties":{"layer":"expressway","city":"神戸市","title":"第二神明道路","detail":"高速道路・自動車専用道路。原付一種（50cc以下）は進入禁止。","kind":"motorroad","src":"© OpenStreetMap contributors (ODbL)","confidence":"osm"}},{"type":"Feature","geometry":{"type":"LineString","coordinates":[[135.21943,34.84944],[135.21575,34.84942],[135.21296,34.8489]]},"properties":{"layer":"expressway","city":"神戸市","title":"山陽自動車道","detail":"高速道路・自動車専用道路。原付一種（50cc以下）は進入禁止。","kind":"motorroad","src":"© OpenStreetMap contributors (ODbL)","confidence":"osm"}},{"type":"Feature","geometry":{"type":"LineString","coordinates":[[135.2129,34.84906],[135.21456,34.84953],[135.21667,34.84977]]},"properties":{"layer":"expressway","city":"神戸市","title":"山陽自動車道","detail":"高速道路・自動車専用道路。原付一種（50cc以下）は進入禁止。","kind":"motorroad","src":"© OpenStreetMap contributors (ODbL)","confidence":"osm"}},{"type":"Feature","geometry":{"type":"LineString","coordinates":[[135.21243,34.8489],[135.2129,34.84906]]},"properties":{"layer":"expressway","city":"神戸市","title":"山陽自動車道","detail":"高速道路・自動車専用道路。原付一種（50cc以下）は進入禁止。","kind":"motorroad","src":"© OpenStreetMap contributors (ODbL)","confidence":"osm"}},{"type":"Feature","geometry":{"type":"LineString","coordinates":[[135.21944,34.84962],[135.22258,34.84986]]},"properties":{"layer":"expressway","city":"神戸市","title":"山陽自動車道","detail":"高速道路・自動車専用道路。原付一種（50cc以下）は進入禁止。","kind":"motorroad","src":"© OpenStreetMap contributors (ODbL)","confidence":"osm"}},{"type":"Feature","geometry":{"type":"LineString","coordinates":[[135.21296,34.8489],[135.21253,34.84876]]},"properties":{"layer":"expressway","city":"神戸市","title":"山陽自動車道","detail":"高速道路・自動車専用道路。原付一種（50cc以下）は進入禁止。","kind":"motorroad","src":"© OpenStreetMap contributors (ODbL)","confidence":"osm"}},{"type":"Feature","geometry":{"type":"LineString","coordinates":[[135.22746,34.85049],[135.22587,34.84965]]},"properties":{"layer":"expressway","city":"神戸市","title":"神戸JCT","detail":"高速道路・自動車専用道路。原付一種（50cc以下）は進入禁止。","kind":"motorroad","src":"© OpenStreetMap contributors (ODbL)","confidence":"osm"}},{"type":"Feature","geometry":{"type":"LineString","coordinates":[[135.22387,34.84725],[135.22204,34.8487],[135.22087,34.84909],[135.21942,34.84925]]},"properties":{"layer":"expressway","city":"神戸市","title":"神戸JCT","detail":"高速道路・自動車専用道路。原付一種（50cc以下）は進入禁止。","kind":"motorroad","src":"© OpenStreetMap contributors (ODbL)","confidence":"osm"}},{"type":"Feature","geometry":{"type":"LineString","coordinates":[[135.23197,34.85176],[135.23014,34.8513]]},"properties":{"layer":"expressway","city":"神戸市","title":"新名神高速道路","detail":"高速道路・自動車専用道路。原付一種（50cc以下）は進入禁止。","kind":"motorroad","src":"© OpenStreetMap contributors (ODbL)","confidence":"osm"}},{"type":"Feature","geometry":{"type":"LineString","coordinates":[[135.2299,34.85147],[135.23338,34.8523]]},"properties":{"layer":"expressway","city":"神戸市","title":"新名神高速道路","detail":"高速道路・自動車専用道路。原付一種（50cc以下）は進入禁止。","kind":"motorroad","src":"© OpenStreetMap contributors (ODbL)","confidence":"osm"}},{"type":"Feature","geometry":{"type":"LineString","coordinates":[[135.22591,34.85029],[135.22349,34.84981]]},"properties":{"layer":"expressway","city":"神戸市","title":"新名神高速道路","detail":"高速道路・自動車専用道路。原付一種（50cc以下）は進入禁止。","kind":"motorroad","src":"© OpenStreetMap contributors (ODbL)","confidence":"osm"}},{"type":"Feature","geometry":{"type":"LineString","coordinates":[[135.22581,34.85049],[135.2299,34.85147]]},"properties":{"layer":"expressway","city":"神戸市","title":"新名神高速道路","detail":"高速道路・自動車専用道路。原付一種（50cc以下）は進入禁止。","kind":"motorroad","src":"© OpenStreetMap contributors (ODbL)","confidence":"osm"}},{"type":"Feature","geometry":{"type":"LineString","coordinates":[[135.22573,34.85062],[135.2299,34.85147]]},"properties":{"layer":"expressway","city":"神戸市","title":"神戸JCT","detail":"高速道路・自動車専用道路。原付一種（50cc以下）は進入禁止。","kind":"motorroad","src":"© OpenStreetMap contributors (ODbL)","confidence":"osm"}},{"type":"Feature","geometry":{"type":"LineString","coordinates":[[135.23338,34.8523],[135.23855,34.85361]]},"properties":{"layer":"expressway","city":"神戸市","title":"新名神高速道路","detail":"高速道路・自動車専用道路。原付一種（50cc以下）は進入禁止。","kind":"motorroad","src":"© OpenStreetMap contributors (ODbL)","confidence":"osm"}},{"type":"Feature","geometry":{"type":"LineString","coordinates":[[135.23343,34.85212],[135.23197,34.85176]]},"properties":{"layer":"expressway","city":"神戸市","title":"新名神高速道路","detail":"高速道路・自動車専用道路。原付一種（50cc以下）は進入禁止。","kind":"motorroad","src":"© OpenStreetMap contributors (ODbL)","confidence":"osm"}},{"type":"Feature","geometry":{"type":"LineString","coordinates":[[135.23868,34.85316],[135.23343,34.85212]]},"properties":{"layer":"expressway","city":"神戸市","title":"新名神高速道路","detail":"高速道路・自動車専用道路。原付一種（50cc以下）は進入禁止。","kind":"motorroad","src":"© OpenStreetMap contributors (ODbL)","confidence":"osm"}},{"type":"Feature","geometry":{"type":"LineString","coordinates":[[135.23855,34.85361],[135.23988,34.85395]]},"properties":{"layer":"expressway","city":"神戸市","title":"新名神高速道路","detail":"高速道路・自動車専用道路。原付一種（50cc以下）は進入禁止。","kind":"motorroad","src":"© OpenStreetMap contributors (ODbL)","confidence":"osm"}},{"type":"Feature","geometry":{"type":"LineString","coordinates":[[135.23988,34.85395],[135.24522,34.85546]]},"properties":{"layer":"expressway","city":"神戸市","title":"新名神高速道路","detail":"高速道路・自動車専用道路。原付一種（50cc以下）は進入禁止。","kind":"motorroad","src":"© OpenStreetMap contributors (ODbL)","confidence":"osm"}},{"type":"Feature","geometry":{"type":"LineString","coordinates":[[135.23999,34.85341],[135.23868,34.85316]]},"properties":{"layer":"expressway","city":"神戸市","title":"新名神高速道路","detail":"高速道路・自動車専用道路。原付一種（50cc以下）は進入禁止。","kind":"motorroad","src":"© OpenStreetMap contributors (ODbL)","confidence":"osm"}},{"type":"Feature","geometry":{"type":"LineString","coordinates":[[135.2468,34.8554],[135.2435,34.85426],[135.23999,34.85341]]},"properties":{"layer":"expressway","city":"神戸市","title":"新名神高速道路","detail":"高速道路・自動車専用道路。原付一種（50cc以下）は進入禁止。","kind":"motorroad","src":"© OpenStreetMap contributors (ODbL)","confidence":"osm"}},{"type":"Feature","geometry":{"type":"LineString","coordinates":[[135.24522,34.85546],[135.24776,34.85635]]},"properties":{"layer":"expressway","city":"神戸市","title":"新名神高速道路","detail":"高速道路・自動車専用道路。原付一種（50cc以下）は進入禁止。","kind":"motorroad","src":"© OpenStreetMap contributors (ODbL)","confidence":"osm"}},{"type":"Feature","geometry":{"type":"LineString","coordinates":[[135.24776,34.85635],[135.25139,34.85817]]},"properties":{"layer":"expressway","city":"神戸市","title":"新名神高速道路","detail":"高速道路・自動車専用道路。原付一種（50cc以下）は進入禁止。","kind":"motorroad","src":"© OpenStreetMap contributors (ODbL)","confidence":"osm"}},{"type":"Feature","geometry":{"type":"LineString","coordinates":[[135.2479,34.85585],[135.2468,34.8554]]},"properties":{"layer":"expressway","city":"神戸市","title":"新名神高速道路","detail":"高速道路・自動車専用道路。原付一種（50cc以下）は進入禁止。","kind":"motorroad","src":"© OpenStreetMap contributors (ODbL)","confidence":"osm"}},{"type":"Feature","geometry":{"type":"LineString","coordinates":[[135.25139,34.85817],[135.25547,34.86093],[135.25787,34.86231],[135.26013,34.8633],[135.2633,34.86427]]},"properties":{"layer":"expressway","city":"神戸市","title":"新名神高速道路","detail":"高速道路・自動車専用道路。原付一種（50cc以下）は進入禁止。","kind":"motorroad","src":"© OpenStreetMap contributors (ODbL)","confidence":"osm"}},{"type":"Feature","geometry":{"type":"LineString","coordinates":[[135.26334,34.86417],[135.26018,34.8632],[135.25736,34.8619],[135.25558,34.86084],[135.25007,34.85694]]},"properties":{"layer":"expressway","city":"神戸市","title":"新名神高速道路","detail":"高速道路・自動車専用道路。原付一種（50cc以下）は進入禁止。","kind":"motorroad","src":"© OpenStreetMap contributors (ODbL)","confidence":"osm"}},{"type":"Feature","geometry":{"type":"LineString","coordinates":[[135.2633,34.86427],[135.26559,34.86471],[135.26804,34.86494]]},"properties":{"layer":"expressway","city":"神戸市","title":"新名神高速道路","detail":"高速道路・自動車専用道路。原付一種（50cc以下）は進入禁止。","kind":"motorroad","src":"© OpenStreetMap contributors (ODbL)","confidence":"osm"}},{"type":"Feature","geometry":{"type":"LineString","coordinates":[[135.26804,34.86494],[135.27266,34.86485]]},"properties":{"layer":"expressway","city":"神戸市","title":"新名神高速道路","detail":"高速道路・自動車専用道路。原付一種（50cc以下）は進入禁止。","kind":"motorroad","src":"© OpenStreetMap contributors (ODbL)","confidence":"osm"}},{"type":"Feature","geometry":{"type":"LineString","coordinates":[[135.26806,34.86482],[135.2656,34.86459],[135.26334,34.86417]]},"properties":{"layer":"expressway","city":"神戸市","title":"新名神高速道路","detail":"高速道路・自動車専用道路。原付一種（50cc以下）は進入禁止。","kind":"motorroad","src":"© OpenStreetMap contributors (ODbL)","confidence":"osm"}},{"type":"Feature","geometry":{"type":"LineString","coordinates":[[135.27266,34.86485],[135.27929,34.86451]]},"properties":{"layer":"expressway","city":"神戸市","title":"新名神高速道路","detail":"高速道路・自動車専用道路。原付一種（50cc以下）は進入禁止。","kind":"motorroad","src":"© OpenStreetMap contributors (ODbL)","confidence":"osm"}},{"type":"Feature","geometry":{"type":"LineString","coordinates":[[135.27266,34.86472],[135.26806,34.86482]]},"properties":{"layer":"expressway","city":"神戸市","title":"新名神高速道路","detail":"高速道路・自動車専用道路。原付一種（50cc以下）は進入禁止。","kind":"motorroad","src":"© OpenStreetMap contributors (ODbL)","confidence":"osm"}},{"type":"Feature","geometry":{"type":"LineString","coordinates":[[135.27929,34.86451],[135.29009,34.86395]]},"properties":{"layer":"expressway","city":"神戸市","title":"新名神高速道路","detail":"高速道路・自動車専用道路。原付一種（50cc以下）は進入禁止。","kind":"motorroad","src":"© OpenStreetMap contributors (ODbL)","confidence":"osm"}},{"type":"Feature","geometry":{"type":"LineString","coordinates":[[135.27927,34.86439],[135.27266,34.86472]]},"properties":{"layer":"expressway","city":"神戸市","title":"新名神高速道路","detail":"高速道路・自動車専用道路。原付一種（50cc以下）は進入禁止。","kind":"motorroad","src":"© OpenStreetMap contributors (ODbL)","confidence":"osm"}},{"type":"Feature","geometry":{"type":"LineString","coordinates":[[135.29009,34.86395],[135.29356,34.86384]]},"properties":{"layer":"expressway","city":"神戸市","title":"新名神高速道路","detail":"高速道路・自動車専用道路。原付一種（50cc以下）は進入禁止。","kind":"motorroad","src":"© OpenStreetMap contributors (ODbL)","confidence":"osm"}},{"type":"Feature","geometry":{"type":"LineString","coordinates":[[135.29009,34.86384],[135.27927,34.86439]]},"properties":{"layer":"expressway","city":"神戸市","title":"新名神高速道路","detail":"高速道路・自動車専用道路。原付一種（50cc以下）は進入禁止。","kind":"motorroad","src":"© OpenStreetMap contributors (ODbL)","confidence":"osm"}},{"type":"Feature","geometry":{"type":"LineString","coordinates":[[135.29356,34.86384],[135.29777,34.86406],[135.30133,34.8646],[135.30532,34.86563],[135.30897,34.86702]]},"properties":{"layer":"expressway","city":"宝塚市","title":"新名神高速道路","detail":"高速道路・自動車専用道路。原付一種（50cc以下）は進入禁止。","kind":"motorroad","src":"© OpenStreetMap contributors (ODbL)","confidence":"osm"}},{"type":"Feature","geometry":{"type":"LineString","coordinates":[[135.29355,34.86372],[135.29009,34.86384]]},"properties":{"layer":"expressway","city":"宝塚市","title":"新名神高速道路","detail":"高速道路・自動車専用道路。原付一種（50cc以下）は進入禁止。","kind":"motorroad","src":"© OpenStreetMap contributors (ODbL)","confidence":"osm"}},{"type":"Feature","geometry":{"type":"LineString","coordinates":[[135.30905,34.86688],[135.30539,34.86553],[135.30135,34.86449],[135.29724,34.8639],[135.29355,34.86372]]},"properties":{"layer":"expressway","city":"宝塚市","title":"新名神高速道路","detail":"高速道路・自動車専用道路。原付一種（50cc以下）は進入禁止。","kind":"motorroad","src":"© OpenStreetMap contributors (ODbL)","confidence":"osm"}},{"type":"Feature","geometry":{"type":"LineString","coordinates":[[135.30897,34.86702],[135.31505,34.87018]]},"properties":{"layer":"expressway","city":"宝塚市","title":"新名神高速道路","detail":"高速道路・自動車専用道路。原付一種（50cc以下）は進入禁止。","kind":"motorroad","src":"© OpenStreetMap contributors (ODbL)","confidence":"osm"}},{"type":"Feature","geometry":{"type":"LineString","coordinates":[[135.31505,34.87018],[135.31648,34.87089]]},"properties":{"layer":"expressway","city":"宝塚市","title":"新名神高速道路","detail":"高速道路・自動車専用道路。原付一種（50cc以下）は進入禁止。","kind":"motorroad","src":"© OpenStreetMap contributors (ODbL)","confidence":"osm"}},{"type":"Feature","geometry":{"type":"LineString","coordinates":[[135.31509,34.86986],[135.30905,34.86688]]},"properties":{"layer":"expressway","city":"宝塚市","title":"新名神高速道路","detail":"高速道路・自動車専用道路。原付一種（50cc以下）は進入禁止。","kind":"motorroad","src":"© OpenStreetMap contributors (ODbL)","confidence":"osm"}},{"type":"Feature","geometry":{"type":"LineString","coordinates":[[135.31648,34.87089],[135.3186,34.87187]]},"properties":{"layer":"expressway","city":"宝塚市","title":"新名神高速道路","detail":"高速道路・自動車専用道路。原付一種（50cc以下）は進入禁止。","kind":"motorroad","src":"© OpenStreetMap contributors (ODbL)","confidence":"osm"}},{"type":"Feature","geometry":{"type":"LineString","coordinates":[[135.31714,34.87078],[135.31509,34.86986]]},"properties":{"layer":"expressway","city":"宝塚市","title":"新名神高速道路","detail":"高速道路・自動車専用道路。原付一種（50cc以下）は進入禁止。","kind":"motorroad","src":"© OpenStreetMap contributors (ODbL)","confidence":"osm"}},{"type":"Feature","geometry":{"type":"LineString","coordinates":[[135.32043,34.87207],[135.31714,34.87078]]},"properties":{"layer":"expressway","city":"宝塚市","title":"新名神高速道路","detail":"高速道路・自動車専用道路。原付一種（50cc以下）は進入禁止。","kind":"motorroad","src":"© OpenStreetMap contributors (ODbL)","confidence":"osm"}},{"type":"Feature","geometry":{"type":"LineString","coordinates":[[135.32121,34.87293],[135.3234,34.87371]]},"properties":{"layer":"expressway","city":"宝塚市","title":"新名神高速道路","detail":"高速道路・自動車専用道路。原付一種（50cc以下）は進入禁止。","kind":"motorroad","src":"© OpenStreetMap contributors (ODbL)","confidence":"osm"}},{"type":"Feature","geometry":{"type":"LineString","coordinates":[[135.3234,34.87371],[135.32614,34.87474],[135.32941,34.87636],[135.33196,34.87799],[135.33733,34.88187],[135.34102,34.88386]]},"properties":{"layer":"expressway","city":"宝塚市","title":"新名神高速道路","detail":"高速道路・自動車専用道路。原付一種（50cc以下）は進入禁止。","kind":"motorroad","src":"© OpenStreetMap contributors (ODbL)","confidence":"osm"}},{"type":"Feature","geometry":{"type":"LineString","coordinates":[[135.32383,34.87331],[135.32043,34.87207]]},"properties":{"layer":"expressway","city":"宝塚市","title":"新名神高速道路","detail":"高速道路・自動車専用道路。原付一種（50cc以下）は進入禁止。","kind":"motorroad","src":"© OpenStreetMap contributors (ODbL)","confidence":"osm"}},{"type":"Feature","geometry":{"type":"LineString","coordinates":[[135.34164,34.88368],[135.33846,34.88192],[135.33052,34.87629],[135.32746,34.87473],[135.32383,34.87331]]},"properties":{"layer":"expressway","city":"宝塚市","title":"新名神高速道路","detail":"高速道路・自動車専用道路。原付一種（50cc以下）は進入禁止。","kind":"motorroad","src":"© OpenStreetMap contributors (ODbL)","confidence":"osm"}},{"type":"Feature","geometry":{"type":"LineString","coordinates":[[135.30905,34.86688],[135.30536,34.8653],[135.30528,34.86471],[135.30592,34.86456],[135.30624,34.86488],[135.30607,34.86551]]},"properties":{"layer":"expressway","city":"宝塚市","title":"自動車専用道路","detail":"高速道路・自動車専用道路。原付一種（50cc以下）は進入禁止。","kind":"motorroad","src":"© OpenStreetMap contributors (ODbL)","confidence":"osm"}},{"type":"Feature","geometry":{"type":"LineString","coordinates":[[135.30607,34.86551],[135.30579,34.86602]]},"properties":{"layer":"expressway","city":"宝塚市","title":"自動車専用道路","detail":"高速道路・自動車専用道路。原付一種（50cc以下）は進入禁止。","kind":"motorroad","src":"© OpenStreetMap contributors (ODbL)","confidence":"osm"}},{"type":"Feature","geometry":{"type":"LineString","coordinates":[[135.30579,34.86602],[135.30504,34.86755],[135.3047,34.86759],[135.30459,34.86736]]},"properties":{"layer":"expressway","city":"宝塚市","title":"自動車専用道路","detail":"高速道路・自動車専用道路。原付一種（50cc以下）は進入禁止。","kind":"motorroad","src":"© OpenStreetMap contributors (ODbL)","confidence":"osm"}},{"type":"Feature","geometry":{"type":"LineString","coordinates":[[135.30587,34.86604],[135.30612,34.86553]]},"properties":{"layer":"expressway","city":"宝塚市","title":"自動車専用道路","detail":"高速道路・自動車専用道路。原付一種（50cc以下）は進入禁止。","kind":"motorroad","src":"© OpenStreetMap contributors (ODbL)","confidence":"osm"}},{"type":"Feature","geometry":{"type":"LineString","coordinates":[[135.30612,34.86553],[135.30633,34.86487],[135.30588,34.86447],[135.30424,34.86497],[135.30219,34.86466]]},"properties":{"layer":"expressway","city":"宝塚市","title":"自動車専用道路","detail":"高速道路・自動車専用道路。原付一種（50cc以下）は進入禁止。","kind":"motorroad","src":"© OpenStreetMap contributors (ODbL)","confidence":"osm"}},{"type":"Feature","geometry":{"type":"LineString","coordinates":[[135.2983,34.86412],[135.30081,34.86462],[135.30229,34.86515],[135.30245,34.8656],[135.30184,34.8667]]},"properties":{"layer":"expressway","city":"宝塚市","title":"自動車専用道路","detail":"高速道路・自動車専用道路。原付一種（50cc以下）は進入禁止。","kind":"motorroad","src":"© OpenStreetMap contributors (ODbL)","confidence":"osm"}},{"type":"Feature","geometry":{"type":"LineString","coordinates":[[135.30184,34.8667],[135.3016,34.86812]]},"properties":{"layer":"expressway","city":"宝塚市","title":"自動車専用道路","detail":"高速道路・自動車専用道路。原付一種（50cc以下）は進入禁止。","kind":"motorroad","src":"© OpenStreetMap contributors (ODbL)","confidence":"osm"}},{"type":"Feature","geometry":{"type":"LineString","coordinates":[[135.30201,34.86808],[135.30178,34.86796],[135.3021,34.86707]]},"properties":{"layer":"expressway","city":"宝塚市","title":"自動車専用道路","detail":"高速道路・自動車専用道路。原付一種（50cc以下）は進入禁止。","kind":"motorroad","src":"© OpenStreetMap contributors (ODbL)","confidence":"osm"}},{"type":"Feature","geometry":{"type":"LineString","coordinates":[[135.30393,34.86744],[135.30424,34.86758],[135.30422,34.86774],[135.30297,34.86763],[135.30258,34.86798]]},"properties":{"layer":"expressway","city":"宝塚市","title":"自動車専用道路","detail":"高速道路・自動車専用道路。原付一種（50cc以下）は進入禁止。","kind":"motorroad","src":"© OpenStreetMap contributors (ODbL)","confidence":"osm"}},{"type":"Feature","geometry":{"type":"LineString","coordinates":[[135.30275,34.86803],[135.30286,34.86784],[135.30464,34.86767]]},"properties":{"layer":"expressway","city":"宝塚市","title":"自動車専用道路","detail":"高速道路・自動車専用道路。原付一種（50cc以下）は進入禁止。","kind":"motorroad","src":"© OpenStreetMap contributors (ODbL)","confidence":"osm"}},{"type":"Feature","geometry":{"type":"LineString","coordinates":[[135.22387,34.84725],[135.22172,34.84932]]},"properties":{"layer":"expressway","city":"神戸市","title":"神戸JCT","detail":"高速道路・自動車専用道路。原付一種（50cc以下）は進入禁止。","kind":"motorroad","src":"© OpenStreetMap contributors (ODbL)","confidence":"osm"}},{"type":"Feature","geometry":{"type":"LineString","coordinates":[[135.22172,34.84932],[135.22185,34.85021],[135.22267,34.85071]]},"properties":{"layer":"expressway","city":"神戸市","title":"神戸JCT","detail":"高速道路・自動車専用道路。原付一種（50cc以下）は進入禁止。","kind":"motorroad","src":"© OpenStreetMap contributors (ODbL)","confidence":"osm"}},{"type":"Feature","geometry":{"type":"LineString","coordinates":[[135.22579,34.84976],[135.2247,34.84898],[135.22389,34.8487]]},"properties":{"layer":"expressway","city":"神戸市","title":"神戸JCT","detail":"高速道路・自動車専用道路。原付一種（50cc以下）は進入禁止。","kind":"motorroad","src":"© OpenStreetMap contributors (ODbL)","confidence":"osm"}},{"type":"Feature","geometry":{"type":"LineString","coordinates":[[135.22587,34.84965],[135.22527,34.84904],[135.22498,34.84822],[135.22543,34.84603]]},"properties":{"layer":"expressway","city":"神戸市","title":"神戸JCT","detail":"高速道路・自動車専用道路。原付一種（50cc以下）は進入禁止。","kind":"motorroad","src":"© OpenStreetMap contributors (ODbL)","confidence":"osm"}},{"type":"Feature","geometry":{"type":"LineString","coordinates":[[135.22335,34.84955],[135.22425,34.84897],[135.22479,34.84927],[135.22476,34.84962],[135.2245,34.84982],[135.22213,34.8496]]},"properties":{"layer":"expressway","city":"神戸市","title":"神戸JCT","detail":"高速道路・自動車専用道路。原付一種（50cc以下）は進入禁止。","kind":"motorroad","src":"© OpenStreetMap contributors (ODbL)","confidence":"osm"}},{"type":"Feature","geometry":{"type":"LineString","coordinates":[[135.2129,34.84906],[135.21535,34.84955],[135.21944,34.84962]]},"properties":{"layer":"expressway","city":"神戸市","title":"山陽自動車道","detail":"高速道路・自動車専用道路。原付一種（50cc以下）は進入禁止。","kind":"motorroad","src":"© OpenStreetMap contributors (ODbL)","confidence":"osm"}},{"type":"Feature","geometry":{"type":"LineString","coordinates":[[135.22209,34.84938],[135.22185,34.84993]]},"properties":{"layer":"expressway","city":"神戸市","title":"神戸JCT","detail":"高速道路・自動車専用道路。原付一種（50cc以下）は進入禁止。","kind":"motorroad","src":"© OpenStreetMap contributors (ODbL)","confidence":"osm"}},{"type":"Feature","geometry":{"type":"LineString","coordinates":[[135.22185,34.84993],[135.22116,34.85103]]},"properties":{"layer":"expressway","city":"神戸市","title":"神戸JCT","detail":"高速道路・自動車専用道路。原付一種（50cc以下）は進入禁止。","kind":"motorroad","src":"© OpenStreetMap contributors (ODbL)","confidence":"osm"}},{"type":"Feature","geometry":{"type":"LineString","coordinates":[[135.22116,34.85103],[135.22016,34.85204]]},"properties":{"layer":"expressway","city":"神戸市","title":"神戸JCT","detail":"高速道路・自動車専用道路。原付一種（50cc以下）は進入禁止。","kind":"motorroad","src":"© OpenStreetMap contributors (ODbL)","confidence":"osm"}},{"type":"Feature","geometry":{"type":"LineString","coordinates":[[135.22011,34.84987],[135.22096,34.84992],[135.22139,34.85014],[135.22146,34.85047],[135.22116,34.85103]]},"properties":{"layer":"expressway","city":"神戸市","title":"神戸JCT","detail":"高速道路・自動車専用道路。原付一種（50cc以下）は進入禁止。","kind":"motorroad","src":"© OpenStreetMap contributors (ODbL)","confidence":"osm"}},{"type":"Feature","geometry":{"type":"LineString","coordinates":[[135.23014,34.8513],[135.22591,34.85029]]},"properties":{"layer":"expressway","city":"神戸市","title":"新名神高速道路","detail":"高速道路・自動車専用道路。原付一種（50cc以下）は進入禁止。","kind":"motorroad","src":"© OpenStreetMap contributors (ODbL)","confidence":"osm"}},{"type":"Feature","geometry":{"type":"LineString","coordinates":[[135.23016,34.85124],[135.22746,34.85049]]},"properties":{"layer":"expressway","city":"神戸市","title":"神戸JCT","detail":"高速道路・自動車専用道路。原付一種（50cc以下）は進入禁止。","kind":"motorroad","src":"© OpenStreetMap contributors (ODbL)","confidence":"osm"}},{"type":"Feature","geometry":{"type":"LineString","coordinates":[[135.25007,34.85694],[135.2479,34.85585]]},"properties":{"layer":"expressway","city":"神戸市","title":"新名神高速道路","detail":"高速道路・自動車専用道路。原付一種（50cc以下）は進入禁止。","kind":"motorroad","src":"© OpenStreetMap contributors (ODbL)","confidence":"osm"}},{"type":"Feature","geometry":{"type":"LineString","coordinates":[[135.3186,34.87187],[135.31921,34.87213]]},"properties":{"layer":"expressway","city":"宝塚市","title":"新名神高速道路","detail":"高速道路・自動車専用道路。原付一種（50cc以下）は進入禁止。","kind":"motorroad","src":"© OpenStreetMap contributors (ODbL)","confidence":"osm"}},{"type":"Feature","geometry":{"type":"LineString","coordinates":[[135.31921,34.87213],[135.32121,34.87293]]},"properties":{"layer":"expressway","city":"宝塚市","title":"新名神高速道路","detail":"高速道路・自動車専用道路。原付一種（50cc以下）は進入禁止。","kind":"motorroad","src":"© OpenStreetMap contributors (ODbL)","confidence":"osm"}},{"type":"Feature","geometry":{"type":"LineString","coordinates":[[135.22324,34.84871],[135.22247,34.84899],[135.22209,34.84938]]},"properties":{"layer":"expressway","city":"神戸市","title":"神戸JCT","detail":"高速道路・自動車専用道路。原付一種（50cc以下）は進入禁止。","kind":"motorroad","src":"© OpenStreetMap contributors (ODbL)","confidence":"osm"}},{"type":"Feature","geometry":{"type":"LineString","coordinates":[[135.22389,34.8487],[135.22324,34.84871]]},"properties":{"layer":"expressway","city":"神戸市","title":"神戸JCT","detail":"高速道路・自動車専用道路。原付一種（50cc以下）は進入禁止。","kind":"motorroad","src":"© OpenStreetMap contributors (ODbL)","confidence":"osm"}},{"type":"Feature","geometry":{"type":"LineString","coordinates":[[135.25815,34.83195],[135.25767,34.83089]]},"properties":{"layer":"expressway","city":"西宮市","title":"阪神高速7号北神戸線","detail":"高速道路・自動車専用道路。原付一種（50cc以下）は進入禁止。","kind":"motorroad","src":"© OpenStreetMap contributors (ODbL)","confidence":"osm"}},{"type":"Feature","geometry":{"type":"LineString","coordinates":[[135.2583,34.83189],[135.25767,34.83089]]},"properties":{"layer":"expressway","city":"西宮市","title":"自動車専用道路","detail":"高速道路・自動車専用道路。原付一種（50cc以下）は進入禁止。","kind":"motorroad","src":"© OpenStreetMap contributors (ODbL)","confidence":"osm"}},{"type":"Feature","geometry":{"type":"LineString","coordinates":[[135.25835,34.83233],[135.25815,34.83195]]},"properties":{"layer":"expressway","city":"西宮市","title":"阪神高速7号北神戸線","detail":"高速道路・自動車専用道路。原付一種（50cc以下）は進入禁止。","kind":"motorroad","src":"© OpenStreetMap contributors (ODbL)","confidence":"osm"}},{"type":"Feature","geometry":{"type":"LineString","coordinates":[[135.2585,34.83226],[135.2583,34.83189]]},"properties":{"layer":"expressway","city":"西宮市","title":"自動車専用道路","detail":"高速道路・自動車専用道路。原付一種（50cc以下）は進入禁止。","kind":"motorroad","src":"© OpenStreetMap contributors (ODbL)","confidence":"osm"}},{"type":"Feature","geometry":{"type":"LineString","coordinates":[[135.35648,34.72769],[135.35664,34.72783]]},"properties":{"layer":"expressway","city":"西宮市","title":"名神高速道路","detail":"高速道路・自動車専用道路。原付一種（50cc以下）は進入禁止。","kind":"motorroad","src":"© OpenStreetMap contributors (ODbL)","confidence":"osm"}},{"type":"Feature","geometry":{"type":"LineString","coordinates":[[135.20362,34.80584],[135.20302,34.80594]]},"properties":{"layer":"expressway","city":"神戸市","title":"阪神高速７号北神戸線北延伸線","detail":"高速道路・自動車専用道路。原付一種（50cc以下）は進入禁止。","kind":"motorroad","src":"© OpenStreetMap contributors (ODbL)","confidence":"osm"}},{"type":"Feature","geometry":{"type":"LineString","coordinates":[[135.20301,34.80591],[135.2025,34.806]]},"properties":{"layer":"expressway","city":"神戸市","title":"阪神高速７号北神戸線北延伸線","detail":"高速道路・自動車専用道路。原付一種（50cc以下）は進入禁止。","kind":"motorroad","src":"© OpenStreetMap contributors (ODbL)","confidence":"osm"}},{"type":"Feature","geometry":{"type":"LineString","coordinates":[[135.20338,34.80596],[135.20413,34.80586]]},"properties":{"layer":"expressway","city":"神戸市","title":"阪神高速７号北神戸線北延伸線","detail":"高速道路・自動車専用道路。原付一種（50cc以下）は進入禁止。","kind":"motorroad","src":"© OpenStreetMap contributors (ODbL)","confidence":"osm"}},{"type":"Feature","geometry":{"type":"LineString","coordinates":[[135.20181,34.8063],[135.2022,34.80618]]},"properties":{"layer":"expressway","city":"神戸市","title":"阪神高速7号北神戸線北延伸線","detail":"高速道路・自動車専用道路。原付一種（50cc以下）は進入禁止。","kind":"motorroad","src":"© OpenStreetMap contributors (ODbL)","confidence":"osm"}},{"type":"Feature","geometry":{"type":"LineString","coordinates":[[135.20225,34.80622],[135.20254,34.80616]]},"properties":{"layer":"expressway","city":"神戸市","title":"阪神高速7号北神戸線北延伸線","detail":"高速道路・自動車専用道路。原付一種（50cc以下）は進入禁止。","kind":"motorroad","src":"© OpenStreetMap contributors (ODbL)","confidence":"osm"}},{"type":"Feature","geometry":{"type":"LineString","coordinates":[[135.20175,34.80622],[135.20111,34.80649]]},"properties":{"layer":"expressway","city":"神戸市","title":"阪神高速7号北神戸線北延伸線","detail":"高速道路・自動車専用道路。原付一種（50cc以下）は進入禁止。","kind":"motorroad","src":"© OpenStreetMap contributors (ODbL)","confidence":"osm"}},{"type":"Feature","geometry":{"type":"LineString","coordinates":[[135.21395,34.78304],[135.21491,34.78357]]},"properties":{"layer":"expressway","city":"神戸市","title":"阪神高速7号北神戸線","detail":"高速道路・自動車専用道路。原付一種（50cc以下）は進入禁止。","kind":"motorroad","src":"© OpenStreetMap contributors (ODbL)","confidence":"osm"}},{"type":"Feature","geometry":{"type":"LineString","coordinates":[[135.36783,34.80464],[135.3681,34.80519]]},"properties":{"layer":"expressway","city":"宝塚市","title":"自動車専用道路","detail":"高速道路・自動車専用道路。原付一種（50cc以下）は進入禁止。","kind":"motorroad","src":"© OpenStreetMap contributors (ODbL)","confidence":"osm"}},{"type":"Feature","geometry":{"type":"LineString","coordinates":[[135.36859,34.80553],[135.36835,34.80508]]},"properties":{"layer":"expressway","city":"宝塚市","title":"自動車専用道路","detail":"高速道路・自動車専用道路。原付一種（50cc以下）は進入禁止。","kind":"motorroad","src":"© OpenStreetMap contributors (ODbL)","confidence":"osm"}},{"type":"Feature","geometry":{"type":"LineString","coordinates":[[135.30353,34.86553],[135.30456,34.86559],[135.30796,34.86659]]},"properties":{"layer":"expressway","city":"宝塚市","title":"自動車専用道路","detail":"高速道路・自動車専用道路。原付一種（50cc以下）は進入禁止。","kind":"motorroad","src":"© OpenStreetMap contributors (ODbL)","confidence":"osm"}},{"type":"Feature","geometry":{"type":"LineString","coordinates":[[135.30435,34.86755],[135.3048,34.86771],[135.3051,34.86759],[135.30587,34.86604]]},"properties":{"layer":"expressway","city":"宝塚市","title":"自動車専用道路","detail":"高速道路・自動車専用道路。原付一種（50cc以下）は進入禁止。","kind":"motorroad","src":"© OpenStreetMap contributors (ODbL)","confidence":"osm"}},{"type":"Feature","geometry":{"type":"LineString","coordinates":[[135.13415,34.69396],[135.13427,34.69408]]},"properties":{"layer":"expressway","city":"神戸市","title":"山麓バイパス","detail":"原付（50cc以下）通行禁止の路線としてOSMに登録。","kind":"moped_no","src":"© OpenStreetMap contributors (ODbL)","confidence":"osm"}},{"type":"Feature","geometry":{"type":"LineString","coordinates":[[134.92713,34.71575],[134.92929,34.71565],[134.93197,34.71525],[134.9364,34.71383],[134.95515,34.70465]]},"properties":{"layer":"expressway","city":"神戸市","title":"第二神明道路","detail":"高速道路・自動車専用道路。原付一種（50cc以下）は進入禁止。","kind":"motorroad","src":"© OpenStreetMap contributors (ODbL)","confidence":"osm"}},{"type":"Feature","geometry":{"type":"LineString","coordinates":[[135.07496,34.69176],[135.07556,34.69221]]},"properties":{"layer":"expressway","city":"神戸市","title":"阪神高速7号北神戸線","detail":"高速道路・自動車専用道路。原付一種（50cc以下）は進入禁止。","kind":"motorroad","src":"© OpenStreetMap contributors (ODbL)","confidence":"osm"}},{"type":"Feature","geometry":{"type":"LineString","coordinates":[[135.25493,34.8191],[135.25644,34.81941]]},"properties":{"layer":"expressway","city":"西宮市","title":"阪神高速7号北神戸線","detail":"高速道路・自動車専用道路。原付一種（50cc以下）は進入禁止。","kind":"motorroad","src":"© OpenStreetMap contributors (ODbL)","confidence":"osm"}},{"type":"Feature","geometry":{"type":"LineString","coordinates":[[135.25255,34.81866],[135.25493,34.8191]]},"properties":{"layer":"expressway","city":"西宮市","title":"阪神高速7号北神戸線","detail":"高速道路・自動車専用道路。原付一種（50cc以下）は進入禁止。","kind":"motorroad","src":"© OpenStreetMap contributors (ODbL)","confidence":"osm"}},{"type":"Feature","geometry":{"type":"LineString","coordinates":[[135.10636,34.68565],[135.10607,34.68727]]},"properties":{"layer":"expressway","city":"神戸市","title":"自動車専用道路","detail":"高速道路・自動車専用道路。原付一種（50cc以下）は進入禁止。","kind":"motorroad","src":"© OpenStreetMap contributors (ODbL)","confidence":"osm"}},{"type":"Feature","geometry":{"type":"LineString","coordinates":[[135.10697,34.6862],[135.10752,34.68531]]},"properties":{"layer":"expressway","city":"神戸市","title":"自動車専用道路","detail":"高速道路・自動車専用道路。原付一種（50cc以下）は進入禁止。","kind":"motorroad","src":"© OpenStreetMap contributors (ODbL)","confidence":"osm"}},{"type":"Feature","geometry":{"type":"LineString","coordinates":[[135.10682,34.68458],[135.10632,34.68484],[135.10612,34.68586]]},"properties":{"layer":"expressway","city":"神戸市","title":"31","detail":"高速道路・自動車専用道路。原付一種（50cc以下）は進入禁止。","kind":"motorroad","src":"© OpenStreetMap contributors (ODbL)","confidence":"osm"}},{"type":"Feature","geometry":{"type":"LineString","coordinates":[[135.10636,34.68687],[135.10701,34.68564]]},"properties":{"layer":"expressway","city":"神戸市","title":"31","detail":"高速道路・自動車専用道路。原付一種（50cc以下）は進入禁止。","kind":"motorroad","src":"© OpenStreetMap contributors (ODbL)","confidence":"osm"}},{"type":"Feature","geometry":{"type":"LineString","coordinates":[[135.29899,34.71108],[135.29882,34.71079]]},"properties":{"layer":"expressway","city":"神戸市","title":"自動車専用道路","detail":"高速道路・自動車専用道路。原付一種（50cc以下）は進入禁止。","kind":"motorroad","src":"© OpenStreetMap contributors (ODbL)","confidence":"osm"}},{"type":"Feature","geometry":{"type":"LineString","coordinates":[[135.20245,34.69672],[135.20255,34.69655]]},"properties":{"layer":"expressway","city":"神戸市","title":"阪神高速32号新神戸トンネル","detail":"原付（50cc以下）通行禁止の路線としてOSMに登録。","kind":"moped_no","src":"© OpenStreetMap contributors (ODbL)","confidence":"osm"}},{"type":"Feature","geometry":{"type":"LineString","coordinates":[[135.03731,34.65279],[135.03616,34.65385],[135.03326,34.6574]]},"properties":{"layer":"expressway","city":"神戸市","title":"第二神明道路","detail":"高速道路・自動車専用道路。原付一種（50cc以下）は進入禁止。","kind":"motorroad","src":"© OpenStreetMap contributors (ODbL)","confidence":"osm"}},{"type":"Feature","geometry":{"type":"LineString","coordinates":[[135.0376,34.65259],[135.03731,34.65279]]},"properties":{"layer":"expressway","city":"神戸市","title":"第二神明道路","detail":"高速道路・自動車専用道路。原付一種（50cc以下）は進入禁止。","kind":"motorroad","src":"© OpenStreetMap contributors (ODbL)","confidence":"osm"}},{"type":"Feature","geometry":{"type":"LineString","coordinates":[[135.03772,34.65263],[135.03814,34.65238]]},"properties":{"layer":"expressway","city":"神戸市","title":"第二神明道路","detail":"高速道路・自動車専用道路。原付一種（50cc以下）は進入禁止。","kind":"motorroad","src":"© OpenStreetMap contributors (ODbL)","confidence":"osm"}},{"type":"Feature","geometry":{"type":"LineString","coordinates":[[135.03743,34.65283],[135.03772,34.65263]]},"properties":{"layer":"expressway","city":"神戸市","title":"第二神明道路","detail":"高速道路・自動車専用道路。原付一種（50cc以下）は進入禁止。","kind":"motorroad","src":"© OpenStreetMap contributors (ODbL)","confidence":"osm"}},{"type":"Feature","geometry":{"type":"LineString","coordinates":[[135.26019,34.82067],[135.26073,34.82145],[135.26093,34.82226],[135.26053,34.82368]]},"properties":{"layer":"expressway","city":"西宮市","title":"阪神高速7号北神戸線","detail":"高速道路・自動車専用道路。原付一種（50cc以下）は進入禁止。","kind":"motorroad","src":"© OpenStreetMap contributors (ODbL)","confidence":"osm"}},{"type":"Feature","geometry":{"type":"LineString","coordinates":[[135.26048,34.82053],[135.26004,34.82013]]},"properties":{"layer":"expressway","city":"西宮市","title":"阪神高速7号北神戸線","detail":"高速道路・自動車専用道路。原付一種（50cc以下）は進入禁止。","kind":"motorroad","src":"© OpenStreetMap contributors (ODbL)","confidence":"osm"}},{"type":"Feature","geometry":{"type":"LineString","coordinates":[[135.25644,34.81941],[135.25765,34.8196]]},"properties":{"layer":"expressway","city":"西宮市","title":"阪神高速7号北神戸線","detail":"高速道路・自動車専用道路。原付一種（50cc以下）は進入禁止。","kind":"motorroad","src":"© OpenStreetMap contributors (ODbL)","confidence":"osm"}},{"type":"Feature","geometry":{"type":"LineString","coordinates":[[135.25663,34.81918],[135.2551,34.81895]]},"properties":{"layer":"expressway","city":"西宮市","title":"阪神高速7号北神戸線","detail":"高速道路・自動車専用道路。原付一種（50cc以下）は進入禁止。","kind":"motorroad","src":"© OpenStreetMap contributors (ODbL)","confidence":"osm"}},{"type":"Feature","geometry":{"type":"LineString","coordinates":[[135.2551,34.81895],[135.25256,34.81858]]},"properties":{"layer":"expressway","city":"西宮市","title":"阪神高速7号北神戸線","detail":"高速道路・自動車専用道路。原付一種（50cc以下）は進入禁止。","kind":"motorroad","src":"© OpenStreetMap contributors (ODbL)","confidence":"osm"}},{"type":"Feature","geometry":{"type":"LineString","coordinates":[[135.25491,34.81914],[135.25613,34.81936]]},"properties":{"layer":"expressway","city":"西宮市","title":"自動車専用道路","detail":"高速道路・自動車専用道路。原付一種（50cc以下）は進入禁止。","kind":"motorroad","src":"© OpenStreetMap contributors (ODbL)","confidence":"osm"}},{"type":"Feature","geometry":{"type":"LineString","coordinates":[[135.25144,34.8184],[135.2501,34.81809],[135.24891,34.81752],[135.24794,34.81665],[135.24736,34.81568]]},"properties":{"layer":"expressway","city":"西宮市","title":"阪神高速7号北神戸線","detail":"高速道路・自動車専用道路。原付一種（50cc以下）は進入禁止。","kind":"motorroad","src":"© OpenStreetMap contributors (ODbL)","confidence":"osm"}},{"type":"Feature","geometry":{"type":"LineString","coordinates":[[135.25135,34.81847],[135.25255,34.81866]]},"properties":{"layer":"expressway","city":"西宮市","title":"阪神高速7号北神戸線","detail":"高速道路・自動車専用道路。原付一種（50cc以下）は進入禁止。","kind":"motorroad","src":"© OpenStreetMap contributors (ODbL)","confidence":"osm"}},{"type":"Feature","geometry":{"type":"LineString","coordinates":[[135.24756,34.81567],[135.24725,34.81426],[135.24752,34.81243],[135.24733,34.81065]]},"properties":{"layer":"expressway","city":"西宮市","title":"自動車専用道路","detail":"高速道路・自動車専用道路。原付一種（50cc以下）は進入禁止。","kind":"motorroad","src":"© OpenStreetMap contributors (ODbL)","confidence":"osm"}},{"type":"Feature","geometry":{"type":"LineString","coordinates":[[135.24727,34.81608],[135.2483,34.81727],[135.24957,34.818]]},"properties":{"layer":"expressway","city":"西宮市","title":"自動車専用道路","detail":"高速道路・自動車専用道路。原付一種（50cc以下）は進入禁止。","kind":"motorroad","src":"© OpenStreetMap contributors (ODbL)","confidence":"osm"}},{"type":"Feature","geometry":{"type":"LineString","coordinates":[[135.24726,34.81572],[135.24746,34.81611]]},"properties":{"layer":"expressway","city":"西宮市","title":"阪神高速7号北神戸線","detail":"高速道路・自動車専用道路。原付一種（50cc以下）は進入禁止。","kind":"motorroad","src":"© OpenStreetMap contributors (ODbL)","confidence":"osm"}},{"type":"Feature","geometry":{"type":"LineString","coordinates":[[135.26053,34.82368],[135.25998,34.82446]]},"properties":{"layer":"expressway","city":"西宮市","title":"阪神高速7号北神戸線","detail":"高速道路・自動車専用道路。原付一種（50cc以下）は進入禁止。","kind":"motorroad","src":"© OpenStreetMap contributors (ODbL)","confidence":"osm"}},{"type":"Feature","geometry":{"type":"LineString","coordinates":[[135.26091,34.82366],[135.26125,34.82274],[135.26123,34.82193],[135.26048,34.82053]]},"properties":{"layer":"expressway","city":"西宮市","title":"阪神高速7号北神戸線","detail":"高速道路・自動車専用道路。原付一種（50cc以下）は進入禁止。","kind":"motorroad","src":"© OpenStreetMap contributors (ODbL)","confidence":"osm"}},{"type":"Feature","geometry":{"type":"LineString","coordinates":[[135.23109,34.79868],[135.2306,34.7983]]},"properties":{"layer":"expressway","city":"神戸市","title":"阪神高速7号北神戸線","detail":"高速道路・自動車専用道路。原付一種（50cc以下）は進入禁止。","kind":"motorroad","src":"© OpenStreetMap contributors (ODbL)","confidence":"osm"}},{"type":"Feature","geometry":{"type":"LineString","coordinates":[[135.2306,34.7983],[135.22934,34.79724]]},"properties":{"layer":"expressway","city":"神戸市","title":"阪神高速7号北神戸線","detail":"高速道路・自動車専用道路。原付一種（50cc以下）は進入禁止。","kind":"motorroad","src":"© OpenStreetMap contributors (ODbL)","confidence":"osm"}},{"type":"Feature","geometry":{"type":"LineString","coordinates":[[135.23053,34.7984],[135.23101,34.79878]]},"properties":{"layer":"expressway","city":"神戸市","title":"阪神高速7号北神戸線","detail":"高速道路・自動車専用道路。原付一種（50cc以下）は進入禁止。","kind":"motorroad","src":"© OpenStreetMap contributors (ODbL)","confidence":"osm"}},{"type":"Feature","geometry":{"type":"LineString","coordinates":[[135.23101,34.79878],[135.23234,34.79969]]},"properties":{"layer":"expressway","city":"神戸市","title":"阪神高速7号北神戸線","detail":"高速道路・自動車専用道路。原付一種（50cc以下）は進入禁止。","kind":"motorroad","src":"© OpenStreetMap contributors (ODbL)","confidence":"osm"}},{"type":"Feature","geometry":{"type":"LineString","coordinates":[[135.22764,34.79575],[135.22926,34.79731]]},"properties":{"layer":"expressway","city":"神戸市","title":"阪神高速7号北神戸線","detail":"高速道路・自動車専用道路。原付一種（50cc以下）は進入禁止。","kind":"motorroad","src":"© OpenStreetMap contributors (ODbL)","confidence":"osm"}},{"type":"Feature","geometry":{"type":"LineString","coordinates":[[135.22718,34.79504],[135.2266,34.79419]]},"properties":{"layer":"expressway","city":"神戸市","title":"阪神高速7号北神戸線","detail":"高速道路・自動車専用道路。原付一種（50cc以下）は進入禁止。","kind":"motorroad","src":"© OpenStreetMap contributors (ODbL)","confidence":"osm"}},{"type":"Feature","geometry":{"type":"LineString","coordinates":[[135.2266,34.79419],[135.22483,34.79146]]},"properties":{"layer":"expressway","city":"神戸市","title":"阪神高速7号北神戸線","detail":"高速道路・自動車専用道路。原付一種（50cc以下）は進入禁止。","kind":"motorroad","src":"© OpenStreetMap contributors (ODbL)","confidence":"osm"}},{"type":"Feature","geometry":{"type":"LineString","coordinates":[[135.22467,34.79155],[135.2255,34.79266]]},"properties":{"layer":"expressway","city":"神戸市","title":"阪神高速7号北神戸線","detail":"高速道路・自動車専用道路。原付一種（50cc以下）は進入禁止。","kind":"motorroad","src":"© OpenStreetMap contributors (ODbL)","confidence":"osm"}},{"type":"Feature","geometry":{"type":"LineString","coordinates":[[135.22483,34.79146],[135.22391,34.79063]]},"properties":{"layer":"expressway","city":"神戸市","title":"阪神高速7号北神戸線","detail":"高速道路・自動車専用道路。原付一種（50cc以下）は進入禁止。","kind":"motorroad","src":"© OpenStreetMap contributors (ODbL)","confidence":"osm"}},{"type":"Feature","geometry":{"type":"LineString","coordinates":[[135.2249,34.79142],[135.22397,34.79057]]},"properties":{"layer":"expressway","city":"神戸市","title":"阪神高速7号北神戸線北延伸線","detail":"高速道路・自動車専用道路。原付一種（50cc以下）は進入禁止。","kind":"motorroad","src":"© OpenStreetMap contributors (ODbL)","confidence":"osm"}},{"type":"Feature","geometry":{"type":"LineString","coordinates":[[135.22353,34.79052],[135.22467,34.79155]]},"properties":{"layer":"expressway","city":"神戸市","title":"阪神高速7号北神戸線","detail":"高速道路・自動車専用道路。原付一種（50cc以下）は進入禁止。","kind":"motorroad","src":"© OpenStreetMap contributors (ODbL)","confidence":"osm"}},{"type":"Feature","geometry":{"type":"LineString","coordinates":[[135.22397,34.79057],[135.2229,34.78996],[135.22147,34.78945]]},"properties":{"layer":"expressway","city":"神戸市","title":"阪神高速7号北神戸線北延伸線","detail":"高速道路・自動車専用道路。原付一種（50cc以下）は進入禁止。","kind":"motorroad","src":"© OpenStreetMap contributors (ODbL)","confidence":"osm"}},{"type":"Feature","geometry":{"type":"LineString","coordinates":[[135.22391,34.79063],[135.22147,34.78945]]},"properties":{"layer":"expressway","city":"神戸市","title":"阪神高速7号北神戸線","detail":"高速道路・自動車専用道路。原付一種（50cc以下）は進入禁止。","kind":"motorroad","src":"© OpenStreetMap contributors (ODbL)","confidence":"osm"}},{"type":"Feature","geometry":{"type":"LineString","coordinates":[[135.25046,34.81798],[135.25084,34.81843]]},"properties":{"layer":"expressway","city":"西宮市","title":"自動車専用道路","detail":"高速道路・自動車専用道路。原付一種（50cc以下）は進入禁止。","kind":"motorroad","src":"© OpenStreetMap contributors (ODbL)","confidence":"osm"}},{"type":"Feature","geometry":{"type":"LineString","coordinates":[[135.25084,34.81843],[135.25491,34.81914]]},"properties":{"layer":"expressway","city":"西宮市","title":"自動車専用道路","detail":"高速道路・自動車専用道路。原付一種（50cc以下）は進入禁止。","kind":"motorroad","src":"© OpenStreetMap contributors (ODbL)","confidence":"osm"}},{"type":"Feature","geometry":{"type":"LineString","coordinates":[[135.25494,34.81893],[135.2515,34.81829]]},"properties":{"layer":"expressway","city":"西宮市","title":"自動車専用道路","detail":"高速道路・自動車専用道路。原付一種（50cc以下）は進入禁止。","kind":"motorroad","src":"© OpenStreetMap contributors (ODbL)","confidence":"osm"}},{"type":"Feature","geometry":{"type":"LineString","coordinates":[[135.2515,34.81829],[135.2506,34.81802]]},"properties":{"layer":"expressway","city":"西宮市","title":"自動車専用道路","detail":"高速道路・自動車専用道路。原付一種（50cc以下）は進入禁止。","kind":"motorroad","src":"© OpenStreetMap contributors (ODbL)","confidence":"osm"}},{"type":"Feature","geometry":{"type":"LineString","coordinates":[[134.97737,34.68641],[134.97794,34.68612]]},"properties":{"layer":"expressway","city":"神戸市","title":"第二神明道路","detail":"高速道路・自動車専用道路。原付一種（50cc以下）は進入禁止。","kind":"motorroad","src":"© OpenStreetMap contributors (ODbL)","confidence":"osm"}},{"type":"Feature","geometry":{"type":"LineString","coordinates":[[134.97732,34.68633],[134.9735,34.68825]]},"properties":{"layer":"expressway","city":"神戸市","title":"第二神明道路","detail":"高速道路・自動車専用道路。原付一種（50cc以下）は進入禁止。","kind":"motorroad","src":"© OpenStreetMap contributors (ODbL)","confidence":"osm"}},{"type":"Feature","geometry":{"type":"LineString","coordinates":[[134.97789,34.68604],[134.97732,34.68633]]},"properties":{"layer":"expressway","city":"神戸市","title":"第二神明道路","detail":"高速道路・自動車専用道路。原付一種（50cc以下）は進入禁止。","kind":"motorroad","src":"© OpenStreetMap contributors (ODbL)","confidence":"osm"}},{"type":"Feature","geometry":{"type":"LineString","coordinates":[[134.97794,34.68612],[134.98117,34.68453]]},"properties":{"layer":"expressway","city":"神戸市","title":"第二神明道路","detail":"高速道路・自動車専用道路。原付一種（50cc以下）は進入禁止。","kind":"motorroad","src":"© OpenStreetMap contributors (ODbL)","confidence":"osm"}},{"type":"Feature","geometry":{"type":"LineString","coordinates":[[135.22729,34.79839],[135.22733,34.79812]]},"properties":{"layer":"expressway","city":"神戸市","title":"阪神高速7号北神戸線北延伸線","detail":"高速道路・自動車専用道路。原付一種（50cc以下）は進入禁止。","kind":"motorroad","src":"© OpenStreetMap contributors (ODbL)","confidence":"osm"}},{"type":"Feature","geometry":{"type":"LineString","coordinates":[[135.22733,34.79812],[135.22728,34.7959]]},"properties":{"layer":"expressway","city":"神戸市","title":"阪神高速7号北神戸線北延伸線","detail":"高速道路・自動車専用道路。原付一種（50cc以下）は進入禁止。","kind":"motorroad","src":"© OpenStreetMap contributors (ODbL)","confidence":"osm"}},{"type":"Feature","geometry":{"type":"LineString","coordinates":[[135.22728,34.7959],[135.22723,34.7957]]},"properties":{"layer":"expressway","city":"神戸市","title":"阪神高速7号北神戸線北延伸線","detail":"高速道路・自動車専用道路。原付一種（50cc以下）は進入禁止。","kind":"motorroad","src":"© OpenStreetMap contributors (ODbL)","confidence":"osm"}},{"type":"Feature","geometry":{"type":"LineString","coordinates":[[135.22723,34.7957],[135.22633,34.79347]]},"properties":{"layer":"expressway","city":"神戸市","title":"阪神高速7号北神戸線北延伸線","detail":"高速道路・自動車専用道路。原付一種（50cc以下）は進入禁止。","kind":"motorroad","src":"© OpenStreetMap contributors (ODbL)","confidence":"osm"}},{"type":"Feature","geometry":{"type":"LineString","coordinates":[[135.22706,34.79796],[135.227,34.79828]]},"properties":{"layer":"expressway","city":"神戸市","title":"阪神高速７号北神戸線北延伸線","detail":"高速道路・自動車専用道路。原付一種（50cc以下）は進入禁止。","kind":"motorroad","src":"© OpenStreetMap contributors (ODbL)","confidence":"osm"}},{"type":"Feature","geometry":{"type":"LineString","coordinates":[[135.227,34.79828],[135.2269,34.79867]]},"properties":{"layer":"expressway","city":"神戸市","title":"阪神高速７号北神戸線北延伸線","detail":"高速道路・自動車専用道路。原付一種（50cc以下）は進入禁止。","kind":"motorroad","src":"© OpenStreetMap contributors (ODbL)","confidence":"osm"}},{"type":"Feature","geometry":{"type":"LineString","coordinates":[[135.21519,34.8035],[135.2155,34.80375],[135.21551,34.80406],[135.21474,34.80466]]},"properties":{"layer":"expressway","city":"神戸市","title":"阪神高速７号北神戸線北延伸線","detail":"高速道路・自動車専用道路。原付一種（50cc以下）は進入禁止。","kind":"motorroad","src":"© OpenStreetMap contributors (ODbL)","confidence":"osm"}},{"type":"Feature","geometry":{"type":"LineString","coordinates":[[135.21523,34.80344],[135.21475,34.80345],[135.21442,34.80377]]},"properties":{"layer":"expressway","city":"神戸市","title":"阪神高速７号北神戸線北延伸線","detail":"高速道路・自動車専用道路。原付一種（50cc以下）は進入禁止。","kind":"motorroad","src":"© OpenStreetMap contributors (ODbL)","confidence":"osm"}},{"type":"Feature","geometry":{"type":"LineString","coordinates":[[135.21474,34.80466],[135.21446,34.80481]]},"properties":{"layer":"expressway","city":"神戸市","title":"阪神高速７号北神戸線北延伸線","detail":"高速道路・自動車専用道路。原付一種（50cc以下）は進入禁止。","kind":"motorroad","src":"© OpenStreetMap contributors (ODbL)","confidence":"osm"}},{"type":"Feature","geometry":{"type":"LineString","coordinates":[[135.21479,34.80473],[135.2156,34.80409],[135.21559,34.80371],[135.21523,34.80344]]},"properties":{"layer":"expressway","city":"神戸市","title":"阪神高速７号北神戸線北延伸線","detail":"高速道路・自動車専用道路。原付一種（50cc以下）は進入禁止。","kind":"motorroad","src":"© OpenStreetMap contributors (ODbL)","confidence":"osm"}},{"type":"Feature","geometry":{"type":"LineString","coordinates":[[135.21451,34.80488],[135.21479,34.80473]]},"properties":{"layer":"expressway","city":"神戸市","title":"阪神高速７号北神戸線北延伸線","detail":"高速道路・自動車専用道路。原付一種（50cc以下）は進入禁止。","kind":"motorroad","src":"© OpenStreetMap contributors (ODbL)","confidence":"osm"}},{"type":"Feature","geometry":{"type":"LineString","coordinates":[[135.21446,34.80481],[135.21437,34.80489]]},"properties":{"layer":"expressway","city":"神戸市","title":"阪神高速７号北神戸線北延伸線","detail":"高速道路・自動車専用道路。原付一種（50cc以下）は進入禁止。","kind":"motorroad","src":"© OpenStreetMap contributors (ODbL)","confidence":"osm"}},{"type":"Feature","geometry":{"type":"LineString","coordinates":[[135.21178,34.80523],[135.21126,34.80526]]},"properties":{"layer":"expressway","city":"神戸市","title":"阪神高速7号北神戸線北延伸線","detail":"高速道路・自動車専用道路。原付一種（50cc以下）は進入禁止。","kind":"motorroad","src":"© OpenStreetMap contributors (ODbL)","confidence":"osm"}},{"type":"Feature","geometry":{"type":"LineString","coordinates":[[135.21126,34.80526],[135.20824,34.80535]]},"properties":{"layer":"expressway","city":"神戸市","title":"阪神高速7号北神戸線北延伸線","detail":"高速道路・自動車専用道路。原付一種（50cc以下）は進入禁止。","kind":"motorroad","src":"© OpenStreetMap contributors (ODbL)","confidence":"osm"}},{"type":"Feature","geometry":{"type":"LineString","coordinates":[[135.21137,34.80533],[135.21181,34.80531]]},"properties":{"layer":"expressway","city":"神戸市","title":"阪神高速7号北神戸線北延伸線","detail":"高速道路・自動車専用道路。原付一種（50cc以下）は進入禁止。","kind":"motorroad","src":"© OpenStreetMap contributors (ODbL)","confidence":"osm"}},{"type":"Feature","geometry":{"type":"LineString","coordinates":[[135.21181,34.80531],[135.21331,34.80524]]},"properties":{"layer":"expressway","city":"神戸市","title":"阪神高速7号北神戸線北延伸線","detail":"高速道路・自動車専用道路。原付一種（50cc以下）は進入禁止。","kind":"motorroad","src":"© OpenStreetMap contributors (ODbL)","confidence":"osm"}},{"type":"Feature","geometry":{"type":"LineString","coordinates":[[135.20104,34.80661],[135.20181,34.8063]]},"properties":{"layer":"expressway","city":"神戸市","title":"阪神高速7号北神戸線北延伸線","detail":"高速道路・自動車専用道路。原付一種（50cc以下）は進入禁止。","kind":"motorroad","src":"© OpenStreetMap contributors (ODbL)","confidence":"osm"}},{"type":"Feature","geometry":{"type":"LineString","coordinates":[[135.20111,34.80649],[135.20023,34.80705]]},"properties":{"layer":"expressway","city":"神戸市","title":"阪神高速7号北神戸線北延伸線","detail":"高速道路・自動車専用道路。原付一種（50cc以下）は進入禁止。","kind":"motorroad","src":"© OpenStreetMap contributors (ODbL)","confidence":"osm"}},{"type":"Feature","geometry":{"type":"LineString","coordinates":[[135.20023,34.80705],[135.1999,34.8073]]},"properties":{"layer":"expressway","city":"神戸市","title":"阪神高速7号北神戸線北延伸線","detail":"高速道路・自動車専用道路。原付一種（50cc以下）は進入禁止。","kind":"motorroad","src":"© OpenStreetMap contributors (ODbL)","confidence":"osm"}},{"type":"Feature","geometry":{"type":"LineString","coordinates":[[135.20031,34.80708],[135.20104,34.80661]]},"properties":{"layer":"expressway","city":"神戸市","title":"阪神高速7号北神戸線北延伸線","detail":"高速道路・自動車専用道路。原付一種（50cc以下）は進入禁止。","kind":"motorroad","src":"© OpenStreetMap contributors (ODbL)","confidence":"osm"}},{"type":"Feature","geometry":{"type":"LineString","coordinates":[[135.01356,34.67694],[135.01347,34.67698]]},"properties":{"layer":"expressway","city":"神戸市","title":"自動車専用道路","detail":"高速道路・自動車専用道路。原付一種（50cc以下）は進入禁止。","kind":"motorroad","src":"© OpenStreetMap contributors (ODbL)","confidence":"osm"}},{"type":"Feature","geometry":{"type":"LineString","coordinates":[[135.01347,34.67698],[135.00917,34.67848]]},"properties":{"layer":"expressway","city":"神戸市","title":"自動車専用道路","detail":"高速道路・自動車専用道路。原付一種（50cc以下）は進入禁止。","kind":"motorroad","src":"© OpenStreetMap contributors (ODbL)","confidence":"osm"}},{"type":"Feature","geometry":{"type":"LineString","coordinates":[[135.01352,34.67776],[135.01365,34.67773]]},"properties":{"layer":"expressway","city":"神戸市","title":"自動車専用道路","detail":"高速道路・自動車専用道路。原付一種（50cc以下）は進入禁止。","kind":"motorroad","src":"© OpenStreetMap contributors (ODbL)","confidence":"osm"}},{"type":"Feature","geometry":{"type":"LineString","coordinates":[[135.01336,34.6778],[135.01352,34.67776]]},"properties":{"layer":"expressway","city":"神戸市","title":"自動車専用道路","detail":"高速道路・自動車専用道路。原付一種（50cc以下）は進入禁止。","kind":"motorroad","src":"© OpenStreetMap contributors (ODbL)","confidence":"osm"}},{"type":"Feature","geometry":{"type":"LineString","coordinates":[[135.19775,34.84114],[135.19823,34.84038]]},"properties":{"layer":"expressway","city":"神戸市","title":"自動車専用道路","detail":"高速道路・自動車専用道路。原付一種（50cc以下）は進入禁止。","kind":"motorroad","src":"© OpenStreetMap contributors (ODbL)","confidence":"osm"}},{"type":"Feature","geometry":{"type":"LineString","coordinates":[[135.12708,34.7306],[135.12744,34.7306]]},"properties":{"layer":"expressway","city":"神戸市","title":"自動車専用道路","detail":"高速道路・自動車専用道路。原付一種（50cc以下）は進入禁止。","kind":"motorroad","src":"© OpenStreetMap contributors (ODbL)","confidence":"osm"}},{"type":"Feature","geometry":{"type":"LineString","coordinates":[[135.12757,34.73046],[135.12755,34.73018]]},"properties":{"layer":"expressway","city":"神戸市","title":"自動車専用道路","detail":"高速道路・自動車専用道路。原付一種（50cc以下）は進入禁止。","kind":"motorroad","src":"© OpenStreetMap contributors (ODbL)","confidence":"osm"}},{"type":"Feature","geometry":{"type":"LineString","coordinates":[[135.12744,34.73035],[135.12741,34.73034]]},"properties":{"layer":"expressway","city":"神戸市","title":"阪神高速７号北神戸線","detail":"高速道路・自動車専用道路。原付一種（50cc以下）は進入禁止。","kind":"motorroad","src":"© OpenStreetMap contributors (ODbL)","confidence":"osm"}},{"type":"Feature","geometry":{"type":"LineString","coordinates":[[135.12744,34.73035],[135.12745,34.73156],[135.12783,34.73218]]},"properties":{"layer":"expressway","city":"神戸市","title":"阪神高速７号北神戸線","detail":"高速道路・自動車専用道路。原付一種（50cc以下）は進入禁止。","kind":"motorroad","src":"© OpenStreetMap contributors (ODbL)","confidence":"osm"}},{"type":"Feature","geometry":{"type":"LineString","coordinates":[[135.12741,34.73034],[135.12734,34.73034]]},"properties":{"layer":"expressway","city":"神戸市","title":"阪神高速７号北神戸線","detail":"高速道路・自動車専用道路。原付一種（50cc以下）は進入禁止。","kind":"motorroad","src":"© OpenStreetMap contributors (ODbL)","confidence":"osm"}},{"type":"Feature","geometry":{"type":"LineString","coordinates":[[135.17584,34.67236],[135.17548,34.67202]]},"properties":{"layer":"expressway","city":"神戸市","title":"自動車専用道路","detail":"高速道路・自動車専用道路。原付一種（50cc以下）は進入禁止。","kind":"motorroad","src":"© OpenStreetMap contributors (ODbL)","confidence":"osm"}},{"type":"Feature","geometry":{"type":"LineString","coordinates":[[135.1787,34.6782],[135.17932,34.67908]]},"properties":{"layer":"expressway","city":"神戸市","title":"浜手バイパス","detail":"高速道路・自動車専用道路。原付一種（50cc以下）は進入禁止。","kind":"motorroad","src":"© OpenStreetMap contributors (ODbL)","confidence":"osm"}},{"type":"Feature","geometry":{"type":"LineString","coordinates":[[135.16391,34.66494],[135.16564,34.66613]]},"properties":{"layer":"expressway","city":"神戸市","title":"3","detail":"高速道路・自動車専用道路。原付一種（50cc以下）は進入禁止。","kind":"motorroad","src":"© OpenStreetMap contributors (ODbL)","confidence":"osm"}},{"type":"Feature","geometry":{"type":"LineString","coordinates":[[135.16955,34.66854],[135.16856,34.66807]]},"properties":{"layer":"expressway","city":"神戸市","title":"3","detail":"高速道路・自動車専用道路。原付一種（50cc以下）は進入禁止。","kind":"motorroad","src":"© OpenStreetMap contributors (ODbL)","confidence":"osm"}},{"type":"Feature","geometry":{"type":"LineString","coordinates":[[135.16971,34.66872],[135.1713,34.66963]]},"properties":{"layer":"expressway","city":"神戸市","title":"3","detail":"高速道路・自動車専用道路。原付一種（50cc以下）は進入禁止。","kind":"motorroad","src":"© OpenStreetMap contributors (ODbL)","confidence":"osm"}},{"type":"Feature","geometry":{"type":"LineString","coordinates":[[135.17437,34.67138],[135.17303,34.67064]]},"properties":{"layer":"expressway","city":"神戸市","title":"3","detail":"高速道路・自動車専用道路。原付一種（50cc以下）は進入禁止。","kind":"motorroad","src":"© OpenStreetMap contributors (ODbL)","confidence":"osm"}},{"type":"Feature","geometry":{"type":"LineString","coordinates":[[135.18163,34.68085],[135.1811,34.6804]]},"properties":{"layer":"expressway","city":"神戸市","title":"浜手バイパス","detail":"高速道路・自動車専用道路。原付一種（50cc以下）は進入禁止。","kind":"motorroad","src":"© OpenStreetMap contributors (ODbL)","confidence":"osm"}},{"type":"Feature","geometry":{"type":"LineString","coordinates":[[135.18231,34.6815],[135.18163,34.68085]]},"properties":{"layer":"expressway","city":"神戸市","title":"浜手バイパス","detail":"高速道路・自動車専用道路。原付一種（50cc以下）は進入禁止。","kind":"motorroad","src":"© OpenStreetMap contributors (ODbL)","confidence":"osm"}},{"type":"Feature","geometry":{"type":"LineString","coordinates":[[135.19247,34.68541],[135.19377,34.68548]]},"properties":{"layer":"expressway","city":"神戸市","title":"3","detail":"高速道路・自動車専用道路。原付一種（50cc以下）は進入禁止。","kind":"motorroad","src":"© OpenStreetMap contributors (ODbL)","confidence":"osm"}},{"type":"Feature","geometry":{"type":"LineString","coordinates":[[135.19364,34.68526],[135.19247,34.68534]]},"properties":{"layer":"expressway","city":"神戸市","title":"3","detail":"高速道路・自動車専用道路。原付一種（50cc以下）は進入禁止。","kind":"motorroad","src":"© OpenStreetMap contributors (ODbL)","confidence":"osm"}},{"type":"Feature","geometry":{"type":"LineString","coordinates":[[135.19793,34.68589],[135.19709,34.68564]]},"properties":{"layer":"expressway","city":"神戸市","title":"阪神高速 京橋出口","detail":"高速道路・自動車専用道路。原付一種（50cc以下）は進入禁止。","kind":"motorroad","src":"© OpenStreetMap contributors (ODbL)","confidence":"osm"}},{"type":"Feature","geometry":{"type":"LineString","coordinates":[[135.19642,34.68561],[135.19545,34.68541]]},"properties":{"layer":"expressway","city":"神戸市","title":"自動車専用道路","detail":"高速道路・自動車専用道路。原付一種（50cc以下）は進入禁止。","kind":"motorroad","src":"© OpenStreetMap contributors (ODbL)","confidence":"osm"}},{"type":"Feature","geometry":{"type":"LineString","coordinates":[[135.19654,34.68578],[135.19787,34.68604]]},"properties":{"layer":"expressway","city":"神戸市","title":"3","detail":"高速道路・自動車専用道路。原付一種（50cc以下）は進入禁止。","kind":"motorroad","src":"© OpenStreetMap contributors (ODbL)","confidence":"osm"}},{"type":"Feature","geometry":{"type":"LineString","coordinates":[[135.20225,34.69091],[135.20196,34.6903]]},"properties":{"layer":"expressway","city":"神戸市","title":"浜手バイパス","detail":"高速道路・自動車専用道路。原付一種（50cc以下）は進入禁止。","kind":"motorroad","src":"© OpenStreetMap contributors (ODbL)","confidence":"osm"}},{"type":"Feature","geometry":{"type":"LineString","coordinates":[[135.20188,34.69075],[135.20223,34.69138]]},"properties":{"layer":"expressway","city":"神戸市","title":"浜手バイパス","detail":"高速道路・自動車専用道路。原付一種（50cc以下）は進入禁止。","kind":"motorroad","src":"© OpenStreetMap contributors (ODbL)","confidence":"osm"}},{"type":"Feature","geometry":{"type":"LineString","coordinates":[[135.20223,34.69138],[135.20267,34.69205]]},"properties":{"layer":"expressway","city":"神戸市","title":"浜手バイパス","detail":"高速道路・自動車専用道路。原付一種（50cc以下）は進入禁止。","kind":"motorroad","src":"© OpenStreetMap contributors (ODbL)","confidence":"osm"}},{"type":"Feature","geometry":{"type":"LineString","coordinates":[[135.20282,34.69192],[135.2025,34.6915]]},"properties":{"layer":"expressway","city":"神戸市","title":"3-16","detail":"高速道路・自動車専用道路。原付一種（50cc以下）は進入禁止。","kind":"motorroad","src":"© OpenStreetMap contributors (ODbL)","confidence":"osm"}},{"type":"Feature","geometry":{"type":"LineString","coordinates":[[135.20285,34.69231],[135.20304,34.69281]]},"properties":{"layer":"expressway","city":"神戸市","title":"3-16","detail":"高速道路・自動車専用道路。原付一種（50cc以下）は進入禁止。","kind":"motorroad","src":"© OpenStreetMap contributors (ODbL)","confidence":"osm"}},{"type":"Feature","geometry":{"type":"LineString","coordinates":[[135.20353,34.69401],[135.20314,34.69475]]},"properties":{"layer":"expressway","city":"神戸市","title":"3-16","detail":"高速道路・自動車専用道路。原付一種（50cc以下）は進入禁止。","kind":"motorroad","src":"© OpenStreetMap contributors (ODbL)","confidence":"osm"}},{"type":"Feature","geometry":{"type":"LineString","coordinates":[[135.20501,34.695],[135.20386,34.69363]]},"properties":{"layer":"expressway","city":"神戸市","title":"3-16","detail":"高速道路・自動車専用道路。原付一種（50cc以下）は進入禁止。","kind":"motorroad","src":"© OpenStreetMap contributors (ODbL)","confidence":"osm"}},{"type":"Feature","geometry":{"type":"LineString","coordinates":[[135.19867,34.68635],[135.1973,34.68577],[135.19477,34.68541],[135.18663,34.68547],[135.18575,34.68532],[135.185,34.68499],[135.18381,34.68413],[135.18245,34.68184],[135.17907,34.67847],[135.17683,34.67281],[135.16955,34.66854]]},"properties":{"layer":"expressway","city":"神戸市","title":"阪神高速3号神戸線","detail":"高速道路・自動車専用道路。原付一種（50cc以下）は進入禁止。","kind":"motorroad","src":"© OpenStreetMap contributors (ODbL)","confidence":"osm"}},{"type":"Feature","geometry":{"type":"LineString","coordinates":[[135.15344,34.65618],[135.1534,34.65614]]},"properties":{"layer":"expressway","city":"神戸市","title":"3","detail":"高速道路・自動車専用道路。原付一種（50cc以下）は進入禁止。","kind":"motorroad","src":"© OpenStreetMap contributors (ODbL)","confidence":"osm"}},{"type":"Feature","geometry":{"type":"LineString","coordinates":[[135.15339,34.65619],[135.15344,34.65618]]},"properties":{"layer":"expressway","city":"神戸市","title":"3","detail":"高速道路・自動車専用道路。原付一種（50cc以下）は進入禁止。","kind":"motorroad","src":"© OpenStreetMap contributors (ODbL)","confidence":"osm"}},{"type":"Feature","geometry":{"type":"LineString","coordinates":[[135.15139,34.65989],[135.15173,34.659]]},"properties":{"layer":"expressway","city":"神戸市","title":"阪神高速31号神戸山手線","detail":"高速道路・自動車専用道路。原付一種（50cc以下）は進入禁止。","kind":"motorroad","src":"© OpenStreetMap contributors (ODbL)","confidence":"osm"}},{"type":"Feature","geometry":{"type":"LineString","coordinates":[[135.13499,34.64756],[135.13436,34.64706]]},"properties":{"layer":"expressway","city":"神戸市","title":"若宮出口","detail":"高速道路・自動車専用道路。原付一種（50cc以下）は進入禁止。","kind":"motorroad","src":"© OpenStreetMap contributors (ODbL)","confidence":"osm"}},{"type":"Feature","geometry":{"type":"LineString","coordinates":[[135.13543,34.64805],[135.1364,34.64856]]},"properties":{"layer":"expressway","city":"神戸市","title":"若宮入口","detail":"高速道路・自動車専用道路。原付一種（50cc以下）は進入禁止。","kind":"motorroad","src":"© OpenStreetMap contributors (ODbL)","confidence":"osm"}},{"type":"Feature","geometry":{"type":"LineString","coordinates":[[135.15296,34.65598],[135.15314,34.6555]]},"properties":{"layer":"expressway","city":"神戸市","title":"阪神高速31号神戸山手線","detail":"高速道路・自動車専用道路。原付一種（50cc以下）は進入禁止。","kind":"motorroad","src":"© OpenStreetMap contributors (ODbL)","confidence":"osm"}},{"type":"Feature","geometry":{"type":"LineString","coordinates":[[135.1525,34.65659],[135.151,34.66045],[135.15086,34.66145],[135.151,34.66379],[135.15041,34.66482],[135.14947,34.66528],[135.14859,34.66533],[135.14777,34.66509],[135.14605,34.66402],[135.14526,34.66373],[135.14439,34.66371],[135.14314,34.66408]]},"properties":{"layer":"expressway","city":"神戸市","title":"阪神高速31号神戸山手線","detail":"高速道路・自動車専用道路。原付一種（50cc以下）は進入禁止。","kind":"motorroad","src":"© OpenStreetMap contributors (ODbL)","confidence":"osm"}},{"type":"Feature","geometry":{"type":"LineString","coordinates":[[135.15263,34.6566],[135.15235,34.65746],[135.15208,34.65767],[135.15054,34.65737]]},"properties":{"layer":"expressway","city":"神戸市","title":"3","detail":"高速道路・自動車専用道路。原付一種（50cc以下）は進入禁止。","kind":"motorroad","src":"© OpenStreetMap contributors (ODbL)","confidence":"osm"}},{"type":"Feature","geometry":{"type":"LineString","coordinates":[[135.35464,34.72629],[135.3545,34.72639]]},"properties":{"layer":"expressway","city":"西宮市","title":"名神高速道路","detail":"高速道路・自動車専用道路。原付一種（50cc以下）は進入禁止。","kind":"motorroad","src":"© OpenStreetMap contributors (ODbL)","confidence":"osm"}},{"type":"Feature","geometry":{"type":"LineString","coordinates":[[135.2571,34.83001],[135.25784,34.83196]]},"properties":{"layer":"expressway","city":"西宮市","title":"阪神高速7号北神戸線","detail":"高速道路・自動車専用道路。原付一種（50cc以下）は進入禁止。","kind":"motorroad","src":"© OpenStreetMap contributors (ODbL)","confidence":"osm"}},{"type":"Feature","geometry":{"type":"LineString","coordinates":[[135.25767,34.83089],[135.25762,34.83075]]},"properties":{"layer":"expressway","city":"西宮市","title":"阪神高速7号北神戸線","detail":"高速道路・自動車専用道路。原付一種（50cc以下）は進入禁止。","kind":"motorroad","src":"© OpenStreetMap contributors (ODbL)","confidence":"osm"}},{"type":"Feature","geometry":{"type":"LineString","coordinates":[[135.38486,34.69602],[135.38347,34.69647],[135.3822,34.69667],[135.37301,34.69656],[135.365,34.6973],[135.36368,34.69761],[135.36236,34.69836],[135.3528,34.70647],[135.34505,34.71274],[135.34271,34.71385],[135.33504,34.71616],[135.33161,34.71681],[135.32886,34.7168],[135.31714,34.71461]]},"properties":{"layer":"expressway","city":"西宮市","title":"阪神高速5号湾岸線","detail":"高速道路・自動車専用道路。原付一種（50cc以下）は進入禁止。","kind":"motorroad","src":"© OpenStreetMap contributors (ODbL)","confidence":"osm"}},{"type":"Feature","geometry":{"type":"LineString","coordinates":[[135.27445,34.70471],[135.27585,34.70512]]},"properties":{"layer":"expressway","city":"神戸市","title":"5","detail":"高速道路・自動車専用道路。原付一種（50cc以下）は進入禁止。","kind":"motorroad","src":"© OpenStreetMap contributors (ODbL)","confidence":"osm"}},{"type":"Feature","geometry":{"type":"LineString","coordinates":[[135.27547,34.70494],[135.27413,34.70488]]},"properties":{"layer":"expressway","city":"神戸市","title":"魚崎浜入口","detail":"高速道路・自動車専用道路。原付一種（50cc以下）は進入禁止。","kind":"motorroad","src":"© OpenStreetMap contributors (ODbL)","confidence":"osm"}},{"type":"Feature","geometry":{"type":"LineString","coordinates":[[135.27382,34.70593],[135.27587,34.70721]]},"properties":{"layer":"expressway","city":"神戸市","title":"魚崎浜入口","detail":"高速道路・自動車専用道路。原付一種（50cc以下）は進入禁止。","kind":"motorroad","src":"© OpenStreetMap contributors (ODbL)","confidence":"osm"}},{"type":"Feature","geometry":{"type":"LineString","coordinates":[[135.12998,34.69421],[135.13111,34.69377]]},"properties":{"layer":"expressway","city":"神戸市","title":"山麓バイパス","detail":"原付（50cc以下）通行禁止の路線としてOSMに登録。","kind":"moped_no","src":"© OpenStreetMap contributors (ODbL)","confidence":"osm"}},{"type":"Feature","geometry":{"type":"LineString","coordinates":[[135.26481,34.70584],[135.26355,34.70609]]},"properties":{"layer":"expressway","city":"神戸市","title":"ハーバーハイウェイ","detail":"高速道路・自動車専用道路。原付一種（50cc以下）は進入禁止。","kind":"motorroad","src":"© OpenStreetMap contributors (ODbL)","confidence":"osm"}},{"type":"Feature","geometry":{"type":"LineString","coordinates":[[135.26755,34.70573],[135.2733,34.70618],[135.27469,34.70658],[135.27648,34.70746],[135.27754,34.7077]]},"properties":{"layer":"expressway","city":"神戸市","title":"ハーバーハイウェイ","detail":"高速道路・自動車専用道路。原付一種（50cc以下）は進入禁止。","kind":"motorroad","src":"© OpenStreetMap contributors (ODbL)","confidence":"osm"}},{"type":"Feature","geometry":{"type":"LineString","coordinates":[[135.00917,34.67848],[135.0065,34.67932]]},"properties":{"layer":"expressway","city":"神戸市","title":"阪神高速7号北神戸線","detail":"高速道路・自動車専用道路。原付一種（50cc以下）は進入禁止。","kind":"motorroad","src":"© OpenStreetMap contributors (ODbL)","confidence":"osm"}},{"type":"Feature","geometry":{"type":"LineString","coordinates":[[135.20295,34.80607],[135.20315,34.80602]]},"properties":{"layer":"expressway","city":"神戸市","title":"阪神高速7号北神戸線北延伸線","detail":"高速道路・自動車専用道路。原付一種（50cc以下）は進入禁止。","kind":"motorroad","src":"© OpenStreetMap contributors (ODbL)","confidence":"osm"}},{"type":"Feature","geometry":{"type":"LineString","coordinates":[[135.20315,34.80602],[135.20338,34.80596]]},"properties":{"layer":"expressway","city":"神戸市","title":"阪神高速7号北神戸線北延伸線","detail":"高速道路・自動車専用道路。原付一種（50cc以下）は進入禁止。","kind":"motorroad","src":"© OpenStreetMap contributors (ODbL)","confidence":"osm"}},{"type":"Feature","geometry":{"type":"LineString","coordinates":[[135.19672,34.70727],[135.19691,34.70704]]},"properties":{"layer":"expressway","city":"神戸市","title":"阪神高速32号新神戸トンネル","detail":"原付（50cc以下）通行禁止の路線としてOSMに登録。","kind":"moped_no","src":"© OpenStreetMap contributors (ODbL)","confidence":"osm"}},{"type":"Feature","geometry":{"type":"LineString","coordinates":[[135.19691,34.70704],[135.1971,34.70663],[135.19677,34.70632]]},"properties":{"layer":"expressway","city":"神戸市","title":"阪神高速32号新神戸トンネル","detail":"原付（50cc以下）通行禁止の路線としてOSMに登録。","kind":"moped_no","src":"© OpenStreetMap contributors (ODbL)","confidence":"osm"}},{"type":"Feature","geometry":{"type":"LineString","coordinates":[[135.19667,34.70733],[135.1967,34.7073]]},"properties":{"layer":"expressway","city":"神戸市","title":"阪神高速32号新神戸トンネル","detail":"原付（50cc以下）通行禁止の路線としてOSMに登録。","kind":"moped_no","src":"© OpenStreetMap contributors (ODbL)","confidence":"osm"}},{"type":"Feature","geometry":{"type":"LineString","coordinates":[[135.30153,34.71148],[135.29777,34.71077],[135.29729,34.71082]]},"properties":{"layer":"expressway","city":"神戸市","title":"5","detail":"高速道路・自動車専用道路。原付一種（50cc以下）は進入禁止。","kind":"motorroad","src":"© OpenStreetMap contributors (ODbL)","confidence":"osm"}},{"type":"Feature","geometry":{"type":"LineString","coordinates":[[135.30023,34.7117],[135.30313,34.71201]]},"properties":{"layer":"expressway","city":"神戸市","title":"5-12","detail":"高速道路・自動車専用道路。原付一種（50cc以下）は進入禁止。","kind":"motorroad","src":"© OpenStreetMap contributors (ODbL)","confidence":"osm"}},{"type":"Feature","geometry":{"type":"LineString","coordinates":[[135.29747,34.71094],[135.29457,34.71053]]},"properties":{"layer":"expressway","city":"神戸市","title":"5","detail":"高速道路・自動車専用道路。原付一種（50cc以下）は進入禁止。","kind":"motorroad","src":"© OpenStreetMap contributors (ODbL)","confidence":"osm"}},{"type":"Feature","geometry":{"type":"LineString","coordinates":[[135.29742,34.71125],[135.29943,34.71153]]},"properties":{"layer":"expressway","city":"神戸市","title":"5","detail":"高速道路・自動車専用道路。原付一種（50cc以下）は進入禁止。","kind":"motorroad","src":"© OpenStreetMap contributors (ODbL)","confidence":"osm"}},{"type":"Feature","geometry":{"type":"LineString","coordinates":[[135.33837,34.71539],[135.34159,34.71432]]},"properties":{"layer":"expressway","city":"西宮市","title":"5","detail":"高速道路・自動車専用道路。原付一種（50cc以下）は進入禁止。","kind":"motorroad","src":"© OpenStreetMap contributors (ODbL)","confidence":"osm"}},{"type":"Feature","geometry":{"type":"LineString","coordinates":[[135.3378,34.71524],[135.3358,34.71585]]},"properties":{"layer":"expressway","city":"西宮市","title":"5","detail":"高速道路・自動車専用道路。原付一種（50cc以下）は進入禁止。","kind":"motorroad","src":"© OpenStreetMap contributors (ODbL)","confidence":"osm"}},{"type":"Feature","geometry":{"type":"LineString","coordinates":[[135.36775,34.69724],[135.36992,34.69694]]},"properties":{"layer":"expressway","city":"西宮市","title":"5","detail":"高速道路・自動車専用道路。原付一種（50cc以下）は進入禁止。","kind":"motorroad","src":"© OpenStreetMap contributors (ODbL)","confidence":"osm"}},{"type":"Feature","geometry":{"type":"LineString","coordinates":[[135.36653,34.69705],[135.36384,34.69739],[135.363,34.69772]]},"properties":{"layer":"expressway","city":"西宮市","title":"5","detail":"高速道路・自動車専用道路。原付一種（50cc以下）は進入禁止。","kind":"motorroad","src":"© OpenStreetMap contributors (ODbL)","confidence":"osm"}},{"type":"Feature","geometry":{"type":"LineString","coordinates":[[135.34696,34.71117],[135.34505,34.71274]]},"properties":{"layer":"expressway","city":"西宮市","title":"自動車専用道路","detail":"高速道路・自動車専用道路。原付一種（50cc以下）は進入禁止。","kind":"motorroad","src":"© OpenStreetMap contributors (ODbL)","confidence":"osm"}},{"type":"Feature","geometry":{"type":"LineString","coordinates":[[135.3479,34.71084],[135.34942,34.70958]]},"properties":{"layer":"expressway","city":"西宮市","title":"自動車専用道路","detail":"高速道路・自動車専用道路。原付一種（50cc以下）は進入禁止。","kind":"motorroad","src":"© OpenStreetMap contributors (ODbL)","confidence":"osm"}},{"type":"Feature","geometry":{"type":"LineString","coordinates":[[135.03814,34.65238],[135.03835,34.65226]]},"properties":{"layer":"expressway","city":"神戸市","title":"第二神明道路","detail":"高速道路・自動車専用道路。原付一種（50cc以下）は進入禁止。","kind":"motorroad","src":"© OpenStreetMap contributors (ODbL)","confidence":"osm"}},{"type":"Feature","geometry":{"type":"LineString","coordinates":[[135.03808,34.6523],[135.0376,34.65259]]},"properties":{"layer":"expressway","city":"神戸市","title":"第二神明道路","detail":"高速道路・自動車専用道路。原付一種（50cc以下）は進入禁止。","kind":"motorroad","src":"© OpenStreetMap contributors (ODbL)","confidence":"osm"}},{"type":"Feature","geometry":{"type":"LineString","coordinates":[[135.0383,34.65218],[135.03808,34.6523]]},"properties":{"layer":"expressway","city":"神戸市","title":"第二神明道路","detail":"高速道路・自動車専用道路。原付一種（50cc以下）は進入禁止。","kind":"motorroad","src":"© OpenStreetMap contributors (ODbL)","confidence":"osm"}},{"type":"Feature","geometry":{"type":"LineString","coordinates":[[135.06875,34.66323],[135.06895,34.66142]]},"properties":{"layer":"expressway","city":"神戸市","title":"自動車専用道路","detail":"高速道路・自動車専用道路。原付一種（50cc以下）は進入禁止。","kind":"motorroad","src":"© OpenStreetMap contributors (ODbL)","confidence":"osm"}},{"type":"Feature","geometry":{"type":"LineString","coordinates":[[135.1976,34.70341],[135.19662,34.70495],[135.19625,34.70526]]},"properties":{"layer":"expressway","city":"神戸市","title":"山麓バイパス","detail":"原付（50cc以下）通行禁止の路線としてOSMに登録。","kind":"moped_no","src":"© OpenStreetMap contributors (ODbL)","confidence":"osm"}},{"type":"Feature","geometry":{"type":"LineString","coordinates":[[135.19921,34.70064],[135.19834,34.70193]]},"properties":{"layer":"expressway","city":"神戸市","title":"山麓バイパス","detail":"原付（50cc以下）通行禁止の路線としてOSMに登録。","kind":"moped_no","src":"© OpenStreetMap contributors (ODbL)","confidence":"osm"}},{"type":"Feature","geometry":{"type":"LineString","coordinates":[[135.19834,34.70193],[135.1976,34.70341]]},"properties":{"layer":"expressway","city":"神戸市","title":"山麓バイパス","detail":"原付（50cc以下）通行禁止の路線としてOSMに登録。","kind":"moped_no","src":"© OpenStreetMap contributors (ODbL)","confidence":"osm"}},{"type":"Feature","geometry":{"type":"LineString","coordinates":[[135.36759,34.80379],[135.36747,34.80354]]},"properties":{"layer":"expressway","city":"宝塚市","title":"自動車専用道路","detail":"高速道路・自動車専用道路。原付一種（50cc以下）は進入禁止。","kind":"motorroad","src":"© OpenStreetMap contributors (ODbL)","confidence":"osm"}},{"type":"Feature","geometry":{"type":"LineString","coordinates":[[135.36736,34.80357],[135.3675,34.80382]]},"properties":{"layer":"expressway","city":"宝塚市","title":"自動車専用道路","detail":"高速道路・自動車専用道路。原付一種（50cc以下）は進入禁止。","kind":"motorroad","src":"© OpenStreetMap contributors (ODbL)","confidence":"osm"}},{"type":"Feature","geometry":{"type":"LineString","coordinates":[[135.2759,34.78119],[135.27607,34.78132]]},"properties":{"layer":"expressway","city":"西宮市","title":"原付通行禁止路線","detail":"原付（50cc以下）通行禁止の路線としてOSMに登録。","kind":"moped_no","src":"© OpenStreetMap contributors (ODbL)","confidence":"osm"}},{"type":"Feature","geometry":{"type":"LineString","coordinates":[[135.10167,34.70382],[135.10055,34.70507]]},"properties":{"layer":"expressway","city":"神戸市","title":"阪神高速31号神戸山手線","detail":"高速道路・自動車専用道路。原付一種（50cc以下）は進入禁止。","kind":"motorroad","src":"© OpenStreetMap contributors (ODbL)","confidence":"osm"}},{"type":"Feature","geometry":{"type":"LineString","coordinates":[[135.15314,34.6555],[135.15392,34.65377],[135.15349,34.65338],[135.15293,34.65357],[135.15262,34.65624]]},"properties":{"layer":"expressway","city":"神戸市","title":"阪神高速31号神戸山手線","detail":"高速道路・自動車専用道路。原付一種（50cc以下）は進入禁止。","kind":"motorroad","src":"© OpenStreetMap contributors (ODbL)","confidence":"osm"}},{"type":"Feature","geometry":{"type":"LineString","coordinates":[[135.15116,34.66053],[135.15139,34.65989]]},"properties":{"layer":"expressway","city":"神戸市","title":"阪神高速31号神戸山手線","detail":"高速道路・自動車専用道路。原付一種（50cc以下）は進入禁止。","kind":"motorroad","src":"© OpenStreetMap contributors (ODbL)","confidence":"osm"}},{"type":"Feature","geometry":{"type":"LineString","coordinates":[[135.06852,34.66289],[135.06868,34.66096]]},"properties":{"layer":"expressway","city":"神戸市","title":"自動車専用道路","detail":"高速道路・自動車専用道路。原付一種（50cc以下）は進入禁止。","kind":"motorroad","src":"© OpenStreetMap contributors (ODbL)","confidence":"osm"}},{"type":"Feature","geometry":{"type":"LineString","coordinates":[[135.06872,34.66323],[135.06875,34.66274]]},"properties":{"layer":"expressway","city":"神戸市","title":"自動車専用道路","detail":"高速道路・自動車専用道路。原付一種（50cc以下）は進入禁止。","kind":"motorroad","src":"© OpenStreetMap contributors (ODbL)","confidence":"osm"}},{"type":"Feature","geometry":{"type":"LineString","coordinates":[[135.06647,34.65799],[135.0658,34.65909]]},"properties":{"layer":"expressway","city":"神戸市","title":"自動車専用道路","detail":"高速道路・自動車専用道路。原付一種（50cc以下）は進入禁止。","kind":"motorroad","src":"© OpenStreetMap contributors (ODbL)","confidence":"osm"}},{"type":"Feature","geometry":{"type":"LineString","coordinates":[[135.21667,34.84977],[135.21854,34.84977]]},"properties":{"layer":"expressway","city":"神戸市","title":"神戸JCT","detail":"高速道路・自動車専用道路。原付一種（50cc以下）は進入禁止。","kind":"motorroad","src":"© OpenStreetMap contributors (ODbL)","confidence":"osm"}},{"type":"Feature","geometry":{"type":"LineString","coordinates":[[135.19638,34.68522],[135.19649,34.68501]]},"properties":{"layer":"expressway","city":"神戸市","title":"自動車専用道路","detail":"高速道路・自動車専用道路。原付一種（50cc以下）は進入禁止。","kind":"motorroad","src":"© OpenStreetMap contributors (ODbL)","confidence":"osm"}},{"type":"Feature","geometry":{"type":"LineString","coordinates":[[135.19646,34.68522],[135.19636,34.68499]]},"properties":{"layer":"expressway","city":"神戸市","title":"自動車専用道路","detail":"高速道路・自動車専用道路。原付一種（50cc以下）は進入禁止。","kind":"motorroad","src":"© OpenStreetMap contributors (ODbL)","confidence":"osm"}},{"type":"Feature","geometry":{"type":"LineString","coordinates":[[135.1963,34.6849],[135.1962,34.68481]]},"properties":{"layer":"expressway","city":"神戸市","title":"3","detail":"高速道路・自動車専用道路。原付一種（50cc以下）は進入禁止。","kind":"motorroad","src":"© OpenStreetMap contributors (ODbL)","confidence":"osm"}},{"type":"Feature","geometry":{"type":"LineString","coordinates":[[135.19636,34.68499],[135.1963,34.6849]]},"properties":{"layer":"expressway","city":"神戸市","title":"3","detail":"高速道路・自動車専用道路。原付一種（50cc以下）は進入禁止。","kind":"motorroad","src":"© OpenStreetMap contributors (ODbL)","confidence":"osm"}},{"type":"Feature","geometry":{"type":"LineString","coordinates":[[135.26755,34.70572],[135.26612,34.70554],[135.26481,34.70584]]},"properties":{"layer":"expressway","city":"神戸市","title":"ハーバーハイウェイ","detail":"高速道路・自動車専用道路。原付一種（50cc以下）は進入禁止。","kind":"motorroad","src":"© OpenStreetMap contributors (ODbL)","confidence":"osm"}},{"type":"Feature","geometry":{"type":"LineString","coordinates":[[135.2652,34.70586],[135.26755,34.70573]]},"properties":{"layer":"expressway","city":"神戸市","title":"ハーバーハイウェイ","detail":"高速道路・自動車専用道路。原付一種（50cc以下）は進入禁止。","kind":"motorroad","src":"© OpenStreetMap contributors (ODbL)","confidence":"osm"}},{"type":"Feature","geometry":{"type":"LineString","coordinates":[[135.23255,34.83374],[135.2323,34.83366]]},"properties":{"layer":"expressway","city":"西宮市","title":"自動車専用道路","detail":"高速道路・自動車専用道路。原付一種（50cc以下）は進入禁止。","kind":"motorroad","src":"© OpenStreetMap contributors (ODbL)","confidence":"osm"}},{"type":"Feature","geometry":{"type":"LineString","coordinates":[[135.14229,34.6648],[135.14351,34.66416]]},"properties":{"layer":"expressway","city":"神戸市","title":"阪神高速31号神戸山手線","detail":"高速道路・自動車専用道路。原付一種（50cc以下）は進入禁止。","kind":"motorroad","src":"© OpenStreetMap contributors (ODbL)","confidence":"osm"}},{"type":"Feature","geometry":{"type":"LineString","coordinates":[[135.15262,34.65624],[135.1525,34.65659]]},"properties":{"layer":"expressway","city":"神戸市","title":"阪神高速31号神戸山手線","detail":"高速道路・自動車専用道路。原付一種（50cc以下）は進入禁止。","kind":"motorroad","src":"© OpenStreetMap contributors (ODbL)","confidence":"osm"}},{"type":"Feature","geometry":{"type":"LineString","coordinates":[[135.20313,34.806],[135.20338,34.80596]]},"properties":{"layer":"expressway","city":"神戸市","title":"阪神高速７号北神戸線北延伸線","detail":"高速道路・自動車専用道路。原付一種（50cc以下）は進入禁止。","kind":"motorroad","src":"© OpenStreetMap contributors (ODbL)","confidence":"osm"}},{"type":"Feature","geometry":{"type":"LineString","coordinates":[[135.19545,34.68541],[135.19528,34.68535]]},"properties":{"layer":"expressway","city":"神戸市","title":"自動車専用道路","detail":"高速道路・自動車専用道路。原付一種（50cc以下）は進入禁止。","kind":"motorroad","src":"© OpenStreetMap contributors (ODbL)","confidence":"osm"}},{"type":"Feature","geometry":{"type":"LineString","coordinates":[[135.08637,34.69754],[135.08826,34.69899]]},"properties":{"layer":"expressway","city":"神戸市","title":"自動車専用道路","detail":"高速道路・自動車専用道路。原付一種（50cc以下）は進入禁止。","kind":"motorroad","src":"© OpenStreetMap contributors (ODbL)","confidence":"osm"}},{"type":"Feature","geometry":{"type":"LineString","coordinates":[[135.09808,34.70706],[135.09837,34.70702]]},"properties":{"layer":"expressway","city":"神戸市","title":"阪神高速31号神戸山手線","detail":"高速道路・自動車専用道路。原付一種（50cc以下）は進入禁止。","kind":"motorroad","src":"© OpenStreetMap contributors (ODbL)","confidence":"osm"}},{"type":"Feature","geometry":{"type":"LineString","coordinates":[[135.09837,34.70702],[135.09866,34.70694]]},"properties":{"layer":"expressway","city":"神戸市","title":"阪神高速31号神戸山手線","detail":"高速道路・自動車専用道路。原付一種（50cc以下）は進入禁止。","kind":"motorroad","src":"© OpenStreetMap contributors (ODbL)","confidence":"osm"}},{"type":"Feature","geometry":{"type":"LineString","coordinates":[[135.11117,34.67555],[135.11067,34.67585]]},"properties":{"layer":"expressway","city":"神戸市","title":"31","detail":"高速道路・自動車専用道路。原付一種（50cc以下）は進入禁止。","kind":"motorroad","src":"© OpenStreetMap contributors (ODbL)","confidence":"osm"}},{"type":"Feature","geometry":{"type":"LineString","coordinates":[[135.11114,34.67584],[135.11165,34.67545]]},"properties":{"layer":"expressway","city":"神戸市","title":"31","detail":"高速道路・自動車専用道路。原付一種（50cc以下）は進入禁止。","kind":"motorroad","src":"© OpenStreetMap contributors (ODbL)","confidence":"osm"}},{"type":"Feature","geometry":{"type":"LineString","coordinates":[[135.22176,34.70282],[135.22251,34.70295]]},"properties":{"layer":"expressway","city":"神戸市","title":"自動車専用道路","detail":"高速道路・自動車専用道路。原付一種（50cc以下）は進入禁止。","kind":"motorroad","src":"© OpenStreetMap contributors (ODbL)","confidence":"osm"}},{"type":"Feature","geometry":{"type":"LineString","coordinates":[[135.24957,34.818],[135.24984,34.81811]]},"properties":{"layer":"expressway","city":"西宮市","title":"自動車専用道路","detail":"高速道路・自動車専用道路。原付一種（50cc以下）は進入禁止。","kind":"motorroad","src":"© OpenStreetMap contributors (ODbL)","confidence":"osm"}},{"type":"Feature","geometry":{"type":"LineString","coordinates":[[135.24733,34.81065],[135.24726,34.8103]]},"properties":{"layer":"expressway","city":"西宮市","title":"阪神高速7号北神戸線","detail":"高速道路・自動車専用道路。原付一種（50cc以下）は進入禁止。","kind":"motorroad","src":"© OpenStreetMap contributors (ODbL)","confidence":"osm"}},{"type":"Feature","geometry":{"type":"LineString","coordinates":[[135.34107,34.81859],[135.33759,34.81941]]},"properties":{"layer":"expressway","city":"宝塚市","title":"中国自動車道","detail":"高速道路・自動車専用道路。原付一種（50cc以下）は進入禁止。","kind":"motorroad","src":"© OpenStreetMap contributors (ODbL)","confidence":"osm"}},{"type":"Feature","geometry":{"type":"LineString","coordinates":[[135.34215,34.81841],[135.34107,34.81859]]},"properties":{"layer":"expressway","city":"宝塚市","title":"中国自動車道","detail":"高速道路・自動車専用道路。原付一種（50cc以下）は進入禁止。","kind":"motorroad","src":"© OpenStreetMap contributors (ODbL)","confidence":"osm"}},{"type":"Feature","geometry":{"type":"LineString","coordinates":[[135.3386,34.81944],[135.34106,34.81883]]},"properties":{"layer":"expressway","city":"宝塚市","title":"中国自動車道","detail":"高速道路・自動車専用道路。原付一種（50cc以下）は進入禁止。","kind":"motorroad","src":"© OpenStreetMap contributors (ODbL)","confidence":"osm"}},{"type":"Feature","geometry":{"type":"LineString","coordinates":[[135.34106,34.81883],[135.34217,34.81862]]},"properties":{"layer":"expressway","city":"宝塚市","title":"中国自動車道","detail":"高速道路・自動車専用道路。原付一種（50cc以下）は進入禁止。","kind":"motorroad","src":"© OpenStreetMap contributors (ODbL)","confidence":"osm"}},{"type":"Feature","geometry":{"type":"LineString","coordinates":[[135.1519,34.65962],[135.15183,34.65961]]},"properties":{"layer":"expressway","city":"神戸市","title":"31","detail":"高速道路・自動車専用道路。原付一種（50cc以下）は進入禁止。","kind":"motorroad","src":"© OpenStreetMap contributors (ODbL)","confidence":"osm"}},{"type":"Feature","geometry":{"type":"LineString","coordinates":[[135.06856,34.6647],[135.06872,34.66323]]},"properties":{"layer":"expressway","city":"神戸市","title":"自動車専用道路","detail":"高速道路・自動車専用道路。原付一種（50cc以下）は進入禁止。","kind":"motorroad","src":"© OpenStreetMap contributors (ODbL)","confidence":"osm"}},{"type":"Feature","geometry":{"type":"LineString","coordinates":[[135.05143,34.64748],[135.05159,34.6475]]},"properties":{"layer":"expressway","city":"神戸市","title":"自動車専用道路","detail":"高速道路・自動車専用道路。原付一種（50cc以下）は進入禁止。","kind":"motorroad","src":"© OpenStreetMap contributors (ODbL)","confidence":"osm"}},{"type":"Feature","geometry":{"type":"LineString","coordinates":[[135.05155,34.64744],[135.05135,34.6474]]},"properties":{"layer":"expressway","city":"神戸市","title":"自動車専用道路","detail":"高速道路・自動車専用道路。原付一種（50cc以下）は進入禁止。","kind":"motorroad","src":"© OpenStreetMap contributors (ODbL)","confidence":"osm"}},{"type":"Feature","geometry":{"type":"LineString","coordinates":[[135.0155,34.67754],[135.01639,34.67829]]},"properties":{"layer":"expressway","city":"神戸市","title":"阪神高速7号北神戸線","detail":"高速道路・自動車専用道路。原付一種（50cc以下）は進入禁止。","kind":"motorroad","src":"© OpenStreetMap contributors (ODbL)","confidence":"osm"}},{"type":"Feature","geometry":{"type":"LineString","coordinates":[[135.01711,34.67928],[135.0165,34.67826]]},"properties":{"layer":"expressway","city":"神戸市","title":"阪神高速7号北神戸線","detail":"高速道路・自動車専用道路。原付一種（50cc以下）は進入禁止。","kind":"motorroad","src":"© OpenStreetMap contributors (ODbL)","confidence":"osm"}},{"type":"Feature","geometry":{"type":"LineString","coordinates":[[135.22819,34.842],[135.23033,34.84035]]},"properties":{"layer":"expressway","city":"神戸市","title":"神戸JCT","detail":"高速道路・自動車専用道路。原付一種（50cc以下）は進入禁止。","kind":"motorroad","src":"© OpenStreetMap contributors (ODbL)","confidence":"osm"}},{"type":"Feature","geometry":{"type":"LineString","coordinates":[[135.23022,34.84024],[135.22814,34.84169]]},"properties":{"layer":"expressway","city":"神戸市","title":"神戸JCT","detail":"高速道路・自動車専用道路。原付一種（50cc以下）は進入禁止。","kind":"motorroad","src":"© OpenStreetMap contributors (ODbL)","confidence":"osm"}},{"type":"Feature","geometry":{"type":"LineString","coordinates":[[135.22702,34.84328],[135.22819,34.842]]},"properties":{"layer":"expressway","city":"神戸市","title":"神戸JCT","detail":"高速道路・自動車専用道路。原付一種（50cc以下）は進入禁止。","kind":"motorroad","src":"© OpenStreetMap contributors (ODbL)","confidence":"osm"}},{"type":"Feature","geometry":{"type":"LineString","coordinates":[[135.22814,34.84169],[135.22678,34.84312]]},"properties":{"layer":"expressway","city":"神戸市","title":"神戸JCT","detail":"高速道路・自動車専用道路。原付一種（50cc以下）は進入禁止。","kind":"motorroad","src":"© OpenStreetMap contributors (ODbL)","confidence":"osm"}},{"type":"Feature","geometry":{"type":"LineString","coordinates":[[135.36715,34.80134],[135.36672,34.80214]]},"properties":{"layer":"expressway","city":"宝塚市","title":"自動車専用道路","detail":"高速道路・自動車専用道路。原付一種（50cc以下）は進入禁止。","kind":"motorroad","src":"© OpenStreetMap contributors (ODbL)","confidence":"osm"}},{"type":"Feature","geometry":{"type":"LineString","coordinates":[[135.36716,34.80301],[135.36688,34.80241],[135.36692,34.80196],[135.36801,34.80082]]},"properties":{"layer":"expressway","city":"宝塚市","title":"自動車専用道路","detail":"高速道路・自動車専用道路。原付一種（50cc以下）は進入禁止。","kind":"motorroad","src":"© OpenStreetMap contributors (ODbL)","confidence":"osm"}},{"type":"Feature","geometry":{"type":"LineString","coordinates":[[135.23121,34.83987],[135.23304,34.83925]]},"properties":{"layer":"expressway","city":"神戸市","title":"自動車専用道路","detail":"高速道路・自動車専用道路。原付一種（50cc以下）は進入禁止。","kind":"motorroad","src":"© OpenStreetMap contributors (ODbL)","confidence":"osm"}},{"type":"Feature","geometry":{"type":"LineString","coordinates":[[135.23851,34.83801],[135.23683,34.83804]]},"properties":{"layer":"expressway","city":"西宮市","title":"自動車専用道路","detail":"高速道路・自動車専用道路。原付一種（50cc以下）は進入禁止。","kind":"motorroad","src":"© OpenStreetMap contributors (ODbL)","confidence":"osm"}},{"type":"Feature","geometry":{"type":"LineString","coordinates":[[134.97751,34.68634],[134.97796,34.68616]]},"properties":{"layer":"expressway","city":"神戸市","title":"自動車専用道路","detail":"高速道路・自動車専用道路。原付一種（50cc以下）は進入禁止。","kind":"motorroad","src":"© OpenStreetMap contributors (ODbL)","confidence":"osm"}},{"type":"Feature","geometry":{"type":"LineString","coordinates":[[134.99373,34.68281],[134.99466,34.68266]]},"properties":{"layer":"expressway","city":"神戸市","title":"第二神明道路","detail":"高速道路・自動車専用道路。原付一種（50cc以下）は進入禁止。","kind":"motorroad","src":"© OpenStreetMap contributors (ODbL)","confidence":"osm"}},{"type":"Feature","geometry":{"type":"LineString","coordinates":[[134.99461,34.68258],[134.99371,34.68273]]},"properties":{"layer":"expressway","city":"神戸市","title":"第二神明道路","detail":"高速道路・自動車専用道路。原付一種（50cc以下）は進入禁止。","kind":"motorroad","src":"© OpenStreetMap contributors (ODbL)","confidence":"osm"}},{"type":"Feature","geometry":{"type":"LineString","coordinates":[[134.99466,34.68266],[134.99489,34.68261]]},"properties":{"layer":"expressway","city":"神戸市","title":"第二神明道路","detail":"高速道路・自動車専用道路。原付一種（50cc以下）は進入禁止。","kind":"motorroad","src":"© OpenStreetMap contributors (ODbL)","confidence":"osm"}},{"type":"Feature","geometry":{"type":"LineString","coordinates":[[134.99484,34.68253],[134.99461,34.68258]]},"properties":{"layer":"expressway","city":"神戸市","title":"第二神明道路","detail":"高速道路・自動車専用道路。原付一種（50cc以下）は進入禁止。","kind":"motorroad","src":"© OpenStreetMap contributors (ODbL)","confidence":"osm"}},{"type":"Feature","geometry":{"type":"LineString","coordinates":[[135.33505,34.82084],[135.33527,34.82074]]},"properties":{"layer":"expressway","city":"宝塚市","title":"中国自動車道","detail":"高速道路・自動車専用道路。原付一種（50cc以下）は進入禁止。","kind":"motorroad","src":"© OpenStreetMap contributors (ODbL)","confidence":"osm"}},{"type":"Feature","geometry":{"type":"LineString","coordinates":[[135.33522,34.82035],[135.3349,34.8205]]},"properties":{"layer":"expressway","city":"宝塚市","title":"中国自動車道","detail":"高速道路・自動車専用道路。原付一種（50cc以下）は進入禁止。","kind":"motorroad","src":"© OpenStreetMap contributors (ODbL)","confidence":"osm"}},{"type":"Feature","geometry":{"type":"LineString","coordinates":[[135.0853,34.73298],[135.08527,34.73055]]},"properties":{"layer":"expressway","city":"神戸市","title":"山陽自動車道木見支線","detail":"高速道路・自動車専用道路。原付一種（50cc以下）は進入禁止。","kind":"motorroad","src":"© OpenStreetMap contributors (ODbL)","confidence":"osm"}},{"type":"Feature","geometry":{"type":"LineString","coordinates":[[135.08534,34.73327],[135.0853,34.73298]]},"properties":{"layer":"expressway","city":"神戸市","title":"山陽自動車道木見支線","detail":"高速道路・自動車専用道路。原付一種（50cc以下）は進入禁止。","kind":"motorroad","src":"© OpenStreetMap contributors (ODbL)","confidence":"osm"}},{"type":"Feature","geometry":{"type":"LineString","coordinates":[[135.08556,34.72822],[135.08517,34.73002]]},"properties":{"layer":"expressway","city":"神戸市","title":"神戸淡路鳴門自動車道;西神道路","detail":"高速道路・自動車専用道路。原付一種（50cc以下）は進入禁止。","kind":"motorroad","src":"© OpenStreetMap contributors (ODbL)","confidence":"osm"}},{"type":"Feature","geometry":{"type":"LineString","coordinates":[[135.08517,34.733],[135.08521,34.73329]]},"properties":{"layer":"expressway","city":"神戸市","title":"山陽自動車道木見支線","detail":"高速道路・自動車専用道路。原付一種（50cc以下）は進入禁止。","kind":"motorroad","src":"© OpenStreetMap contributors (ODbL)","confidence":"osm"}},{"type":"Feature","geometry":{"type":"LineString","coordinates":[[135.07939,34.70045],[135.07821,34.6992]]},"properties":{"layer":"expressway","city":"神戸市","title":"神戸淡路鳴門自動車道;西神道路","detail":"高速道路・自動車専用道路。原付一種（50cc以下）は進入禁止。","kind":"motorroad","src":"© OpenStreetMap contributors (ODbL)","confidence":"osm"}},{"type":"Feature","geometry":{"type":"LineString","coordinates":[[135.07809,34.69928],[135.0792,34.70056]]},"properties":{"layer":"expressway","city":"神戸市","title":"神戸淡路鳴門自動車道;西神道路","detail":"高速道路・自動車専用道路。原付一種（50cc以下）は進入禁止。","kind":"motorroad","src":"© OpenStreetMap contributors (ODbL)","confidence":"osm"}},{"type":"Feature","geometry":{"type":"LineString","coordinates":[[135.19165,34.87884],[135.19191,34.87861]]},"properties":{"layer":"expressway","city":"神戸市","title":"中国自動車道","detail":"高速道路・自動車専用道路。原付一種（50cc以下）は進入禁止。","kind":"motorroad","src":"© OpenStreetMap contributors (ODbL)","confidence":"osm"}},{"type":"Feature","geometry":{"type":"LineString","coordinates":[[135.19494,34.87521],[135.19339,34.87704],[135.19185,34.87848]]},"properties":{"layer":"expressway","city":"神戸市","title":"中国自動車道","detail":"高速道路・自動車専用道路。原付一種（50cc以下）は進入禁止。","kind":"motorroad","src":"© OpenStreetMap contributors (ODbL)","confidence":"osm"}},{"type":"Feature","geometry":{"type":"LineString","coordinates":[[135.19185,34.87848],[135.19157,34.87871]]},"properties":{"layer":"expressway","city":"神戸市","title":"中国自動車道","detail":"高速道路・自動車専用道路。原付一種（50cc以下）は進入禁止。","kind":"motorroad","src":"© OpenStreetMap contributors (ODbL)","confidence":"osm"}},{"type":"Feature","geometry":{"type":"LineString","coordinates":[[135.07865,34.64886],[135.07709,34.64811]]},"properties":{"layer":"expressway","city":"神戸市","title":"自動車専用道路","detail":"高速道路・自動車専用道路。原付一種（50cc以下）は進入禁止。","kind":"motorroad","src":"© OpenStreetMap contributors (ODbL)","confidence":"osm"}},{"type":"Feature","geometry":{"type":"LineString","coordinates":[[135.07889,34.64899],[135.07865,34.64886]]},"properties":{"layer":"expressway","city":"神戸市","title":"自動車専用道路","detail":"高速道路・自動車専用道路。原付一種（50cc以下）は進入禁止。","kind":"motorroad","src":"© OpenStreetMap contributors (ODbL)","confidence":"osm"}},{"type":"Feature","geometry":{"type":"LineString","coordinates":[[135.07901,34.64904],[135.07888,34.649]]},"properties":{"layer":"expressway","city":"神戸市","title":"自動車専用道路","detail":"高速道路・自動車専用道路。原付一種（50cc以下）は進入禁止。","kind":"motorroad","src":"© OpenStreetMap contributors (ODbL)","confidence":"osm"}},{"type":"Feature","geometry":{"type":"LineString","coordinates":[[135.07888,34.649],[135.07864,34.64891]]},"properties":{"layer":"expressway","city":"神戸市","title":"自動車専用道路","detail":"高速道路・自動車専用道路。原付一種（50cc以下）は進入禁止。","kind":"motorroad","src":"© OpenStreetMap contributors (ODbL)","confidence":"osm"}},{"type":"Feature","geometry":{"type":"LineString","coordinates":[[135.08227,34.64979],[135.08055,34.64958],[135.07886,34.64913]]},"properties":{"layer":"expressway","city":"神戸市","title":"第二神明道路","detail":"高速道路・自動車専用道路。原付一種（50cc以下）は進入禁止。","kind":"motorroad","src":"© OpenStreetMap contributors (ODbL)","confidence":"osm"}},{"type":"Feature","geometry":{"type":"LineString","coordinates":[[135.07886,34.64913],[135.0786,34.64902]]},"properties":{"layer":"expressway","city":"神戸市","title":"第二神明道路","detail":"高速道路・自動車専用道路。原付一種（50cc以下）は進入禁止。","kind":"motorroad","src":"© OpenStreetMap contributors (ODbL)","confidence":"osm"}},{"type":"Feature","geometry":{"type":"LineString","coordinates":[[135.07855,34.64912],[135.07882,34.64922]]},"properties":{"layer":"expressway","city":"神戸市","title":"第二神明道路","detail":"高速道路・自動車専用道路。原付一種（50cc以下）は進入禁止。","kind":"motorroad","src":"© OpenStreetMap contributors (ODbL)","confidence":"osm"}},{"type":"Feature","geometry":{"type":"LineString","coordinates":[[135.07879,34.6493],[135.08117,34.64979]]},"properties":{"layer":"expressway","city":"神戸市","title":"自動車専用道路","detail":"高速道路・自動車専用道路。原付一種（50cc以下）は進入禁止。","kind":"motorroad","src":"© OpenStreetMap contributors (ODbL)","confidence":"osm"}},{"type":"Feature","geometry":{"type":"LineString","coordinates":[[135.07851,34.6492],[135.07879,34.6493]]},"properties":{"layer":"expressway","city":"神戸市","title":"自動車専用道路","detail":"高速道路・自動車専用道路。原付一種（50cc以下）は進入禁止。","kind":"motorroad","src":"© OpenStreetMap contributors (ODbL)","confidence":"osm"}},{"type":"Feature","geometry":{"type":"LineString","coordinates":[[135.36734,34.80334],[135.36716,34.80301]]},"properties":{"layer":"expressway","city":"宝塚市","title":"自動車専用道路","detail":"高速道路・自動車専用道路。原付一種（50cc以下）は進入禁止。","kind":"motorroad","src":"© OpenStreetMap contributors (ODbL)","confidence":"osm"}},{"type":"Feature","geometry":{"type":"LineString","coordinates":[[135.10727,34.71313],[135.10795,34.71425]]},"properties":{"layer":"expressway","city":"神戸市","title":"自動車専用道路","detail":"高速道路・自動車専用道路。原付一種（50cc以下）は進入禁止。","kind":"motorroad","src":"© OpenStreetMap contributors (ODbL)","confidence":"osm"}},{"type":"Feature","geometry":{"type":"LineString","coordinates":[[135.10899,34.71476],[135.10946,34.71504]]},"properties":{"layer":"expressway","city":"神戸市","title":"自動車専用道路","detail":"高速道路・自動車専用道路。原付一種（50cc以下）は進入禁止。","kind":"motorroad","src":"© OpenStreetMap contributors (ODbL)","confidence":"osm"}},{"type":"Feature","geometry":{"type":"LineString","coordinates":[[135.11094,34.71617],[135.1107,34.71575]]},"properties":{"layer":"expressway","city":"神戸市","title":"阪神高速7号北神戸線","detail":"高速道路・自動車専用道路。原付一種（50cc以下）は進入禁止。","kind":"motorroad","src":"© OpenStreetMap contributors (ODbL)","confidence":"osm"}},{"type":"Feature","geometry":{"type":"LineString","coordinates":[[135.11052,34.71583],[135.11098,34.71645]]},"properties":{"layer":"expressway","city":"神戸市","title":"阪神高速7号北神戸線","detail":"高速道路・自動車専用道路。原付一種（50cc以下）は進入禁止。","kind":"motorroad","src":"© OpenStreetMap contributors (ODbL)","confidence":"osm"}},{"type":"Feature","geometry":{"type":"LineString","coordinates":[[135.10989,34.71428],[135.10976,34.714]]},"properties":{"layer":"expressway","city":"神戸市","title":"自動車専用道路","detail":"高速道路・自動車専用道路。原付一種（50cc以下）は進入禁止。","kind":"motorroad","src":"© OpenStreetMap contributors (ODbL)","confidence":"osm"}},{"type":"Feature","geometry":{"type":"LineString","coordinates":[[135.36709,34.80303],[135.36727,34.80336]]},"properties":{"layer":"expressway","city":"宝塚市","title":"自動車専用道路","detail":"高速道路・自動車専用道路。原付一種（50cc以下）は進入禁止。","kind":"motorroad","src":"© OpenStreetMap contributors (ODbL)","confidence":"osm"}},{"type":"Feature","geometry":{"type":"LineString","coordinates":[[135.36821,34.80044],[135.36715,34.80134]]},"properties":{"layer":"expressway","city":"宝塚市","title":"自動車専用道路","detail":"高速道路・自動車専用道路。原付一種（50cc以下）は進入禁止。","kind":"motorroad","src":"© OpenStreetMap contributors (ODbL)","confidence":"osm"}},{"type":"Feature","geometry":{"type":"LineString","coordinates":[[135.36672,34.80214],[135.36709,34.80303]]},"properties":{"layer":"expressway","city":"宝塚市","title":"自動車専用道路","detail":"高速道路・自動車専用道路。原付一種（50cc以下）は進入禁止。","kind":"motorroad","src":"© OpenStreetMap contributors (ODbL)","confidence":"osm"}},{"type":"Feature","geometry":{"type":"LineString","coordinates":[[135.19088,34.88002],[135.19007,34.88125],[135.18886,34.88129],[135.18841,34.88159]]},"properties":{"layer":"expressway","city":"神戸市","title":"自動車専用道路","detail":"高速道路・自動車専用道路。原付一種（50cc以下）は進入禁止。","kind":"motorroad","src":"© OpenStreetMap contributors (ODbL)","confidence":"osm"}},{"type":"Feature","geometry":{"type":"LineString","coordinates":[[135.18834,34.88187],[135.18897,34.88144],[135.18993,34.88195]]},"properties":{"layer":"expressway","city":"神戸市","title":"自動車専用道路","detail":"高速道路・自動車専用道路。原付一種（50cc以下）は進入禁止。","kind":"motorroad","src":"© OpenStreetMap contributors (ODbL)","confidence":"osm"}},{"type":"Feature","geometry":{"type":"LineString","coordinates":[[135.18397,34.8833],[135.18238,34.88375]]},"properties":{"layer":"expressway","city":"神戸市","title":"中国自動車道","detail":"高速道路・自動車専用道路。原付一種（50cc以下）は進入禁止。","kind":"motorroad","src":"© OpenStreetMap contributors (ODbL)","confidence":"osm"}},{"type":"Feature","geometry":{"type":"LineString","coordinates":[[135.1824,34.88388],[135.18347,34.8836]]},"properties":{"layer":"expressway","city":"神戸市","title":"中国自動車道","detail":"高速道路・自動車専用道路。原付一種（50cc以下）は進入禁止。","kind":"motorroad","src":"© OpenStreetMap contributors (ODbL)","confidence":"osm"}},{"type":"Feature","geometry":{"type":"LineString","coordinates":[[135.15004,34.65718],[135.14847,34.65632],[135.13645,34.6485]]},"properties":{"layer":"expressway","city":"神戸市","title":"阪神高速3号神戸線","detail":"高速道路・自動車専用道路。原付一種（50cc以下）は進入禁止。","kind":"motorroad","src":"© OpenStreetMap contributors (ODbL)","confidence":"osm"}},{"type":"Feature","geometry":{"type":"LineString","coordinates":[[135.1364,34.64856],[135.1484,34.65639],[135.14999,34.65724]]},"properties":{"layer":"expressway","city":"神戸市","title":"阪神高速3号神戸線","detail":"高速道路・自動車専用道路。原付一種（50cc以下）は進入禁止。","kind":"motorroad","src":"© OpenStreetMap contributors (ODbL)","confidence":"osm"}},{"type":"Feature","geometry":{"type":"LineString","coordinates":[[135.16595,34.69936],[135.16661,34.69958]]},"properties":{"layer":"expressway","city":"神戸市","title":"山麓バイパス","detail":"原付（50cc以下）通行禁止の路線としてOSMに登録。","kind":"moped_no","src":"© OpenStreetMap contributors (ODbL)","confidence":"osm"}},{"type":"Feature","geometry":{"type":"LineString","coordinates":[[135.16496,34.69907],[135.16458,34.69901]]},"properties":{"layer":"expressway","city":"神戸市","title":"山麓バイパス","detail":"原付（50cc以下）通行禁止の路線としてOSMに登録。","kind":"moped_no","src":"© OpenStreetMap contributors (ODbL)","confidence":"osm"}},{"type":"Feature","geometry":{"type":"LineString","coordinates":[[135.0844,34.69641],[135.0804,34.69453]]},"properties":{"layer":"expressway","city":"神戸市","title":"阪神高速7号北神戸線","detail":"高速道路・自動車専用道路。原付一種（50cc以下）は進入禁止。","kind":"motorroad","src":"© OpenStreetMap contributors (ODbL)","confidence":"osm"}},{"type":"Feature","geometry":{"type":"LineString","coordinates":[[135.08091,34.69482],[135.08435,34.69649]]},"properties":{"layer":"expressway","city":"神戸市","title":"阪神高速7号北神戸線","detail":"高速道路・自動車専用道路。原付一種（50cc以下）は進入禁止。","kind":"motorroad","src":"© OpenStreetMap contributors (ODbL)","confidence":"osm"}},{"type":"Feature","geometry":{"type":"LineString","coordinates":[[135.01701,34.67932],[135.01751,34.68015]]},"properties":{"layer":"expressway","city":"神戸市","title":"阪神高速7号北神戸線","detail":"高速道路・自動車専用道路。原付一種（50cc以下）は進入禁止。","kind":"motorroad","src":"© OpenStreetMap contributors (ODbL)","confidence":"osm"}},{"type":"Feature","geometry":{"type":"LineString","coordinates":[[135.01759,34.6801],[135.01711,34.67928]]},"properties":{"layer":"expressway","city":"神戸市","title":"阪神高速7号北神戸線","detail":"高速道路・自動車専用道路。原付一種（50cc以下）は進入禁止。","kind":"motorroad","src":"© OpenStreetMap contributors (ODbL)","confidence":"osm"}},{"type":"Feature","geometry":{"type":"LineString","coordinates":[[135.066,34.66098],[135.06742,34.66247]]},"properties":{"layer":"expressway","city":"神戸市","title":"自動車専用道路","detail":"高速道路・自動車専用道路。原付一種（50cc以下）は進入禁止。","kind":"motorroad","src":"© OpenStreetMap contributors (ODbL)","confidence":"osm"}},{"type":"Feature","geometry":{"type":"LineString","coordinates":[[135.06822,34.65969],[135.06787,34.6585]]},"properties":{"layer":"expressway","city":"神戸市","title":"阪神高速5号湾岸線","detail":"高速道路・自動車専用道路。原付一種（50cc以下）は進入禁止。","kind":"motorroad","src":"© OpenStreetMap contributors (ODbL)","confidence":"osm"}},{"type":"Feature","geometry":{"type":"LineString","coordinates":[[135.06767,34.65826],[135.06811,34.65971]]},"properties":{"layer":"expressway","city":"神戸市","title":"阪神高速5号湾岸線","detail":"高速道路・自動車専用道路。原付一種（50cc以下）は進入禁止。","kind":"motorroad","src":"© OpenStreetMap contributors (ODbL)","confidence":"osm"}},{"type":"Feature","geometry":{"type":"LineString","coordinates":[[135.06916,34.65183],[135.07019,34.65095],[135.07144,34.65027]]},"properties":{"layer":"expressway","city":"神戸市","title":"阪神高速5号湾岸線","detail":"高速道路・自動車専用道路。原付一種（50cc以下）は進入禁止。","kind":"motorroad","src":"© OpenStreetMap contributors (ODbL)","confidence":"osm"}},{"type":"Feature","geometry":{"type":"LineString","coordinates":[[135.08552,34.72798],[135.08454,34.72792],[135.08396,34.72829]]},"properties":{"layer":"expressway","city":"神戸市","title":"自動車専用道路","detail":"高速道路・自動車専用道路。原付一種（50cc以下）は進入禁止。","kind":"motorroad","src":"© OpenStreetMap contributors (ODbL)","confidence":"osm"}},{"type":"Feature","geometry":{"type":"LineString","coordinates":[[135.08403,34.72852],[135.08438,34.72802],[135.08549,34.72803]]},"properties":{"layer":"expressway","city":"神戸市","title":"自動車専用道路","detail":"高速道路・自動車専用道路。原付一種（50cc以下）は進入禁止。","kind":"motorroad","src":"© OpenStreetMap contributors (ODbL)","confidence":"osm"}},{"type":"Feature","geometry":{"type":"LineString","coordinates":[[135.08725,34.72463],[135.08603,34.7269]]},"properties":{"layer":"expressway","city":"神戸市","title":"神戸淡路鳴門自動車道;西神道路","detail":"高速道路・自動車専用道路。原付一種（50cc以下）は進入禁止。","kind":"motorroad","src":"© OpenStreetMap contributors (ODbL)","confidence":"osm"}},{"type":"Feature","geometry":{"type":"LineString","coordinates":[[135.18811,34.88227],[135.18834,34.88187]]},"properties":{"layer":"expressway","city":"神戸市","title":"自動車専用道路","detail":"高速道路・自動車専用道路。原付一種（50cc以下）は進入禁止。","kind":"motorroad","src":"© OpenStreetMap contributors (ODbL)","confidence":"osm"}},{"type":"Feature","geometry":{"type":"LineString","coordinates":[[135.18841,34.88159],[135.18799,34.88223]]},"properties":{"layer":"expressway","city":"神戸市","title":"自動車専用道路","detail":"高速道路・自動車専用道路。原付一種（50cc以下）は進入禁止。","kind":"motorroad","src":"© OpenStreetMap contributors (ODbL)","confidence":"osm"}},{"type":"Feature","geometry":{"type":"LineString","coordinates":[[135.1993,34.80784],[135.2001,34.80723]]},"properties":{"layer":"expressway","city":"神戸市","title":"阪神高速7号北神戸線北延伸線","detail":"高速道路・自動車専用道路。原付一種（50cc以下）は進入禁止。","kind":"motorroad","src":"© OpenStreetMap contributors (ODbL)","confidence":"osm"}},{"type":"Feature","geometry":{"type":"LineString","coordinates":[[135.35884,34.73196],[135.35754,34.72883],[135.35673,34.72778]]},"properties":{"layer":"expressway","city":"西宮市","title":"名神高速道路","detail":"高速道路・自動車専用道路。原付一種（50cc以下）は進入禁止。","kind":"motorroad","src":"© OpenStreetMap contributors (ODbL)","confidence":"osm"}},{"type":"Feature","geometry":{"type":"LineString","coordinates":[[135.35954,34.73512],[135.35945,34.7336],[135.35884,34.73196]]},"properties":{"layer":"expressway","city":"西宮市","title":"名神高速道路","detail":"高速道路・自動車専用道路。原付一種（50cc以下）は進入禁止。","kind":"motorroad","src":"© OpenStreetMap contributors (ODbL)","confidence":"osm"}},{"type":"Feature","geometry":{"type":"LineString","coordinates":[[135.35959,34.73802],[135.35954,34.73512]]},"properties":{"layer":"expressway","city":"西宮市","title":"名神高速道路","detail":"高速道路・自動車専用道路。原付一種（50cc以下）は進入禁止。","kind":"motorroad","src":"© OpenStreetMap contributors (ODbL)","confidence":"osm"}},{"type":"Feature","geometry":{"type":"LineString","coordinates":[[135.4075,34.74206],[135.37406,34.74493]]},"properties":{"layer":"expressway","city":"西宮市","title":"名神高速道路","detail":"高速道路・自動車専用道路。原付一種（50cc以下）は進入禁止。","kind":"motorroad","src":"© OpenStreetMap contributors (ODbL)","confidence":"osm"}},{"type":"Feature","geometry":{"type":"LineString","coordinates":[[135.37269,34.7451],[135.40749,34.74214]]},"properties":{"layer":"expressway","city":"西宮市","title":"名神高速道路","detail":"高速道路・自動車専用道路。原付一種（50cc以下）は進入禁止。","kind":"motorroad","src":"© OpenStreetMap contributors (ODbL)","confidence":"osm"}},{"type":"Feature","geometry":{"type":"LineString","coordinates":[[135.35664,34.72783],[135.35744,34.72887],[135.35939,34.73409]]},"properties":{"layer":"expressway","city":"西宮市","title":"名神高速道路","detail":"高速道路・自動車専用道路。原付一種（50cc以下）は進入禁止。","kind":"motorroad","src":"© OpenStreetMap contributors (ODbL)","confidence":"osm"}},{"type":"Feature","geometry":{"type":"LineString","coordinates":[[135.3814,34.71669],[135.37482,34.71791],[135.37042,34.71898],[135.36055,34.72296],[135.35874,34.72396],[135.34713,34.7319],[135.34457,34.73304],[135.34301,34.73332],[135.33285,34.73389],[135.32681,34.73338],[135.3244,34.73286]]},"properties":{"layer":"expressway","city":"西宮市","title":"阪神高速3号神戸線","detail":"高速道路・自動車専用道路。原付一種（50cc以下）は進入禁止。","kind":"motorroad","src":"© OpenStreetMap contributors (ODbL)","confidence":"osm"}},{"type":"Feature","geometry":{"type":"LineString","coordinates":[[135.07862,34.80514],[135.07958,34.80385]]},"properties":{"layer":"expressway","city":"神戸市","title":"山陽自動車道木見支線","detail":"高速道路・自動車専用道路。原付一種（50cc以下）は進入禁止。","kind":"motorroad","src":"© OpenStreetMap contributors (ODbL)","confidence":"osm"}},{"type":"Feature","geometry":{"type":"LineString","coordinates":[[135.07761,34.80645],[135.07724,34.80716]]},"properties":{"layer":"expressway","city":"神戸市","title":"山陽自動車道木見支線","detail":"高速道路・自動車専用道路。原付一種（50cc以下）は進入禁止。","kind":"motorroad","src":"© OpenStreetMap contributors (ODbL)","confidence":"osm"}},{"type":"Feature","geometry":{"type":"LineString","coordinates":[[135.27377,34.70376],[135.27336,34.69826]]},"properties":{"layer":"expressway","city":"神戸市","title":"阪神高速5号湾岸線","detail":"高速道路・自動車専用道路。原付一種（50cc以下）は進入禁止。","kind":"motorroad","src":"© OpenStreetMap contributors (ODbL)","confidence":"osm"}},{"type":"Feature","geometry":{"type":"LineString","coordinates":[[135.30015,34.71139],[135.29457,34.71053]]},"properties":{"layer":"expressway","city":"神戸市","title":"阪神高速5号湾岸線","detail":"高速道路・自動車専用道路。原付一種（50cc以下）は進入禁止。","kind":"motorroad","src":"© OpenStreetMap contributors (ODbL)","confidence":"osm"}},{"type":"Feature","geometry":{"type":"LineString","coordinates":[[135.27325,34.69827],[135.27356,34.70159]]},"properties":{"layer":"expressway","city":"神戸市","title":"阪神高速5号湾岸線","detail":"高速道路・自動車専用道路。原付一種（50cc以下）は進入禁止。","kind":"motorroad","src":"© OpenStreetMap contributors (ODbL)","confidence":"osm"}},{"type":"Feature","geometry":{"type":"LineString","coordinates":[[135.23536,34.83627],[135.23525,34.83584]]},"properties":{"layer":"expressway","city":"西宮市","title":"自動車専用道路","detail":"高速道路・自動車専用道路。原付一種（50cc以下）は進入禁止。","kind":"motorroad","src":"© OpenStreetMap contributors (ODbL)","confidence":"osm"}},{"type":"Feature","geometry":{"type":"LineString","coordinates":[[135.23468,34.83636],[135.23482,34.83685]]},"properties":{"layer":"expressway","city":"西宮市","title":"自動車専用道路","detail":"高速道路・自動車専用道路。原付一種（50cc以下）は進入禁止。","kind":"motorroad","src":"© OpenStreetMap contributors (ODbL)","confidence":"osm"}},{"type":"Feature","geometry":{"type":"LineString","coordinates":[[135.35598,34.72712],[135.35579,34.7268]]},"properties":{"layer":"expressway","city":"西宮市","title":"名神高速道路","detail":"高速道路・自動車専用道路。原付一種（50cc以下）は進入禁止。","kind":"motorroad","src":"© OpenStreetMap contributors (ODbL)","confidence":"osm"}},{"type":"Feature","geometry":{"type":"LineString","coordinates":[[135.32966,34.73372],[135.33355,34.73397],[135.34417,34.73323],[135.34549,34.73281],[135.3472,34.73198],[135.35261,34.72828]]},"properties":{"layer":"expressway","city":"西宮市","title":"阪神高速3号神戸線","detail":"高速道路・自動車専用道路。原付一種（50cc以下）は進入禁止。","kind":"motorroad","src":"© OpenStreetMap contributors (ODbL)","confidence":"osm"}},{"type":"Feature","geometry":{"type":"LineString","coordinates":[[135.3244,34.73286],[135.32262,34.73239]]},"properties":{"layer":"expressway","city":"西宮市","title":"阪神高速3号神戸線","detail":"高速道路・自動車専用道路。原付一種（50cc以下）は進入禁止。","kind":"motorroad","src":"© OpenStreetMap contributors (ODbL)","confidence":"osm"}},{"type":"Feature","geometry":{"type":"LineString","coordinates":[[135.28481,34.71739],[135.29108,34.72067]]},"properties":{"layer":"expressway","city":"神戸市","title":"阪神高速3号神戸線","detail":"高速道路・自動車専用道路。原付一種（50cc以下）は進入禁止。","kind":"motorroad","src":"© OpenStreetMap contributors (ODbL)","confidence":"osm"}},{"type":"Feature","geometry":{"type":"LineString","coordinates":[[135.31864,34.73135],[135.31666,34.73072],[135.31026,34.72775],[135.30195,34.72505],[135.29269,34.7213],[135.28923,34.71967],[135.27965,34.71454],[135.27386,34.71225]]},"properties":{"layer":"expressway","city":"神戸市","title":"阪神高速3号神戸線","detail":"高速道路・自動車専用道路。原付一種（50cc以下）は進入禁止。","kind":"motorroad","src":"© OpenStreetMap contributors (ODbL)","confidence":"osm"}},{"type":"Feature","geometry":{"type":"LineString","coordinates":[[135.22931,34.704],[135.22832,34.70329],[135.22725,34.70295],[135.22237,34.70281],[135.21956,34.70242],[135.21763,34.70192],[135.21017,34.69853],[135.20581,34.69572]]},"properties":{"layer":"expressway","city":"神戸市","title":"阪神高速3号神戸線","detail":"高速道路・自動車専用道路。原付一種（50cc以下）は進入禁止。","kind":"motorroad","src":"© OpenStreetMap contributors (ODbL)","confidence":"osm"}},{"type":"Feature","geometry":{"type":"LineString","coordinates":[[135.20285,34.69231],[135.20534,34.69548],[135.20991,34.69849],[135.21759,34.70199],[135.21947,34.70249],[135.22176,34.70282]]},"properties":{"layer":"expressway","city":"神戸市","title":"阪神高速3号神戸線","detail":"高速道路・自動車専用道路。原付一種（50cc以下）は進入禁止。","kind":"motorroad","src":"© OpenStreetMap contributors (ODbL)","confidence":"osm"}},{"type":"Feature","geometry":{"type":"LineString","coordinates":[[135.20581,34.69572],[135.20553,34.6955]]},"properties":{"layer":"expressway","city":"神戸市","title":"阪神高速3号神戸線","detail":"高速道路・自動車専用道路。原付一種（50cc以下）は進入禁止。","kind":"motorroad","src":"© OpenStreetMap contributors (ODbL)","confidence":"osm"}},{"type":"Feature","geometry":{"type":"LineString","coordinates":[[135.19247,34.68541],[135.19411,34.68543],[135.19696,34.68577],[135.19861,34.68641],[135.19947,34.68715],[135.20118,34.68931],[135.20285,34.69231]]},"properties":{"layer":"expressway","city":"神戸市","title":"阪神高速3号神戸線","detail":"高速道路・自動車専用道路。原付一種（50cc以下）は進入禁止。","kind":"motorroad","src":"© OpenStreetMap contributors (ODbL)","confidence":"osm"}},{"type":"Feature","geometry":{"type":"LineString","coordinates":[[135.20553,34.6955],[135.20323,34.69273],[135.20109,34.68903],[135.19945,34.687],[135.19867,34.68635]]},"properties":{"layer":"expressway","city":"神戸市","title":"阪神高速3号神戸線","detail":"高速道路・自動車専用道路。原付一種（50cc以下）は進入禁止。","kind":"motorroad","src":"© OpenStreetMap contributors (ODbL)","confidence":"osm"}},{"type":"Feature","geometry":{"type":"LineString","coordinates":[[135.16955,34.66854],[135.16755,34.66739],[135.16246,34.66376],[135.15993,34.66218]]},"properties":{"layer":"expressway","city":"神戸市","title":"阪神高速3号神戸線","detail":"高速道路・自動車専用道路。原付一種（50cc以下）は進入禁止。","kind":"motorroad","src":"© OpenStreetMap contributors (ODbL)","confidence":"osm"}},{"type":"Feature","geometry":{"type":"LineString","coordinates":[[135.1546,34.65911],[135.1631,34.66452]]},"properties":{"layer":"expressway","city":"神戸市","title":"阪神高速3号神戸線","detail":"高速道路・自動車専用道路。原付一種（50cc以下）は進入禁止。","kind":"motorroad","src":"© OpenStreetMap contributors (ODbL)","confidence":"osm"}},{"type":"Feature","geometry":{"type":"LineString","coordinates":[[135.13645,34.6485],[135.13499,34.64756]]},"properties":{"layer":"expressway","city":"神戸市","title":"阪神高速3号神戸線","detail":"高速道路・自動車専用道路。原付一種（50cc以下）は進入禁止。","kind":"motorroad","src":"© OpenStreetMap contributors (ODbL)","confidence":"osm"}},{"type":"Feature","geometry":{"type":"LineString","coordinates":[[135.12507,34.65158],[135.12119,34.65242]]},"properties":{"layer":"expressway","city":"神戸市","title":"阪神高速3号神戸線","detail":"高速道路・自動車専用道路。原付一種（50cc以下）は進入禁止。","kind":"motorroad","src":"© OpenStreetMap contributors (ODbL)","confidence":"osm"}},{"type":"Feature","geometry":{"type":"LineString","coordinates":[[135.09204,34.70276],[135.09476,34.70512]]},"properties":{"layer":"expressway","city":"神戸市","title":"阪神高速7号北神戸線","detail":"高速道路・自動車専用道路。原付一種（50cc以下）は進入禁止。","kind":"motorroad","src":"© OpenStreetMap contributors (ODbL)","confidence":"osm"}},{"type":"Feature","geometry":{"type":"LineString","coordinates":[[135.10771,34.68336],[135.10611,34.68729]]},"properties":{"layer":"expressway","city":"神戸市","title":"阪神高速31号神戸山手線","detail":"高速道路・自動車専用道路。原付一種（50cc以下）は進入禁止。","kind":"motorroad","src":"© OpenStreetMap contributors (ODbL)","confidence":"osm"}},{"type":"Feature","geometry":{"type":"LineString","coordinates":[[135.11206,34.67466],[135.11117,34.67555]]},"properties":{"layer":"expressway","city":"神戸市","title":"阪神高速31号神戸山手線","detail":"高速道路・自動車専用道路。原付一種（50cc以下）は進入禁止。","kind":"motorroad","src":"© OpenStreetMap contributors (ODbL)","confidence":"osm"}},{"type":"Feature","geometry":{"type":"LineString","coordinates":[[135.14999,34.65724],[135.15055,34.65746]]},"properties":{"layer":"expressway","city":"神戸市","title":"阪神高速3号神戸線","detail":"高速道路・自動車専用道路。原付一種（50cc以下）は進入禁止。","kind":"motorroad","src":"© OpenStreetMap contributors (ODbL)","confidence":"osm"}},{"type":"Feature","geometry":{"type":"LineString","coordinates":[[135.15464,34.65903],[135.15425,34.65881]]},"properties":{"layer":"expressway","city":"神戸市","title":"阪神高速3号神戸線","detail":"高速道路・自動車専用道路。原付一種（50cc以下）は進入禁止。","kind":"motorroad","src":"© OpenStreetMap contributors (ODbL)","confidence":"osm"}},{"type":"Feature","geometry":{"type":"LineString","coordinates":[[135.36835,34.80508],[135.36808,34.80457]]},"properties":{"layer":"expressway","city":"宝塚市","title":"自動車専用道路","detail":"高速道路・自動車専用道路。原付一種（50cc以下）は進入禁止。","kind":"motorroad","src":"© OpenStreetMap contributors (ODbL)","confidence":"osm"}},{"type":"Feature","geometry":{"type":"LineString","coordinates":[[135.3681,34.80519],[135.36835,34.80562]]},"properties":{"layer":"expressway","city":"宝塚市","title":"自動車専用道路","detail":"高速道路・自動車専用道路。原付一種（50cc以下）は進入禁止。","kind":"motorroad","src":"© OpenStreetMap contributors (ODbL)","confidence":"osm"}},{"type":"Feature","geometry":{"type":"LineString","coordinates":[[135.0833,34.73019],[135.08365,34.73011],[135.08389,34.72973]]},"properties":{"layer":"expressway","city":"神戸市","title":"自動車専用道路","detail":"高速道路・自動車専用道路。原付一種（50cc以下）は進入禁止。","kind":"motorroad","src":"© OpenStreetMap contributors (ODbL)","confidence":"osm"}},{"type":"Feature","geometry":{"type":"LineString","coordinates":[[134.98146,34.68575],[134.98182,34.68577]]},"properties":{"layer":"expressway","city":"神戸市","title":"自動車専用道路","detail":"高速道路・自動車専用道路。原付一種（50cc以下）は進入禁止。","kind":"motorroad","src":"© OpenStreetMap contributors (ODbL)","confidence":"osm"}},{"type":"Feature","geometry":{"type":"LineString","coordinates":[[135.08593,34.72713],[135.08566,34.72793]]},"properties":{"layer":"expressway","city":"神戸市","title":"神戸淡路鳴門自動車道;西神道路","detail":"高速道路・自動車専用道路。原付一種（50cc以下）は進入禁止。","kind":"motorroad","src":"© OpenStreetMap contributors (ODbL)","confidence":"osm"}},{"type":"Feature","geometry":{"type":"LineString","coordinates":[[135.08563,34.72803],[135.08556,34.72822]]},"properties":{"layer":"expressway","city":"神戸市","title":"神戸淡路鳴門自動車道;西神道路","detail":"高速道路・自動車専用道路。原付一種（50cc以下）は進入禁止。","kind":"motorroad","src":"© OpenStreetMap contributors (ODbL)","confidence":"osm"}},{"type":"Feature","geometry":{"type":"LineString","coordinates":[[135.08579,34.72794],[135.08607,34.72714]]},"properties":{"layer":"expressway","city":"神戸市","title":"神戸淡路鳴門自動車道;西神道路","detail":"高速道路・自動車専用道路。原付一種（50cc以下）は進入禁止。","kind":"motorroad","src":"© OpenStreetMap contributors (ODbL)","confidence":"osm"}},{"type":"Feature","geometry":{"type":"LineString","coordinates":[[135.08568,34.72825],[135.08575,34.72805]]},"properties":{"layer":"expressway","city":"神戸市","title":"神戸淡路鳴門自動車道;西神道路","detail":"高速道路・自動車専用道路。原付一種（50cc以下）は進入禁止。","kind":"motorroad","src":"© OpenStreetMap contributors (ODbL)","confidence":"osm"}},{"type":"Feature","geometry":{"type":"LineString","coordinates":[[135.08576,34.72835],[135.08579,34.72818]]},"properties":{"layer":"expressway","city":"神戸市","title":"自動車専用道路","detail":"高速道路・自動車専用道路。原付一種（50cc以下）は進入禁止。","kind":"motorroad","src":"© OpenStreetMap contributors (ODbL)","confidence":"osm"}},{"type":"Feature","geometry":{"type":"LineString","coordinates":[[135.08579,34.72818],[135.08583,34.72799]]},"properties":{"layer":"expressway","city":"神戸市","title":"自動車専用道路","detail":"高速道路・自動車専用道路。原付一種（50cc以下）は進入禁止。","kind":"motorroad","src":"© OpenStreetMap contributors (ODbL)","confidence":"osm"}},{"type":"Feature","geometry":{"type":"LineString","coordinates":[[135.0851,34.73229],[135.08517,34.733]]},"properties":{"layer":"expressway","city":"神戸市","title":"山陽自動車道木見支線","detail":"高速道路・自動車専用道路。原付一種（50cc以下）は進入禁止。","kind":"motorroad","src":"© OpenStreetMap contributors (ODbL)","confidence":"osm"}},{"type":"Feature","geometry":{"type":"LineString","coordinates":[[135.08517,34.73002],[135.0851,34.73229]]},"properties":{"layer":"expressway","city":"神戸市","title":"山陽自動車道木見支線","detail":"高速道路・自動車専用道路。原付一種（50cc以下）は進入禁止。","kind":"motorroad","src":"© OpenStreetMap contributors (ODbL)","confidence":"osm"}},{"type":"Feature","geometry":{"type":"LineString","coordinates":[[135.08527,34.73055],[135.08568,34.72825]]},"properties":{"layer":"expressway","city":"神戸市","title":"神戸淡路鳴門自動車道;西神道路","detail":"高速道路・自動車専用道路。原付一種（50cc以下）は進入禁止。","kind":"motorroad","src":"© OpenStreetMap contributors (ODbL)","confidence":"osm"}},{"type":"Feature","geometry":{"type":"LineString","coordinates":[[135.08389,34.72973],[135.08403,34.72852]]},"properties":{"layer":"expressway","city":"神戸市","title":"自動車専用道路","detail":"高速道路・自動車専用道路。原付一種（50cc以下）は進入禁止。","kind":"motorroad","src":"© OpenStreetMap contributors (ODbL)","confidence":"osm"}},{"type":"Feature","geometry":{"type":"LineString","coordinates":[[135.08376,34.72946],[135.08377,34.7298]]},"properties":{"layer":"expressway","city":"神戸市","title":"自動車専用道路","detail":"高速道路・自動車専用道路。原付一種（50cc以下）は進入禁止。","kind":"motorroad","src":"© OpenStreetMap contributors (ODbL)","confidence":"osm"}},{"type":"Feature","geometry":{"type":"LineString","coordinates":[[135.08377,34.7298],[135.0833,34.73019]]},"properties":{"layer":"expressway","city":"神戸市","title":"自動車専用道路","detail":"高速道路・自動車専用道路。原付一種（50cc以下）は進入禁止。","kind":"motorroad","src":"© OpenStreetMap contributors (ODbL)","confidence":"osm"}},{"type":"Feature","geometry":{"type":"LineString","coordinates":[[135.08574,34.72712],[135.08537,34.72755],[135.08423,34.72792],[135.08396,34.72829]]},"properties":{"layer":"expressway","city":"神戸市","title":"自動車専用道路","detail":"高速道路・自動車専用道路。原付一種（50cc以下）は進入禁止。","kind":"motorroad","src":"© OpenStreetMap contributors (ODbL)","confidence":"osm"}},{"type":"Feature","geometry":{"type":"LineString","coordinates":[[135.09213,34.65218],[135.09723,34.65113]]},"properties":{"layer":"expressway","city":"神戸市","title":"第二神明道路","detail":"高速道路・自動車専用道路。原付一種（50cc以下）は進入禁止。","kind":"motorroad","src":"© OpenStreetMap contributors (ODbL)","confidence":"osm"}},{"type":"Feature","geometry":{"type":"LineString","coordinates":[[135.15576,34.76103],[135.15561,34.76103]]},"properties":{"layer":"expressway","city":"神戸市","title":"阪神高速32号新神戸トンネル","detail":"原付（50cc以下）通行禁止の路線としてOSMに登録。","kind":"moped_no","src":"© OpenStreetMap contributors (ODbL)","confidence":"osm"}},{"type":"Feature","geometry":{"type":"LineString","coordinates":[[135.15561,34.76103],[135.1557,34.76113]]},"properties":{"layer":"expressway","city":"神戸市","title":"阪神高速32号新神戸トンネル","detail":"原付（50cc以下）通行禁止の路線としてOSMに登録。","kind":"moped_no","src":"© OpenStreetMap contributors (ODbL)","confidence":"osm"}},{"type":"Feature","geometry":{"type":"LineString","coordinates":[[135.38854,34.80997],[135.39647,34.81082]]},"properties":{"layer":"expressway","city":"宝塚市","title":"中国自動車道","detail":"高速道路・自動車専用道路。原付一種（50cc以下）は進入禁止。","kind":"motorroad","src":"© OpenStreetMap contributors (ODbL)","confidence":"osm"}},{"type":"Feature","geometry":{"type":"LineString","coordinates":[[135.39649,34.81069],[135.38857,34.80985]]},"properties":{"layer":"expressway","city":"宝塚市","title":"中国自動車道","detail":"高速道路・自動車専用道路。原付一種（50cc以下）は進入禁止。","kind":"motorroad","src":"© OpenStreetMap contributors (ODbL)","confidence":"osm"}},{"type":"Feature","geometry":{"type":"LineString","coordinates":[[135.04413,34.67256],[135.04335,34.67267]]},"properties":{"layer":"expressway","city":"神戸市","title":"自動車専用道路","detail":"高速道路・自動車専用道路。原付一種（50cc以下）は進入禁止。","kind":"motorroad","src":"© OpenStreetMap contributors (ODbL)","confidence":"osm"}},{"type":"Feature","geometry":{"type":"LineString","coordinates":[[135.0739,34.64778],[135.07454,34.64779]]},"properties":{"layer":"expressway","city":"神戸市","title":"自動車専用道路","detail":"高速道路・自動車専用道路。原付一種（50cc以下）は進入禁止。","kind":"motorroad","src":"© OpenStreetMap contributors (ODbL)","confidence":"osm"}},{"type":"Feature","geometry":{"type":"LineString","coordinates":[[135.07008,34.64775],[135.07113,34.64772]]},"properties":{"layer":"expressway","city":"神戸市","title":"第二神明道路","detail":"高速道路・自動車専用道路。原付一種（50cc以下）は進入禁止。","kind":"motorroad","src":"© OpenStreetMap contributors (ODbL)","confidence":"osm"}},{"type":"Feature","geometry":{"type":"LineString","coordinates":[[135.03235,34.65818],[135.02944,34.6601]]},"properties":{"layer":"expressway","city":"神戸市","title":"第二神明道路","detail":"高速道路・自動車専用道路。原付一種（50cc以下）は進入禁止。","kind":"motorroad","src":"© OpenStreetMap contributors (ODbL)","confidence":"osm"}},{"type":"Feature","geometry":{"type":"LineString","coordinates":[[135.03011,34.6598],[135.03243,34.65825]]},"properties":{"layer":"expressway","city":"神戸市","title":"第二神明道路","detail":"高速道路・自動車専用道路。原付一種（50cc以下）は進入禁止。","kind":"motorroad","src":"© OpenStreetMap contributors (ODbL)","confidence":"osm"}},{"type":"Feature","geometry":{"type":"LineString","coordinates":[[135.19493,34.84505],[135.19627,34.84432],[135.1976,34.84457],[135.19789,34.84419],[135.19765,34.84362]]},"properties":{"layer":"expressway","city":"神戸市","title":"自動車専用道路","detail":"高速道路・自動車専用道路。原付一種（50cc以下）は進入禁止。","kind":"motorroad","src":"© OpenStreetMap contributors (ODbL)","confidence":"osm"}},{"type":"Feature","geometry":{"type":"LineString","coordinates":[[135.19765,34.84362],[135.19751,34.84341]]},"properties":{"layer":"expressway","city":"神戸市","title":"自動車専用道路","detail":"高速道路・自動車専用道路。原付一種（50cc以下）は進入禁止。","kind":"motorroad","src":"© OpenStreetMap contributors (ODbL)","confidence":"osm"}},{"type":"Feature","geometry":{"type":"LineString","coordinates":[[135.19714,34.84206],[135.19714,34.84275],[135.19742,34.84345]]},"properties":{"layer":"expressway","city":"神戸市","title":"自動車専用道路","detail":"高速道路・自動車専用道路。原付一種（50cc以下）は進入禁止。","kind":"motorroad","src":"© OpenStreetMap contributors (ODbL)","confidence":"osm"}},{"type":"Feature","geometry":{"type":"LineString","coordinates":[[135.19742,34.84345],[135.19758,34.84366]]},"properties":{"layer":"expressway","city":"神戸市","title":"自動車専用道路","detail":"高速道路・自動車専用道路。原付一種（50cc以下）は進入禁止。","kind":"motorroad","src":"© OpenStreetMap contributors (ODbL)","confidence":"osm"}},{"type":"Feature","geometry":{"type":"LineString","coordinates":[[135.22528,34.70301],[135.22545,34.70301]]},"properties":{"layer":"expressway","city":"神戸市","title":"自動車専用道路","detail":"高速道路・自動車専用道路。原付一種（50cc以下）は進入禁止。","kind":"motorroad","src":"© OpenStreetMap contributors (ODbL)","confidence":"osm"}},{"type":"Feature","geometry":{"type":"LineString","coordinates":[[135.22509,34.70301],[135.22528,34.70301]]},"properties":{"layer":"expressway","city":"神戸市","title":"自動車専用道路","detail":"高速道路・自動車専用道路。原付一種（50cc以下）は進入禁止。","kind":"motorroad","src":"© OpenStreetMap contributors (ODbL)","confidence":"osm"}},{"type":"Feature","geometry":{"type":"LineString","coordinates":[[135.2254,34.70281],[135.22518,34.70281]]},"properties":{"layer":"expressway","city":"神戸市","title":"自動車専用道路","detail":"高速道路・自動車専用道路。原付一種（50cc以下）は進入禁止。","kind":"motorroad","src":"© OpenStreetMap contributors (ODbL)","confidence":"osm"}},{"type":"Feature","geometry":{"type":"LineString","coordinates":[[135.22554,34.70281],[135.2254,34.70281]]},"properties":{"layer":"expressway","city":"神戸市","title":"自動車専用道路","detail":"高速道路・自動車専用道路。原付一種（50cc以下）は進入禁止。","kind":"motorroad","src":"© OpenStreetMap contributors (ODbL)","confidence":"osm"}},{"type":"Feature","geometry":{"type":"LineString","coordinates":[[135.20116,34.69852],[135.20201,34.69733]]},"properties":{"layer":"expressway","city":"神戸市","title":"阪神高速32号新神戸トンネル","detail":"原付（50cc以下）通行禁止の路線としてOSMに登録。","kind":"moped_no","src":"© OpenStreetMap contributors (ODbL)","confidence":"osm"}},{"type":"Feature","geometry":{"type":"LineString","coordinates":[[135.09965,34.8202],[135.09563,34.8193],[135.09334,34.81923],[135.08977,34.81945],[135.08703,34.81913],[135.08426,34.81814],[135.08094,34.8162]]},"properties":{"layer":"expressway","city":"神戸市","title":"山陽自動車道","detail":"高速道路・自動車専用道路。原付一種（50cc以下）は進入禁止。","kind":"motorroad","src":"© OpenStreetMap contributors (ODbL)","confidence":"osm"}},{"type":"Feature","geometry":{"type":"LineString","coordinates":[[135.07072,34.80663],[135.07353,34.80986],[135.07721,34.81347],[135.08085,34.81631],[135.08418,34.81825],[135.08643,34.8191],[135.08805,34.81943],[135.08976,34.81956],[135.09501,34.81936],[135.09687,34.8196],[135.0998,34.82035]]},"properties":{"layer":"expressway","city":"神戸市","title":"山陽自動車道","detail":"高速道路・自動車専用道路。原付一種（50cc以下）は進入禁止。","kind":"motorroad","src":"© OpenStreetMap contributors (ODbL)","confidence":"osm"}},{"type":"Feature","geometry":{"type":"LineString","coordinates":[[135.27567,34.78112],[135.27565,34.78114]]},"properties":{"layer":"expressway","city":"西宮市","title":"芦有ドライブウェイ","detail":"原付（50cc以下）通行禁止の路線としてOSMに登録。","kind":"moped_no","src":"© OpenStreetMap contributors (ODbL)","confidence":"osm"}},{"type":"Feature","geometry":{"type":"LineString","coordinates":[[135.37406,34.74493],[135.36961,34.74512],[135.36659,34.74506]]},"properties":{"layer":"expressway","city":"西宮市","title":"名神高速道路","detail":"高速道路・自動車専用道路。原付一種（50cc以下）は進入禁止。","kind":"motorroad","src":"© OpenStreetMap contributors (ODbL)","confidence":"osm"}},{"type":"Feature","geometry":{"type":"LineString","coordinates":[[135.36658,34.74515],[135.37269,34.7451]]},"properties":{"layer":"expressway","city":"西宮市","title":"名神高速道路","detail":"高速道路・自動車専用道路。原付一種（50cc以下）は進入禁止。","kind":"motorroad","src":"© OpenStreetMap contributors (ODbL)","confidence":"osm"}},{"type":"Feature","geometry":{"type":"LineString","coordinates":[[135.36436,34.74475],[135.36658,34.74515]]},"properties":{"layer":"expressway","city":"西宮市","title":"名神高速道路","detail":"高速道路・自動車専用道路。原付一種（50cc以下）は進入禁止。","kind":"motorroad","src":"© OpenStreetMap contributors (ODbL)","confidence":"osm"}},{"type":"Feature","geometry":{"type":"LineString","coordinates":[[135.36659,34.74506],[135.36435,34.74465]]},"properties":{"layer":"expressway","city":"西宮市","title":"名神高速道路","detail":"高速道路・自動車専用道路。原付一種（50cc以下）は進入禁止。","kind":"motorroad","src":"© OpenStreetMap contributors (ODbL)","confidence":"osm"}},{"type":"Feature","geometry":{"type":"LineString","coordinates":[[135.30184,34.8667],[135.30186,34.86697],[135.3021,34.86707]]},"properties":{"layer":"expressway","city":"宝塚市","title":"自動車専用道路","detail":"高速道路・自動車専用道路。原付一種（50cc以下）は進入禁止。","kind":"motorroad","src":"© OpenStreetMap contributors (ODbL)","confidence":"osm"}},{"type":"Feature","geometry":{"type":"LineString","coordinates":[[135.23093,34.83985],[135.23022,34.84024]]},"properties":{"layer":"expressway","city":"神戸市","title":"中国自動車道","detail":"高速道路・自動車専用道路。原付一種（50cc以下）は進入禁止。","kind":"motorroad","src":"© OpenStreetMap contributors (ODbL)","confidence":"osm"}},{"type":"Feature","geometry":{"type":"LineString","coordinates":[[135.22394,34.84855],[135.22471,34.84766],[135.22543,34.84603]]},"properties":{"layer":"expressway","city":"神戸市","title":"神戸JCT","detail":"高速道路・自動車専用道路。原付一種（50cc以下）は進入禁止。","kind":"motorroad","src":"© OpenStreetMap contributors (ODbL)","confidence":"osm"}},{"type":"Feature","geometry":{"type":"LineString","coordinates":[[135.21858,34.85413],[135.22032,34.85229]]},"properties":{"layer":"expressway","city":"神戸市","title":"中国自動車道","detail":"高速道路・自動車専用道路。原付一種（50cc以下）は進入禁止。","kind":"motorroad","src":"© OpenStreetMap contributors (ODbL)","confidence":"osm"}},{"type":"Feature","geometry":{"type":"LineString","coordinates":[[135.19714,34.84206],[135.19686,34.84335],[135.19594,34.84418]]},"properties":{"layer":"expressway","city":"神戸市","title":"自動車専用道路","detail":"高速道路・自動車専用道路。原付一種（50cc以下）は進入禁止。","kind":"motorroad","src":"© OpenStreetMap contributors (ODbL)","confidence":"osm"}},{"type":"Feature","geometry":{"type":"LineString","coordinates":[[135.19751,34.84341],[135.19721,34.84278],[135.19735,34.8419]]},"properties":{"layer":"expressway","city":"神戸市","title":"自動車専用道路","detail":"高速道路・自動車専用道路。原付一種（50cc以下）は進入禁止。","kind":"motorroad","src":"© OpenStreetMap contributors (ODbL)","confidence":"osm"}},{"type":"Feature","geometry":{"type":"LineString","coordinates":[[135.19735,34.8419],[135.19775,34.84114]]},"properties":{"layer":"expressway","city":"神戸市","title":"自動車専用道路","detail":"高速道路・自動車専用道路。原付一種（50cc以下）は進入禁止。","kind":"motorroad","src":"© OpenStreetMap contributors (ODbL)","confidence":"osm"}},{"type":"Feature","geometry":{"type":"LineString","coordinates":[[135.08094,34.8162],[135.07818,34.81415],[135.07462,34.81082],[135.06884,34.80412]]},"properties":{"layer":"expressway","city":"神戸市","title":"山陽自動車道","detail":"高速道路・自動車専用道路。原付一種（50cc以下）は進入禁止。","kind":"motorroad","src":"© OpenStreetMap contributors (ODbL)","confidence":"osm"}},{"type":"Feature","geometry":{"type":"LineString","coordinates":[[135.26658,34.83525],[135.26343,34.83474],[135.26218,34.83473],[135.26096,34.83511],[135.25859,34.83648]]},"properties":{"layer":"expressway","city":"西宮市","title":"中国自動車道","detail":"高速道路・自動車専用道路。原付一種（50cc以下）は進入禁止。","kind":"motorroad","src":"© OpenStreetMap contributors (ODbL)","confidence":"osm"}},{"type":"Feature","geometry":{"type":"LineString","coordinates":[[135.23548,34.83684],[135.23536,34.83627]]},"properties":{"layer":"expressway","city":"西宮市","title":"自動車専用道路","detail":"高速道路・自動車専用道路。原付一種（50cc以下）は進入禁止。","kind":"motorroad","src":"© OpenStreetMap contributors (ODbL)","confidence":"osm"}},{"type":"Feature","geometry":{"type":"LineString","coordinates":[[135.35354,34.72743],[135.35253,34.72821]]},"properties":{"layer":"expressway","city":"西宮市","title":"名神高速道路","detail":"高速道路・自動車専用道路。原付一種（50cc以下）は進入禁止。","kind":"motorroad","src":"© OpenStreetMap contributors (ODbL)","confidence":"osm"}},{"type":"Feature","geometry":{"type":"LineString","coordinates":[[135.35768,34.7249],[135.35784,34.72477]]},"properties":{"layer":"expressway","city":"西宮市","title":"名神高速道路","detail":"高速道路・自動車専用道路。原付一種（50cc以下）は進入禁止。","kind":"motorroad","src":"© OpenStreetMap contributors (ODbL)","confidence":"osm"}},{"type":"Feature","geometry":{"type":"LineString","coordinates":[[135.35758,34.72497],[135.35768,34.7249]]},"properties":{"layer":"expressway","city":"西宮市","title":"名神高速道路","detail":"高速道路・自動車専用道路。原付一種（50cc以下）は進入禁止。","kind":"motorroad","src":"© OpenStreetMap contributors (ODbL)","confidence":"osm"}},{"type":"Feature","geometry":{"type":"LineString","coordinates":[[135.35598,34.72712],[135.35554,34.72656]]},"properties":{"layer":"expressway","city":"西宮市","title":"名神高速道路","detail":"高速道路・自動車専用道路。原付一種（50cc以下）は進入禁止。","kind":"motorroad","src":"© OpenStreetMap contributors (ODbL)","confidence":"osm"}},{"type":"Feature","geometry":{"type":"LineString","coordinates":[[135.19684,34.70566],[135.1969,34.70551]]},"properties":{"layer":"expressway","city":"神戸市","title":"阪神高速32号新神戸トンネル","detail":"原付（50cc以下）通行禁止の路線としてOSMに登録。","kind":"moped_no","src":"© OpenStreetMap contributors (ODbL)","confidence":"osm"}},{"type":"Feature","geometry":{"type":"LineString","coordinates":[[135.22258,34.84986],[135.22285,34.8499]]},"properties":{"layer":"expressway","city":"神戸市","title":"新名神高速道路","detail":"高速道路・自動車専用道路。原付一種（50cc以下）は進入禁止。","kind":"motorroad","src":"© OpenStreetMap contributors (ODbL)","confidence":"osm"}},{"type":"Feature","geometry":{"type":"LineString","coordinates":[[135.22349,34.84981],[135.22273,34.84969]]},"properties":{"layer":"expressway","city":"神戸市","title":"新名神高速道路","detail":"高速道路・自動車専用道路。原付一種（50cc以下）は進入禁止。","kind":"motorroad","src":"© OpenStreetMap contributors (ODbL)","confidence":"osm"}},{"type":"Feature","geometry":{"type":"LineString","coordinates":[[135.08575,34.72805],[135.08579,34.72794]]},"properties":{"layer":"expressway","city":"神戸市","title":"神戸淡路鳴門自動車道;西神道路","detail":"高速道路・自動車専用道路。原付一種（50cc以下）は進入禁止。","kind":"motorroad","src":"© OpenStreetMap contributors (ODbL)","confidence":"osm"}},{"type":"Feature","geometry":{"type":"LineString","coordinates":[[135.08566,34.72793],[135.08563,34.72803]]},"properties":{"layer":"expressway","city":"神戸市","title":"神戸淡路鳴門自動車道;西神道路","detail":"高速道路・自動車専用道路。原付一種（50cc以下）は進入禁止。","kind":"motorroad","src":"© OpenStreetMap contributors (ODbL)","confidence":"osm"}},{"type":"Feature","geometry":{"type":"LineString","coordinates":[[135.06825,34.65982],[135.06822,34.65969]]},"properties":{"layer":"expressway","city":"神戸市","title":"阪神高速5号湾岸線","detail":"高速道路・自動車専用道路。原付一種（50cc以下）は進入禁止。","kind":"motorroad","src":"© OpenStreetMap contributors (ODbL)","confidence":"osm"}},{"type":"Feature","geometry":{"type":"LineString","coordinates":[[135.06811,34.65971],[135.06815,34.65984]]},"properties":{"layer":"expressway","city":"神戸市","title":"阪神高速5号湾岸線","detail":"高速道路・自動車専用道路。原付一種（50cc以下）は進入禁止。","kind":"motorroad","src":"© OpenStreetMap contributors (ODbL)","confidence":"osm"}},{"type":"Feature","geometry":{"type":"LineString","coordinates":[[135.10607,34.68727],[135.10587,34.68792]]},"properties":{"layer":"expressway","city":"神戸市","title":"自動車専用道路","detail":"高速道路・自動車専用道路。原付一種（50cc以下）は進入禁止。","kind":"motorroad","src":"© OpenStreetMap contributors (ODbL)","confidence":"osm"}},{"type":"Feature","geometry":{"type":"LineString","coordinates":[[135.15869,34.76095],[135.15838,34.76132]]},"properties":{"layer":"expressway","city":"神戸市","title":"阪神高速32号新神戸トンネル","detail":"原付（50cc以下）通行禁止の路線としてOSMに登録。","kind":"moped_no","src":"© OpenStreetMap contributors (ODbL)","confidence":"osm"}},{"type":"Feature","geometry":{"type":"LineString","coordinates":[[135.15849,34.76144],[135.15884,34.761]]},"properties":{"layer":"expressway","city":"神戸市","title":"阪神高速32号新神戸トンネル","detail":"原付（50cc以下）通行禁止の路線としてOSMに登録。","kind":"moped_no","src":"© OpenStreetMap contributors (ODbL)","confidence":"osm"}},{"type":"Feature","geometry":{"type":"LineString","coordinates":[[135.13137,34.69386],[135.13282,34.69351]]},"properties":{"layer":"expressway","city":"神戸市","title":"山麓バイパス","detail":"原付（50cc以下）通行禁止の路線としてOSMに登録。","kind":"moped_no","src":"© OpenStreetMap contributors (ODbL)","confidence":"osm"}},{"type":"Feature","geometry":{"type":"LineString","coordinates":[[135.13111,34.69377],[135.13195,34.69352]]},"properties":{"layer":"expressway","city":"神戸市","title":"山麓バイパス","detail":"原付（50cc以下）通行禁止の路線としてOSMに登録。","kind":"moped_no","src":"© OpenStreetMap contributors (ODbL)","confidence":"osm"}}]}