{"type": "FeatureCollection", "titles": ["灘浜住吉川線", "国道2号", "山手幹線", "国道43号", "青木幹線", "弓場筋", "東灘芦屋線", "神戸市道向洋５号線", "六甲アイランド西側臨港道路", "六甲大橋", "六甲アイランド南側臨港道路", "六甲アイランド北側臨港道路", "向洋３号線", "小磯美術館通り", "灘三田線", "摩耶埠頭線", "ミュージアムロード", "神戸六甲線", "東灘停車場線", "八幡本通", "ハーバーハイウェイ", "神戸明石線", "新神戸停車場線", "葺合南１５０号線", "浜手幹線", "国道28号", "神戸駅前線", "国道428号", "生田新道", "長田楠日尾線", "京町筋", "前町通り", "仲町通", "湊町線", "メリケンロード", "ハーバーロード", "ハーバーランド南線", "会下山線", "高松線", "神戸市主要地方道 山麓線", "兵庫駅前線", "住吉橋線", "兵庫埠頭線", "永沢線", "鷹取南５号線", "神戸三木線", "西出高松前池線", "若松線", "落合中央線", "落合環状線", "高倉白川線", "落合幹線", "高倉台環状線", "塩屋丸山線", "長田箕谷線", "神戸加古川姫路線", "弥栄台２０号線", "垂水妙法寺線", "中央幹線", "商大線", "多聞伊川谷線", "商大筋", "長坂垂水線", "天神川乗越峠線", "多聞小寺線", "平野舞子停車場線", "長坂垂水線旧道", "ポートアイランド北側臨港道路", "みなと空港線", "ポートアイランド西側臨港道路", "港島２２号線", "ポートピア大通り", "港島３７号線", "中突堤中央線", "新港突堤臨港線", "神戸港港島トンネル", "新港第２突堤基部線", "新港東ふ頭臨港線", "明石町筋", "ポートアイランド南側臨港道路", "新港東ふ頭連絡線", "小部明石線", "明石神戸宝塚線", "西神１号線", "西神３号線", "西神中央線", "野村明石線", "国道175号", "西神２号線", "六分一神出線", "西下木津線", "学園５号線", "国道176号", "三木三田線", "北神中央線", "大沢西宮線", "岡場停車場線", "西脇三田線", "神戸三田線", "山田三田線", "市野瀬有馬線", "六甲北有料道路", "山田里９４２号線", "ひよどり台幹線", "打出浜線", "芦屋停車場線", "陽光涼風線", "夙川橋", "西宮豊中線", "中津浜線", "西宮宝塚線", "国道171号", "芦屋鳴尾浜線", "札場筋線", "甲子園六湛寺線", "今津西線", "生瀬門戸荘線", "夙川さくら道", "有馬山口線", "武庫川広田線", "西１４２９", "浜甲子園甲子園口停車場線", "甲子園尼崎線", "旧国道", "小曽根線", "本郷学文筋", "尼崎港線", "米谷昆陽尼崎線", "尼崎港崇徳院線", "琴浦通り", "大阪伊丹線", "長洲久々知線", "高田久々知線", "長洲線", "波州通り", "園田橋線", "大物線", "尼崎池田線", "尼崎停車場西川線", "尼崎宝塚線", "道意線", "武庫之荘南駅前線", "姥ヶ茶屋伊丹線", "東富松御願塚線", "山本伊丹線", "寺本伊丹線", "伊丹池田線", "伊丹豊中線", "中野中筋線", "阪急伊丹停車場線", "川西インター線", "国道173号", "川西篠山線", "武庫川新橋", "大久保稲美加古川線", "大阪池田線", "車両通行止め", "二輪の自動車・一般原動機付自転車通行止め", "路線バス等専用道路", "二輪車以外通行止め", "その他通行止め", "通禁（二輪）", "神戸淡路鳴門自動車道", "名神高速道路", "自動車専用道路", "3", "阪神高速3号神戸線", "神戸淡路鳴門自動車道;西神道路", "阪神高速7号北神戸線", "中国自動車道;宝塚東トンネル", "中国自動車道", "神戸JCT", "山陽自動車道木見支線", "第二神明北線;神戸西バイパス", "3-08", "5", "阪神高速5号湾岸線", "第二神明道路", "阪神高速11号池田線", "阪神高速 京橋出口", "浜手バイパス", "阪神高速7号北神戸線北延伸線", "阪神高速5号湾岸　線六甲アイランド北出口", "阪神高速5号湾岸　線六甲アイランド北入口", "阪神高速31号神戸山手線", "芦有ドライブウェイ", "原付通行禁止路線", "魚崎浜入口", "西宮浜", "31", "阪神高速32号新神戸トンネル", "山麓バイパス", "山陽自動車道", "阪神高速７号北神戸線", "尼崎末広出口", "尼崎末広入口", "魚崎浜出口", "3-16", "5-12", "5-06", "E1", "箕谷出口", "阪神高速7号北神戸線;新唐櫃トンネル", "阪神高速７号北神戸線北延伸線", "若宮出口", "若宮入口", "阪神高速5号湾岸　六甲アイランド北出口", "新名神高速道路", "11", "歩行者用道路（通学路）", "歩行者用道路（その他）", "通禁（歩行者等用）"], "features": [{"type": "Feature", "properties": {"l": 1, "c": 0}, "geometry": {"type": "Point", "coordinates": [135.17693, 34.68112]}}, {"type": "Feature", "properties": {"l": 1, "c": 0}, "geometry": {"type": "Point", "coordinates": [135.09681, 34.68052]}}, {"type": "Feature", "properties": {"l": 1, "c": 0}, "geometry": {"type": "Point", "coordinates": [135.0336, 34.73077]}}, {"type": "Feature", "properties": {"l": 2, "c": 0}, "geometry": {"type": "Point", "coordinates": [135.27288, 34.72222]}}, {"type": "Feature", "properties": {"l": 2, "c": 0}, "geometry": {"type": "Point", "coordinates": [135.26897, 34.72115]}}, {"type": "Feature", "properties": {"l": 2, "c": 0}, "geometry": {"type": "Point", "coordinates": [135.25269, 34.71658]}}, {"type": "Feature", "properties": {"l": 2, "c": 0}, "geometry": {"type": "Point", "coordinates": [135.29279, 34.72109]}}, {"type": "Feature", "properties": {"l": 2, "c": 0}, "geometry": {"type": "Point", "coordinates": [135.24948, 34.7208]}}, {"type": "Feature", "properties": {"l": 2, "c": 0}, "geometry": {"type": "Point", "coordinates": [135.25078, 34.72117]}}, {"type": "Feature", "properties": {"l": 2, "c": 0}, "geometry": {"type": "Point", "coordinates": [135.25238, 34.72142]}}, {"type": "Feature", "properties": {"l": 2, "c": 0}, "geometry": {"type": "Point", "coordinates": [135.25432, 34.72179]}}, {"type": "Feature", "properties": {"l": 2, "c": 0}, "geometry": {"type": "Point", "coordinates": [135.27557, 34.7229]}}, {"type": "Feature", "properties": {"l": 2, "c": 0}, "geometry": {"type": "Point", "coordinates": [135.26061, 34.70679]}}, {"type": "Feature", "properties": {"l": 2, "c": 0}, "geometry": {"type": "Point", "coordinates": [135.26034, 34.70813]}}, {"type": "Feature", "properties": {"l": 2, "c": 0}, "geometry": {"type": "Point", "coordinates": [135.27985, 34.72427]}}, {"type": "Feature", "properties": {"l": 2, "c": 0}, "geometry": {"type": "Point", "coordinates": [135.26367, 34.72411]}}, {"type": "Feature", "properties": {"l": 2, "c": 0}, "geometry": {"type": "Point", "coordinates": [135.26334, 34.72394]}}, {"type": "Feature", "properties": {"l": 2, "c": 0}, "geometry": {"type": "Point", "coordinates": [135.28658, 34.72644]}}, {"type": "Feature", "properties": {"l": 2, "c": 0}, "geometry": {"type": "Point", "coordinates": [135.28654, 34.72947]}}, {"type": "Feature", "properties": {"l": 2, "c": 0}, "geometry": {"type": "Point", "coordinates": [135.26456, 34.72467]}}, {"type": "Feature", "properties": {"l": 2, "c": 0}, "geometry": {"type": "Point", "coordinates": [135.27026, 34.72581]}}, {"type": "Feature", "properties": {"l": 2, "c": 0}, "geometry": {"type": "Point", "coordinates": [135.27841, 34.68426]}}, {"type": "Feature", "properties": {"l": 2, "c": 0}, "geometry": {"type": "Point", "coordinates": [135.27646, 34.69461]}}, {"type": "Feature", "properties": {"l": 2, "c": 0}, "geometry": {"type": "Point", "coordinates": [135.26865, 34.69407]}}, {"type": "Feature", "properties": {"l": 2, "c": 0}, "geometry": {"type": "Point", "coordinates": [135.26055, 34.6923]}}, {"type": "Feature", "properties": {"l": 2, "c": 0}, "geometry": {"type": "Point", "coordinates": [135.26207, 34.68256]}}, {"type": "Feature", "properties": {"l": 2, "c": 0}, "geometry": {"type": "Point", "coordinates": [135.27748, 34.68858]}}, {"type": "Feature", "properties": {"l": 2, "c": 0}, "geometry": {"type": "Point", "coordinates": [135.22632, 34.70745]}}, {"type": "Feature", "properties": {"l": 2, "c": 0}, "geometry": {"type": "Point", "coordinates": [135.22468, 34.70397]}}, {"type": "Feature", "properties": {"l": 2, "c": 0}, "geometry": {"type": "Point", "coordinates": [135.21776, 34.70938]}}, {"type": "Feature", "properties": {"l": 2, "c": 0}, "geometry": {"type": "Point", "coordinates": [135.21592, 34.70755]}}, {"type": "Feature", "properties": {"l": 2, "c": 0}, "geometry": {"type": "Point", "coordinates": [135.24165, 34.71276]}}, {"type": "Feature", "properties": {"l": 2, "c": 0}, "geometry": {"type": "Point", "coordinates": [135.21586, 34.70731]}}, {"type": "Feature", "properties": {"l": 2, "c": 0}, "geometry": {"type": "Point", "coordinates": [135.22477, 34.71286]}}, {"type": "Feature", "properties": {"l": 2, "c": 0}, "geometry": {"type": "Point", "coordinates": [135.21464, 34.70633]}}, {"type": "Feature", "properties": {"l": 2, "c": 0}, "geometry": {"type": "Point", "coordinates": [135.24046, 34.72433]}}, {"type": "Feature", "properties": {"l": 2, "c": 0}, "geometry": {"type": "Point", "coordinates": [135.24912, 34.7155]}}, {"type": "Feature", "properties": {"l": 2, "c": 0}, "geometry": {"type": "Point", "coordinates": [135.22387, 34.71237]}}, {"type": "Feature", "properties": {"l": 2, "c": 0}, "geometry": {"type": "Point", "coordinates": [135.22641, 34.70226]}}, {"type": "Feature", "properties": {"l": 2, "c": 0}, "geometry": {"type": "Point", "coordinates": [135.22326, 34.70138]}}, {"type": "Feature", "properties": {"l": 2, "c": 0}, "geometry": {"type": "Point", "coordinates": [135.2393, 34.71192]}}, {"type": "Feature", "properties": {"l": 2, "c": 0}, "geometry": {"type": "Point", "coordinates": [135.22708, 34.70003]}}, {"type": "Feature", "properties": {"l": 2, "c": 0}, "geometry": {"type": "Point", "coordinates": [135.21524, 34.70911]}}, {"type": "Feature", "properties": {"l": 2, "c": 0}, "geometry": {"type": "Point", "coordinates": [135.22612, 34.69662]}}, {"type": "Feature", "properties": {"l": 2, "c": 0}, "geometry": {"type": "Point", "coordinates": [135.22732, 34.69808]}}, {"type": "Feature", "properties": {"l": 2, "c": 0}, "geometry": {"type": "Point", "coordinates": [135.22521, 34.7053]}}, {"type": "Feature", "properties": {"l": 2, "c": 0}, "geometry": {"type": "Point", "coordinates": [135.23806, 34.72825]}}, {"type": "Feature", "properties": {"l": 2, "c": 0}, "geometry": {"type": "Point", "coordinates": [135.19355, 34.69454]}}, {"type": "Feature", "properties": {"l": 2, "c": 0}, "geometry": {"type": "Point", "coordinates": [135.19537, 34.69153]}}, {"type": "Feature", "properties": {"l": 2, "c": 0}, "geometry": {"type": "Point", "coordinates": [135.19682, 34.6894]}}, {"type": "Feature", "properties": {"l": 2, "c": 0}, "geometry": {"type": "Point", "coordinates": [135.19637, 34.70501]}}, {"type": "Feature", "properties": {"l": 2, "c": 0}, "geometry": {"type": "Point", "coordinates": [135.19687, 34.70437]}}, {"type": "Feature", "properties": {"l": 2, "c": 0}, "geometry": {"type": "Point", "coordinates": [135.19682, 34.70578]}}, {"type": "Feature", "properties": {"l": 2, "c": 0}, "geometry": {"type": "Point", "coordinates": [135.19561, 34.69109]}}, {"type": "Feature", "properties": {"l": 2, "c": 0}, "geometry": {"type": "Point", "coordinates": [135.21869, 34.70016]}}, {"type": "Feature", "properties": {"l": 2, "c": 0}, "geometry": {"type": "Point", "coordinates": [135.2089, 34.69579]}}, {"type": "Feature", "properties": {"l": 2, "c": 0}, "geometry": {"type": "Point", "coordinates": [135.20469, 34.70301]}}, {"type": "Feature", "properties": {"l": 2, "c": 0}, "geometry": {"type": "Point", "coordinates": [135.20664, 34.70376]}}, {"type": "Feature", "properties": {"l": 2, "c": 0}, "geometry": {"type": "Point", "coordinates": [135.20746, 34.70431]}}, {"type": "Feature", "properties": {"l": 2, "c": 0}, "geometry": {"type": "Point", "coordinates": [135.19956, 34.70098]}}, {"type": "Feature", "properties": {"l": 2, "c": 0}, "geometry": {"type": "Point", "coordinates": [135.2007, 34.69848]}}, {"type": "Feature", "properties": {"l": 2, "c": 0}, "geometry": {"type": "Point", "coordinates": [135.20945, 34.70477]}}, {"type": "Feature", "properties": {"l": 2, "c": 0}, "geometry": {"type": "Point", "coordinates": [135.20225, 34.69276]}}, {"type": "Feature", "properties": {"l": 2, "c": 0}, "geometry": {"type": "Point", "coordinates": [135.19534, 34.69143]}}, {"type": "Feature", "properties": {"l": 2, "c": 0}, "geometry": {"type": "Point", "coordinates": [135.1806, 34.68263]}}, {"type": "Feature", "properties": {"l": 2, "c": 0}, "geometry": {"type": "Point", "coordinates": [135.17599, 34.6819]}}, {"type": "Feature", "properties": {"l": 2, "c": 0}, "geometry": {"type": "Point", "coordinates": [135.1758, 34.68595]}}, {"type": "Feature", "properties": {"l": 2, "c": 0}, "geometry": {"type": "Point", "coordinates": [135.18975, 34.68884]}}, {"type": "Feature", "properties": {"l": 2, "c": 0}, "geometry": {"type": "Point", "coordinates": [135.18022, 34.67982]}}, {"type": "Feature", "properties": {"l": 2, "c": 0}, "geometry": {"type": "Point", "coordinates": [135.18325, 34.68069]}}, {"type": "Feature", "properties": {"l": 2, "c": 0}, "geometry": {"type": "Point", "coordinates": [135.18239, 34.68165]}}, {"type": "Feature", "properties": {"l": 2, "c": 0}, "geometry": {"type": "Point", "coordinates": [135.18128, 34.67616]}}, {"type": "Feature", "properties": {"l": 2, "c": 0}, "geometry": {"type": "Point", "coordinates": [135.19308, 34.69078]}}, {"type": "Feature", "properties": {"l": 2, "c": 0}, "geometry": {"type": "Point", "coordinates": [135.17886, 34.68088]}}, {"type": "Feature", "properties": {"l": 2, "c": 0}, "geometry": {"type": "Point", "coordinates": [135.19169, 34.69215]}}, {"type": "Feature", "properties": {"l": 2, "c": 0}, "geometry": {"type": "Point", "coordinates": [135.1777, 34.67676]}}, {"type": "Feature", "properties": {"l": 2, "c": 0}, "geometry": {"type": "Point", "coordinates": [135.17726, 34.6769]}}, {"type": "Feature", "properties": {"l": 2, "c": 0}, "geometry": {"type": "Point", "coordinates": [135.18307, 34.69044]}}, {"type": "Feature", "properties": {"l": 2, "c": 0}, "geometry": {"type": "Point", "coordinates": [135.17007, 34.68437]}}, {"type": "Feature", "properties": {"l": 2, "c": 0}, "geometry": {"type": "Point", "coordinates": [135.18092, 34.68976]}}, {"type": "Feature", "properties": {"l": 2, "c": 0}, "geometry": {"type": "Point", "coordinates": [135.18789, 34.69467]}}, {"type": "Feature", "properties": {"l": 2, "c": 0}, "geometry": {"type": "Point", "coordinates": [135.16468, 34.66887]}}, {"type": "Feature", "properties": {"l": 2, "c": 0}, "geometry": {"type": "Point", "coordinates": [135.16906, 34.66732]}}, {"type": "Feature", "properties": {"l": 2, "c": 0}, "geometry": {"type": "Point", "coordinates": [135.16946, 34.68597]}}, {"type": "Feature", "properties": {"l": 2, "c": 0}, "geometry": {"type": "Point", "coordinates": [135.15327, 34.68036]}}, {"type": "Feature", "properties": {"l": 2, "c": 0}, "geometry": {"type": "Point", "coordinates": [135.16855, 34.68804]}}, {"type": "Feature", "properties": {"l": 2, "c": 0}, "geometry": {"type": "Point", "coordinates": [135.16745, 34.69044]}}, {"type": "Feature", "properties": {"l": 2, "c": 0}, "geometry": {"type": "Point", "coordinates": [135.16887, 34.68747]}}, {"type": "Feature", "properties": {"l": 2, "c": 0}, "geometry": {"type": "Point", "coordinates": [135.16174, 34.6754]}}, {"type": "Feature", "properties": {"l": 2, "c": 0}, "geometry": {"type": "Point", "coordinates": [135.16238, 34.67597]}}, {"type": "Feature", "properties": {"l": 2, "c": 0}, "geometry": {"type": "Point", "coordinates": [135.16021, 34.67453]}}, {"type": "Feature", "properties": {"l": 2, "c": 0}, "geometry": {"type": "Point", "coordinates": [135.17062, 34.65509]}}, {"type": "Feature", "properties": {"l": 2, "c": 0}, "geometry": {"type": "Point", "coordinates": [135.17753, 34.6718]}}, {"type": "Feature", "properties": {"l": 2, "c": 0}, "geometry": {"type": "Point", "coordinates": [135.16202, 34.68301]}}, {"type": "Feature", "properties": {"l": 2, "c": 0}, "geometry": {"type": "Point", "coordinates": [135.17594, 34.66846]}}, {"type": "Feature", "properties": {"l": 2, "c": 0}, "geometry": {"type": "Point", "coordinates": [135.17586, 34.66482]}}, {"type": "Feature", "properties": {"l": 2, "c": 0}, "geometry": {"type": "Point", "coordinates": [135.17341, 34.65577]}}, {"type": "Feature", "properties": {"l": 2, "c": 0}, "geometry": {"type": "Point", "coordinates": [135.1758, 34.66327]}}, {"type": "Feature", "properties": {"l": 2, "c": 0}, "geometry": {"type": "Point", "coordinates": [135.16473, 34.66372]}}, {"type": "Feature", "properties": {"l": 2, "c": 0}, "geometry": {"type": "Point", "coordinates": [135.1405, 34.65988]}}, {"type": "Feature", "properties": {"l": 2, "c": 0}, "geometry": {"type": "Point", "coordinates": [135.15121, 34.66806]}}, {"type": "Feature", "properties": {"l": 2, "c": 0}, "geometry": {"type": "Point", "coordinates": [135.15742, 34.66852]}}, {"type": "Feature", "properties": {"l": 2, "c": 0}, "geometry": {"type": "Point", "coordinates": [135.1374, 34.66155]}}, {"type": "Feature", "properties": {"l": 2, "c": 0}, "geometry": {"type": "Point", "coordinates": [135.14308, 34.66195]}}, {"type": "Feature", "properties": {"l": 2, "c": 0}, "geometry": {"type": "Point", "coordinates": [135.1415, 34.66027]}}, {"type": "Feature", "properties": {"l": 2, "c": 0}, "geometry": {"type": "Point", "coordinates": [135.15692, 34.66199]}}, {"type": "Feature", "properties": {"l": 2, "c": 0}, "geometry": {"type": "Point", "coordinates": [135.14596, 34.6558]}}, {"type": "Feature", "properties": {"l": 2, "c": 0}, "geometry": {"type": "Point", "coordinates": [135.15425, 34.6678]}}, {"type": "Feature", "properties": {"l": 2, "c": 0}, "geometry": {"type": "Point", "coordinates": [135.1455, 34.65626]}}, {"type": "Feature", "properties": {"l": 2, "c": 0}, "geometry": {"type": "Point", "coordinates": [135.13577, 34.66119]}}, {"type": "Feature", "properties": {"l": 2, "c": 0}, "geometry": {"type": "Point", "coordinates": [135.10924, 34.65634]}}, {"type": "Feature", "properties": {"l": 2, "c": 0}, "geometry": {"type": "Point", "coordinates": [135.11015, 34.65604]}}, {"type": "Feature", "properties": {"l": 2, "c": 0}, "geometry": {"type": "Point", "coordinates": [135.12115, 34.65231]}}, {"type": "Feature", "properties": {"l": 2, "c": 0}, "geometry": {"type": "Point", "coordinates": [135.13298, 34.64517]}}, {"type": "Feature", "properties": {"l": 2, "c": 0}, "geometry": {"type": "Point", "coordinates": [135.09895, 34.68701]}}, {"type": "Feature", "properties": {"l": 2, "c": 0}, "geometry": {"type": "Point", "coordinates": [135.10321, 34.67009]}}, {"type": "Feature", "properties": {"l": 2, "c": 0}, "geometry": {"type": "Point", "coordinates": [135.10376, 34.66877]}}, {"type": "Feature", "properties": {"l": 2, "c": 0}, "geometry": {"type": "Point", "coordinates": [135.13772, 34.65802]}}, {"type": "Feature", "properties": {"l": 2, "c": 0}, "geometry": {"type": "Point", "coordinates": [135.09899, 34.68735]}}, {"type": "Feature", "properties": {"l": 2, "c": 0}, "geometry": {"type": "Point", "coordinates": [135.09343, 34.67682]}}, {"type": "Feature", "properties": {"l": 2, "c": 0}, "geometry": {"type": "Point", "coordinates": [135.11302, 34.6433]}}, {"type": "Feature", "properties": {"l": 2, "c": 0}, "geometry": {"type": "Point", "coordinates": [135.11543, 34.64362]}}, {"type": "Feature", "properties": {"l": 2, "c": 0}, "geometry": {"type": "Point", "coordinates": [135.10394, 34.66082]}}, {"type": "Feature", "properties": {"l": 2, "c": 0}, "geometry": {"type": "Point", "coordinates": [135.10343, 34.66699]}}, {"type": "Feature", "properties": {"l": 2, "c": 0}, "geometry": {"type": "Point", "coordinates": [135.07088, 34.68376]}}, {"type": "Feature", "properties": {"l": 2, "c": 0}, "geometry": {"type": "Point", "coordinates": [135.09394, 34.6801]}}, {"type": "Feature", "properties": {"l": 2, "c": 0}, "geometry": {"type": "Point", "coordinates": [135.13058, 34.68108]}}, {"type": "Feature", "properties": {"l": 2, "c": 0}, "geometry": {"type": "Point", "coordinates": [135.1314, 34.6539]}}, {"type": "Feature", "properties": {"l": 2, "c": 0}, "geometry": {"type": "Point", "coordinates": [135.1328, 34.65986]}}, {"type": "Feature", "properties": {"l": 2, "c": 0}, "geometry": {"type": "Point", "coordinates": [135.10058, 34.63713]}}, {"type": "Feature", "properties": {"l": 2, "c": 0}, "geometry": {"type": "Point", "coordinates": [135.13047, 34.65341]}}, {"type": "Feature", "properties": {"l": 2, "c": 0}, "geometry": {"type": "Point", "coordinates": [135.10355, 34.66971]}}, {"type": "Feature", "properties": {"l": 2, "c": 0}, "geometry": {"type": "Point", "coordinates": [135.10823, 34.67815]}}, {"type": "Feature", "properties": {"l": 2, "c": 0}, "geometry": {"type": "Point", "coordinates": [135.13188, 34.66172]}}, {"type": "Feature", "properties": {"l": 2, "c": 0}, "geometry": {"type": "Point", "coordinates": [135.12696, 34.65127]}}, {"type": "Feature", "properties": {"l": 2, "c": 0}, "geometry": {"type": "Point", "coordinates": [135.12931, 34.65257]}}, {"type": "Feature", "properties": {"l": 2, "c": 0}, "geometry": {"type": "Point", "coordinates": [135.11053, 34.67744]}}, {"type": "Feature", "properties": {"l": 2, "c": 0}, "geometry": {"type": "Point", "coordinates": [135.13375, 34.66033]}}, {"type": "Feature", "properties": {"l": 2, "c": 0}, "geometry": {"type": "Point", "coordinates": [135.11486, 34.64354]}}, {"type": "Feature", "properties": {"l": 2, "c": 0}, "geometry": {"type": "Point", "coordinates": [135.13503, 34.66077]}}, {"type": "Feature", "properties": {"l": 2, "c": 0}, "geometry": {"type": "Point", "coordinates": [135.11531, 34.64416]}}, {"type": "Feature", "properties": {"l": 2, "c": 0}, "geometry": {"type": "Point", "coordinates": [135.05793, 34.62862]}}, {"type": "Feature", "properties": {"l": 2, "c": 0}, "geometry": {"type": "Point", "coordinates": [135.05818, 34.63087]}}, {"type": "Feature", "properties": {"l": 2, "c": 0}, "geometry": {"type": "Point", "coordinates": [135.05873, 34.63229]}}, {"type": "Feature", "properties": {"l": 2, "c": 0}, "geometry": {"type": "Point", "coordinates": [135.06823, 34.66528]}}, {"type": "Feature", "properties": {"l": 2, "c": 0}, "geometry": {"type": "Point", "coordinates": [135.03808, 34.65209]}}, {"type": "Feature", "properties": {"l": 2, "c": 0}, "geometry": {"type": "Point", "coordinates": [135.03725, 34.6512]}}, {"type": "Feature", "properties": {"l": 2, "c": 0}, "geometry": {"type": "Point", "coordinates": [135.05969, 34.63572]}}, {"type": "Feature", "properties": {"l": 2, "c": 0}, "geometry": {"type": "Point", "coordinates": [135.06652, 34.64939]}}, {"type": "Feature", "properties": {"l": 2, "c": 0}, "geometry": {"type": "Point", "coordinates": [135.07714, 34.67145]}}, {"type": "Feature", "properties": {"l": 2, "c": 0}, "geometry": {"type": "Point", "coordinates": [135.03413, 34.6326]}}, {"type": "Feature", "properties": {"l": 2, "c": 0}, "geometry": {"type": "Point", "coordinates": [135.07242, 34.66278]}}, {"type": "Feature", "properties": {"l": 2, "c": 0}, "geometry": {"type": "Point", "coordinates": [135.0601, 34.673]}}, {"type": "Feature", "properties": {"l": 2, "c": 0}, "geometry": {"type": "Point", "coordinates": [135.05901, 34.66797]}}, {"type": "Feature", "properties": {"l": 2, "c": 0}, "geometry": {"type": "Point", "coordinates": [135.06557, 34.6292]}}, {"type": "Feature", "properties": {"l": 2, "c": 0}, "geometry": {"type": "Point", "coordinates": [135.07397, 34.66755]}}, {"type": "Feature", "properties": {"l": 2, "c": 0}, "geometry": {"type": "Point", "coordinates": [135.06078, 34.63904]}}, {"type": "Feature", "properties": {"l": 2, "c": 0}, "geometry": {"type": "Point", "coordinates": [135.05798, 34.63002]}}, {"type": "Feature", "properties": {"l": 2, "c": 0}, "geometry": {"type": "Point", "coordinates": [135.07331, 34.66544]}}, {"type": "Feature", "properties": {"l": 2, "c": 0}, "geometry": {"type": "Point", "coordinates": [135.06924, 34.65215]}}, {"type": "Feature", "properties": {"l": 2, "c": 0}, "geometry": {"type": "Point", "coordinates": [135.21911, 34.66592]}}, {"type": "Feature", "properties": {"l": 2, "c": 0}, "geometry": {"type": "Point", "coordinates": [135.19843, 34.6855]}}, {"type": "Feature", "properties": {"l": 2, "c": 0}, "geometry": {"type": "Point", "coordinates": [135.20647, 34.6716]}}, {"type": "Feature", "properties": {"l": 2, "c": 0}, "geometry": {"type": "Point", "coordinates": [135.20719, 34.66576]}}, {"type": "Feature", "properties": {"l": 2, "c": 0}, "geometry": {"type": "Point", "coordinates": [135.21266, 34.67721]}}, {"type": "Feature", "properties": {"l": 2, "c": 0}, "geometry": {"type": "Point", "coordinates": [135.2136, 34.67462]}}, {"type": "Feature", "properties": {"l": 2, "c": 0}, "geometry": {"type": "Point", "coordinates": [135.2165, 34.6645]}}, {"type": "Feature", "properties": {"l": 2, "c": 0}, "geometry": {"type": "Point", "coordinates": [135.20035, 34.6849]}}, {"type": "Feature", "properties": {"l": 2, "c": 0}, "geometry": {"type": "Point", "coordinates": [135.18562, 34.68529]}}, {"type": "Feature", "properties": {"l": 2, "c": 0}, "geometry": {"type": "Point", "coordinates": [135.20443, 34.69212]}}, {"type": "Feature", "properties": {"l": 2, "c": 0}, "geometry": {"type": "Point", "coordinates": [135.21045, 34.67315]}}, {"type": "Feature", "properties": {"l": 2, "c": 0}, "geometry": {"type": "Point", "coordinates": [135.21368, 34.6634]}}, {"type": "Feature", "properties": {"l": 2, "c": 0}, "geometry": {"type": "Point", "coordinates": [135.19544, 34.68469]}}, {"type": "Feature", "properties": {"l": 2, "c": 0}, "geometry": {"type": "Point", "coordinates": [135.19585, 34.68385]}}, {"type": "Feature", "properties": {"l": 2, "c": 0}, "geometry": {"type": "Point", "coordinates": [135.20063, 34.68843]}}, {"type": "Feature", "properties": {"l": 2, "c": 0}, "geometry": {"type": "Point", "coordinates": [134.98249, 34.6857]}}, {"type": "Feature", "properties": {"l": 2, "c": 0}, "geometry": {"type": "Point", "coordinates": [135.01996, 34.72218]}}, {"type": "Feature", "properties": {"l": 2, "c": 0}, "geometry": {"type": "Point", "coordinates": [135.05869, 34.68049]}}, {"type": "Feature", "properties": {"l": 2, "c": 0}, "geometry": {"type": "Point", "coordinates": [135.05846, 34.68177]}}, {"type": "Feature", "properties": {"l": 2, "c": 0}, "geometry": {"type": "Point", "coordinates": [134.98257, 34.68634]}}, {"type": "Feature", "properties": {"l": 2, "c": 0}, "geometry": {"type": "Point", "coordinates": [135.02043, 34.71977]}}, {"type": "Feature", "properties": {"l": 2, "c": 0}, "geometry": {"type": "Point", "coordinates": [135.01633, 34.71947]}}, {"type": "Feature", "properties": {"l": 2, "c": 0}, "geometry": {"type": "Point", "coordinates": [135.01585, 34.72107]}}, {"type": "Feature", "properties": {"l": 2, "c": 0}, "geometry": {"type": "Point", "coordinates": [135.03247, 34.71753]}}, {"type": "Feature", "properties": {"l": 2, "c": 0}, "geometry": {"type": "Point", "coordinates": [135.02325, 34.71363]}}, {"type": "Feature", "properties": {"l": 2, "c": 0}, "geometry": {"type": "Point", "coordinates": [135.02137, 34.71219]}}, {"type": "Feature", "properties": {"l": 2, "c": 0}, "geometry": {"type": "Point", "coordinates": [134.98237, 34.68408]}}, {"type": "Feature", "properties": {"l": 2, "c": 0}, "geometry": {"type": "Point", "coordinates": [134.9812, 34.67096]}}, {"type": "Feature", "properties": {"l": 2, "c": 0}, "geometry": {"type": "Point", "coordinates": [135.05903, 34.67864]}}, {"type": "Feature", "properties": {"l": 2, "c": 0}, "geometry": {"type": "Point", "coordinates": [135.05941, 34.67656]}}, {"type": "Feature", "properties": {"l": 2, "c": 0}, "geometry": {"type": "Point", "coordinates": [135.01084, 34.70839]}}, {"type": "Feature", "properties": {"l": 2, "c": 0}, "geometry": {"type": "Point", "coordinates": [135.01858, 34.71627]}}, {"type": "Feature", "properties": {"l": 2, "c": 0}, "geometry": {"type": "Point", "coordinates": [135.01321, 34.72343]}}, {"type": "Feature", "properties": {"l": 2, "c": 0}, "geometry": {"type": "Point", "coordinates": [134.99959, 34.71645]}}, {"type": "Feature", "properties": {"l": 2, "c": 0}, "geometry": {"type": "Point", "coordinates": [135.05346, 34.70352]}}, {"type": "Feature", "properties": {"l": 2, "c": 0}, "geometry": {"type": "Point", "coordinates": [135.00932, 34.7253]}}, {"type": "Feature", "properties": {"l": 2, "c": 0}, "geometry": {"type": "Point", "coordinates": [135.0479, 34.70057]}}, {"type": "Feature", "properties": {"l": 2, "c": 0}, "geometry": {"type": "Point", "coordinates": [134.99855, 34.71608]}}, {"type": "Feature", "properties": {"l": 2, "c": 0}, "geometry": {"type": "Point", "coordinates": [135.03584, 34.69726]}}, {"type": "Feature", "properties": {"l": 2, "c": 0}, "geometry": {"type": "Point", "coordinates": [135.03956, 34.70062]}}, {"type": "Feature", "properties": {"l": 2, "c": 0}, "geometry": {"type": "Point", "coordinates": [135.04207, 34.70117]}}, {"type": "Feature", "properties": {"l": 2, "c": 0}, "geometry": {"type": "Point", "coordinates": [134.98994, 34.70332]}}, {"type": "Feature", "properties": {"l": 2, "c": 0}, "geometry": {"type": "Point", "coordinates": [135.05158, 34.702]}}, {"type": "Feature", "properties": {"l": 2, "c": 0}, "geometry": {"type": "Point", "coordinates": [134.99401, 34.7135]}}, {"type": "Feature", "properties": {"l": 2, "c": 0}, "geometry": {"type": "Point", "coordinates": [134.98248, 34.68627]}}, {"type": "Feature", "properties": {"l": 2, "c": 0}, "geometry": {"type": "Point", "coordinates": [134.98278, 34.68784]}}, {"type": "Feature", "properties": {"l": 2, "c": 0}, "geometry": {"type": "Point", "coordinates": [134.98299, 34.69103]}}, {"type": "Feature", "properties": {"l": 2, "c": 0}, "geometry": {"type": "Point", "coordinates": [134.941, 34.70988]}}, {"type": "Feature", "properties": {"l": 2, "c": 0}, "geometry": {"type": "Point", "coordinates": [135.00496, 34.72192]}}, {"type": "Feature", "properties": {"l": 2, "c": 0}, "geometry": {"type": "Point", "coordinates": [135.05514, 34.70504]}}, {"type": "Feature", "properties": {"l": 2, "c": 0}, "geometry": {"type": "Point", "coordinates": [135.0291, 34.69476]}}, {"type": "Feature", "properties": {"l": 2, "c": 0}, "geometry": {"type": "Point", "coordinates": [135.0271, 34.69319]}}, {"type": "Feature", "properties": {"l": 2, "c": 0}, "geometry": {"type": "Point", "coordinates": [135.02058, 34.68826]}}, {"type": "Feature", "properties": {"l": 2, "c": 0}, "geometry": {"type": "Point", "coordinates": [135.02413, 34.69049]}}, {"type": "Feature", "properties": {"l": 2, "c": 0}, "geometry": {"type": "Point", "coordinates": [135.03193, 34.69613]}}, {"type": "Feature", "properties": {"l": 2, "c": 0}, "geometry": {"type": "Point", "coordinates": [135.03352, 34.69743]}}, {"type": "Feature", "properties": {"l": 2, "c": 0}, "geometry": {"type": "Point", "coordinates": [134.98203, 34.67959]}}, {"type": "Feature", "properties": {"l": 2, "c": 0}, "geometry": {"type": "Point", "coordinates": [134.99495, 34.73881]}}, {"type": "Feature", "properties": {"l": 2, "c": 0}, "geometry": {"type": "Point", "coordinates": [134.9822, 34.68212]}}, {"type": "Feature", "properties": {"l": 2, "c": 0}, "geometry": {"type": "Point", "coordinates": [135.0185, 34.74172]}}, {"type": "Feature", "properties": {"l": 2, "c": 0}, "geometry": {"type": "Point", "coordinates": [135.00917, 34.73988]}}, {"type": "Feature", "properties": {"l": 2, "c": 0}, "geometry": {"type": "Point", "coordinates": [135.02667, 34.7391]}}, {"type": "Feature", "properties": {"l": 2, "c": 0}, "geometry": {"type": "Point", "coordinates": [135.01341, 34.74166]}}, {"type": "Feature", "properties": {"l": 2, "c": 0}, "geometry": {"type": "Point", "coordinates": [135.04418, 34.71583]}}, {"type": "Feature", "properties": {"l": 2, "c": 0}, "geometry": {"type": "Point", "coordinates": [135.07669, 34.69585]}}, {"type": "Feature", "properties": {"l": 2, "c": 0}, "geometry": {"type": "Point", "coordinates": [135.0739, 34.69855]}}, {"type": "Feature", "properties": {"l": 2, "c": 0}, "geometry": {"type": "Point", "coordinates": [135.02319, 34.66196]}}, {"type": "Feature", "properties": {"l": 2, "c": 0}, "geometry": {"type": "Point", "coordinates": [135.05322, 34.709]}}, {"type": "Feature", "properties": {"l": 2, "c": 0}, "geometry": {"type": "Point", "coordinates": [134.98288, 34.69888]}}, {"type": "Feature", "properties": {"l": 2, "c": 0}, "geometry": {"type": "Point", "coordinates": [134.98284, 34.69736]}}, {"type": "Feature", "properties": {"l": 2, "c": 0}, "geometry": {"type": "Point", "coordinates": [134.98283, 34.76876]}}, {"type": "Feature", "properties": {"l": 2, "c": 0}, "geometry": {"type": "Point", "coordinates": [134.98457, 34.77133]}}, {"type": "Feature", "properties": {"l": 2, "c": 0}, "geometry": {"type": "Point", "coordinates": [134.98293, 34.69585]}}, {"type": "Feature", "properties": {"l": 2, "c": 0}, "geometry": {"type": "Point", "coordinates": [135.07975, 34.69455]}}, {"type": "Feature", "properties": {"l": 2, "c": 0}, "geometry": {"type": "Point", "coordinates": [135.04006, 34.72125]}}, {"type": "Feature", "properties": {"l": 2, "c": 0}, "geometry": {"type": "Point", "coordinates": [135.08279, 34.73243]}}, {"type": "Feature", "properties": {"l": 2, "c": 0}, "geometry": {"type": "Point", "coordinates": [135.09045, 34.69977]}}, {"type": "Feature", "properties": {"l": 2, "c": 0}, "geometry": {"type": "Point", "coordinates": [134.97284, 34.66953]}}, {"type": "Feature", "properties": {"l": 2, "c": 0}, "geometry": {"type": "Point", "coordinates": [135.07174, 34.74655]}}, {"type": "Feature", "properties": {"l": 2, "c": 0}, "geometry": {"type": "Point", "coordinates": [135.07625, 34.74142]}}, {"type": "Feature", "properties": {"l": 2, "c": 0}, "geometry": {"type": "Point", "coordinates": [135.20878, 34.78728]}}, {"type": "Feature", "properties": {"l": 2, "c": 0}, "geometry": {"type": "Point", "coordinates": [135.21195, 34.87596]}}, {"type": "Feature", "properties": {"l": 2, "c": 0}, "geometry": {"type": "Point", "coordinates": [135.21568, 34.83781]}}, {"type": "Feature", "properties": {"l": 2, "c": 0}, "geometry": {"type": "Point", "coordinates": [135.21795, 34.8349]}}, {"type": "Feature", "properties": {"l": 2, "c": 0}, "geometry": {"type": "Point", "coordinates": [135.21573, 34.86547]}}, {"type": "Feature", "properties": {"l": 2, "c": 0}, "geometry": {"type": "Point", "coordinates": [135.21403, 34.87101]}}, {"type": "Feature", "properties": {"l": 2, "c": 0}, "geometry": {"type": "Point", "coordinates": [135.22154, 34.8224]}}, {"type": "Feature", "properties": {"l": 2, "c": 0}, "geometry": {"type": "Point", "coordinates": [135.20809, 34.85062]}}, {"type": "Feature", "properties": {"l": 2, "c": 0}, "geometry": {"type": "Point", "coordinates": [135.21807, 34.85939]}}, {"type": "Feature", "properties": {"l": 2, "c": 0}, "geometry": {"type": "Point", "coordinates": [135.20702, 34.81212]}}, {"type": "Feature", "properties": {"l": 2, "c": 0}, "geometry": {"type": "Point", "coordinates": [135.20871, 34.81521]}}, {"type": "Feature", "properties": {"l": 2, "c": 0}, "geometry": {"type": "Point", "coordinates": [135.21199, 34.81813]}}, {"type": "Feature", "properties": {"l": 2, "c": 0}, "geometry": {"type": "Point", "coordinates": [135.21528, 34.82205]}}, {"type": "Feature", "properties": {"l": 2, "c": 0}, "geometry": {"type": "Point", "coordinates": [135.21859, 34.82329]}}, {"type": "Feature", "properties": {"l": 2, "c": 0}, "geometry": {"type": "Point", "coordinates": [135.21935, 34.82959]}}, {"type": "Feature", "properties": {"l": 2, "c": 0}, "geometry": {"type": "Point", "coordinates": [135.21447, 34.80729]}}, {"type": "Feature", "properties": {"l": 2, "c": 0}, "geometry": {"type": "Point", "coordinates": [135.2244, 34.87143]}}, {"type": "Feature", "properties": {"l": 2, "c": 0}, "geometry": {"type": "Point", "coordinates": [135.22526, 34.87026]}}, {"type": "Feature", "properties": {"l": 2, "c": 0}, "geometry": {"type": "Point", "coordinates": [135.23027, 34.86582]}}, {"type": "Feature", "properties": {"l": 2, "c": 0}, "geometry": {"type": "Point", "coordinates": [135.22348, 34.87418]}}, {"type": "Feature", "properties": {"l": 2, "c": 0}, "geometry": {"type": "Point", "coordinates": [135.23221, 34.86038]}}, {"type": "Feature", "properties": {"l": 2, "c": 0}, "geometry": {"type": "Point", "coordinates": [135.21244, 34.81044]}}, {"type": "Feature", "properties": {"l": 2, "c": 0}, "geometry": {"type": "Point", "coordinates": [135.20395, 34.81212]}}, {"type": "Feature", "properties": {"l": 2, "c": 0}, "geometry": {"type": "Point", "coordinates": [135.23438, 34.85434]}}, {"type": "Feature", "properties": {"l": 2, "c": 0}, "geometry": {"type": "Point", "coordinates": [135.20759, 34.773]}}, {"type": "Feature", "properties": {"l": 2, "c": 0}, "geometry": {"type": "Point", "coordinates": [135.23559, 34.84791]}}, {"type": "Feature", "properties": {"l": 2, "c": 0}, "geometry": {"type": "Point", "coordinates": [135.21187, 34.86094]}}, {"type": "Feature", "properties": {"l": 2, "c": 0}, "geometry": {"type": "Point", "coordinates": [135.21545, 34.80956]}}, {"type": "Feature", "properties": {"l": 2, "c": 0}, "geometry": {"type": "Point", "coordinates": [135.18903, 34.86614]}}, {"type": "Feature", "properties": {"l": 2, "c": 0}, "geometry": {"type": "Point", "coordinates": [135.19065, 34.86471]}}, {"type": "Feature", "properties": {"l": 2, "c": 0}, "geometry": {"type": "Point", "coordinates": [135.19282, 34.86212]}}, {"type": "Feature", "properties": {"l": 2, "c": 0}, "geometry": {"type": "Point", "coordinates": [135.22156, 34.85486]}}, {"type": "Feature", "properties": {"l": 2, "c": 0}, "geometry": {"type": "Point", "coordinates": [135.19565, 34.86199]}}, {"type": "Feature", "properties": {"l": 2, "c": 0}, "geometry": {"type": "Point", "coordinates": [135.21624, 34.86284]}}, {"type": "Feature", "properties": {"l": 2, "c": 0}, "geometry": {"type": "Point", "coordinates": [135.21015, 34.85535]}}, {"type": "Feature", "properties": {"l": 2, "c": 0}, "geometry": {"type": "Point", "coordinates": [135.21102, 34.85841]}}, {"type": "Feature", "properties": {"l": 2, "c": 0}, "geometry": {"type": "Point", "coordinates": [135.21576, 34.8328]}}, {"type": "Feature", "properties": {"l": 2, "c": 0}, "geometry": {"type": "Point", "coordinates": [135.13572, 34.72366]}}, {"type": "Feature", "properties": {"l": 2, "c": 0}, "geometry": {"type": "Point", "coordinates": [135.12855, 34.7218]}}, {"type": "Feature", "properties": {"l": 2, "c": 0}, "geometry": {"type": "Point", "coordinates": [135.15643, 34.76002]}}, {"type": "Feature", "properties": {"l": 2, "c": 0}, "geometry": {"type": "Point", "coordinates": [135.12159, 34.7159]}}, {"type": "Feature", "properties": {"l": 2, "c": 0}, "geometry": {"type": "Point", "coordinates": [135.15456, 34.75807]}}, {"type": "Feature", "properties": {"l": 2, "c": 0}, "geometry": {"type": "Point", "coordinates": [135.15342, 34.75622]}}, {"type": "Feature", "properties": {"l": 2, "c": 0}, "geometry": {"type": "Point", "coordinates": [135.12233, 34.70295]}}, {"type": "Feature", "properties": {"l": 2, "c": 0}, "geometry": {"type": "Point", "coordinates": [135.14271, 34.73266]}}, {"type": "Feature", "properties": {"l": 2, "c": 0}, "geometry": {"type": "Point", "coordinates": [135.13685, 34.72688]}}, {"type": "Feature", "properties": {"l": 2, "c": 0}, "geometry": {"type": "Point", "coordinates": [135.14397, 34.75499]}}, {"type": "Feature", "properties": {"l": 2, "c": 0}, "geometry": {"type": "Point", "coordinates": [135.13419, 34.72276]}}, {"type": "Feature", "properties": {"l": 2, "c": 0}, "geometry": {"type": "Point", "coordinates": [135.13639, 34.72519]}}, {"type": "Feature", "properties": {"l": 2, "c": 5}, "geometry": {"type": "Point", "coordinates": [135.29883, 34.73038]}}, {"type": "Feature", "properties": {"l": 2, "c": 5}, "geometry": {"type": "Point", "coordinates": [135.30241, 34.73148]}}, {"type": "Feature", "properties": {"l": 2, "c": 5}, "geometry": {"type": "Point", "coordinates": [135.30428, 34.7319]}}, {"type": "Feature", "properties": {"l": 2, "c": 5}, "geometry": {"type": "Point", "coordinates": [135.30607, 34.73216]}}, {"type": "Feature", "properties": {"l": 2, "c": 5}, "geometry": {"type": "Point", "coordinates": [135.31108, 34.73328]}}, {"type": "Feature", "properties": {"l": 2, "c": 5}, "geometry": {"type": "Point", "coordinates": [135.31154, 34.73335]}}, {"type": "Feature", "properties": {"l": 2, "c": 5}, "geometry": {"type": "Point", "coordinates": [135.30303, 34.73165]}}, {"type": "Feature", "properties": {"l": 2, "c": 5}, "geometry": {"type": "Point", "coordinates": [135.31636, 34.73434]}}, {"type": "Feature", "properties": {"l": 2, "c": 5}, "geometry": {"type": "Point", "coordinates": [135.31762, 34.73465]}}, {"type": "Feature", "properties": {"l": 2, "c": 5}, "geometry": {"type": "Point", "coordinates": [135.29971, 34.73383]}}, {"type": "Feature", "properties": {"l": 2, "c": 5}, "geometry": {"type": "Point", "coordinates": [135.32341, 34.72266]}}, {"type": "Feature", "properties": {"l": 2, "c": 5}, "geometry": {"type": "Point", "coordinates": [135.32114, 34.72441]}}, {"type": "Feature", "properties": {"l": 2, "c": 1}, "geometry": {"type": "Point", "coordinates": [135.33757, 34.73863]}}, {"type": "Feature", "properties": {"l": 2, "c": 1}, "geometry": {"type": "Point", "coordinates": [135.33601, 34.73864]}}, {"type": "Feature", "properties": {"l": 2, "c": 1}, "geometry": {"type": "Point", "coordinates": [135.34726, 34.73773]}}, {"type": "Feature", "properties": {"l": 2, "c": 1}, "geometry": {"type": "Point", "coordinates": [135.33159, 34.73381]}}, {"type": "Feature", "properties": {"l": 2, "c": 1}, "geometry": {"type": "Point", "coordinates": [135.23992, 34.83502]}}, {"type": "Feature", "properties": {"l": 2, "c": 1}, "geometry": {"type": "Point", "coordinates": [135.24117, 34.83263]}}, {"type": "Feature", "properties": {"l": 2, "c": 1}, "geometry": {"type": "Point", "coordinates": [135.24018, 34.83381]}}, {"type": "Feature", "properties": {"l": 2, "c": 1}, "geometry": {"type": "Point", "coordinates": [135.32923, 34.73768]}}, {"type": "Feature", "properties": {"l": 2, "c": 1}, "geometry": {"type": "Point", "coordinates": [135.3721, 34.7647]}}, {"type": "Feature", "properties": {"l": 2, "c": 1}, "geometry": {"type": "Point", "coordinates": [135.36965, 34.76436]}}, {"type": "Feature", "properties": {"l": 2, "c": 1}, "geometry": {"type": "Point", "coordinates": [135.23944, 34.83674]}}, {"type": "Feature", "properties": {"l": 2, "c": 1}, "geometry": {"type": "Point", "coordinates": [135.23887, 34.83948]}}, {"type": "Feature", "properties": {"l": 2, "c": 1}, "geometry": {"type": "Point", "coordinates": [135.23844, 34.84155]}}, {"type": "Feature", "properties": {"l": 2, "c": 1}, "geometry": {"type": "Point", "coordinates": [135.36651, 34.76215]}}, {"type": "Feature", "properties": {"l": 2, "c": 1}, "geometry": {"type": "Point", "coordinates": [135.34972, 34.73744]}}, {"type": "Feature", "properties": {"l": 2, "c": 1}, "geometry": {"type": "Point", "coordinates": [135.24924, 34.82866]}}, {"type": "Feature", "properties": {"l": 2, "c": 1}, "geometry": {"type": "Point", "coordinates": [135.33364, 34.71656]}}, {"type": "Feature", "properties": {"l": 2, "c": 1}, "geometry": {"type": "Point", "coordinates": [135.33795, 34.72573]}}, {"type": "Feature", "properties": {"l": 2, "c": 1}, "geometry": {"type": "Point", "coordinates": [135.33549, 34.81489]}}, {"type": "Feature", "properties": {"l": 2, "c": 1}, "geometry": {"type": "Point", "coordinates": [135.24625, 34.82532]}}, {"type": "Feature", "properties": {"l": 2, "c": 1}, "geometry": {"type": "Point", "coordinates": [135.23775, 34.84457]}}, {"type": "Feature", "properties": {"l": 2, "c": 1}, "geometry": {"type": "Point", "coordinates": [135.25498, 34.83171]}}, {"type": "Feature", "properties": {"l": 2, "c": 1}, "geometry": {"type": "Point", "coordinates": [135.2607, 34.83451]}}, {"type": "Feature", "properties": {"l": 2, "c": 1}, "geometry": {"type": "Point", "coordinates": [135.3423, 34.73832]}}, {"type": "Feature", "properties": {"l": 2, "c": 1}, "geometry": {"type": "Point", "coordinates": [135.34715, 34.72683]}}, {"type": "Feature", "properties": {"l": 2, "c": 1}, "geometry": {"type": "Point", "coordinates": [135.35776, 34.74419]}}, {"type": "Feature", "properties": {"l": 2, "c": 1}, "geometry": {"type": "Point", "coordinates": [135.23568, 34.83423]}}, {"type": "Feature", "properties": {"l": 2, "c": 1}, "geometry": {"type": "Point", "coordinates": [135.35194, 34.74434]}}, {"type": "Feature", "properties": {"l": 2, "c": 1}, "geometry": {"type": "Point", "coordinates": [135.34447, 34.73808]}}, {"type": "Feature", "properties": {"l": 2, "c": 1}, "geometry": {"type": "Point", "coordinates": [135.23689, 34.83441]}}, {"type": "Feature", "properties": {"l": 2, "c": 1}, "geometry": {"type": "Point", "coordinates": [135.34675, 34.74826]}}, {"type": "Feature", "properties": {"l": 2, "c": 1}, "geometry": {"type": "Point", "coordinates": [135.24658, 34.82686]}}, {"type": "Feature", "properties": {"l": 2, "c": 1}, "geometry": {"type": "Point", "coordinates": [135.32859, 34.71691]}}, {"type": "Feature", "properties": {"l": 2, "c": 1}, "geometry": {"type": "Point", "coordinates": [135.36485, 34.7486]}}, {"type": "Feature", "properties": {"l": 2, "c": 1}, "geometry": {"type": "Point", "coordinates": [135.31045, 34.82432]}}, {"type": "Feature", "properties": {"l": 2, "c": 1}, "geometry": {"type": "Point", "coordinates": [135.33944, 34.73862]}}, {"type": "Feature", "properties": {"l": 2, "c": 1}, "geometry": {"type": "Point", "coordinates": [135.35619, 34.73658]}}, {"type": "Feature", "properties": {"l": 2, "c": 1}, "geometry": {"type": "Point", "coordinates": [135.36525, 34.71587]}}, {"type": "Feature", "properties": {"l": 2, "c": 1}, "geometry": {"type": "Point", "coordinates": [135.37019, 34.73395]}}, {"type": "Feature", "properties": {"l": 2, "c": 1}, "geometry": {"type": "Point", "coordinates": [135.37383, 34.73326]}}, {"type": "Feature", "properties": {"l": 2, "c": 1}, "geometry": {"type": "Point", "coordinates": [135.36868, 34.73438]}}, {"type": "Feature", "properties": {"l": 2, "c": 1}, "geometry": {"type": "Point", "coordinates": [135.36316, 34.6978]}}, {"type": "Feature", "properties": {"l": 2, "c": 1}, "geometry": {"type": "Point", "coordinates": [135.36541, 34.70228]}}, {"type": "Feature", "properties": {"l": 2, "c": 1}, "geometry": {"type": "Point", "coordinates": [135.36663, 34.71513]}}, {"type": "Feature", "properties": {"l": 2, "c": 1}, "geometry": {"type": "Point", "coordinates": [135.37509, 34.7194]}}, {"type": "Feature", "properties": {"l": 2, "c": 1}, "geometry": {"type": "Point", "coordinates": [135.36573, 34.69981]}}, {"type": "Feature", "properties": {"l": 2, "c": 3}, "geometry": {"type": "Point", "coordinates": [135.40476, 34.72389]}}, {"type": "Feature", "properties": {"l": 2, "c": 3}, "geometry": {"type": "Point", "coordinates": [135.40732, 34.72332]}}, {"type": "Feature", "properties": {"l": 2, "c": 3}, "geometry": {"type": "Point", "coordinates": [135.41719, 34.71411]}}, {"type": "Feature", "properties": {"l": 2, "c": 3}, "geometry": {"type": "Point", "coordinates": [135.42357, 34.71312]}}, {"type": "Feature", "properties": {"l": 2, "c": 3}, "geometry": {"type": "Point", "coordinates": [135.4217, 34.71987]}}, {"type": "Feature", "properties": {"l": 2, "c": 3}, "geometry": {"type": "Point", "coordinates": [135.39463, 34.72771]}}, {"type": "Feature", "properties": {"l": 2, "c": 3}, "geometry": {"type": "Point", "coordinates": [135.39236, 34.72866]}}, {"type": "Feature", "properties": {"l": 2, "c": 3}, "geometry": {"type": "Point", "coordinates": [135.38851, 34.72988]}}, {"type": "Feature", "properties": {"l": 2, "c": 3}, "geometry": {"type": "Point", "coordinates": [135.38678, 34.73397]}}, {"type": "Feature", "properties": {"l": 2, "c": 3}, "geometry": {"type": "Point", "coordinates": [135.38678, 34.73529]}}, {"type": "Feature", "properties": {"l": 2, "c": 3}, "geometry": {"type": "Point", "coordinates": [135.3866, 34.73783]}}, {"type": "Feature", "properties": {"l": 2, "c": 3}, "geometry": {"type": "Point", "coordinates": [135.41226, 34.73059]}}, {"type": "Feature", "properties": {"l": 2, "c": 3}, "geometry": {"type": "Point", "coordinates": [135.39893, 34.72579]}}, {"type": "Feature", "properties": {"l": 2, "c": 3}, "geometry": {"type": "Point", "coordinates": [135.41192, 34.73214]}}, {"type": "Feature", "properties": {"l": 2, "c": 3}, "geometry": {"type": "Point", "coordinates": [135.43339, 34.74431]}}, {"type": "Feature", "properties": {"l": 2, "c": 3}, "geometry": {"type": "Point", "coordinates": [135.43227, 34.74392]}}, {"type": "Feature", "properties": {"l": 2, "c": 3}, "geometry": {"type": "Point", "coordinates": [135.431, 34.74381]}}, {"type": "Feature", "properties": {"l": 2, "c": 3}, "geometry": {"type": "Point", "coordinates": [135.42969, 34.74381]}}, {"type": "Feature", "properties": {"l": 2, "c": 3}, "geometry": {"type": "Point", "coordinates": [135.43676, 34.71951]}}, {"type": "Feature", "properties": {"l": 2, "c": 3}, "geometry": {"type": "Point", "coordinates": [135.43221, 34.71955]}}, {"type": "Feature", "properties": {"l": 2, "c": 3}, "geometry": {"type": "Point", "coordinates": [135.43506, 34.74325]}}, {"type": "Feature", "properties": {"l": 2, "c": 3}, "geometry": {"type": "Point", "coordinates": [135.43724, 34.7384]}}, {"type": "Feature", "properties": {"l": 2, "c": 3}, "geometry": {"type": "Point", "coordinates": [135.4271, 34.71728]}}, {"type": "Feature", "properties": {"l": 2, "c": 3}, "geometry": {"type": "Point", "coordinates": [135.44552, 34.73385]}}, {"type": "Feature", "properties": {"l": 2, "c": 3}, "geometry": {"type": "Point", "coordinates": [135.44126, 34.73768]}}, {"type": "Feature", "properties": {"l": 2, "c": 3}, "geometry": {"type": "Point", "coordinates": [135.44161, 34.71953]}}, {"type": "Feature", "properties": {"l": 2, "c": 3}, "geometry": {"type": "Point", "coordinates": [135.4334, 34.73286]}}, {"type": "Feature", "properties": {"l": 2, "c": 3}, "geometry": {"type": "Point", "coordinates": [135.43218, 34.73349]}}, {"type": "Feature", "properties": {"l": 2, "c": 3}, "geometry": {"type": "Point", "coordinates": [135.45406, 34.743]}}, {"type": "Feature", "properties": {"l": 2, "c": 3}, "geometry": {"type": "Point", "coordinates": [135.45598, 34.74292]}}, {"type": "Feature", "properties": {"l": 2, "c": 3}, "geometry": {"type": "Point", "coordinates": [135.45716, 34.74296]}}, {"type": "Feature", "properties": {"l": 2, "c": 3}, "geometry": {"type": "Point", "coordinates": [135.42867, 34.73287]}}, {"type": "Feature", "properties": {"l": 2, "c": 3}, "geometry": {"type": "Point", "coordinates": [135.42628, 34.73361]}}, {"type": "Feature", "properties": {"l": 2, "c": 3}, "geometry": {"type": "Point", "coordinates": [135.4256, 34.73466]}}, {"type": "Feature", "properties": {"l": 2, "c": 3}, "geometry": {"type": "Point", "coordinates": [135.43519, 34.73564]}}, {"type": "Feature", "properties": {"l": 2, "c": 3}, "geometry": {"type": "Point", "coordinates": [135.4227, 34.73693]}}, {"type": "Feature", "properties": {"l": 2, "c": 3}, "geometry": {"type": "Point", "coordinates": [135.42569, 34.73671]}}, {"type": "Feature", "properties": {"l": 2, "c": 3}, "geometry": {"type": "Point", "coordinates": [135.42463, 34.73707]}}, {"type": "Feature", "properties": {"l": 2, "c": 3}, "geometry": {"type": "Point", "coordinates": [135.43993, 34.7325]}}, {"type": "Feature", "properties": {"l": 2, "c": 3}, "geometry": {"type": "Point", "coordinates": [135.44078, 34.73258]}}, {"type": "Feature", "properties": {"l": 2, "c": 3}, "geometry": {"type": "Point", "coordinates": [135.43533, 34.74226]}}, {"type": "Feature", "properties": {"l": 2, "c": 3}, "geometry": {"type": "Point", "coordinates": [135.43604, 34.7408]}}, {"type": "Feature", "properties": {"l": 2, "c": 3}, "geometry": {"type": "Point", "coordinates": [135.43655, 34.7399]}}, {"type": "Feature", "properties": {"l": 2, "c": 3}, "geometry": {"type": "Point", "coordinates": [135.4192, 34.74341]}}, {"type": "Feature", "properties": {"l": 2, "c": 3}, "geometry": {"type": "Point", "coordinates": [135.38087, 34.77143]}}, {"type": "Feature", "properties": {"l": 2, "c": 3}, "geometry": {"type": "Point", "coordinates": [135.42125, 34.75511]}}, {"type": "Feature", "properties": {"l": 2, "c": 3}, "geometry": {"type": "Point", "coordinates": [135.38382, 34.74466]}}, {"type": "Feature", "properties": {"l": 2, "c": 3}, "geometry": {"type": "Point", "coordinates": [135.42047, 34.76032]}}, {"type": "Feature", "properties": {"l": 2, "c": 3}, "geometry": {"type": "Point", "coordinates": [135.42029, 34.76198]}}, {"type": "Feature", "properties": {"l": 2, "c": 3}, "geometry": {"type": "Point", "coordinates": [135.42046, 34.76375]}}, {"type": "Feature", "properties": {"l": 2, "c": 3}, "geometry": {"type": "Point", "coordinates": [135.42036, 34.7644]}}, {"type": "Feature", "properties": {"l": 2, "c": 3}, "geometry": {"type": "Point", "coordinates": [135.39357, 34.74457]}}, {"type": "Feature", "properties": {"l": 2, "c": 3}, "geometry": {"type": "Point", "coordinates": [135.41507, 34.74382]}}, {"type": "Feature", "properties": {"l": 2, "c": 4}, "geometry": {"type": "Point", "coordinates": [135.42584, 34.79961]}}, {"type": "Feature", "properties": {"l": 2, "c": 4}, "geometry": {"type": "Point", "coordinates": [135.41816, 34.77891]}}, {"type": "Feature", "properties": {"l": 2, "c": 4}, "geometry": {"type": "Point", "coordinates": [135.41549, 34.7951]}}, {"type": "Feature", "properties": {"l": 2, "c": 4}, "geometry": {"type": "Point", "coordinates": [135.41444, 34.79779]}}, {"type": "Feature", "properties": {"l": 2, "c": 4}, "geometry": {"type": "Point", "coordinates": [135.37493, 34.78941]}}, {"type": "Feature", "properties": {"l": 2, "c": 4}, "geometry": {"type": "Point", "coordinates": [135.39012, 34.79004]}}, {"type": "Feature", "properties": {"l": 2, "c": 6}, "geometry": {"type": "Point", "coordinates": [135.41281, 34.80156]}}, {"type": "Feature", "properties": {"l": 2, "c": 4}, "geometry": {"type": "Point", "coordinates": [135.41318, 34.80055]}}, {"type": "Feature", "properties": {"l": 2, "c": 4}, "geometry": {"type": "Point", "coordinates": [135.38132, 34.78907]}}, {"type": "Feature", "properties": {"l": 2, "c": 4}, "geometry": {"type": "Point", "coordinates": [135.38047, 34.78985]}}, {"type": "Feature", "properties": {"l": 2, "c": 4}, "geometry": {"type": "Point", "coordinates": [135.415, 34.79623]}}, {"type": "Feature", "properties": {"l": 2, "c": 4}, "geometry": {"type": "Point", "coordinates": [135.40713, 34.7808]}}, {"type": "Feature", "properties": {"l": 2, "c": 4}, "geometry": {"type": "Point", "coordinates": [135.38761, 34.79687]}}, {"type": "Feature", "properties": {"l": 2, "c": 4}, "geometry": {"type": "Point", "coordinates": [135.41961, 34.76952]}}, {"type": "Feature", "properties": {"l": 2, "c": 4}, "geometry": {"type": "Point", "coordinates": [135.41929, 34.77157]}}, {"type": "Feature", "properties": {"l": 2, "c": 4}, "geometry": {"type": "Point", "coordinates": [135.41893, 34.77313]}}, {"type": "Feature", "properties": {"l": 2, "c": 4}, "geometry": {"type": "Point", "coordinates": [135.41873, 34.77461]}}, {"type": "Feature", "properties": {"l": 2, "c": 4}, "geometry": {"type": "Point", "coordinates": [135.41825, 34.77794]}}, {"type": "Feature", "properties": {"l": 2, "c": 4}, "geometry": {"type": "Point", "coordinates": [135.38694, 34.80029]}}, {"type": "Feature", "properties": {"l": 2, "c": 4}, "geometry": {"type": "Point", "coordinates": [135.38408, 34.80478]}}, {"type": "Feature", "properties": {"l": 2, "c": 4}, "geometry": {"type": "Point", "coordinates": [135.38527, 34.80265]}}, {"type": "Feature", "properties": {"l": 2, "c": 4}, "geometry": {"type": "Point", "coordinates": [135.38652, 34.80098]}}, {"type": "Feature", "properties": {"l": 2, "c": 4}, "geometry": {"type": "Point", "coordinates": [135.39403, 34.80171]}}, {"type": "Feature", "properties": {"l": 2, "c": 4}, "geometry": {"type": "Point", "coordinates": [135.38766, 34.79755]}}, {"type": "Feature", "properties": {"l": 2, "c": 4}, "geometry": {"type": "Point", "coordinates": [135.41849, 34.77538]}}, {"type": "Feature", "properties": {"l": 2, "c": 4}, "geometry": {"type": "Point", "coordinates": [135.38995, 34.80037]}}, {"type": "Feature", "properties": {"l": 2, "c": 4}, "geometry": {"type": "Point", "coordinates": [135.40602, 34.78928]}}, {"type": "Feature", "properties": {"l": 2, "c": 4}, "geometry": {"type": "Point", "coordinates": [135.38073, 34.81057]}}, {"type": "Feature", "properties": {"l": 2, "c": 4}, "geometry": {"type": "Point", "coordinates": [135.38698, 34.794]}}, {"type": "Feature", "properties": {"l": 2, "c": 4}, "geometry": {"type": "Point", "coordinates": [135.40307, 34.77981]}}, {"type": "Feature", "properties": {"l": 2, "c": 4}, "geometry": {"type": "Point", "coordinates": [135.38558, 34.79859]}}, {"type": "Feature", "properties": {"l": 2, "c": 4}, "geometry": {"type": "Point", "coordinates": [135.38494, 34.79821]}}, {"type": "Feature", "properties": {"l": 2, "c": 4}, "geometry": {"type": "Point", "coordinates": [135.39684, 34.78227]}}, {"type": "Feature", "properties": {"l": 2, "c": 4}, "geometry": {"type": "Point", "coordinates": [135.39609, 34.78329]}}, {"type": "Feature", "properties": {"l": 2, "c": 4}, "geometry": {"type": "Point", "coordinates": [135.3979, 34.78044]}}, {"type": "Feature", "properties": {"l": 2, "c": 4}, "geometry": {"type": "Point", "coordinates": [135.39857, 34.77904]}}, {"type": "Feature", "properties": {"l": 2, "c": 4}, "geometry": {"type": "Point", "coordinates": [135.38456, 34.77942]}}, {"type": "Feature", "properties": {"l": 2, "c": 4}, "geometry": {"type": "Point", "coordinates": [135.38428, 34.78314]}}, {"type": "Feature", "properties": {"l": 2, "c": 4}, "geometry": {"type": "Point", "coordinates": [135.41712, 34.78658]}}, {"type": "Feature", "properties": {"l": 2, "c": 4}, "geometry": {"type": "Point", "coordinates": [135.38483, 34.77451]}}, {"type": "Feature", "properties": {"l": 2, "c": 4}, "geometry": {"type": "Point", "coordinates": [135.38429, 34.78395]}}, {"type": "Feature", "properties": {"l": 2, "c": 4}, "geometry": {"type": "Point", "coordinates": [135.39447, 34.77776]}}, {"type": "Feature", "properties": {"l": 2, "c": 4}, "geometry": {"type": "Point", "coordinates": [135.41952, 34.77056]}}, {"type": "Feature", "properties": {"l": 2, "c": 4}, "geometry": {"type": "Point", "coordinates": [135.40924, 34.78243]}}, {"type": "Feature", "properties": {"l": 2, "c": 4}, "geometry": {"type": "Point", "coordinates": [135.40992, 34.78096]}}, {"type": "Feature", "properties": {"l": 2, "c": 4}, "geometry": {"type": "Point", "coordinates": [135.42095, 34.79905]}}, {"type": "Feature", "properties": {"l": 2, "c": 6}, "geometry": {"type": "Point", "coordinates": [135.41725, 34.87093]}}, {"type": "Feature", "properties": {"l": 2, "c": 6}, "geometry": {"type": "Point", "coordinates": [135.40374, 34.81147]}}, {"type": "Feature", "properties": {"l": 2, "c": 6}, "geometry": {"type": "Point", "coordinates": [135.39505, 34.86419]}}, {"type": "Feature", "properties": {"l": 2, "c": 6}, "geometry": {"type": "Point", "coordinates": [135.41386, 34.82791]}}, {"type": "Feature", "properties": {"l": 2, "c": 6}, "geometry": {"type": "Point", "coordinates": [135.41214, 34.82045]}}, {"type": "Feature", "properties": {"l": 2, "c": 6}, "geometry": {"type": "Point", "coordinates": [135.41151, 34.81591]}}, {"type": "Feature", "properties": {"l": 2, "c": 6}, "geometry": {"type": "Point", "coordinates": [135.41132, 34.81414]}}, {"type": "Feature", "properties": {"l": 2, "c": 6}, "geometry": {"type": "Point", "coordinates": [135.38554, 34.87787]}}, {"type": "Feature", "properties": {"l": 2, "c": 6}, "geometry": {"type": "Point", "coordinates": [135.39065, 34.86945]}}, {"type": "Feature", "properties": {"l": 2, "c": 6}, "geometry": {"type": "Point", "coordinates": [135.41188, 34.81911]}}, {"type": "Feature", "properties": {"l": 2, "c": 6}, "geometry": {"type": "Point", "coordinates": [135.38882, 34.87109]}}, {"type": "Feature", "properties": {"l": 2, "c": 6}, "geometry": {"type": "Point", "coordinates": [135.41184, 34.81789]}}, {"type": "Feature", "properties": {"l": 2, "c": 6}, "geometry": {"type": "Point", "coordinates": [135.41661, 34.85595]}}, {"type": "Feature", "properties": {"l": 2, "c": 6}, "geometry": {"type": "Point", "coordinates": [135.4154, 34.83503]}}, {"type": "Feature", "properties": {"l": 2, "c": 6}, "geometry": {"type": "Point", "coordinates": [135.41325, 34.84015]}}, {"type": "Feature", "properties": {"l": 2, "c": 6}, "geometry": {"type": "Point", "coordinates": [135.4124, 34.84248]}}, {"type": "Feature", "properties": {"l": 2, "c": 6}, "geometry": {"type": "Point", "coordinates": [135.4122, 34.84314]}}, {"type": "Feature", "properties": {"l": 2, "c": 6}, "geometry": {"type": "Point", "coordinates": [135.41152, 34.80848]}}, {"type": "Feature", "properties": {"l": 2, "c": 6}, "geometry": {"type": "Point", "coordinates": [135.39768, 34.90383]}}, {"type": "Feature", "properties": {"l": 2, "c": 6}, "geometry": {"type": "Point", "coordinates": [135.38179, 34.88169]}}, {"type": "Feature", "properties": {"l": 2, "c": 6}, "geometry": {"type": "Point", "coordinates": [135.41576, 34.86698]}}, {"type": "Feature", "properties": {"l": 2, "c": 6}, "geometry": {"type": "Point", "coordinates": [135.41521, 34.86562]}}, {"type": "Feature", "properties": {"l": 2, "c": 6}, "geometry": {"type": "Point", "coordinates": [135.41614, 34.85914]}}, {"type": "Feature", "properties": {"l": 2, "c": 6}, "geometry": {"type": "Point", "coordinates": [135.41566, 34.86082]}}, {"type": "Feature", "properties": {"l": 2, "c": 6}, "geometry": {"type": "Point", "coordinates": [135.41122, 34.81114]}}, {"type": "Feature", "properties": {"l": 2, "c": 6}, "geometry": {"type": "Point", "coordinates": [135.41112, 34.81121]}}, {"type": "Feature", "properties": {"l": 2, "c": 6}, "geometry": {"type": "Point", "coordinates": [135.41202, 34.84823]}}, {"type": "Feature", "properties": {"l": 2, "c": 6}, "geometry": {"type": "Point", "coordinates": [135.41516, 34.83643]}}, {"type": "Feature", "properties": {"l": 2, "c": 6}, "geometry": {"type": "Point", "coordinates": [135.39169, 34.86843]}}, {"type": "Feature", "properties": {"l": 2, "c": 6}, "geometry": {"type": "Point", "coordinates": [135.40743, 34.89502]}}, {"type": "Feature", "properties": {"l": 2, "c": 6}, "geometry": {"type": "Point", "coordinates": [135.40797, 34.89171]}}, {"type": "Feature", "properties": {"l": 2, "c": 6}, "geometry": {"type": "Point", "coordinates": [135.41537, 34.88352]}}, {"type": "Feature", "properties": {"l": 2, "c": 6}, "geometry": {"type": "Point", "coordinates": [135.4087, 34.89008]}}, {"type": "Feature", "properties": {"l": 2, "c": 6}, "geometry": {"type": "Point", "coordinates": [135.40921, 34.8892]}}, {"type": "Feature", "properties": {"l": 2, "c": 6}, "geometry": {"type": "Point", "coordinates": [135.40765, 34.89671]}}, {"type": "Feature", "properties": {"l": 2, "c": 6}, "geometry": {"type": "Point", "coordinates": [135.41077, 34.85144]}}, {"type": "Feature", "properties": {"l": 2, "c": 6}, "geometry": {"type": "Point", "coordinates": [135.38502, 34.88394]}}, {"type": "Feature", "properties": {"l": 2, "c": 6}, "geometry": {"type": "Point", "coordinates": [135.38759, 34.88513]}}, {"type": "Feature", "properties": {"l": 2, "c": 6}, "geometry": {"type": "Point", "coordinates": [135.41487, 34.83348]}}, {"type": "Feature", "properties": {"l": 2, "c": 6}, "geometry": {"type": "Point", "coordinates": [135.40608, 34.90064]}}, {"type": "Feature", "properties": {"l": 2, "c": 6}, "geometry": {"type": "Point", "coordinates": [135.42048, 34.87772]}}, {"type": "Feature", "properties": {"l": 2, "c": 2}, "geometry": {"type": "Point", "coordinates": [135.35506, 34.80699]}}, {"type": "Feature", "properties": {"l": 2, "c": 2}, "geometry": {"type": "Point", "coordinates": [135.3683, 34.8315]}}, {"type": "Feature", "properties": {"l": 2, "c": 2}, "geometry": {"type": "Point", "coordinates": [135.33675, 34.81329]}}, {"type": "Feature", "properties": {"l": 2, "c": 2}, "geometry": {"type": "Point", "coordinates": [135.36483, 34.78778]}}, {"type": "Feature", "properties": {"l": 2, "c": 2}, "geometry": {"type": "Point", "coordinates": [135.36646, 34.78792]}}, {"type": "Feature", "properties": {"l": 2, "c": 2}, "geometry": {"type": "Point", "coordinates": [135.36777, 34.78793]}}, {"type": "Feature", "properties": {"l": 2, "c": 2}, "geometry": {"type": "Point", "coordinates": [135.35565, 34.79348]}}, {"type": "Feature", "properties": {"l": 2, "c": 2}, "geometry": {"type": "Point", "coordinates": [135.35629, 34.79204]}}, {"type": "Feature", "properties": {"l": 2, "c": 2}, "geometry": {"type": "Point", "coordinates": [135.35807, 34.7878]}}, {"type": "Feature", "properties": {"l": 2, "c": 2}, "geometry": {"type": "Point", "coordinates": [135.35844, 34.78602]}}, {"type": "Feature", "properties": {"l": 2, "c": 2}, "geometry": {"type": "Point", "coordinates": [135.35787, 34.78275]}}, {"type": "Feature", "properties": {"l": 2, "c": 2}, "geometry": {"type": "Point", "coordinates": [135.3592, 34.7992]}}, {"type": "Feature", "properties": {"l": 2, "c": 2}, "geometry": {"type": "Point", "coordinates": [135.37209, 34.79729]}}, {"type": "Feature", "properties": {"l": 2, "c": 2}, "geometry": {"type": "Point", "coordinates": [135.37273, 34.7966]}}, {"type": "Feature", "properties": {"l": 2, "c": 7}, "geometry": {"type": "Point", "coordinates": [135.43514, 34.81094]}}, {"type": "Feature", "properties": {"l": 2, "c": 7}, "geometry": {"type": "Point", "coordinates": [135.43149, 34.81099]}}, {"type": "Feature", "properties": {"l": 2, "c": 7}, "geometry": {"type": "Point", "coordinates": [135.42637, 34.83739]}}, {"type": "Feature", "properties": {"l": 2, "c": 7}, "geometry": {"type": "Point", "coordinates": [135.43158, 34.81759]}}, {"type": "Feature", "properties": {"l": 2, "c": 7}, "geometry": {"type": "Point", "coordinates": [135.43162, 34.81626]}}, {"type": "Feature", "properties": {"l": 2, "c": 7}, "geometry": {"type": "Point", "coordinates": [135.43155, 34.81426]}}, {"type": "Feature", "properties": {"l": 2, "c": 7}, "geometry": {"type": "Point", "coordinates": [135.4313, 34.80648]}}, {"type": "Feature", "properties": {"l": 2, "c": 7}, "geometry": {"type": "Point", "coordinates": [135.43131, 34.80577]}}, {"type": "Feature", "properties": {"l": 2, "c": 7}, "geometry": {"type": "Point", "coordinates": [135.42205, 34.84597]}}, {"type": "Feature", "properties": {"l": 2, "c": 7}, "geometry": {"type": "Point", "coordinates": [135.41947, 34.84923]}}, {"type": "Feature", "properties": {"l": 5, "c": 0, "n": 4}, "geometry": {"type": "LineString", "coordinates": [[135.2768, 34.70734], [135.2766, 34.70696]]}}, {"type": "Feature", "properties": {"l": 0, "c": 0, "n": 4}, "geometry": {"type": "Point", "coordinates": [135.2766, 34.70696]}}, {"type": "Feature", "properties": {"l": 5, "c": 0, "n": 3}, "geometry": {"type": "LineString", "coordinates": [[135.24744, 34.70859], [135.24724, 34.70817], [135.24782, 34.70874], [135.24846, 34.70874]]}}, {"type": "Feature", "properties": {"l": 0, "c": 0, "n": 3, "o": 1, "r": 0}, "geometry": {"type": "Point", "coordinates": [135.24744, 34.70859]}}, {"type": "Feature", "properties": {"l": 5, "c": 0, "n": 3}, "geometry": {"type": "LineString", "coordinates": [[135.26653, 34.72032], [135.26716, 34.72051], [135.26676, 34.72053]]}}, {"type": "Feature", "properties": {"l": 0, "c": 0, "n": 3, "o": 2, "r": 1}, "geometry": {"type": "Point", "coordinates": [135.26676, 34.72053]}}, {"type": "Feature", "properties": {"l": 5, "c": 0, "n": 3}, "geometry": {"type": "LineString", "coordinates": [[135.26635, 34.72021], [135.26613, 34.7201], [135.2666, 34.72004]]}}, {"type": "Feature", "properties": {"l": 0, "c": 0, "n": 3, "o": 2, "r": 1}, "geometry": {"type": "Point", "coordinates": [135.2666, 34.72004]}}, {"type": "Feature", "properties": {"l": 5, "c": 0, "n": 4}, "geometry": {"type": "LineString", "coordinates": [[135.26049, 34.70635], [135.26053, 34.70598], [135.26011, 34.70681], [135.26112, 34.70648]]}}, {"type": "Feature", "properties": {"l": 0, "c": 0, "n": 4, "o": 2}, "geometry": {"type": "Point", "coordinates": [135.26112, 34.70648]}}, {"type": "Feature", "properties": {"l": 5, "c": 0, "n": 4}, "geometry": {"type": "LineString", "coordinates": [[135.26047, 34.70858], [135.26132, 34.70822]]}}, {"type": "Feature", "properties": {"l": 0, "c": 0, "n": 4}, "geometry": {"type": "Point", "coordinates": [135.26132, 34.70822]}}, {"type": "Feature", "properties": {"l": 5, "c": 0, "n": 4, "k": 25}, "geometry": {"type": "LineString", "coordinates": [[135.25227, 34.72193], [135.25266, 34.72144]]}}, {"type": "Feature", "properties": {"l": 0, "c": 0, "n": 4, "k": 25, "o": 2, "r": 2}, "geometry": {"type": "Point", "coordinates": [135.25266, 34.72144]}}, {"type": "Feature", "properties": {"l": 5, "c": 0, "n": 4}, "geometry": {"type": "LineString", "coordinates": [[135.27461, 34.72259], [135.27401, 34.72252]]}}, {"type": "Feature", "properties": {"l": 0, "c": 0, "n": 4, "o": 2, "r": 1}, "geometry": {"type": "Point", "coordinates": [135.27401, 34.72252]}}, {"type": "Feature", "properties": {"l": 5, "c": 0, "n": 3}, "geometry": {"type": "LineString", "coordinates": [[135.26363, 34.71899], [135.26307, 34.71902]]}}, {"type": "Feature", "properties": {"l": 0, "c": 0, "n": 3, "o": 2, "r": 1}, "geometry": {"type": "Point", "coordinates": [135.26307, 34.71902]}}, {"type": "Feature", "properties": {"l": 5, "c": 0, "n": 4}, "geometry": {"type": "LineString", "coordinates": [[135.26107, 34.71821], [135.26037, 34.71782]]}}, {"type": "Feature", "properties": {"l": 0, "c": 0, "n": 4, "o": 2, "r": 1}, "geometry": {"type": "Point", "coordinates": [135.26037, 34.71782]}}, {"type": "Feature", "properties": {"l": 5, "c": 0, "n": 4}, "geometry": {"type": "LineString", "coordinates": [[135.2539, 34.7164], [135.25404, 34.71689]]}}, {"type": "Feature", "properties": {"l": 0, "c": 0, "n": 4, "o": 2, "r": 1}, "geometry": {"type": "Point", "coordinates": [135.25404, 34.71689]}}, {"type": "Feature", "properties": {"l": 5, "c": 0, "n": 3}, "geometry": {"type": "LineString", "coordinates": [[135.28783, 34.72659], [135.2884, 34.72697], [135.2875, 34.72677]]}}, {"type": "Feature", "properties": {"l": 0, "c": 0, "n": 3, "o": 2, "r": 1}, "geometry": {"type": "Point", "coordinates": [135.2875, 34.72677]}}, {"type": "Feature", "properties": {"l": 5, "c": 0, "n": 3}, "geometry": {"type": "LineString", "coordinates": [[135.29054, 34.72098], [135.29066, 34.72073], [135.29111, 34.72056], [135.29132, 34.72066]]}}, {"type": "Feature", "properties": {"l": 0, "c": 0, "n": 3, "o": 2, "r": 3}, "geometry": {"type": "Point", "coordinates": [135.29132, 34.72066]}}, {"type": "Feature", "properties": {"l": 5, "c": 0, "n": 4}, "geometry": {"type": "LineString", "coordinates": [[135.28627, 34.71784], [135.2861, 34.71878]]}}, {"type": "Feature", "properties": {"l": 0, "c": 0, "n": 4, "o": 2, "r": 4}, "geometry": {"type": "Point", "coordinates": [135.2861, 34.71878]}}, {"type": "Feature", "properties": {"l": 5, "c": 0, "n": 4}, "geometry": {"type": "LineString", "coordinates": [[135.27792, 34.71447], [135.27807, 34.71418], [135.27841, 34.71394]]}}, {"type": "Feature", "properties": {"l": 0, "c": 0, "n": 4, "o": 2, "r": 3}, "geometry": {"type": "Point", "coordinates": [135.27841, 34.71394]}}, {"type": "Feature", "properties": {"l": 5, "c": 0, "n": 3}, "geometry": {"type": "LineString", "coordinates": [[135.25957, 34.71127], [135.26042, 34.71109]]}}, {"type": "Feature", "properties": {"l": 0, "c": 0, "n": 3, "o": 3, "r": 3}, "geometry": {"type": "Point", "coordinates": [135.26042, 34.71109]}}, {"type": "Feature", "properties": {"l": 5, "c": 0, "n": 4}, "geometry": {"type": "LineString", "coordinates": [[135.2553, 34.71107], [135.25631, 34.71081]]}}, {"type": "Feature", "properties": {"l": 0, "c": 0, "n": 4, "o": 2, "r": 5}, "geometry": {"type": "Point", "coordinates": [135.25631, 34.71081]}}, {"type": "Feature", "properties": {"l": 5, "c": 0, "n": 4}, "geometry": {"type": "LineString", "coordinates": [[135.24715, 34.71095], [135.24728, 34.71014]]}}, {"type": "Feature", "properties": {"l": 0, "c": 0, "n": 4, "o": 2, "r": 3}, "geometry": {"type": "Point", "coordinates": [135.24728, 34.71014]}}, {"type": "Feature", "properties": {"l": 5, "c": 0, "n": 3, "k": 29}, "geometry": {"type": "LineString", "coordinates": [[135.29203, 34.72116], [135.29251, 34.72136], [135.29288, 34.72134]]}}, {"type": "Feature", "properties": {"l": 0, "c": 0, "n": 3, "k": 29, "o": 2, "r": 3}, "geometry": {"type": "Point", "coordinates": [135.29288, 34.72134]}}, {"type": "Feature", "properties": {"l": 5, "c": 0, "n": 4, "k": 25}, "geometry": {"type": "LineString", "coordinates": [[135.28572, 34.72935], [135.28679, 34.72955]]}}, {"type": "Feature", "properties": {"l": 0, "c": 0, "n": 4, "k": 25, "o": 1, "r": 2}, "geometry": {"type": "Point", "coordinates": [135.28679, 34.72955]}}, {"type": "Feature", "properties": {"l": 5, "c": 0, "n": 4}, "geometry": {"type": "LineString", "coordinates": [[135.29881, 34.71166], [135.29864, 34.71132]]}}, {"type": "Feature", "properties": {"l": 0, "c": 0, "n": 4, "o": 3, "r": 6}, "geometry": {"type": "Point", "coordinates": [135.29864, 34.71132]}}, {"type": "Feature", "properties": {"l": 5, "c": 0, "n": 4}, "geometry": {"type": "LineString", "coordinates": [[135.2736, 34.69425], [135.27467, 34.69437], [135.2714, 34.69426], [135.27335, 34.69507], [135.27318, 34.69389]]}}, {"type": "Feature", "properties": {"l": 0, "c": 0, "n": 4, "o": 2, "r": 7}, "geometry": {"type": "Point", "coordinates": [135.27318, 34.69389]}}, {"type": "Feature", "properties": {"l": 5, "c": 0, "n": 3}, "geometry": {"type": "LineString", "coordinates": [[135.26099, 34.68803], [135.26105, 34.68759], [135.26021, 34.68831], [135.26096, 34.68932]]}}, {"type": "Feature", "properties": {"l": 0, "c": 0, "n": 3, "o": 4, "r": 8}, "geometry": {"type": "Point", "coordinates": [135.26099, 34.68803]}}, {"type": "Feature", "properties": {"l": 5, "c": 0, "n": 3, "k": 9}, "geometry": {"type": "LineString", "coordinates": [[135.26893, 34.69375], [135.26964, 34.69383], [135.26766, 34.69384], [135.26857, 34.69412]]}}, {"type": "Feature", "properties": {"l": 0, "c": 0, "n": 3, "k": 9, "o": 3, "r": 9}, "geometry": {"type": "Point", "coordinates": [135.26857, 34.69412]}}, {"type": "Feature", "properties": {"l": 5, "c": 0, "n": 4}, "geometry": {"type": "LineString", "coordinates": [[135.2651, 34.69335], [135.26551, 34.6934], [135.26412, 34.69352], [135.26479, 34.69413], [135.26491, 34.69267], [135.26479, 34.69413]]}}, {"type": "Feature", "properties": {"l": 0, "c": 0, "n": 4}, "geometry": {"type": "Point", "coordinates": [135.26479, 34.69413]}}, {"type": "Feature", "properties": {"l": 5, "c": 0, "n": 3}, "geometry": {"type": "LineString", "coordinates": [[135.26155, 34.68545], [135.26147, 34.686], [135.26069, 34.68505], [135.26145, 34.68476]]}}, {"type": "Feature", "properties": {"l": 0, "c": 0, "n": 3, "o": 4, "r": 8}, "geometry": {"type": "Point", "coordinates": [135.26145, 34.68476]}}, {"type": "Feature", "properties": {"l": 5, "c": 0, "n": 3}, "geometry": {"type": "LineString", "coordinates": [[135.26827, 34.68313], [135.26821, 34.68348], [135.26858, 34.68284]]}}, {"type": "Feature", "properties": {"l": 0, "c": 0, "n": 3, "o": 2, "r": 10}, "geometry": {"type": "Point", "coordinates": [135.26858, 34.68284]}}, {"type": "Feature", "properties": {"l": 5, "c": 0, "n": 3}, "geometry": {"type": "LineString", "coordinates": [[135.27866, 34.68396], [135.27905, 34.684], [135.27823, 34.68499], [135.27724, 34.68397]]}}, {"type": "Feature", "properties": {"l": 0, "c": 0, "n": 3, "o": 2, "r": 10}, "geometry": {"type": "Point", "coordinates": [135.27724, 34.68397]}}, {"type": "Feature", "properties": {"l": 5, "c": 0, "n": 3, "k": 26}, "geometry": {"type": "LineString", "coordinates": [[135.2773, 34.69477], [135.27625, 34.69478]]}}, {"type": "Feature", "properties": {"l": 0, "c": 0, "n": 3, "k": 26, "o": 4, "r": 11}, "geometry": {"type": "Point", "coordinates": [135.27625, 34.69478]}}, {"type": "Feature", "properties": {"l": 5, "c": 0, "n": 3}, "geometry": {"type": "LineString", "coordinates": [[135.27659, 34.68362], [135.27664, 34.68321], [135.27589, 34.68382], [135.27676, 34.68375]]}}, {"type": "Feature", "properties": {"l": 0, "c": 0, "n": 3, "o": 2, "r": 10}, "geometry": {"type": "Point", "coordinates": [135.27676, 34.68375]}}, {"type": "Feature", "properties": {"l": 5, "c": 0, "n": 4}, "geometry": {"type": "LineString", "coordinates": [[135.25694, 34.7226], [135.25703, 34.7221]]}}, {"type": "Feature", "properties": {"l": 0, "c": 0, "n": 4, "o": 2, "r": 2}, "geometry": {"type": "Point", "coordinates": [135.25703, 34.7221]}}, {"type": "Feature", "properties": {"l": 5, "c": 0, "n": 4}, "geometry": {"type": "LineString", "coordinates": [[135.26026, 34.69209], [135.26031, 34.69182], [135.261, 34.69264], [135.25972, 34.69259], [135.26, 34.69319]]}}, {"type": "Feature", "properties": {"l": 0, "c": 0, "n": 4}, "geometry": {"type": "Point", "coordinates": [135.26, 34.69319]}}, {"type": "Feature", "properties": {"l": 5, "c": 0, "n": 3}, "geometry": {"type": "LineString", "coordinates": [[135.26606, 34.69228], [135.26673, 34.69174]]}}, {"type": "Feature", "properties": {"l": 0, "c": 0, "n": 3, "o": 2, "r": 12}, "geometry": {"type": "Point", "coordinates": [135.26673, 34.69174]}}, {"type": "Feature", "properties": {"l": 5, "c": 0, "n": 3}, "geometry": {"type": "LineString", "coordinates": [[135.27017, 34.69272], [135.27153, 34.69278]]}}, {"type": "Feature", "properties": {"l": 0, "c": 0, "n": 3, "o": 2, "r": 13}, "geometry": {"type": "Point", "coordinates": [135.27153, 34.69278]}}, {"type": "Feature", "properties": {"l": 5, "c": 0, "n": 3}, "geometry": {"type": "LineString", "coordinates": [[135.26872, 34.69312], [135.2686, 34.69256]]}}, {"type": "Feature", "properties": {"l": 0, "c": 0, "n": 3, "o": 2, "r": 13}, "geometry": {"type": "Point", "coordinates": [135.2686, 34.69256]}}, {"type": "Feature", "properties": {"l": 5, "c": 0, "n": 4}, "geometry": {"type": "LineString", "coordinates": [[135.26427, 34.69357], [135.26529, 34.69358]]}}, {"type": "Feature", "properties": {"l": 0, "c": 0, "n": 4, "o": 3, "r": 11}, "geometry": {"type": "Point", "coordinates": [135.26529, 34.69358]}}, {"type": "Feature", "properties": {"l": 5, "c": 0, "n": 4}, "geometry": {"type": "LineString", "coordinates": [[135.24733, 34.72011], [135.24696, 34.71988]]}}, {"type": "Feature", "properties": {"l": 0, "c": 0, "n": 4, "o": 2, "r": 2}, "geometry": {"type": "Point", "coordinates": [135.24696, 34.71988]}}, {"type": "Feature", "properties": {"l": 5, "c": 0, "n": 4}, "geometry": {"type": "LineString", "coordinates": [[135.24097, 34.71246], [135.24048, 34.71251]]}}, {"type": "Feature", "properties": {"l": 0, "c": 0, "n": 4, "o": 2, "r": 1}, "geometry": {"type": "Point", "coordinates": [135.24048, 34.71251]}}, {"type": "Feature", "properties": {"l": 5, "c": 0, "n": 3}, "geometry": {"type": "LineString", "coordinates": [[135.22635, 34.7075], [135.22561, 34.70726]]}}, {"type": "Feature", "properties": {"l": 0, "c": 0, "n": 3, "o": 2, "r": 1}, "geometry": {"type": "Point", "coordinates": [135.22561, 34.70726]}}, {"type": "Feature", "properties": {"l": 5, "c": 0, "n": 3, "k": 12}, "geometry": {"type": "LineString", "coordinates": [[135.21863, 34.7095], [135.21789, 34.70935]]}}, {"type": "Feature", "properties": {"l": 0, "c": 0, "n": 3, "k": 12, "o": 3, "r": 2}, "geometry": {"type": "Point", "coordinates": [135.21789, 34.70935]}}, {"type": "Feature", "properties": {"l": 5, "c": 0, "n": 4}, "geometry": {"type": "LineString", "coordinates": [[135.24645, 34.71445], [135.24592, 34.71448]]}}, {"type": "Feature", "properties": {"l": 0, "c": 0, "n": 4, "o": 2, "r": 14}, "geometry": {"type": "Point", "coordinates": [135.24592, 34.71448]}}, {"type": "Feature", "properties": {"l": 5, "c": 0, "n": 4, "k": 20}, "geometry": {"type": "LineString", "coordinates": [[135.21774, 34.70922], [135.21757, 34.70947]]}}, {"type": "Feature", "properties": {"l": 0, "c": 0, "n": 4, "k": 20, "o": 3, "r": 2}, "geometry": {"type": "Point", "coordinates": [135.21757, 34.70947]}}, {"type": "Feature", "properties": {"l": 5, "c": 0, "n": 4}, "geometry": {"type": "LineString", "coordinates": [[135.22931, 34.71223], [135.2289, 34.71236]]}}, {"type": "Feature", "properties": {"l": 0, "c": 0, "n": 4}, "geometry": {"type": "Point", "coordinates": [135.2289, 34.71236]}}, {"type": "Feature", "properties": {"l": 5, "c": 0, "n": 4, "k": 14}, "geometry": {"type": "LineString", "coordinates": [[135.227, 34.7024], [135.22638, 34.70239]]}}, {"type": "Feature", "properties": {"l": 0, "c": 0, "n": 4, "k": 14, "o": 2, "r": 15}, "geometry": {"type": "Point", "coordinates": [135.22638, 34.70239]}}, {"type": "Feature", "properties": {"l": 5, "c": 0, "n": 4}, "geometry": {"type": "LineString", "coordinates": [[135.23102, 34.70901], [135.23063, 34.70911]]}}, {"type": "Feature", "properties": {"l": 0, "c": 0, "n": 4, "o": 2, "r": 1}, "geometry": {"type": "Point", "coordinates": [135.23063, 34.70911]}}, {"type": "Feature", "properties": {"l": 5, "c": 0, "n": 4}, "geometry": {"type": "LineString", "coordinates": [[135.22441, 34.70394], [135.22586, 34.70404], [135.22508, 34.70423], [135.22528, 34.70325]]}}, {"type": "Feature", "properties": {"l": 0, "c": 0, "n": 4, "o": 2, "r": 15}, "geometry": {"type": "Point", "coordinates": [135.22528, 34.70325]}}, {"type": "Feature", "properties": {"l": 5, "c": 0, "n": 3, "k": 33}, "geometry": {"type": "LineString", "coordinates": [[135.2489, 34.71578], [135.24877, 34.71539]]}}, {"type": "Feature", "properties": {"l": 0, "c": 0, "n": 3, "k": 33, "o": 2, "r": 1}, "geometry": {"type": "Point", "coordinates": [135.24877, 34.71539]}}, {"type": "Feature", "properties": {"l": 5, "c": 0, "n": 3, "k": 22}, "geometry": {"type": "LineString", "coordinates": [[135.2402, 34.72464], [135.24037, 34.72443], [135.24016, 34.72421], [135.24057, 34.72415]]}}, {"type": "Feature", "properties": {"l": 0, "c": 0, "n": 3, "k": 22, "o": 3, "r": 14}, "geometry": {"type": "Point", "coordinates": [135.24057, 34.72415]}}, {"type": "Feature", "properties": {"l": 5, "c": 0, "n": 4}, "geometry": {"type": "LineString", "coordinates": [[135.2418, 34.70942], [135.24193, 34.70903], [135.24167, 34.70965], [135.24219, 34.70971], [135.24165, 34.71009]]}}, {"type": "Feature", "properties": {"l": 0, "c": 0, "n": 4}, "geometry": {"type": "Point", "coordinates": [135.24165, 34.71009]}}, {"type": "Feature", "properties": {"l": 5, "c": 0, "n": 3, "k": 15}, "geometry": {"type": "LineString", "coordinates": [[135.22493, 34.71291], [135.2246, 34.71284]]}}, {"type": "Feature", "properties": {"l": 0, "c": 0, "n": 3, "k": 15, "o": 2, "r": 2}, "geometry": {"type": "Point", "coordinates": [135.2246, 34.71284]}}, {"type": "Feature", "properties": {"l": 5, "c": 0, "n": 3}, "geometry": {"type": "LineString", "coordinates": [[135.22814, 34.7139], [135.2278, 34.71365]]}}, {"type": "Feature", "properties": {"l": 0, "c": 0, "n": 3, "o": 3, "r": 2}, "geometry": {"type": "Point", "coordinates": [135.2278, 34.71365]}}, {"type": "Feature", "properties": {"l": 5, "c": 0, "n": 3}, "geometry": {"type": "LineString", "coordinates": [[135.21822, 34.70256], [135.21746, 34.70228]]}}, {"type": "Feature", "properties": {"l": 0, "c": 0, "n": 3, "o": 2, "r": 16}, "geometry": {"type": "Point", "coordinates": [135.21746, 34.70228]}}, {"type": "Feature", "properties": {"l": 5, "c": 0, "n": 3}, "geometry": {"type": "LineString", "coordinates": [[135.22342, 34.70144], [135.22267, 34.70136]]}}, {"type": "Feature", "properties": {"l": 0, "c": 0, "n": 3}, "geometry": {"type": "Point", "coordinates": [135.22267, 34.70136]}}, {"type": "Feature", "properties": {"l": 5, "c": 0, "n": 4}, "geometry": {"type": "LineString", "coordinates": [[135.23266, 34.72173], [135.23221, 34.72193]]}}, {"type": "Feature", "properties": {"l": 0, "c": 0, "n": 4, "o": 1, "r": 17}, "geometry": {"type": "Point", "coordinates": [135.23221, 34.72193]}}, {"type": "Feature", "properties": {"l": 5, "c": 0, "n": 4}, "geometry": {"type": "LineString", "coordinates": [[135.22641, 34.70968], [135.2263, 34.70948]]}}, {"type": "Feature", "properties": {"l": 0, "c": 0, "n": 4, "o": 1, "r": 18}, "geometry": {"type": "Point", "coordinates": [135.2263, 34.70948]}}, {"type": "Feature", "properties": {"l": 5, "c": 0, "n": 3}, "geometry": {"type": "LineString", "coordinates": [[135.24052, 34.71785], [135.24013, 34.71788]]}}, {"type": "Feature", "properties": {"l": 0, "c": 0, "n": 3, "o": 2, "r": 2}, "geometry": {"type": "Point", "coordinates": [135.24013, 34.71788]}}, {"type": "Feature", "properties": {"l": 5, "c": 0, "n": 4}, "geometry": {"type": "LineString", "coordinates": [[135.23871, 34.71732], [135.23827, 34.71739]]}}, {"type": "Feature", "properties": {"l": 0, "c": 0, "n": 4, "o": 1, "r": 19}, "geometry": {"type": "Point", "coordinates": [135.23827, 34.71739]}}, {"type": "Feature", "properties": {"l": 5, "c": 0, "n": 4}, "geometry": {"type": "LineString", "coordinates": [[135.23343, 34.71574], [135.23379, 34.71562]]}}, {"type": "Feature", "properties": {"l": 0, "c": 0, "n": 4, "o": 2, "r": 2}, "geometry": {"type": "Point", "coordinates": [135.23379, 34.71562]}}, {"type": "Feature", "properties": {"l": 5, "c": 0, "n": 4}, "geometry": {"type": "LineString", "coordinates": [[135.23099, 34.71485], [135.23029, 34.7147]]}}, {"type": "Feature", "properties": {"l": 0, "c": 0, "n": 4, "o": 2, "r": 2}, "geometry": {"type": "Point", "coordinates": [135.23029, 34.7147]}}, {"type": "Feature", "properties": {"l": 5, "c": 0, "n": 4}, "geometry": {"type": "LineString", "coordinates": [[135.24453, 34.71916], [135.24377, 34.71919]]}}, {"type": "Feature", "properties": {"l": 0, "c": 0, "n": 4, "o": 2, "r": 14}, "geometry": {"type": "Point", "coordinates": [135.24377, 34.71919]}}, {"type": "Feature", "properties": {"l": 5, "c": 0, "n": 3, "k": 37}, "geometry": {"type": "LineString", "coordinates": [[135.22776, 34.69799], [135.2274, 34.6984]]}}, {"type": "Feature", "properties": {"l": 0, "c": 0, "n": 3, "k": 37}, "geometry": {"type": "Point", "coordinates": [135.2274, 34.6984]}}, {"type": "Feature", "properties": {"l": 5, "c": 0, "n": 4, "k": 21}, "geometry": {"type": "LineString", "coordinates": [[135.22625, 34.69621], [135.22589, 34.69661]]}}, {"type": "Feature", "properties": {"l": 0, "c": 0, "n": 4, "k": 21, "o": 2, "r": 20}, "geometry": {"type": "Point", "coordinates": [135.22589, 34.69661]}}, {"type": "Feature", "properties": {"l": 5, "c": 0, "n": 3}, "geometry": {"type": "LineString", "coordinates": [[135.21235, 34.70033], [135.21193, 34.70078]]}}, {"type": "Feature", "properties": {"l": 0, "c": 0, "n": 3, "o": 5, "r": 1}, "geometry": {"type": "Point", "coordinates": [135.21193, 34.70078]}}, {"type": "Feature", "properties": {"l": 5, "c": 0, "n": 4}, "geometry": {"type": "LineString", "coordinates": [[135.19435, 34.69356], [135.19516, 34.69338]]}}, {"type": "Feature", "properties": {"l": 0, "c": 0, "n": 4, "o": 3, "r": 21}, "geometry": {"type": "Point", "coordinates": [135.19516, 34.69338]}}, {"type": "Feature", "properties": {"l": 5, "c": 0, "n": 3, "k": 13}, "geometry": {"type": "LineString", "coordinates": [[135.19517, 34.69148], [135.19531, 34.69164]]}}, {"type": "Feature", "properties": {"l": 0, "c": 0, "n": 3, "k": 13, "o": 5, "r": 22}, "geometry": {"type": "Point", "coordinates": [135.19531, 34.69164]}}, {"type": "Feature", "properties": {"l": 5, "c": 0, "n": 3, "k": 32}, "geometry": {"type": "LineString", "coordinates": [[135.19671, 34.68939], [135.19648, 34.68942]]}}, {"type": "Feature", "properties": {"l": 0, "c": 0, "n": 3, "k": 32, "o": 3, "r": 22}, "geometry": {"type": "Point", "coordinates": [135.19648, 34.68942]}}, {"type": "Feature", "properties": {"l": 5, "c": 0, "n": 4}, "geometry": {"type": "LineString", "coordinates": [[135.1967, 34.69386], [135.19638, 34.69462]]}}, {"type": "Feature", "properties": {"l": 0, "c": 0, "n": 4, "o": 2, "r": 23}, "geometry": {"type": "Point", "coordinates": [135.19638, 34.69462]}}, {"type": "Feature", "properties": {"l": 5, "c": 0, "n": 3}, "geometry": {"type": "LineString", "coordinates": [[135.19524, 34.70391], [135.1959, 34.70402]]}}, {"type": "Feature", "properties": {"l": 0, "c": 0, "n": 3, "o": 3, "r": 22}, "geometry": {"type": "Point", "coordinates": [135.1959, 34.70402]}}, {"type": "Feature", "properties": {"l": 5, "c": 0, "n": 4}, "geometry": {"type": "LineString", "coordinates": [[135.20724, 34.69737], [135.20769, 34.69661]]}}, {"type": "Feature", "properties": {"l": 0, "c": 0, "n": 4, "o": 3, "r": 24}, "geometry": {"type": "Point", "coordinates": [135.20769, 34.69661]}}, {"type": "Feature", "properties": {"l": 5, "c": 0, "n": 3, "k": 23}, "geometry": {"type": "LineString", "coordinates": [[135.19379, 34.69445], [135.1939, 34.69526]]}}, {"type": "Feature", "properties": {"l": 0, "c": 0, "n": 3, "k": 23, "o": 3, "r": 22}, "geometry": {"type": "Point", "coordinates": [135.19379, 34.69445]}}, {"type": "Feature", "properties": {"l": 5, "c": 0, "n": 3}, "geometry": {"type": "LineString", "coordinates": [[135.20235, 34.69666], [135.20312, 34.69676]]}}, {"type": "Feature", "properties": {"l": 0, "c": 0, "n": 3, "o": 5, "r": 1}, "geometry": {"type": "Point", "coordinates": [135.20235, 34.69666]}}, {"type": "Feature", "properties": {"l": 5, "c": 0, "n": 4}, "geometry": {"type": "LineString", "coordinates": [[135.19686, 34.70454], [135.19616, 34.70423]]}}, {"type": "Feature", "properties": {"l": 0, "c": 0, "n": 4, "o": 3, "r": 22}, "geometry": {"type": "Point", "coordinates": [135.19616, 34.70423]}}, {"type": "Feature", "properties": {"l": 5, "c": 0, "n": 4}, "geometry": {"type": "LineString", "coordinates": [[135.20174, 34.69641], [135.20239, 34.69649]]}}, {"type": "Feature", "properties": {"l": 0, "c": 0, "n": 4, "o": 6, "r": 1}, "geometry": {"type": "Point", "coordinates": [135.20239, 34.69649]}}, {"type": "Feature", "properties": {"l": 5, "c": 0, "n": 3, "k": 23}, "geometry": {"type": "LineString", "coordinates": [[135.19945, 34.70111], [135.19955, 34.70077]]}}, {"type": "Feature", "properties": {"l": 0, "c": 0, "n": 3, "k": 23, "o": 3, "r": 2}, "geometry": {"type": "Point", "coordinates": [135.19955, 34.70077]}}, {"type": "Feature", "properties": {"l": 5, "c": 0, "n": 4}, "geometry": {"type": "LineString", "coordinates": [[135.19917, 34.70104], [135.19905, 34.70056]]}}, {"type": "Feature", "properties": {"l": 0, "c": 0, "n": 4, "o": 3, "r": 2}, "geometry": {"type": "Point", "coordinates": [135.19905, 34.70056]}}, {"type": "Feature", "properties": {"l": 5, "c": 0, "n": 3, "k": 39}, "geometry": {"type": "LineString", "coordinates": [[135.20403, 34.70246], [135.20427, 34.70233], [135.20458, 34.70267]]}}, {"type": "Feature", "properties": {"l": 0, "c": 0, "n": 3, "k": 39, "o": 3, "r": 2}, "geometry": {"type": "Point", "coordinates": [135.20458, 34.70267]}}, {"type": "Feature", "properties": {"l": 5, "c": 0, "n": 4}, "geometry": {"type": "LineString", "coordinates": [[135.21686, 34.69975], [135.21706, 34.69943]]}}, {"type": "Feature", "properties": {"l": 0, "c": 0, "n": 4}, "geometry": {"type": "Point", "coordinates": [135.21706, 34.69943]}}, {"type": "Feature", "properties": {"l": 5, "c": 0, "n": 4}, "geometry": {"type": "LineString", "coordinates": [[135.2176, 34.70168], [135.21766, 34.70149], [135.21731, 34.70173], [135.2181, 34.70195], [135.21764, 34.70198]]}}, {"type": "Feature", "properties": {"l": 0, "c": 0, "n": 4, "o": 2, "r": 16}, "geometry": {"type": "Point", "coordinates": [135.21764, 34.70198]}}, {"type": "Feature", "properties": {"l": 5, "c": 0, "n": 3}, "geometry": {"type": "LineString", "coordinates": [[135.21811, 34.70058], [135.21804, 34.70006]]}}, {"type": "Feature", "properties": {"l": 0, "c": 0, "n": 3}, "geometry": {"type": "Point", "coordinates": [135.21804, 34.70006]}}, {"type": "Feature", "properties": {"l": 5, "c": 0, "n": 4}, "geometry": {"type": "LineString", "coordinates": [[135.21227, 34.69766], [135.2114, 34.69742]]}}, {"type": "Feature", "properties": {"l": 0, "c": 0, "n": 4}, "geometry": {"type": "Point", "coordinates": [135.2114, 34.69742]}}, {"type": "Feature", "properties": {"l": 5, "c": 0, "n": 3}, "geometry": {"type": "LineString", "coordinates": [[135.20907, 34.69595], [135.20838, 34.69564]]}}, {"type": "Feature", "properties": {"l": 0, "c": 0, "n": 3}, "geometry": {"type": "Point", "coordinates": [135.20838, 34.69564]}}, {"type": "Feature", "properties": {"l": 5, "c": 0, "n": 4}, "geometry": {"type": "LineString", "coordinates": [[135.21345, 34.69881], [135.21343, 34.69826]]}}, {"type": "Feature", "properties": {"l": 0, "c": 0, "n": 4}, "geometry": {"type": "Point", "coordinates": [135.21343, 34.69826]}}, {"type": "Feature", "properties": {"l": 5, "c": 0, "n": 3, "k": 40}, "geometry": {"type": "LineString", "coordinates": [[135.21014, 34.70478], [135.20982, 34.70458]]}}, {"type": "Feature", "properties": {"l": 0, "c": 0, "n": 3, "k": 40, "o": 2, "r": 2}, "geometry": {"type": "Point", "coordinates": [135.20982, 34.70458]}}, {"type": "Feature", "properties": {"l": 5, "c": 0, "n": 3}, "geometry": {"type": "LineString", "coordinates": [[135.17562, 34.68015], [135.17644, 34.68034]]}}, {"type": "Feature", "properties": {"l": 0, "c": 0, "n": 3, "o": 5, "r": 25}, "geometry": {"type": "Point", "coordinates": [135.17644, 34.68034]}}, {"type": "Feature", "properties": {"l": 5, "c": 0, "n": 3}, "geometry": {"type": "LineString", "coordinates": [[135.19006, 34.69104], [135.18963, 34.6907]]}}, {"type": "Feature", "properties": {"l": 0, "c": 0, "n": 3, "o": 2, "r": 21}, "geometry": {"type": "Point", "coordinates": [135.18963, 34.6907]}}, {"type": "Feature", "properties": {"l": 5, "c": 0, "n": 4}, "geometry": {"type": "LineString", "coordinates": [[135.17731, 34.68056], [135.17759, 34.68103], [135.17732, 34.68088], [135.17687, 34.68112]]}}, {"type": "Feature", "properties": {"l": 0, "c": 0, "n": 4, "o": 1, "r": 26}, "geometry": {"type": "Point", "coordinates": [135.17687, 34.68112]}}, {"type": "Feature", "properties": {"l": 5, "c": 0, "n": 3}, "geometry": {"type": "LineString", "coordinates": [[135.19167, 34.69206], [135.19236, 34.69215]]}}, {"type": "Feature", "properties": {"l": 0, "c": 0, "n": 3, "o": 4, "r": 21}, "geometry": {"type": "Point", "coordinates": [135.19236, 34.69215]}}, {"type": "Feature", "properties": {"l": 5, "c": 0, "n": 3}, "geometry": {"type": "LineString", "coordinates": [[135.18603, 34.69373], [135.18693, 34.69408]]}}, {"type": "Feature", "properties": {"l": 0, "c": 0, "n": 3, "o": 3, "r": 2}, "geometry": {"type": "Point", "coordinates": [135.18693, 34.69408]}}, {"type": "Feature", "properties": {"l": 5, "c": 0, "n": 4}, "geometry": {"type": "LineString", "coordinates": [[135.17454, 34.67879], [135.17403, 34.67939]]}}, {"type": "Feature", "properties": {"l": 0, "c": 0, "n": 4, "o": 2, "r": 27}, "geometry": {"type": "Point", "coordinates": [135.17403, 34.67939]}}, {"type": "Feature", "properties": {"l": 5, "c": 0, "n": 4}, "geometry": {"type": "LineString", "coordinates": [[135.17184, 34.68228], [135.17113, 34.68203]]}}, {"type": "Feature", "properties": {"l": 0, "c": 0, "n": 4, "o": 3, "r": 2}, "geometry": {"type": "Point", "coordinates": [135.17113, 34.68203]}}, {"type": "Feature", "properties": {"l": 5, "c": 0, "n": 4}, "geometry": {"type": "LineString", "coordinates": [[135.17442, 34.68374], [135.17405, 34.68431]]}}, {"type": "Feature", "properties": {"l": 0, "c": 0, "n": 4, "o": 3, "r": 2}, "geometry": {"type": "Point", "coordinates": [135.17405, 34.68431]}}, {"type": "Feature", "properties": {"l": 5, "c": 0, "n": 3, "k": 1}, "geometry": {"type": "LineString", "coordinates": [[135.17531, 34.68609], [135.17579, 34.68595]]}}, {"type": "Feature", "properties": {"l": 0, "c": 0, "n": 3, "k": 1, "o": 4, "r": 2}, "geometry": {"type": "Point", "coordinates": [135.17579, 34.68595]}}, {"type": "Feature", "properties": {"l": 5, "c": 0, "n": 3}, "geometry": {"type": "LineString", "coordinates": [[135.18416, 34.69089], [135.18439, 34.69119]]}}, {"type": "Feature", "properties": {"l": 0, "c": 0, "n": 3, "o": 1, "r": 28}, "geometry": {"type": "Point", "coordinates": [135.18439, 34.69119]}}, {"type": "Feature", "properties": {"l": 5, "c": 0, "n": 3}, "geometry": {"type": "LineString", "coordinates": [[135.17557, 34.68568], [135.1748, 34.68502]]}}, {"type": "Feature", "properties": {"l": 0, "c": 0, "n": 3, "o": 3, "r": 2}, "geometry": {"type": "Point", "coordinates": [135.1748, 34.68502]}}, {"type": "Feature", "properties": {"l": 5, "c": 0, "n": 3}, "geometry": {"type": "LineString", "coordinates": [[135.18185, 34.69023], [135.18204, 34.69078]]}}, {"type": "Feature", "properties": {"l": 0, "c": 0, "n": 3, "o": 3, "r": 2}, "geometry": {"type": "Point", "coordinates": [135.18204, 34.69078]}}, {"type": "Feature", "properties": {"l": 5, "c": 0, "n": 4}, "geometry": {"type": "LineString", "coordinates": [[135.19463, 34.69858], [135.19368, 34.69816]]}}, {"type": "Feature", "properties": {"l": 0, "c": 0, "n": 4, "o": 5, "r": 2}, "geometry": {"type": "Point", "coordinates": [135.19368, 34.69816]}}, {"type": "Feature", "properties": {"l": 5, "c": 0, "n": 3, "k": 25}, "geometry": {"type": "LineString", "coordinates": [[135.18028, 34.68934], [135.18094, 34.68953]]}}, {"type": "Feature", "properties": {"l": 0, "c": 0, "n": 3, "k": 25, "o": 2, "r": 29}, "geometry": {"type": "Point", "coordinates": [135.18094, 34.68953]}}, {"type": "Feature", "properties": {"l": 5, "c": 0, "n": 3}, "geometry": {"type": "LineString", "coordinates": [[135.19348, 34.69061], [135.19351, 34.6902]]}}, {"type": "Feature", "properties": {"l": 0, "c": 0, "n": 3, "o": 2, "r": 30}, "geometry": {"type": "Point", "coordinates": [135.19351, 34.6902]}}, {"type": "Feature", "properties": {"l": 5, "c": 0, "n": 3}, "geometry": {"type": "LineString", "coordinates": [[135.19341, 34.68708], [135.19392, 34.68693]]}}, {"type": "Feature", "properties": {"l": 0, "c": 0, "n": 3, "o": 2, "r": 31}, "geometry": {"type": "Point", "coordinates": [135.19392, 34.68693]}}, {"type": "Feature", "properties": {"l": 5, "c": 0, "n": 3}, "geometry": {"type": "LineString", "coordinates": [[135.19336, 34.68794], [135.19321, 34.68808]]}}, {"type": "Feature", "properties": {"l": 0, "c": 0, "n": 3, "o": 2, "r": 32}, "geometry": {"type": "Point", "coordinates": [135.19321, 34.68808]}}, {"type": "Feature", "properties": {"l": 5, "c": 0, "n": 3, "k": 4}, "geometry": {"type": "LineString", "coordinates": [[135.18136, 34.67641], [135.18132, 34.67615]]}}, {"type": "Feature", "properties": {"l": 0, "c": 0, "n": 3, "k": 4, "o": 2, "r": 33}, "geometry": {"type": "Point", "coordinates": [135.18132, 34.67615]}}, {"type": "Feature", "properties": {"l": 5, "c": 0, "n": 3}, "geometry": {"type": "LineString", "coordinates": [[135.18974, 34.68801], [135.18968, 34.68752]]}}, {"type": "Feature", "properties": {"l": 0, "c": 0, "n": 3, "o": 1, "r": 34}, "geometry": {"type": "Point", "coordinates": [135.18968, 34.68752]}}, {"type": "Feature", "properties": {"l": 5, "c": 0, "n": 4}, "geometry": {"type": "LineString", "coordinates": [[135.17979, 34.6841], [135.17937, 34.68349]]}}, {"type": "Feature", "properties": {"l": 0, "c": 0, "n": 4, "o": 2, "r": 21}, "geometry": {"type": "Point", "coordinates": [135.17937, 34.68349]}}, {"type": "Feature", "properties": {"l": 5, "c": 0, "n": 4, "k": 44}, "geometry": {"type": "LineString", "coordinates": [[135.18276, 34.68132], [135.18201, 34.68189]]}}, {"type": "Feature", "properties": {"l": 0, "c": 0, "n": 4, "k": 44, "o": 2, "r": 35}, "geometry": {"type": "Point", "coordinates": [135.18201, 34.68189]}}, {"type": "Feature", "properties": {"l": 5, "c": 0, "n": 4, "k": 18}, "geometry": {"type": "LineString", "coordinates": [[135.18055, 34.6794], [135.18041, 34.67985]]}}, {"type": "Feature", "properties": {"l": 0, "c": 0, "n": 4, "k": 18, "o": 2, "r": 1}, "geometry": {"type": "Point", "coordinates": [135.18041, 34.67985]}}, {"type": "Feature", "properties": {"l": 5, "c": 0, "n": 4}, "geometry": {"type": "LineString", "coordinates": [[135.17775, 34.67671], [135.17866, 34.6764]]}}, {"type": "Feature", "properties": {"l": 0, "c": 0, "n": 4, "o": 2, "r": 33}, "geometry": {"type": "Point", "coordinates": [135.17866, 34.6764]}}, {"type": "Feature", "properties": {"l": 5, "c": 0, "n": 3, "k": 18}, "geometry": {"type": "LineString", "coordinates": [[135.1829, 34.68065], [135.18325, 34.68085]]}}, {"type": "Feature", "properties": {"l": 0, "c": 0, "n": 3, "k": 18, "o": 2, "r": 35}, "geometry": {"type": "Point", "coordinates": [135.18325, 34.68085]}}, {"type": "Feature", "properties": {"l": 5, "c": 0, "n": 3}, "geometry": {"type": "LineString", "coordinates": [[135.18211, 34.67871], [135.18163, 34.67865]]}}, {"type": "Feature", "properties": {"l": 0, "c": 0, "n": 3, "o": 1, "r": 36}, "geometry": {"type": "Point", "coordinates": [135.18163, 34.67865]}}, {"type": "Feature", "properties": {"l": 5, "c": 0, "n": 3, "k": 41}, "geometry": {"type": "LineString", "coordinates": [[135.18089, 34.68238], [135.18024, 34.68284]]}}, {"type": "Feature", "properties": {"l": 0, "c": 0, "n": 3, "k": 41, "o": 2, "r": 35}, "geometry": {"type": "Point", "coordinates": [135.18024, 34.68284]}}, {"type": "Feature", "properties": {"l": 5, "c": 0, "n": 3, "k": 4}, "geometry": {"type": "LineString", "coordinates": [[135.16896, 34.66773], [135.16901, 34.6673]]}}, {"type": "Feature", "properties": {"l": 0, "c": 0, "n": 3, "k": 4, "o": 2, "r": 37}, "geometry": {"type": "Point", "coordinates": [135.16901, 34.6673]}}, {"type": "Feature", "properties": {"l": 5, "c": 0, "n": 4}, "geometry": {"type": "LineString", "coordinates": [[135.16483, 34.67316], [135.1641, 34.6732]]}}, {"type": "Feature", "properties": {"l": 0, "c": 0, "n": 4, "o": 2, "r": 37}, "geometry": {"type": "Point", "coordinates": [135.1641, 34.6732]}}, {"type": "Feature", "properties": {"l": 5, "c": 0, "n": 3}, "geometry": {"type": "LineString", "coordinates": [[135.17701, 34.67289], [135.17727, 34.67344], [135.17635, 34.67262], [135.17656, 34.67212]]}}, {"type": "Feature", "properties": {"l": 0, "c": 0, "n": 3, "o": 3, "r": 38}, "geometry": {"type": "Point", "coordinates": [135.17656, 34.67212]}}, {"type": "Feature", "properties": {"l": 5, "c": 0, "n": 3}, "geometry": {"type": "LineString", "coordinates": [[135.17569, 34.67219], [135.17464, 34.6716], [135.17647, 34.67247], [135.17551, 34.67277]]}}, {"type": "Feature", "properties": {"l": 0, "c": 0, "n": 3, "o": 2, "r": 33}, "geometry": {"type": "Point", "coordinates": [135.17551, 34.67277]}}, {"type": "Feature", "properties": {"l": 5, "c": 0, "n": 3}, "geometry": {"type": "LineString", "coordinates": [[135.16133, 34.67163], [135.16198, 34.67125]]}}, {"type": "Feature", "properties": {"l": 0, "c": 0, "n": 3, "o": 4, "r": 25}, "geometry": {"type": "Point", "coordinates": [135.16198, 34.67125]}}, {"type": "Feature", "properties": {"l": 5, "c": 0, "n": 3}, "geometry": {"type": "LineString", "coordinates": [[135.16348, 34.66474], [135.16311, 34.6645], [135.16426, 34.66507], [135.16418, 34.66426]]}}, {"type": "Feature", "properties": {"l": 0, "c": 0, "n": 3}, "geometry": {"type": "Point", "coordinates": [135.16418, 34.66426]}}, {"type": "Feature", "properties": {"l": 5, "c": 0, "n": 4}, "geometry": {"type": "LineString", "coordinates": [[135.16713, 34.67912], [135.16662, 34.67904]]}}, {"type": "Feature", "properties": {"l": 0, "c": 0, "n": 4, "o": 2, "r": 33}, "geometry": {"type": "Point", "coordinates": [135.16662, 34.67904]}}, {"type": "Feature", "properties": {"l": 5, "c": 0, "n": 3}, "geometry": {"type": "LineString", "coordinates": [[135.16488, 34.67754], [135.16471, 34.67726]]}}, {"type": "Feature", "properties": {"l": 0, "c": 0, "n": 3, "o": 3, "r": 2}, "geometry": {"type": "Point", "coordinates": [135.16471, 34.67726]}}, {"type": "Feature", "properties": {"l": 5, "c": 0, "n": 3, "k": 23}, "geometry": {"type": "LineString", "coordinates": [[135.16211, 34.6752], [135.16151, 34.67548]]}}, {"type": "Feature", "properties": {"l": 0, "c": 0, "n": 3, "k": 23, "o": 3, "r": 2}, "geometry": {"type": "Point", "coordinates": [135.16151, 34.67548]}}, {"type": "Feature", "properties": {"l": 5, "c": 0, "n": 3}, "geometry": {"type": "LineString", "coordinates": [[135.15938, 34.67351], [135.15943, 34.67392]]}}, {"type": "Feature", "properties": {"l": 0, "c": 0, "n": 3, "o": 3, "r": 2}, "geometry": {"type": "Point", "coordinates": [135.15943, 34.67392]}}, {"type": "Feature", "properties": {"l": 5, "c": 0, "n": 3}, "geometry": {"type": "LineString", "coordinates": [[135.15989, 34.68618], [135.15972, 34.68535], [135.15942, 34.68574], [135.15965, 34.68577]]}}, {"type": "Feature", "properties": {"l": 0, "c": 0, "n": 3, "o": 2, "r": 39}, "geometry": {"type": "Point", "coordinates": [135.15965, 34.68577]}}, {"type": "Feature", "properties": {"l": 5, "c": 0, "n": 3}, "geometry": {"type": "LineString", "coordinates": [[135.16406, 34.66887], [135.16438, 34.6688], [135.16391, 34.66856], [135.16373, 34.66923]]}}, {"type": "Feature", "properties": {"l": 0, "c": 0, "n": 3, "o": 2, "r": 40}, "geometry": {"type": "Point", "coordinates": [135.16373, 34.66923]}}, {"type": "Feature", "properties": {"l": 5, "c": 0, "n": 3}, "geometry": {"type": "LineString", "coordinates": [[135.16321, 34.67207], [135.16259, 34.67211]]}}, {"type": "Feature", "properties": {"l": 0, "c": 0, "n": 3, "o": 4, "r": 25}, "geometry": {"type": "Point", "coordinates": [135.16259, 34.67211]}}, {"type": "Feature", "properties": {"l": 5, "c": 0, "n": 4}, "geometry": {"type": "LineString", "coordinates": [[135.16998, 34.67629], [135.16973, 34.67583]]}}, {"type": "Feature", "properties": {"l": 0, "c": 0, "n": 4, "o": 4, "r": 33}, "geometry": {"type": "Point", "coordinates": [135.16973, 34.67583]}}, {"type": "Feature", "properties": {"l": 5, "c": 0, "n": 4}, "geometry": {"type": "LineString", "coordinates": [[135.17001, 34.67584], [135.16971, 34.67535], [135.17005, 34.67551], [135.16985, 34.67588]]}}, {"type": "Feature", "properties": {"l": 0, "c": 0, "n": 4, "o": 2, "r": 33}, "geometry": {"type": "Point", "coordinates": [135.16985, 34.67588]}}, {"type": "Feature", "properties": {"l": 5, "c": 0, "n": 4}, "geometry": {"type": "LineString", "coordinates": [[135.16833, 34.66866], [135.16843, 34.66806]]}}, {"type": "Feature", "properties": {"l": 0, "c": 0, "n": 4, "o": 4, "r": 1}, "geometry": {"type": "Point", "coordinates": [135.16843, 34.66806]}}, {"type": "Feature", "properties": {"l": 5, "c": 0, "n": 3}, "geometry": {"type": "LineString", "coordinates": [[135.17302, 34.65559], [135.17268, 34.65572]]}}, {"type": "Feature", "properties": {"l": 0, "c": 0, "n": 3, "o": 2, "r": 41}, "geometry": {"type": "Point", "coordinates": [135.17268, 34.65572]}}, {"type": "Feature", "properties": {"l": 5, "c": 0, "n": 4}, "geometry": {"type": "LineString", "coordinates": [[135.17496, 34.66377], [135.17585, 34.66416]]}}, {"type": "Feature", "properties": {"l": 0, "c": 0, "n": 4, "o": 2, "r": 38}, "geometry": {"type": "Point", "coordinates": [135.17585, 34.66416]}}, {"type": "Feature", "properties": {"l": 5, "c": 0, "n": 3}, "geometry": {"type": "LineString", "coordinates": [[135.17573, 34.66707], [135.17589, 34.66658], [135.17599, 34.66727]]}}, {"type": "Feature", "properties": {"l": 0, "c": 0, "n": 3, "o": 2, "r": 38}, "geometry": {"type": "Point", "coordinates": [135.17599, 34.66727]}}, {"type": "Feature", "properties": {"l": 5, "c": 0, "n": 3}, "geometry": {"type": "LineString", "coordinates": [[135.17588, 34.66478], [135.17571, 34.66433]]}}, {"type": "Feature", "properties": {"l": 0, "c": 0, "n": 3, "o": 2, "r": 38}, "geometry": {"type": "Point", "coordinates": [135.17571, 34.66433]}}, {"type": "Feature", "properties": {"l": 5, "c": 0, "n": 4}, "geometry": {"type": "LineString", "coordinates": [[135.1716, 34.66354], [135.17119, 34.66371]]}}, {"type": "Feature", "properties": {"l": 0, "c": 0, "n": 4, "o": 2, "r": 42}, "geometry": {"type": "Point", "coordinates": [135.17119, 34.66371]}}, {"type": "Feature", "properties": {"l": 5, "c": 0, "n": 4}, "geometry": {"type": "LineString", "coordinates": [[135.16778, 34.67511], [135.16698, 34.67482]]}}, {"type": "Feature", "properties": {"l": 0, "c": 0, "n": 4, "o": 4, "r": 25}, "geometry": {"type": "Point", "coordinates": [135.16698, 34.67482]}}, {"type": "Feature", "properties": {"l": 5, "c": 0, "n": 4}, "geometry": {"type": "LineString", "coordinates": [[135.16742, 34.66975], [135.16747, 34.67022], [135.16701, 34.66985]]}}, {"type": "Feature", "properties": {"l": 0, "c": 0, "n": 4, "o": 2, "r": 43}, "geometry": {"type": "Point", "coordinates": [135.16701, 34.66985]}}, {"type": "Feature", "properties": {"l": 5, "c": 0, "n": 4, "k": 38}, "geometry": {"type": "LineString", "coordinates": [[135.17641, 34.67202], [135.17623, 34.67204], [135.17684, 34.67231], [135.17638, 34.67174], [135.17713, 34.67188]]}}, {"type": "Feature", "properties": {"l": 0, "c": 0, "n": 4, "k": 38, "o": 2, "r": 33}, "geometry": {"type": "Point", "coordinates": [135.17713, 34.67188]}}, {"type": "Feature", "properties": {"l": 5, "c": 0, "n": 4, "k": 14}, "geometry": {"type": "LineString", "coordinates": [[135.1673, 34.69045], [135.16733, 34.69118]]}}, {"type": "Feature", "properties": {"l": 0, "c": 0, "n": 4, "k": 14, "o": 2, "r": 39}, "geometry": {"type": "Point", "coordinates": [135.1673, 34.69045]}}, {"type": "Feature", "properties": {"l": 5, "c": 0, "n": 3, "k": 34}, "geometry": {"type": "LineString", "coordinates": [[135.17028, 34.65513], [135.17098, 34.65513]]}}, {"type": "Feature", "properties": {"l": 0, "c": 0, "n": 3, "k": 34, "o": 2, "r": 38}, "geometry": {"type": "Point", "coordinates": [135.17098, 34.65513]}}, {"type": "Feature", "properties": {"l": 5, "c": 0, "n": 3}, "geometry": {"type": "LineString", "coordinates": [[135.15834, 34.65469], [135.15798, 34.65418]]}}, {"type": "Feature", "properties": {"l": 0, "c": 0, "n": 3, "o": 2, "r": 38}, "geometry": {"type": "Point", "coordinates": [135.15798, 34.65418]}}, {"type": "Feature", "properties": {"l": 5, "c": 0, "n": 4}, "geometry": {"type": "LineString", "coordinates": [[135.14108, 34.64711], [135.14059, 34.64678]]}}, {"type": "Feature", "properties": {"l": 0, "c": 0, "n": 4}, "geometry": {"type": "Point", "coordinates": [135.14059, 34.64678]}}, {"type": "Feature", "properties": {"l": 5, "c": 0, "n": 4}, "geometry": {"type": "LineString", "coordinates": [[135.15241, 34.6675], [135.15161, 34.66757]]}}, {"type": "Feature", "properties": {"l": 0, "c": 0, "n": 4, "o": 3, "r": 2}, "geometry": {"type": "Point", "coordinates": [135.15161, 34.66757]}}, {"type": "Feature", "properties": {"l": 5, "c": 0, "n": 4}, "geometry": {"type": "LineString", "coordinates": [[135.15337, 34.66551], [135.15298, 34.66574]]}}, {"type": "Feature", "properties": {"l": 0, "c": 0, "n": 4, "o": 2, "r": 25}, "geometry": {"type": "Point", "coordinates": [135.15298, 34.66574]}}, {"type": "Feature", "properties": {"l": 5, "c": 0, "n": 3}, "geometry": {"type": "LineString", "coordinates": [[135.13998, 34.65099], [135.13962, 34.65075], [135.14045, 34.6506]]}}, {"type": "Feature", "properties": {"l": 0, "c": 0, "n": 3, "o": 2, "r": 44}, "geometry": {"type": "Point", "coordinates": [135.14045, 34.6506]}}, {"type": "Feature", "properties": {"l": 5, "c": 0, "n": 3}, "geometry": {"type": "LineString", "coordinates": [[135.14969, 34.66598], [135.14989, 34.66613], [135.14982, 34.66558], [135.14912, 34.66585]]}}, {"type": "Feature", "properties": {"l": 0, "c": 0, "n": 3, "o": 3, "r": 21}, "geometry": {"type": "Point", "coordinates": [135.14912, 34.66585]}}, {"type": "Feature", "properties": {"l": 5, "c": 0, "n": 4}, "geometry": {"type": "LineString", "coordinates": [[135.15792, 34.66084], [135.15746, 34.66145]]}}, {"type": "Feature", "properties": {"l": 0, "c": 0, "n": 4, "o": 2, "r": 25}, "geometry": {"type": "Point", "coordinates": [135.15746, 34.66145]}}, {"type": "Feature", "properties": {"l": 5, "c": 0, "n": 4}, "geometry": {"type": "LineString", "coordinates": [[135.15269, 34.65794], [135.15239, 34.65887], [135.15337, 34.65836], [135.15201, 34.65809]]}}, {"type": "Feature", "properties": {"l": 0, "c": 0, "n": 4, "o": 2, "r": 1}, "geometry": {"type": "Point", "coordinates": [135.15201, 34.65809]}}, {"type": "Feature", "properties": {"l": 5, "c": 0, "n": 4}, "geometry": {"type": "LineString", "coordinates": [[135.14152, 34.66049], [135.14177, 34.6607], [135.14107, 34.66083], [135.14147, 34.66031], [135.14096, 34.66022]]}}, {"type": "Feature", "properties": {"l": 0, "c": 0, "n": 4, "o": 2, "r": 21}, "geometry": {"type": "Point", "coordinates": [135.14096, 34.66022]}}, {"type": "Feature", "properties": {"l": 5, "c": 0, "n": 3}, "geometry": {"type": "LineString", "coordinates": [[135.1371, 34.66176], [135.13687, 34.662], [135.13778, 34.66161], [135.13665, 34.66151]]}}, {"type": "Feature", "properties": {"l": 0, "c": 0, "n": 3, "o": 2, "r": 45}, "geometry": {"type": "Point", "coordinates": [135.13665, 34.66151]}}, {"type": "Feature", "properties": {"l": 5, "c": 0, "n": 3}, "geometry": {"type": "LineString", "coordinates": [[135.14045, 34.66139], [135.14031, 34.66154], [135.13958, 34.6617], [135.14087, 34.66161]]}}, {"type": "Feature", "properties": {"l": 0, "c": 0, "n": 3, "o": 2, "r": 45}, "geometry": {"type": "Point", "coordinates": [135.14087, 34.66161]}}, {"type": "Feature", "properties": {"l": 5, "c": 0, "n": 4}, "geometry": {"type": "LineString", "coordinates": [[135.14149, 34.65255], [135.14172, 34.65228], [135.14241, 34.65228], [135.14127, 34.65182], [135.14225, 34.65159]]}}, {"type": "Feature", "properties": {"l": 0, "c": 0, "n": 4, "o": 2, "r": 46}, "geometry": {"type": "Point", "coordinates": [135.14225, 34.65159]}}, {"type": "Feature", "properties": {"l": 5, "c": 0, "n": 3, "k": 30}, "geometry": {"type": "LineString", "coordinates": [[135.15797, 34.66852], [135.15841, 34.66883], [135.15813, 34.66814], [135.15728, 34.66827]]}}, {"type": "Feature", "properties": {"l": 0, "c": 0, "n": 3, "k": 30, "o": 4, "r": 25}, "geometry": {"type": "Point", "coordinates": [135.15728, 34.66827]}}, {"type": "Feature", "properties": {"l": 5, "c": 0, "n": 3}, "geometry": {"type": "LineString", "coordinates": [[135.15664, 34.66793], [135.15549, 34.66801]]}}, {"type": "Feature", "properties": {"l": 0, "c": 0, "n": 3, "o": 4, "r": 25}, "geometry": {"type": "Point", "coordinates": [135.15549, 34.66801]}}, {"type": "Feature", "properties": {"l": 5, "c": 0, "n": 4}, "geometry": {"type": "LineString", "coordinates": [[135.14683, 34.65515], [135.14705, 34.65529], [135.14647, 34.65541], [135.14698, 34.65482], [135.14617, 34.65502]]}}, {"type": "Feature", "properties": {"l": 0, "c": 0, "n": 4, "o": 3, "r": 1}, "geometry": {"type": "Point", "coordinates": [135.14617, 34.65502]}}, {"type": "Feature", "properties": {"l": 5, "c": 0, "n": 3}, "geometry": {"type": "LineString", "coordinates": [[135.15785, 34.67286], [135.15754, 34.67308]]}}, {"type": "Feature", "properties": {"l": 0, "c": 0, "n": 3, "o": 3, "r": 2}, "geometry": {"type": "Point", "coordinates": [135.15754, 34.67308]}}, {"type": "Feature", "properties": {"l": 5, "c": 0, "n": 3}, "geometry": {"type": "LineString", "coordinates": [[135.1452, 34.66293], [135.14549, 34.66325]]}}, {"type": "Feature", "properties": {"l": 0, "c": 0, "n": 3, "o": 2, "r": 21}, "geometry": {"type": "Point", "coordinates": [135.14549, 34.66325]}}, {"type": "Feature", "properties": {"l": 5, "c": 0, "n": 4}, "geometry": {"type": "LineString", "coordinates": [[135.15028, 34.65105], [135.15003, 34.6517]]}}, {"type": "Feature", "properties": {"l": 0, "c": 0, "n": 4, "o": 1, "r": 47}, "geometry": {"type": "Point", "coordinates": [135.15003, 34.6517]}}, {"type": "Feature", "properties": {"l": 5, "c": 0, "n": 3}, "geometry": {"type": "LineString", "coordinates": [[135.1518, 34.66091], [135.15201, 34.66103], [135.15165, 34.66034], [135.15134, 34.66049]]}}, {"type": "Feature", "properties": {"l": 0, "c": 0, "n": 3}, "geometry": {"type": "Point", "coordinates": [135.15134, 34.66049]}}, {"type": "Feature", "properties": {"l": 5, "c": 0, "n": 3}, "geometry": {"type": "LineString", "coordinates": [[135.14983, 34.6808], [135.14997, 34.68044]]}}, {"type": "Feature", "properties": {"l": 0, "c": 0, "n": 3, "o": 1, "r": 39}, "geometry": {"type": "Point", "coordinates": [135.14997, 34.68044]}}, {"type": "Feature", "properties": {"l": 5, "c": 0, "n": 4}, "geometry": {"type": "LineString", "coordinates": [[135.14491, 34.6603], [135.14459, 34.66052], [135.14444, 34.65998]]}}, {"type": "Feature", "properties": {"l": 0, "c": 0, "n": 4}, "geometry": {"type": "Point", "coordinates": [135.14444, 34.65998]}}, {"type": "Feature", "properties": {"l": 5, "c": 0, "n": 4}, "geometry": {"type": "LineString", "coordinates": [[135.14658, 34.66139], [135.14689, 34.66151], [135.14656, 34.66157], [135.14681, 34.66127]]}}, {"type": "Feature", "properties": {"l": 0, "c": 0, "n": 4}, "geometry": {"type": "Point", "coordinates": [135.14681, 34.66127]}}, {"type": "Feature", "properties": {"l": 5, "c": 0, "n": 4}, "geometry": {"type": "LineString", "coordinates": [[135.14292, 34.65901], [135.14303, 34.6587]]}}, {"type": "Feature", "properties": {"l": 0, "c": 0, "n": 4, "o": 2, "r": 47}, "geometry": {"type": "Point", "coordinates": [135.14303, 34.6587]}}, {"type": "Feature", "properties": {"l": 5, "c": 0, "n": 3}, "geometry": {"type": "LineString", "coordinates": [[135.14505, 34.67597], [135.14523, 34.67614], [135.14497, 34.67567]]}}, {"type": "Feature", "properties": {"l": 0, "c": 0, "n": 3, "o": 1, "r": 39}, "geometry": {"type": "Point", "coordinates": [135.14497, 34.67567]}}, {"type": "Feature", "properties": {"l": 5, "c": 0, "n": 3}, "geometry": {"type": "LineString", "coordinates": [[135.14432, 34.64942], [135.14395, 34.64928]]}}, {"type": "Feature", "properties": {"l": 0, "c": 0, "n": 3}, "geometry": {"type": "Point", "coordinates": [135.14395, 34.64928]}}, {"type": "Feature", "properties": {"l": 5, "c": 0, "n": 3}, "geometry": {"type": "LineString", "coordinates": [[135.09225, 34.67985], [135.09169, 34.67982]]}}, {"type": "Feature", "properties": {"l": 0, "c": 0, "n": 3, "o": 2, "r": 48}, "geometry": {"type": "Point", "coordinates": [135.09169, 34.67982]}}, {"type": "Feature", "properties": {"l": 5, "c": 0, "n": 3}, "geometry": {"type": "LineString", "coordinates": [[135.13892, 34.65879], [135.13834, 34.65854], [135.13884, 34.65847]]}}, {"type": "Feature", "properties": {"l": 0, "c": 0, "n": 3, "o": 2, "r": 21}, "geometry": {"type": "Point", "coordinates": [135.13884, 34.65847]}}, {"type": "Feature", "properties": {"l": 5, "c": 0, "n": 4}, "geometry": {"type": "LineString", "coordinates": [[135.13671, 34.65766], [135.13736, 34.65777], [135.13697, 34.65727]]}}, {"type": "Feature", "properties": {"l": 0, "c": 0, "n": 4, "o": 2, "r": 46}, "geometry": {"type": "Point", "coordinates": [135.13697, 34.65727]}}, {"type": "Feature", "properties": {"l": 5, "c": 0, "n": 3}, "geometry": {"type": "LineString", "coordinates": [[135.09873, 34.67399], [135.09846, 34.67407]]}}, {"type": "Feature", "properties": {"l": 0, "c": 0, "n": 3, "o": 2, "r": 49}, "geometry": {"type": "Point", "coordinates": [135.09846, 34.67407]}}, {"type": "Feature", "properties": {"l": 5, "c": 0, "n": 3, "k": 5}, "geometry": {"type": "LineString", "coordinates": [[135.11312, 34.64303], [135.113, 34.64334]]}}, {"type": "Feature", "properties": {"l": 0, "c": 0, "n": 3, "k": 5, "o": 2, "r": 1}, "geometry": {"type": "Point", "coordinates": [135.113, 34.64334]}}, {"type": "Feature", "properties": {"l": 5, "c": 0, "n": 3}, "geometry": {"type": "LineString", "coordinates": [[135.10406, 34.69202], [135.10394, 34.69176]]}}, {"type": "Feature", "properties": {"l": 0, "c": 0, "n": 3, "o": 1, "r": 45}, "geometry": {"type": "Point", "coordinates": [135.10394, 34.69176]}}, {"type": "Feature", "properties": {"l": 5, "c": 0, "n": 3}, "geometry": {"type": "LineString", "coordinates": [[135.12211, 34.64399], [135.12201, 34.64417]]}}, {"type": "Feature", "properties": {"l": 0, "c": 0, "n": 3, "o": 3, "r": 1}, "geometry": {"type": "Point", "coordinates": [135.12201, 34.64417]}}, {"type": "Feature", "properties": {"l": 5, "c": 0, "n": 3, "k": 1}, "geometry": {"type": "LineString", "coordinates": [[135.10372, 34.66919], [135.10375, 34.66877]]}}, {"type": "Feature", "properties": {"l": 0, "c": 0, "n": 3, "k": 1, "o": 2, "r": 50}, "geometry": {"type": "Point", "coordinates": [135.10375, 34.66877]}}, {"type": "Feature", "properties": {"l": 5, "c": 0, "n": 3}, "geometry": {"type": "LineString", "coordinates": [[135.13184, 34.6458], [135.13245, 34.64644]]}}, {"type": "Feature", "properties": {"l": 0, "c": 0, "n": 3, "o": 3, "r": 1}, "geometry": {"type": "Point", "coordinates": [135.13245, 34.64644]}}, {"type": "Feature", "properties": {"l": 5, "c": 0, "n": 3, "k": 19}, "geometry": {"type": "LineString", "coordinates": [[135.10417, 34.66029], [135.10404, 34.66098]]}}, {"type": "Feature", "properties": {"l": 0, "c": 0, "n": 3, "k": 19, "o": 2, "r": 50}, "geometry": {"type": "Point", "coordinates": [135.10404, 34.66098]}}, {"type": "Feature", "properties": {"l": 5, "c": 0, "n": 4}, "geometry": {"type": "LineString", "coordinates": [[135.11642, 34.65188], [135.11612, 34.65132]]}}, {"type": "Feature", "properties": {"l": 0, "c": 0, "n": 4, "o": 1, "r": 21}, "geometry": {"type": "Point", "coordinates": [135.11612, 34.65132]}}, {"type": "Feature", "properties": {"l": 5, "c": 0, "n": 3, "k": 2}, "geometry": {"type": "LineString", "coordinates": [[135.09929, 34.68687], [135.09896, 34.687]]}}, {"type": "Feature", "properties": {"l": 0, "c": 0, "n": 3, "k": 2, "o": 3, "r": 51}, "geometry": {"type": "Point", "coordinates": [135.09896, 34.687]}}, {"type": "Feature", "properties": {"l": 5, "c": 0, "n": 3, "k": 2}, "geometry": {"type": "LineString", "coordinates": [[135.09919, 34.68774], [135.09898, 34.68737]]}}, {"type": "Feature", "properties": {"l": 0, "c": 0, "n": 3, "k": 2, "o": 3, "r": 51}, "geometry": {"type": "Point", "coordinates": [135.09898, 34.68737]}}, {"type": "Feature", "properties": {"l": 5, "c": 0, "n": 3, "k": 22}, "geometry": {"type": "LineString", "coordinates": [[135.11517, 34.64392], [135.115, 34.64369]]}}, {"type": "Feature", "properties": {"l": 0, "c": 0, "n": 3, "k": 22, "o": 2, "r": 1}, "geometry": {"type": "Point", "coordinates": [135.115, 34.64369]}}, {"type": "Feature", "properties": {"l": 5, "c": 0, "n": 3}, "geometry": {"type": "LineString", "coordinates": [[135.12206, 34.65251], [135.12264, 34.65236]]}}, {"type": "Feature", "properties": {"l": 0, "c": 0, "n": 3, "o": 2, "r": 21}, "geometry": {"type": "Point", "coordinates": [135.12264, 34.65236]}}, {"type": "Feature", "properties": {"l": 5, "c": 0, "n": 3, "k": 24}, "geometry": {"type": "LineString", "coordinates": [[135.1088, 34.6568], [135.10961, 34.65603], [135.10907, 34.65617]]}}, {"type": "Feature", "properties": {"l": 0, "c": 0, "n": 3, "k": 24, "o": 1, "r": 52}, "geometry": {"type": "Point", "coordinates": [135.10907, 34.65617]}}, {"type": "Feature", "properties": {"l": 5, "c": 0, "n": 3}, "geometry": {"type": "LineString", "coordinates": [[135.10978, 34.67642], [135.10952, 34.67622]]}}, {"type": "Feature", "properties": {"l": 0, "c": 0, "n": 3, "o": 1, "r": 53}, "geometry": {"type": "Point", "coordinates": [135.10952, 34.67622]}}, {"type": "Feature", "properties": {"l": 5, "c": 0, "n": 3}, "geometry": {"type": "LineString", "coordinates": [[135.12742, 34.68096], [135.12761, 34.68053], [135.12766, 34.68061]]}}, {"type": "Feature", "properties": {"l": 0, "c": 0, "n": 3, "o": 1, "r": 54}, "geometry": {"type": "Point", "coordinates": [135.12766, 34.68061]}}, {"type": "Feature", "properties": {"l": 5, "c": 0, "n": 3, "k": 20}, "geometry": {"type": "LineString", "coordinates": [[135.10349, 34.66718], [135.10322, 34.66699]]}}, {"type": "Feature", "properties": {"l": 0, "c": 0, "n": 3, "k": 20, "o": 1, "r": 53}, "geometry": {"type": "Point", "coordinates": [135.10322, 34.66699]}}, {"type": "Feature", "properties": {"l": 5, "c": 0, "n": 4}, "geometry": {"type": "LineString", "coordinates": [[135.07313, 34.68974], [135.07357, 34.68963]]}}, {"type": "Feature", "properties": {"l": 0, "c": 0, "n": 4, "o": 2, "r": 55}, "geometry": {"type": "Point", "coordinates": [135.07357, 34.68963]}}, {"type": "Feature", "properties": {"l": 5, "c": 0, "n": 4}, "geometry": {"type": "LineString", "coordinates": [[135.07867, 34.68293], [135.07863, 34.68268]]}}, {"type": "Feature", "properties": {"l": 0, "c": 0, "n": 4, "o": 1, "r": 55}, "geometry": {"type": "Point", "coordinates": [135.07863, 34.68268]}}, {"type": "Feature", "properties": {"l": 5, "c": 0, "n": 3}, "geometry": {"type": "LineString", "coordinates": [[135.12548, 34.64453], [135.12611, 34.64473]]}}, {"type": "Feature", "properties": {"l": 0, "c": 0, "n": 3, "o": 3, "r": 1}, "geometry": {"type": "Point", "coordinates": [135.12611, 34.64473]}}, {"type": "Feature", "properties": {"l": 5, "c": 0, "n": 4}, "geometry": {"type": "LineString", "coordinates": [[135.07206, 34.68789], [135.07164, 34.68778]]}}, {"type": "Feature", "properties": {"l": 0, "c": 0, "n": 4, "o": 1, "r": 56}, "geometry": {"type": "Point", "coordinates": [135.07164, 34.68778]}}, {"type": "Feature", "properties": {"l": 5, "c": 0, "n": 4, "k": 27}, "geometry": {"type": "LineString", "coordinates": [[135.13202, 34.66115], [135.13212, 34.66158]]}}, {"type": "Feature", "properties": {"l": 0, "c": 0, "n": 4, "k": 27, "o": 1, "r": 39}, "geometry": {"type": "Point", "coordinates": [135.13212, 34.66158]}}, {"type": "Feature", "properties": {"l": 5, "c": 0, "n": 3, "k": 10}, "geometry": {"type": "LineString", "coordinates": [[135.10053, 34.63733], [135.10047, 34.63712]]}}, {"type": "Feature", "properties": {"l": 0, "c": 0, "n": 3, "k": 10, "o": 2, "r": 1}, "geometry": {"type": "Point", "coordinates": [135.10047, 34.63712]}}, {"type": "Feature", "properties": {"l": 5, "c": 0, "n": 4, "k": 18}, "geometry": {"type": "LineString", "coordinates": [[135.11066, 34.67736], [135.11046, 34.67759]]}}, {"type": "Feature", "properties": {"l": 0, "c": 0, "n": 4, "k": 18, "o": 1, "r": 53}, "geometry": {"type": "Point", "coordinates": [135.11046, 34.67759]}}, {"type": "Feature", "properties": {"l": 5, "c": 0, "n": 3, "k": 25}, "geometry": {"type": "LineString", "coordinates": [[135.10807, 34.67864], [135.10848, 34.67805]]}}, {"type": "Feature", "properties": {"l": 0, "c": 0, "n": 3, "k": 25, "o": 2, "r": 57}, "geometry": {"type": "Point", "coordinates": [135.10848, 34.67805]}}, {"type": "Feature", "properties": {"l": 5, "c": 0, "n": 3, "k": 25}, "geometry": {"type": "LineString", "coordinates": [[135.13185, 34.65411], [135.13166, 34.65383]]}}, {"type": "Feature", "properties": {"l": 0, "c": 0, "n": 3, "k": 25, "o": 2, "r": 21}, "geometry": {"type": "Point", "coordinates": [135.13166, 34.65383]}}, {"type": "Feature", "properties": {"l": 5, "c": 0, "n": 3}, "geometry": {"type": "LineString", "coordinates": [[135.13075, 34.65072], [135.13085, 34.65052]]}}, {"type": "Feature", "properties": {"l": 0, "c": 0, "n": 3}, "geometry": {"type": "Point", "coordinates": [135.13085, 34.65052]}}, {"type": "Feature", "properties": {"l": 5, "c": 0, "n": 4}, "geometry": {"type": "LineString", "coordinates": [[135.09666, 34.68016], [135.0964, 34.68055]]}}, {"type": "Feature", "properties": {"l": 0, "c": 0, "n": 4, "o": 4, "r": 48}, "geometry": {"type": "Point", "coordinates": [135.0964, 34.68055]}}, {"type": "Feature", "properties": {"l": 5, "c": 0, "n": 3}, "geometry": {"type": "LineString", "coordinates": [[135.12205, 34.64875], [135.12242, 34.64873]]}}, {"type": "Feature", "properties": {"l": 0, "c": 0, "n": 3, "o": 2, "r": 58}, "geometry": {"type": "Point", "coordinates": [135.12242, 34.64873]}}, {"type": "Feature", "properties": {"l": 5, "c": 0, "n": 4, "k": 20}, "geometry": {"type": "LineString", "coordinates": [[135.12721, 34.65136], [135.12709, 34.65113]]}}, {"type": "Feature", "properties": {"l": 0, "c": 0, "n": 4, "k": 20, "o": 2, "r": 21}, "geometry": {"type": "Point", "coordinates": [135.12709, 34.65113]}}, {"type": "Feature", "properties": {"l": 5, "c": 0, "n": 3}, "geometry": {"type": "LineString", "coordinates": [[135.10386, 34.68146], [135.10376, 34.68125]]}}, {"type": "Feature", "properties": {"l": 0, "c": 0, "n": 3, "o": 2, "r": 48}, "geometry": {"type": "Point", "coordinates": [135.10376, 34.68125]}}, {"type": "Feature", "properties": {"l": 5, "c": 0, "n": 4}, "geometry": {"type": "LineString", "coordinates": [[135.05811, 34.62855], [135.0579, 34.62837], [135.05801, 34.62821]]}}, {"type": "Feature", "properties": {"l": 0, "c": 0, "n": 4}, "geometry": {"type": "Point", "coordinates": [135.05801, 34.62821]}}, {"type": "Feature", "properties": {"l": 5, "c": 0, "n": 3}, "geometry": {"type": "LineString", "coordinates": [[135.0382, 34.65233], [135.03842, 34.65256], [135.03846, 34.65244]]}}, {"type": "Feature", "properties": {"l": 0, "c": 0, "n": 3}, "geometry": {"type": "Point", "coordinates": [135.03846, 34.65244]}}, {"type": "Feature", "properties": {"l": 5, "c": 0, "n": 3, "k": 34}, "geometry": {"type": "LineString", "coordinates": [[135.06593, 34.62919], [135.06576, 34.62894]]}}, {"type": "Feature", "properties": {"l": 0, "c": 0, "n": 3, "k": 34, "o": 1, "r": 1}, "geometry": {"type": "Point", "coordinates": [135.06576, 34.62894]}}, {"type": "Feature", "properties": {"l": 5, "c": 0, "n": 4}, "geometry": {"type": "LineString", "coordinates": [[135.05374, 34.66101], [135.05381, 34.66121], [135.0541, 34.66129], [135.05367, 34.66145], [135.05397, 34.66152]]}}, {"type": "Feature", "properties": {"l": 0, "c": 0, "n": 4, "o": 2, "r": 59}, "geometry": {"type": "Point", "coordinates": [135.05397, 34.66152]}}, {"type": "Feature", "properties": {"l": 5, "c": 0, "n": 3}, "geometry": {"type": "LineString", "coordinates": [[135.05267, 34.64848], [135.05293, 34.64837], [135.05218, 34.64834], [135.05166, 34.6486], [135.05212, 34.64864]]}}, {"type": "Feature", "properties": {"l": 0, "c": 0, "n": 3, "o": 1, "r": 60}, "geometry": {"type": "Point", "coordinates": [135.05212, 34.64864]}}, {"type": "Feature", "properties": {"l": 5, "c": 0, "n": 3}, "geometry": {"type": "LineString", "coordinates": [[135.0377, 34.63951], [135.03759, 34.63914], [135.03755, 34.63947]]}}, {"type": "Feature", "properties": {"l": 0, "c": 0, "n": 3}, "geometry": {"type": "Point", "coordinates": [135.03755, 34.63947]}}, {"type": "Feature", "properties": {"l": 5, "c": 0, "n": 3}, "geometry": {"type": "LineString", "coordinates": [[135.05154, 34.62981], [135.05167, 34.62941]]}}, {"type": "Feature", "properties": {"l": 0, "c": 0, "n": 3, "o": 1, "r": 61}, "geometry": {"type": "Point", "coordinates": [135.05167, 34.62941]}}, {"type": "Feature", "properties": {"l": 5, "c": 0, "n": 3}, "geometry": {"type": "LineString", "coordinates": [[135.06682, 34.64978], [135.06613, 34.64904], [135.06607, 34.64873]]}}, {"type": "Feature", "properties": {"l": 0, "c": 0, "n": 3, "o": 2, "r": 62}, "geometry": {"type": "Point", "coordinates": [135.06607, 34.64873]}}, {"type": "Feature", "properties": {"l": 5, "c": 0, "n": 3}, "geometry": {"type": "LineString", "coordinates": [[135.05006, 34.63838], [135.0501, 34.63854], [135.04971, 34.63802], [135.05026, 34.63828]]}}, {"type": "Feature", "properties": {"l": 0, "c": 0, "n": 3, "o": 1, "r": 63}, "geometry": {"type": "Point", "coordinates": [135.05026, 34.63828]}}, {"type": "Feature", "properties": {"l": 5, "c": 0, "n": 3, "k": 9}, "geometry": {"type": "LineString", "coordinates": [[135.06011, 34.67348], [135.06017, 34.67294]]}}, {"type": "Feature", "properties": {"l": 0, "c": 0, "n": 3, "k": 9, "o": 2, "r": 64}, "geometry": {"type": "Point", "coordinates": [135.06017, 34.67294]}}, {"type": "Feature", "properties": {"l": 5, "c": 0, "n": 4}, "geometry": {"type": "LineString", "coordinates": [[135.03419, 34.63223], [135.03438, 34.63208], [135.03407, 34.63174], [135.03481, 34.63154], [135.03454, 34.63233]]}}, {"type": "Feature", "properties": {"l": 0, "c": 0, "n": 4, "o": 1, "r": 65}, "geometry": {"type": "Point", "coordinates": [135.03454, 34.63233]}}, {"type": "Feature", "properties": {"l": 5, "c": 0, "n": 3}, "geometry": {"type": "LineString", "coordinates": [[135.03653, 34.63066], [135.03673, 34.63003]]}}, {"type": "Feature", "properties": {"l": 0, "c": 0, "n": 3}, "geometry": {"type": "Point", "coordinates": [135.03673, 34.63003]}}, {"type": "Feature", "properties": {"l": 5, "c": 0, "n": 3, "k": 11}, "geometry": {"type": "LineString", "coordinates": [[135.06816, 34.66537], [135.06751, 34.66495]]}}, {"type": "Feature", "properties": {"l": 0, "c": 0, "n": 3, "k": 11, "o": 2, "r": 62}, "geometry": {"type": "Point", "coordinates": [135.06816, 34.66537]}}, {"type": "Feature", "properties": {"l": 5, "c": 0, "n": 4}, "geometry": {"type": "LineString", "coordinates": [[135.06088, 34.66992], [135.06048, 34.66998], [135.06035, 34.67015], [135.06019, 34.67], [135.06024, 34.66983]]}}, {"type": "Feature", "properties": {"l": 0, "c": 0, "n": 4, "o": 2, "r": 66}, "geometry": {"type": "Point", "coordinates": [135.06024, 34.66983]}}, {"type": "Feature", "properties": {"l": 5, "c": 0, "n": 3}, "geometry": {"type": "LineString", "coordinates": [[135.05051, 34.65047], [135.05073, 34.64999]]}}, {"type": "Feature", "properties": {"l": 0, "c": 0, "n": 3, "o": 2, "r": 59}, "geometry": {"type": "Point", "coordinates": [135.05073, 34.64999]}}, {"type": "Feature", "properties": {"l": 5, "c": 0, "n": 4}, "geometry": {"type": "LineString", "coordinates": [[135.07857, 34.64923], [135.07798, 34.64922]]}}, {"type": "Feature", "properties": {"l": 0, "c": 0, "n": 4, "o": 1, "r": 21}, "geometry": {"type": "Point", "coordinates": [135.07798, 34.64922]}}, {"type": "Feature", "properties": {"l": 5, "c": 0, "n": 3}, "geometry": {"type": "LineString", "coordinates": [[135.03087, 34.64024], [135.03089, 34.64006], [135.03126, 34.63997]]}}, {"type": "Feature", "properties": {"l": 0, "c": 0, "n": 3}, "geometry": {"type": "Point", "coordinates": [135.03126, 34.63997]}}, {"type": "Feature", "properties": {"l": 5, "c": 0, "n": 4}, "geometry": {"type": "LineString", "coordinates": [[135.05577, 34.6642], [135.05591, 34.66464]]}}, {"type": "Feature", "properties": {"l": 0, "c": 0, "n": 4, "o": 2, "r": 66}, "geometry": {"type": "Point", "coordinates": [135.05591, 34.66464]}}, {"type": "Feature", "properties": {"l": 5, "c": 0, "n": 3}, "geometry": {"type": "LineString", "coordinates": [[135.20693, 34.67402], [135.20684, 34.67372], [135.20677, 34.67478], [135.20752, 34.6746]]}}, {"type": "Feature", "properties": {"l": 0, "c": 0, "n": 3, "o": 4, "r": 67}, "geometry": {"type": "Point", "coordinates": [135.20752, 34.6746]}}, {"type": "Feature", "properties": {"l": 5, "c": 0, "n": 3, "k": 39}, "geometry": {"type": "LineString", "coordinates": [[135.21378, 34.67518], [135.21393, 34.67494], [135.21362, 34.67461], [135.21397, 34.67445]]}}, {"type": "Feature", "properties": {"l": 0, "c": 0, "n": 3, "k": 39, "o": 4, "r": 68}, "geometry": {"type": "Point", "coordinates": [135.21397, 34.67445]}}, {"type": "Feature", "properties": {"l": 5, "c": 0, "n": 4}, "geometry": {"type": "LineString", "coordinates": [[135.2078, 34.66103], [135.20749, 34.66054], [135.20772, 34.66156]]}}, {"type": "Feature", "properties": {"l": 0, "c": 0, "n": 4, "o": 3, "r": 69}, "geometry": {"type": "Point", "coordinates": [135.20772, 34.66156]}}, {"type": "Feature", "properties": {"l": 5, "c": 0, "n": 3}, "geometry": {"type": "LineString", "coordinates": [[135.207, 34.66867], [135.20703, 34.6683], [135.20724, 34.66954], [135.20703, 34.6683]]}}, {"type": "Feature", "properties": {"l": 0, "c": 0, "n": 3, "o": 4, "r": 69}, "geometry": {"type": "Point", "coordinates": [135.20703, 34.6683]}}, {"type": "Feature", "properties": {"l": 5, "c": 0, "n": 3}, "geometry": {"type": "LineString", "coordinates": [[135.20719, 34.66583], [135.20721, 34.66541], [135.20781, 34.66615]]}}, {"type": "Feature", "properties": {"l": 0, "c": 0, "n": 3, "o": 4, "r": 69}, "geometry": {"type": "Point", "coordinates": [135.20781, 34.66615]}}, {"type": "Feature", "properties": {"l": 5, "c": 0, "n": 4}, "geometry": {"type": "LineString", "coordinates": [[135.21162, 34.66657], [135.21208, 34.66665]]}}, {"type": "Feature", "properties": {"l": 0, "c": 0, "n": 4, "o": 1, "r": 70}, "geometry": {"type": "Point", "coordinates": [135.21208, 34.66665]}}, {"type": "Feature", "properties": {"l": 5, "c": 0, "n": 4}, "geometry": {"type": "LineString", "coordinates": [[135.21686, 34.67007], [135.217, 34.66953]]}}, {"type": "Feature", "properties": {"l": 0, "c": 0, "n": 4, "o": 4, "r": 68}, "geometry": {"type": "Point", "coordinates": [135.217, 34.66953]}}, {"type": "Feature", "properties": {"l": 5, "c": 0, "n": 3}, "geometry": {"type": "LineString", "coordinates": [[135.21605, 34.67103], [135.21617, 34.67084], [135.21598, 34.67153], [135.21673, 34.67126]]}}, {"type": "Feature", "properties": {"l": 0, "c": 0, "n": 3}, "geometry": {"type": "Point", "coordinates": [135.21673, 34.67126]}}, {"type": "Feature", "properties": {"l": 5, "c": 0, "n": 4}, "geometry": {"type": "LineString", "coordinates": [[135.20852, 34.67241], [135.20815, 34.67272]]}}, {"type": "Feature", "properties": {"l": 0, "c": 0, "n": 4, "o": 4, "r": 71}, "geometry": {"type": "Point", "coordinates": [135.20815, 34.67272]}}, {"type": "Feature", "properties": {"l": 5, "c": 0, "n": 4}, "geometry": {"type": "LineString", "coordinates": [[135.22024, 34.66383], [135.22015, 34.66442]]}}, {"type": "Feature", "properties": {"l": 0, "c": 0, "n": 4, "o": 4, "r": 68}, "geometry": {"type": "Point", "coordinates": [135.22015, 34.66442]}}, {"type": "Feature", "properties": {"l": 5, "c": 0, "n": 4, "k": 29}, "geometry": {"type": "LineString", "coordinates": [[135.19832, 34.68608], [135.19875, 34.68555]]}}, {"type": "Feature", "properties": {"l": 0, "c": 0, "n": 4, "k": 29, "o": 3}, "geometry": {"type": "Point", "coordinates": [135.19875, 34.68555]}}, {"type": "Feature", "properties": {"l": 5, "c": 0, "n": 4, "k": 26}, "geometry": {"type": "LineString", "coordinates": [[135.20682, 34.67161], [135.20684, 34.67122], [135.20705, 34.67216], [135.20732, 34.6719], [135.20628, 34.67178]]}}, {"type": "Feature", "properties": {"l": 0, "c": 0, "n": 4, "k": 26, "o": 2, "r": 72}, "geometry": {"type": "Point", "coordinates": [135.20628, 34.67178]}}, {"type": "Feature", "properties": {"l": 5, "c": 0, "n": 3}, "geometry": {"type": "LineString", "coordinates": [[135.213, 34.66328], [135.21332, 34.66376]]}}, {"type": "Feature", "properties": {"l": 0, "c": 0, "n": 3, "o": 1, "r": 71}, "geometry": {"type": "Point", "coordinates": [135.21332, 34.66376]}}, {"type": "Feature", "properties": {"l": 5, "c": 0, "n": 4}, "geometry": {"type": "LineString", "coordinates": [[135.22218, 34.66043], [135.22188, 34.66032], [135.22231, 34.66092], [135.22303, 34.66068], [135.2226, 34.66003]]}}, {"type": "Feature", "properties": {"l": 0, "c": 0, "n": 4, "o": 4, "r": 68}, "geometry": {"type": "Point", "coordinates": [135.2226, 34.66003]}}, {"type": "Feature", "properties": {"l": 5, "c": 0, "n": 4}, "geometry": {"type": "LineString", "coordinates": [[135.18593, 34.68451], [135.18671, 34.68466], [135.18628, 34.68411], [135.18603, 34.68491]]}}, {"type": "Feature", "properties": {"l": 0, "c": 0, "n": 4, "o": 2, "r": 73}, "geometry": {"type": "Point", "coordinates": [135.18603, 34.68491]}}, {"type": "Feature", "properties": {"l": 5, "c": 0, "n": 3}, "geometry": {"type": "LineString", "coordinates": [[135.19857, 34.68413], [135.19887, 34.68433]]}}, {"type": "Feature", "properties": {"l": 0, "c": 0, "n": 3, "o": 3, "r": 74}, "geometry": {"type": "Point", "coordinates": [135.19887, 34.68433]}}, {"type": "Feature", "properties": {"l": 5, "c": 0, "n": 3}, "geometry": {"type": "LineString", "coordinates": [[135.21245, 34.65657], [135.21206, 34.65632]]}}, {"type": "Feature", "properties": {"l": 0, "c": 0, "n": 3}, "geometry": {"type": "Point", "coordinates": [135.21206, 34.65632]}}, {"type": "Feature", "properties": {"l": 5, "c": 0, "n": 6}, "geometry": {"type": "LineString", "coordinates": [[135.20057, 34.68529], [135.20122, 34.68502]]}}, {"type": "Feature", "properties": {"l": 0, "c": 0, "n": 6, "o": 2}, "geometry": {"type": "Point", "coordinates": [135.20122, 34.68502]}}, {"type": "Feature", "properties": {"l": 5, "c": 0, "n": 3, "k": 39}, "geometry": {"type": "LineString", "coordinates": [[135.21932, 34.66557], [135.21908, 34.66627]]}}, {"type": "Feature", "properties": {"l": 0, "c": 0, "n": 3, "k": 39, "o": 4, "r": 68}, "geometry": {"type": "Point", "coordinates": [135.21908, 34.66627]}}, {"type": "Feature", "properties": {"l": 5, "c": 0, "n": 4}, "geometry": {"type": "LineString", "coordinates": [[135.21268, 34.67744], [135.21234, 34.6777]]}}, {"type": "Feature", "properties": {"l": 0, "c": 0, "n": 4, "o": 2, "r": 75}, "geometry": {"type": "Point", "coordinates": [135.21234, 34.6777]}}, {"type": "Feature", "properties": {"l": 5, "c": 0, "n": 3, "k": 29}, "geometry": {"type": "LineString", "coordinates": [[135.19512, 34.68481], [135.19561, 34.68446]]}}, {"type": "Feature", "properties": {"l": 0, "c": 0, "n": 3, "k": 29, "o": 2, "r": 76}, "geometry": {"type": "Point", "coordinates": [135.19561, 34.68446]}}, {"type": "Feature", "properties": {"l": 5, "c": 0, "n": 4}, "geometry": {"type": "LineString", "coordinates": [[135.22491, 34.65619], [135.2243, 34.65616]]}}, {"type": "Feature", "properties": {"l": 0, "c": 0, "n": 4, "o": 3}, "geometry": {"type": "Point", "coordinates": [135.2243, 34.65616]}}, {"type": "Feature", "properties": {"l": 5, "c": 0, "n": 4}, "geometry": {"type": "LineString", "coordinates": [[135.21142, 34.66763], [135.21134, 34.66733]]}}, {"type": "Feature", "properties": {"l": 0, "c": 0, "n": 4, "o": 2, "r": 71}, "geometry": {"type": "Point", "coordinates": [135.21134, 34.66733]}}, {"type": "Feature", "properties": {"l": 5, "c": 0, "n": 4}, "geometry": {"type": "LineString", "coordinates": [[135.20639, 34.68977], [135.20602, 34.68957], [135.20697, 34.68948], [135.20625, 34.69011], [135.20723, 34.69008]]}}, {"type": "Feature", "properties": {"l": 0, "c": 0, "n": 4, "o": 3, "r": 77}, "geometry": {"type": "Point", "coordinates": [135.20723, 34.69008]}}, {"type": "Feature", "properties": {"l": 5, "c": 0, "n": 4}, "geometry": {"type": "LineString", "coordinates": [[135.23297, 34.63881], [135.23237, 34.63893]]}}, {"type": "Feature", "properties": {"l": 0, "c": 0, "n": 4, "o": 2}, "geometry": {"type": "Point", "coordinates": [135.23237, 34.63893]}}, {"type": "Feature", "properties": {"l": 5, "c": 0, "n": 3}, "geometry": {"type": "LineString", "coordinates": [[135.22646, 34.65342], [135.22627, 34.65413]]}}, {"type": "Feature", "properties": {"l": 0, "c": 0, "n": 3, "o": 4, "r": 68}, "geometry": {"type": "Point", "coordinates": [135.22627, 34.65413]}}, {"type": "Feature", "properties": {"l": 5, "c": 0, "n": 4}, "geometry": {"type": "LineString", "coordinates": [[135.19798, 34.68623], [135.19785, 34.68688]]}}, {"type": "Feature", "properties": {"l": 0, "c": 0, "n": 4, "o": 3, "r": 22}, "geometry": {"type": "Point", "coordinates": [135.19785, 34.68688]}}, {"type": "Feature", "properties": {"l": 5, "c": 0, "n": 4}, "geometry": {"type": "LineString", "coordinates": [[135.19002, 34.68609], [135.1903, 34.68611], [135.18986, 34.68617], [135.18989, 34.68577], [135.18951, 34.68606]]}}, {"type": "Feature", "properties": {"l": 0, "c": 0, "n": 4, "o": 3, "r": 1}, "geometry": {"type": "Point", "coordinates": [135.18951, 34.68606]}}, {"type": "Feature", "properties": {"l": 5, "c": 0, "n": 4}, "geometry": {"type": "LineString", "coordinates": [[135.19344, 34.68614], [135.19287, 34.68617]]}}, {"type": "Feature", "properties": {"l": 0, "c": 0, "n": 4, "o": 3, "r": 1}, "geometry": {"type": "Point", "coordinates": [135.19287, 34.68617]}}, {"type": "Feature", "properties": {"l": 5, "c": 0, "n": 3}, "geometry": {"type": "LineString", "coordinates": [[135.19097, 34.6861], [135.19047, 34.68617], [135.19096, 34.68654]]}}, {"type": "Feature", "properties": {"l": 0, "c": 0, "n": 3, "o": 2, "r": 78}, "geometry": {"type": "Point", "coordinates": [135.19096, 34.68654]}}, {"type": "Feature", "properties": {"l": 5, "c": 0, "n": 4}, "geometry": {"type": "LineString", "coordinates": [[135.18547, 34.68518], [135.18507, 34.68509]]}}, {"type": "Feature", "properties": {"l": 0, "c": 0, "n": 4, "o": 3, "r": 1}, "geometry": {"type": "Point", "coordinates": [135.18507, 34.68509]}}, {"type": "Feature", "properties": {"l": 5, "c": 0, "n": 3, "k": 34}, "geometry": {"type": "LineString", "coordinates": [[135.2057, 34.67189], [135.20613, 34.67172]]}}, {"type": "Feature", "properties": {"l": 0, "c": 0, "n": 3, "k": 34, "o": 2, "r": 72}, "geometry": {"type": "Point", "coordinates": [135.20613, 34.67172]}}, {"type": "Feature", "properties": {"l": 5, "c": 0, "n": 3}, "geometry": {"type": "LineString", "coordinates": [[135.2163, 34.66451], [135.21569, 34.66439]]}}, {"type": "Feature", "properties": {"l": 0, "c": 0, "n": 3, "o": 3, "r": 79}, "geometry": {"type": "Point", "coordinates": [135.21569, 34.66439]}}, {"type": "Feature", "properties": {"l": 5, "c": 0, "n": 4}, "geometry": {"type": "LineString", "coordinates": [[135.21052, 34.65962], [135.21061, 34.65947], [135.21091, 34.65999], [135.21, 34.65971], [135.21036, 34.66011]]}}, {"type": "Feature", "properties": {"l": 0, "c": 0, "n": 4}, "geometry": {"type": "Point", "coordinates": [135.21036, 34.66011]}}, {"type": "Feature", "properties": {"l": 5, "c": 0, "n": 3}, "geometry": {"type": "LineString", "coordinates": [[135.20019, 34.68778], [135.20006, 34.68757], [135.19967, 34.6875]]}}, {"type": "Feature", "properties": {"l": 0, "c": 0, "n": 3, "o": 3, "r": 1}, "geometry": {"type": "Point", "coordinates": [135.19967, 34.6875]}}, {"type": "Feature", "properties": {"l": 5, "c": 0, "n": 5}, "geometry": {"type": "LineString", "coordinates": [[135.20391, 34.69344], [135.20415, 34.69372], [135.20395, 34.69284], [135.20274, 34.69301], [135.2032, 34.69368], [135.203, 34.69265]]}}, {"type": "Feature", "properties": {"l": 0, "c": 0, "n": 5, "o": 2, "r": 24}, "geometry": {"type": "Point", "coordinates": [135.203, 34.69265]}}, {"type": "Feature", "properties": {"l": 5, "c": 0, "n": 3, "k": 34}, "geometry": {"type": "LineString", "coordinates": [[135.20028, 34.68852], [135.20013, 34.68866], [135.20009, 34.68805], [135.20083, 34.68868]]}}, {"type": "Feature", "properties": {"l": 0, "c": 0, "n": 3, "k": 34, "o": 2, "r": 24}, "geometry": {"type": "Point", "coordinates": [135.20083, 34.68868]}}, {"type": "Feature", "properties": {"l": 5, "c": 0, "n": 3, "k": 16}, "geometry": {"type": "LineString", "coordinates": [[135.20462, 34.69253], [135.20484, 34.69272], [135.20414, 34.69294], [135.20458, 34.69205]]}}, {"type": "Feature", "properties": {"l": 0, "c": 0, "n": 3, "k": 16, "o": 4, "r": 80}, "geometry": {"type": "Point", "coordinates": [135.20458, 34.69205]}}, {"type": "Feature", "properties": {"l": 5, "c": 0, "n": 3}, "geometry": {"type": "LineString", "coordinates": [[135.20256, 34.6922], [135.2024, 34.69245], [135.20301, 34.69225], [135.20247, 34.69173]]}}, {"type": "Feature", "properties": {"l": 0, "c": 0, "n": 3, "o": 2, "r": 24}, "geometry": {"type": "Point", "coordinates": [135.20247, 34.69173]}}, {"type": "Feature", "properties": {"l": 5, "c": 0, "n": 4}, "geometry": {"type": "LineString", "coordinates": [[135.08108, 34.7352], [135.08023, 34.73492]]}}, {"type": "Feature", "properties": {"l": 0, "c": 0, "n": 4, "o": 1, "r": 81}, "geometry": {"type": "Point", "coordinates": [135.08023, 34.73492]}}, {"type": "Feature", "properties": {"l": 5, "c": 0, "n": 4}, "geometry": {"type": "LineString", "coordinates": [[134.9804, 34.66856], [134.97991, 34.66855]]}}, {"type": "Feature", "properties": {"l": 0, "c": 0, "n": 4, "o": 1, "r": 21}, "geometry": {"type": "Point", "coordinates": [134.97991, 34.66855]}}, {"type": "Feature", "properties": {"l": 5, "c": 0, "n": 4}, "geometry": {"type": "LineString", "coordinates": [[135.00261, 34.66502], [135.00251, 34.66531]]}}, {"type": "Feature", "properties": {"l": 0, "c": 0, "n": 4, "o": 1, "r": 21}, "geometry": {"type": "Point", "coordinates": [135.00251, 34.66531]}}, {"type": "Feature", "properties": {"l": 5, "c": 0, "n": 4}, "geometry": {"type": "LineString", "coordinates": [[135.02273, 34.67427], [135.02253, 34.67461]]}}, {"type": "Feature", "properties": {"l": 0, "c": 0, "n": 4, "o": 1, "r": 82}, "geometry": {"type": "Point", "coordinates": [135.02253, 34.67461]}}, {"type": "Feature", "properties": {"l": 5, "c": 0, "n": 4}, "geometry": {"type": "LineString", "coordinates": [[135.00583, 34.66508], [135.00562, 34.66487]]}}, {"type": "Feature", "properties": {"l": 0, "c": 0, "n": 4, "o": 1, "r": 21}, "geometry": {"type": "Point", "coordinates": [135.00562, 34.66487]}}, {"type": "Feature", "properties": {"l": 5, "c": 0, "n": 4}, "geometry": {"type": "LineString", "coordinates": [[135.0049, 34.71313], [135.00507, 34.71341]]}}, {"type": "Feature", "properties": {"l": 0, "c": 0, "n": 4}, "geometry": {"type": "Point", "coordinates": [135.00507, 34.71341]}}, {"type": "Feature", "properties": {"l": 5, "c": 0, "n": 4}, "geometry": {"type": "LineString", "coordinates": [[135.0024, 34.71503], [135.00215, 34.71474]]}}, {"type": "Feature", "properties": {"l": 0, "c": 0, "n": 4}, "geometry": {"type": "Point", "coordinates": [135.00215, 34.71474]}}, {"type": "Feature", "properties": {"l": 5, "c": 0, "n": 3}, "geometry": {"type": "LineString", "coordinates": [[135.02536, 34.67449], [135.02548, 34.67459]]}}, {"type": "Feature", "properties": {"l": 0, "c": 0, "n": 3, "o": 1, "r": 82}, "geometry": {"type": "Point", "coordinates": [135.02548, 34.67459]}}, {"type": "Feature", "properties": {"l": 5, "c": 0, "n": 3}, "geometry": {"type": "LineString", "coordinates": [[135.02539, 34.67062], [135.02561, 34.67008]]}}, {"type": "Feature", "properties": {"l": 0, "c": 0, "n": 3}, "geometry": {"type": "Point", "coordinates": [135.02561, 34.67008]}}, {"type": "Feature", "properties": {"l": 5, "c": 0, "n": 3, "k": 9}, "geometry": {"type": "LineString", "coordinates": [[135.02033, 34.72205], [135.01987, 34.72218]]}}, {"type": "Feature", "properties": {"l": 0, "c": 0, "n": 3, "k": 9, "o": 2, "r": 83}, "geometry": {"type": "Point", "coordinates": [135.01987, 34.72218]}}, {"type": "Feature", "properties": {"l": 5, "c": 0, "n": 3}, "geometry": {"type": "LineString", "coordinates": [[135.02114, 34.71618], [135.0211, 34.71676]]}}, {"type": "Feature", "properties": {"l": 0, "c": 0, "n": 3}, "geometry": {"type": "Point", "coordinates": [135.0211, 34.71676]}}, {"type": "Feature", "properties": {"l": 5, "c": 0, "n": 4}, "geometry": {"type": "LineString", "coordinates": [[135.05704, 34.69345], [135.05676, 34.69367]]}}, {"type": "Feature", "properties": {"l": 0, "c": 0, "n": 4, "o": 1, "r": 82}, "geometry": {"type": "Point", "coordinates": [135.05676, 34.69367]}}, {"type": "Feature", "properties": {"l": 5, "c": 0, "n": 3}, "geometry": {"type": "LineString", "coordinates": [[135.01718, 34.73065], [135.01664, 34.7304]]}}, {"type": "Feature", "properties": {"l": 0, "c": 0, "n": 3, "o": 2, "r": 84}, "geometry": {"type": "Point", "coordinates": [135.01664, 34.7304]}}, {"type": "Feature", "properties": {"l": 5, "c": 0, "n": 4}, "geometry": {"type": "LineString", "coordinates": [[135.00723, 34.711], [135.00733, 34.71133]]}}, {"type": "Feature", "properties": {"l": 0, "c": 0, "n": 4}, "geometry": {"type": "Point", "coordinates": [135.00733, 34.71133]}}, {"type": "Feature", "properties": {"l": 5, "c": 0, "n": 3, "k": 4}, "geometry": {"type": "LineString", "coordinates": [[135.02045, 34.72038], [135.02045, 34.7198]]}}, {"type": "Feature", "properties": {"l": 0, "c": 0, "n": 3, "k": 4}, "geometry": {"type": "Point", "coordinates": [135.02045, 34.7198]}}, {"type": "Feature", "properties": {"l": 5, "c": 0, "n": 4}, "geometry": {"type": "LineString", "coordinates": [[135.01629, 34.71989], [135.01548, 34.71934]]}}, {"type": "Feature", "properties": {"l": 0, "c": 0, "n": 4}, "geometry": {"type": "Point", "coordinates": [135.01548, 34.71934]}}, {"type": "Feature", "properties": {"l": 5, "c": 0, "n": 3}, "geometry": {"type": "LineString", "coordinates": [[135.0133, 34.72742], [135.01318, 34.72716], [135.01294, 34.72714], [135.01354, 34.72682], [135.01263, 34.72725]]}}, {"type": "Feature", "properties": {"l": 0, "c": 0, "n": 3, "o": 2, "r": 83}, "geometry": {"type": "Point", "coordinates": [135.01263, 34.72725]}}, {"type": "Feature", "properties": {"l": 5, "c": 0, "n": 4, "k": 17}, "geometry": {"type": "LineString", "coordinates": [[135.0478, 34.70024], [135.04773, 34.70064]]}}, {"type": "Feature", "properties": {"l": 0, "c": 0, "n": 4, "k": 17}, "geometry": {"type": "Point", "coordinates": [135.04773, 34.70064]}}, {"type": "Feature", "properties": {"l": 5, "c": 0, "n": 4, "k": 18}, "geometry": {"type": "LineString", "coordinates": [[135.05197, 34.70224], [135.05169, 34.70188]]}}, {"type": "Feature", "properties": {"l": 0, "c": 0, "n": 4, "k": 18}, "geometry": {"type": "Point", "coordinates": [135.05169, 34.70188]}}, {"type": "Feature", "properties": {"l": 5, "c": 0, "n": 3}, "geometry": {"type": "LineString", "coordinates": [[135.00919, 34.73967], [135.00968, 34.73978]]}}, {"type": "Feature", "properties": {"l": 0, "c": 0, "n": 3, "o": 2, "r": 55}, "geometry": {"type": "Point", "coordinates": [135.00968, 34.73978]}}, {"type": "Feature", "properties": {"l": 5, "c": 0, "n": 4}, "geometry": {"type": "LineString", "coordinates": [[134.99109, 34.66164], [134.99086, 34.6613]]}}, {"type": "Feature", "properties": {"l": 0, "c": 0, "n": 4, "o": 1, "r": 81}, "geometry": {"type": "Point", "coordinates": [134.99086, 34.6613]}}, {"type": "Feature", "properties": {"l": 5, "c": 0, "n": 3, "k": 18}, "geometry": {"type": "LineString", "coordinates": [[134.97334, 34.66942], [134.97301, 34.66961]]}}, {"type": "Feature", "properties": {"l": 0, "c": 0, "n": 3, "k": 18, "o": 1, "r": 21}, "geometry": {"type": "Point", "coordinates": [134.97301, 34.66961]}}, {"type": "Feature", "properties": {"l": 5, "c": 0, "n": 3}, "geometry": {"type": "LineString", "coordinates": [[135.03586, 34.66964], [135.03638, 34.66977]]}}, {"type": "Feature", "properties": {"l": 0, "c": 0, "n": 3, "o": 2, "r": 65}, "geometry": {"type": "Point", "coordinates": [135.03638, 34.66977]}}, {"type": "Feature", "properties": {"l": 5, "c": 0, "n": 3}, "geometry": {"type": "LineString", "coordinates": [[134.93926, 34.70998], [134.93935, 34.70967]]}}, {"type": "Feature", "properties": {"l": 0, "c": 0, "n": 3, "o": 1}, "geometry": {"type": "Point", "coordinates": [134.93935, 34.70967]}}, {"type": "Feature", "properties": {"l": 5, "c": 0, "n": 3}, "geometry": {"type": "LineString", "coordinates": [[135.07444, 34.73685], [135.0744, 34.7364]]}}, {"type": "Feature", "properties": {"l": 0, "c": 0, "n": 3, "o": 1, "r": 45}, "geometry": {"type": "Point", "coordinates": [135.0744, 34.7364]}}, {"type": "Feature", "properties": {"l": 5, "c": 0, "n": 3, "k": 7}, "geometry": {"type": "LineString", "coordinates": [[135.0802, 34.69476], [135.07969, 34.69451]]}}, {"type": "Feature", "properties": {"l": 0, "c": 0, "n": 3, "k": 7, "o": 2, "r": 55}, "geometry": {"type": "Point", "coordinates": [135.07969, 34.69451]}}, {"type": "Feature", "properties": {"l": 5, "c": 0, "n": 4}, "geometry": {"type": "LineString", "coordinates": [[135.05516, 34.70212], [135.0548, 34.7025]]}}, {"type": "Feature", "properties": {"l": 0, "c": 0, "n": 4}, "geometry": {"type": "Point", "coordinates": [135.0548, 34.7025]}}, {"type": "Feature", "properties": {"l": 5, "c": 0, "n": 3, "k": 21}, "geometry": {"type": "LineString", "coordinates": [[135.0261, 34.7389], [135.02666, 34.73929]]}}, {"type": "Feature", "properties": {"l": 0, "c": 0, "n": 3, "k": 21, "o": 2, "r": 55}, "geometry": {"type": "Point", "coordinates": [135.02666, 34.73929]}}, {"type": "Feature", "properties": {"l": 5, "c": 0, "n": 3, "k": 11}, "geometry": {"type": "LineString", "coordinates": [[135.01305, 34.74161], [135.01354, 34.74165]]}}, {"type": "Feature", "properties": {"l": 0, "c": 0, "n": 3, "k": 11, "o": 2, "r": 55}, "geometry": {"type": "Point", "coordinates": [135.01354, 34.74165]}}, {"type": "Feature", "properties": {"l": 5, "c": 0, "n": 3, "k": 23}, "geometry": {"type": "LineString", "coordinates": [[135.01359, 34.72306], [135.01319, 34.72322]]}}, {"type": "Feature", "properties": {"l": 0, "c": 0, "n": 3, "k": 23, "o": 2, "r": 85}, "geometry": {"type": "Point", "coordinates": [135.01319, 34.72322]}}, {"type": "Feature", "properties": {"l": 5, "c": 0, "n": 3}, "geometry": {"type": "LineString", "coordinates": [[134.97618, 34.68313], [134.97592, 34.68274]]}}, {"type": "Feature", "properties": {"l": 0, "c": 0, "n": 3, "o": 1, "r": 86}, "geometry": {"type": "Point", "coordinates": [134.97592, 34.68274]}}, {"type": "Feature", "properties": {"l": 5, "c": 0, "n": 4}, "geometry": {"type": "LineString", "coordinates": [[135.0175, 34.71614], [135.01673, 34.71612]]}}, {"type": "Feature", "properties": {"l": 0, "c": 0, "n": 4, "o": 2, "r": 85}, "geometry": {"type": "Point", "coordinates": [135.01673, 34.71612]}}, {"type": "Feature", "properties": {"l": 5, "c": 0, "n": 3}, "geometry": {"type": "LineString", "coordinates": [[134.98275, 34.70306], [134.98287, 34.70358]]}}, {"type": "Feature", "properties": {"l": 0, "c": 0, "n": 3, "o": 2, "r": 87}, "geometry": {"type": "Point", "coordinates": [134.98287, 34.70358]}}, {"type": "Feature", "properties": {"l": 5, "c": 0, "n": 4, "k": 25}, "geometry": {"type": "LineString", "coordinates": [[135.00965, 34.72529], [135.00919, 34.72513], [135.00939, 34.72551]]}}, {"type": "Feature", "properties": {"l": 0, "c": 0, "n": 4, "k": 25, "o": 1}, "geometry": {"type": "Point", "coordinates": [135.00939, 34.72551]}}, {"type": "Feature", "properties": {"l": 5, "c": 0, "n": 4}, "geometry": {"type": "LineString", "coordinates": [[134.99604, 34.70209], [134.99557, 34.70166]]}}, {"type": "Feature", "properties": {"l": 0, "c": 0, "n": 4, "o": 1, "r": 65}, "geometry": {"type": "Point", "coordinates": [134.99557, 34.70166]}}, {"type": "Feature", "properties": {"l": 5, "c": 0, "n": 4}, "geometry": {"type": "LineString", "coordinates": [[135.03635, 34.70288], [135.03653, 34.70249]]}}, {"type": "Feature", "properties": {"l": 0, "c": 0, "n": 4}, "geometry": {"type": "Point", "coordinates": [135.03653, 34.70249]}}, {"type": "Feature", "properties": {"l": 5, "c": 0, "n": 4}, "geometry": {"type": "LineString", "coordinates": [[135.03164, 34.70135], [135.03129, 34.70152]]}}, {"type": "Feature", "properties": {"l": 0, "c": 0, "n": 4}, "geometry": {"type": "Point", "coordinates": [135.03129, 34.70152]}}, {"type": "Feature", "properties": {"l": 5, "c": 0, "n": 3, "k": 28}, "geometry": {"type": "LineString", "coordinates": [[135.03931, 34.70045], [135.03917, 34.70027], [135.03926, 34.70067]]}}, {"type": "Feature", "properties": {"l": 0, "c": 0, "n": 3, "k": 28}, "geometry": {"type": "Point", "coordinates": [135.03926, 34.70067]}}, {"type": "Feature", "properties": {"l": 5, "c": 0, "n": 3, "k": 24}, "geometry": {"type": "LineString", "coordinates": [[135.01595, 34.72087], [135.01584, 34.72129]]}}, {"type": "Feature", "properties": {"l": 0, "c": 0, "n": 3, "k": 24, "o": 2, "r": 85}, "geometry": {"type": "Point", "coordinates": [135.01584, 34.72129]}}, {"type": "Feature", "properties": {"l": 5, "c": 0, "n": 3, "k": 25}, "geometry": {"type": "LineString", "coordinates": [[135.04201, 34.70162], [135.04197, 34.70139], [135.04179, 34.70132], [135.04234, 34.70115]]}}, {"type": "Feature", "properties": {"l": 0, "c": 0, "n": 3, "k": 25}, "geometry": {"type": "Point", "coordinates": [135.04234, 34.70115]}}, {"type": "Feature", "properties": {"l": 5, "c": 0, "n": 4}, "geometry": {"type": "LineString", "coordinates": [[134.99478, 34.68271], [134.99469, 34.68255], [134.99527, 34.68271], [134.99472, 34.68288]]}}, {"type": "Feature", "properties": {"l": 0, "c": 0, "n": 4, "o": 1, "r": 81}, "geometry": {"type": "Point", "coordinates": [134.99472, 34.68288]}}, {"type": "Feature", "properties": {"l": 5, "c": 0, "n": 4}, "geometry": {"type": "LineString", "coordinates": [[135.03441, 34.73105], [135.03404, 34.73063]]}}, {"type": "Feature", "properties": {"l": 0, "c": 0, "n": 4, "o": 2, "r": 55}, "geometry": {"type": "Point", "coordinates": [135.03404, 34.73063]}}, {"type": "Feature", "properties": {"l": 5, "c": 0, "n": 3, "k": 12}, "geometry": {"type": "LineString", "coordinates": [[135.07195, 34.74622], [135.07169, 34.74666]]}}, {"type": "Feature", "properties": {"l": 0, "c": 0, "n": 3, "k": 12, "o": 1, "r": 45}, "geometry": {"type": "Point", "coordinates": [135.07169, 34.74666]}}, {"type": "Feature", "properties": {"l": 5, "c": 0, "n": 3}, "geometry": {"type": "LineString", "coordinates": [[134.97424, 34.71368], [134.97409, 34.71422]]}}, {"type": "Feature", "properties": {"l": 0, "c": 0, "n": 3, "o": 1, "r": 86}, "geometry": {"type": "Point", "coordinates": [134.97409, 34.71422]}}, {"type": "Feature", "properties": {"l": 5, "c": 0, "n": 3}, "geometry": {"type": "LineString", "coordinates": [[134.98892, 34.74147], [134.98854, 34.74165]]}}, {"type": "Feature", "properties": {"l": 0, "c": 0, "n": 3, "o": 2, "r": 55}, "geometry": {"type": "Point", "coordinates": [134.98854, 34.74165]}}, {"type": "Feature", "properties": {"l": 5, "c": 0, "n": 3}, "geometry": {"type": "LineString", "coordinates": [[135.0399, 34.7215], [135.0401, 34.72065], [135.03965, 34.72095]]}}, {"type": "Feature", "properties": {"l": 0, "c": 0, "n": 3, "o": 1, "r": 88}, "geometry": {"type": "Point", "coordinates": [135.03965, 34.72095]}}, {"type": "Feature", "properties": {"l": 5, "c": 0, "n": 4}, "geometry": {"type": "LineString", "coordinates": [[135.03635, 34.75682], [135.03666, 34.75693], [135.03632, 34.75694]]}}, {"type": "Feature", "properties": {"l": 0, "c": 0, "n": 4, "o": 1, "r": 45}, "geometry": {"type": "Point", "coordinates": [135.03632, 34.75694]}}, {"type": "Feature", "properties": {"l": 5, "c": 0, "n": 3, "k": 16}, "geometry": {"type": "LineString", "coordinates": [[134.94072, 34.70952], [134.94083, 34.70992]]}}, {"type": "Feature", "properties": {"l": 0, "c": 0, "n": 3, "k": 16, "o": 1}, "geometry": {"type": "Point", "coordinates": [134.94083, 34.70992]}}, {"type": "Feature", "properties": {"l": 5, "c": 0, "n": 3, "k": 15}, "geometry": {"type": "LineString", "coordinates": [[134.98339, 34.6958], [134.98287, 34.69572]]}}, {"type": "Feature", "properties": {"l": 0, "c": 0, "n": 3, "k": 15, "o": 2, "r": 87}, "geometry": {"type": "Point", "coordinates": [134.98287, 34.69572]}}, {"type": "Feature", "properties": {"l": 5, "c": 0, "n": 3}, "geometry": {"type": "LineString", "coordinates": [[135.04219, 34.68711], [135.04244, 34.68735]]}}, {"type": "Feature", "properties": {"l": 0, "c": 0, "n": 3, "o": 1, "r": 82}, "geometry": {"type": "Point", "coordinates": [135.04244, 34.68735]}}, {"type": "Feature", "properties": {"l": 5, "c": 0, "n": 3}, "geometry": {"type": "LineString", "coordinates": [[135.02873, 34.69777], [135.02864, 34.69762], [135.02891, 34.69772]]}}, {"type": "Feature", "properties": {"l": 0, "c": 0, "n": 3}, "geometry": {"type": "Point", "coordinates": [135.02891, 34.69772]}}, {"type": "Feature", "properties": {"l": 5, "c": 0, "n": 4}, "geometry": {"type": "LineString", "coordinates": [[135.03531, 34.7056], [135.03484, 34.70536]]}}, {"type": "Feature", "properties": {"l": 0, "c": 0, "n": 4}, "geometry": {"type": "Point", "coordinates": [135.03484, 34.70536]}}, {"type": "Feature", "properties": {"l": 5, "c": 0, "n": 4}, "geometry": {"type": "LineString", "coordinates": [[135.0278, 34.69946], [135.02736, 34.69939]]}}, {"type": "Feature", "properties": {"l": 0, "c": 0, "n": 4}, "geometry": {"type": "Point", "coordinates": [135.02736, 34.69939]}}, {"type": "Feature", "properties": {"l": 5, "c": 0, "n": 4, "k": 23}, "geometry": {"type": "LineString", "coordinates": [[135.05549, 34.70532], [135.05534, 34.70492]]}}, {"type": "Feature", "properties": {"l": 0, "c": 0, "n": 4, "k": 23}, "geometry": {"type": "Point", "coordinates": [135.05534, 34.70492]}}, {"type": "Feature", "properties": {"l": 5, "c": 0, "n": 3}, "geometry": {"type": "LineString", "coordinates": [[135.09027, 34.6994], [135.09034, 34.69902]]}}, {"type": "Feature", "properties": {"l": 0, "c": 0, "n": 3, "o": 2, "r": 82}, "geometry": {"type": "Point", "coordinates": [135.09034, 34.69902]}}, {"type": "Feature", "properties": {"l": 5, "c": 0, "n": 3, "k": 21}, "geometry": {"type": "LineString", "coordinates": [[135.07634, 34.74125], [135.07707, 34.74176]]}}, {"type": "Feature", "properties": {"l": 0, "c": 0, "n": 3, "k": 21, "o": 2, "r": 45}, "geometry": {"type": "Point", "coordinates": [135.07634, 34.74125]}}, {"type": "Feature", "properties": {"l": 5, "c": 0, "n": 4}, "geometry": {"type": "LineString", "coordinates": [[135.02552, 34.69425], [135.02534, 34.69411], [135.02553, 34.69446]]}}, {"type": "Feature", "properties": {"l": 0, "c": 0, "n": 4}, "geometry": {"type": "Point", "coordinates": [135.02553, 34.69446]}}, {"type": "Feature", "properties": {"l": 5, "c": 0, "n": 3, "k": 21}, "geometry": {"type": "LineString", "coordinates": [[135.02665, 34.69291], [135.02688, 34.69325]]}}, {"type": "Feature", "properties": {"l": 0, "c": 0, "n": 3, "k": 21}, "geometry": {"type": "Point", "coordinates": [135.02688, 34.69325]}}, {"type": "Feature", "properties": {"l": 5, "c": 0, "n": 4}, "geometry": {"type": "LineString", "coordinates": [[134.99225, 34.66673], [134.99216, 34.66688]]}}, {"type": "Feature", "properties": {"l": 0, "c": 0, "n": 4, "o": 1, "r": 81}, "geometry": {"type": "Point", "coordinates": [134.99216, 34.66688]}}, {"type": "Feature", "properties": {"l": 5, "c": 0, "n": 4}, "geometry": {"type": "LineString", "coordinates": [[134.98417, 34.74394], [134.98412, 34.7434]]}}, {"type": "Feature", "properties": {"l": 0, "c": 0, "n": 4, "o": 1, "r": 89}, "geometry": {"type": "Point", "coordinates": [134.98412, 34.7434]}}, {"type": "Feature", "properties": {"l": 5, "c": 0, "n": 4}, "geometry": {"type": "LineString", "coordinates": [[134.98312, 34.74861], [134.98302, 34.74925]]}}, {"type": "Feature", "properties": {"l": 0, "c": 0, "n": 4, "o": 1, "r": 55}, "geometry": {"type": "Point", "coordinates": [134.98302, 34.74925]}}, {"type": "Feature", "properties": {"l": 5, "c": 0, "n": 4}, "geometry": {"type": "LineString", "coordinates": [[135.05778, 34.70644], [135.05747, 34.70582]]}}, {"type": "Feature", "properties": {"l": 0, "c": 0, "n": 4, "o": 1, "r": 55}, "geometry": {"type": "Point", "coordinates": [135.05747, 34.70582]}}, {"type": "Feature", "properties": {"l": 5, "c": 0, "n": 3}, "geometry": {"type": "LineString", "coordinates": [[135.05706, 34.70635], [135.05656, 34.7068]]}}, {"type": "Feature", "properties": {"l": 0, "c": 0, "n": 3, "o": 2, "r": 55}, "geometry": {"type": "Point", "coordinates": [135.05706, 34.70635]}}, {"type": "Feature", "properties": {"l": 5, "c": 0, "n": 3, "k": 24}, "geometry": {"type": "LineString", "coordinates": [[134.98265, 34.68212], [134.98234, 34.6823]]}}, {"type": "Feature", "properties": {"l": 0, "c": 0, "n": 3, "k": 24, "o": 2, "r": 87}, "geometry": {"type": "Point", "coordinates": [134.98234, 34.6823]}}, {"type": "Feature", "properties": {"l": 5, "c": 0, "n": 4}, "geometry": {"type": "LineString", "coordinates": [[135.04382, 34.68803], [135.04441, 34.68799]]}}, {"type": "Feature", "properties": {"l": 0, "c": 0, "n": 4, "o": 1, "r": 82}, "geometry": {"type": "Point", "coordinates": [135.04441, 34.68799]}}, {"type": "Feature", "properties": {"l": 5, "c": 0, "n": 3}, "geometry": {"type": "LineString", "coordinates": [[135.08318, 34.72743], [135.08324, 34.72695]]}}, {"type": "Feature", "properties": {"l": 0, "c": 0, "n": 3, "o": 3, "r": 45}, "geometry": {"type": "Point", "coordinates": [135.08324, 34.72695]}}, {"type": "Feature", "properties": {"l": 5, "c": 0, "n": 4}, "geometry": {"type": "LineString", "coordinates": [[135.08697, 34.73784], [135.08673, 34.73831]]}}, {"type": "Feature", "properties": {"l": 0, "c": 0, "n": 4, "o": 2, "r": 90}, "geometry": {"type": "Point", "coordinates": [135.08673, 34.73831]}}, {"type": "Feature", "properties": {"l": 5, "c": 0, "n": 3}, "geometry": {"type": "LineString", "coordinates": [[135.04646, 34.7137], [135.04668, 34.71405]]}}, {"type": "Feature", "properties": {"l": 0, "c": 0, "n": 3, "o": 2, "r": 55}, "geometry": {"type": "Point", "coordinates": [135.04668, 34.71405]}}, {"type": "Feature", "properties": {"l": 5, "c": 0, "n": 4}, "geometry": {"type": "LineString", "coordinates": [[135.04013, 34.7097], [135.03965, 34.70951]]}}, {"type": "Feature", "properties": {"l": 0, "c": 0, "n": 4}, "geometry": {"type": "Point", "coordinates": [135.03965, 34.70951]}}, {"type": "Feature", "properties": {"l": 5, "c": 0, "n": 4}, "geometry": {"type": "LineString", "coordinates": [[135.04184, 34.71026], [135.04163, 34.71064]]}}, {"type": "Feature", "properties": {"l": 0, "c": 0, "n": 4}, "geometry": {"type": "Point", "coordinates": [135.04163, 34.71064]}}, {"type": "Feature", "properties": {"l": 5, "c": 0, "n": 3}, "geometry": {"type": "LineString", "coordinates": [[134.98335, 34.71217], [134.98317, 34.71176]]}}, {"type": "Feature", "properties": {"l": 0, "c": 0, "n": 3, "o": 2, "r": 87}, "geometry": {"type": "Point", "coordinates": [134.98317, 34.71176]}}, {"type": "Feature", "properties": {"l": 5, "c": 0, "n": 4}, "geometry": {"type": "LineString", "coordinates": [[135.03213, 34.67869], [135.03128, 34.67888]]}}, {"type": "Feature", "properties": {"l": 0, "c": 0, "n": 4, "o": 1, "r": 1}, "geometry": {"type": "Point", "coordinates": [135.03128, 34.67888]}}, {"type": "Feature", "properties": {"l": 5, "c": 0, "n": 3}, "geometry": {"type": "LineString", "coordinates": [[134.98202, 34.67799], [134.98189, 34.67746]]}}, {"type": "Feature", "properties": {"l": 0, "c": 0, "n": 3, "o": 2, "r": 87}, "geometry": {"type": "Point", "coordinates": [134.98189, 34.67746]}}, {"type": "Feature", "properties": {"l": 5, "c": 0, "n": 3, "k": 8}, "geometry": {"type": "LineString", "coordinates": [[135.08339, 34.73279], [135.0828, 34.7325]]}}, {"type": "Feature", "properties": {"l": 0, "c": 0, "n": 3, "k": 8, "o": 2, "r": 45}, "geometry": {"type": "Point", "coordinates": [135.0828, 34.7325]}}, {"type": "Feature", "properties": {"l": 5, "c": 0, "n": 4}, "geometry": {"type": "LineString", "coordinates": [[135.01702, 34.66321], [135.01654, 34.6634]]}}, {"type": "Feature", "properties": {"l": 0, "c": 0, "n": 4, "o": 1, "r": 21}, "geometry": {"type": "Point", "coordinates": [135.01654, 34.6634]}}, {"type": "Feature", "properties": {"l": 5, "c": 0, "n": 3}, "geometry": {"type": "LineString", "coordinates": [[134.98587, 34.74161], [134.98529, 34.74163]]}}, {"type": "Feature", "properties": {"l": 0, "c": 0, "n": 3, "o": 1, "r": 87}, "geometry": {"type": "Point", "coordinates": [134.98529, 34.74163]}}, {"type": "Feature", "properties": {"l": 5, "c": 0, "n": 4}, "geometry": {"type": "LineString", "coordinates": [[135.07055, 34.6822], [135.07102, 34.68207]]}}, {"type": "Feature", "properties": {"l": 0, "c": 0, "n": 4, "o": 1, "r": 91}, "geometry": {"type": "Point", "coordinates": [135.07102, 34.68207]}}, {"type": "Feature", "properties": {"l": 5, "c": 0, "n": 4}, "geometry": {"type": "LineString", "coordinates": [[134.99762, 34.70611], [134.99739, 34.70565]]}}, {"type": "Feature", "properties": {"l": 0, "c": 0, "n": 4}, "geometry": {"type": "Point", "coordinates": [134.99739, 34.70565]}}, {"type": "Feature", "properties": {"l": 5, "c": 0, "n": 4}, "geometry": {"type": "LineString", "coordinates": [[134.99478, 34.67903], [134.99441, 34.67868]]}}, {"type": "Feature", "properties": {"l": 0, "c": 0, "n": 4, "o": 1, "r": 81}, "geometry": {"type": "Point", "coordinates": [134.99441, 34.67868]}}, {"type": "Feature", "properties": {"l": 5, "c": 0, "n": 4}, "geometry": {"type": "LineString", "coordinates": [[134.99382, 34.67053], [134.99367, 34.67049]]}}, {"type": "Feature", "properties": {"l": 0, "c": 0, "n": 4, "o": 1, "r": 81}, "geometry": {"type": "Point", "coordinates": [134.99367, 34.67049]}}, {"type": "Feature", "properties": {"l": 5, "c": 0, "n": 3}, "geometry": {"type": "LineString", "coordinates": [[135.23223, 34.86057], [135.23208, 34.86091], [135.23198, 34.86037], [135.23232, 34.85997]]}}, {"type": "Feature", "properties": {"l": 0, "c": 0, "n": 3, "o": 2, "r": 92}, "geometry": {"type": "Point", "coordinates": [135.23232, 34.85997]}}, {"type": "Feature", "properties": {"l": 5, "c": 0, "n": 3}, "geometry": {"type": "LineString", "coordinates": [[135.09781, 34.81377], [135.09734, 34.81368]]}}, {"type": "Feature", "properties": {"l": 0, "c": 0, "n": 3, "o": 1, "r": 93}, "geometry": {"type": "Point", "coordinates": [135.09734, 34.81368]}}, {"type": "Feature", "properties": {"l": 5, "c": 0, "n": 3}, "geometry": {"type": "LineString", "coordinates": [[135.21798, 34.81803], [135.21841, 34.81811]]}}, {"type": "Feature", "properties": {"l": 0, "c": 0, "n": 3}, "geometry": {"type": "Point", "coordinates": [135.21841, 34.81811]}}, {"type": "Feature", "properties": {"l": 5, "c": 0, "n": 3, "k": 35}, "geometry": {"type": "LineString", "coordinates": [[135.2121, 34.81796], [135.21227, 34.81784], [135.21227, 34.81834]]}}, {"type": "Feature", "properties": {"l": 0, "c": 0, "n": 3, "k": 35, "o": 2, "r": 94}, "geometry": {"type": "Point", "coordinates": [135.21227, 34.81834]}}, {"type": "Feature", "properties": {"l": 5, "c": 0, "n": 3, "k": 4}, "geometry": {"type": "LineString", "coordinates": [[135.20836, 34.81541], [135.20875, 34.81521]]}}, {"type": "Feature", "properties": {"l": 0, "c": 0, "n": 3, "k": 4, "o": 2}, "geometry": {"type": "Point", "coordinates": [135.20875, 34.81521]}}, {"type": "Feature", "properties": {"l": 5, "c": 0, "n": 3}, "geometry": {"type": "LineString", "coordinates": [[135.20335, 34.81219], [135.20353, 34.8124]]}}, {"type": "Feature", "properties": {"l": 0, "c": 0, "n": 3}, "geometry": {"type": "Point", "coordinates": [135.20353, 34.8124]}}, {"type": "Feature", "properties": {"l": 5, "c": 0, "n": 4}, "geometry": {"type": "LineString", "coordinates": [[135.22883, 34.83398], [135.2282, 34.83432]]}}, {"type": "Feature", "properties": {"l": 0, "c": 0, "n": 4, "o": 2, "r": 95}, "geometry": {"type": "Point", "coordinates": [135.2282, 34.83432]}}, {"type": "Feature", "properties": {"l": 5, "c": 0, "n": 4}, "geometry": {"type": "LineString", "coordinates": [[135.21246, 34.87367], [135.21213, 34.87415]]}}, {"type": "Feature", "properties": {"l": 0, "c": 0, "n": 4, "o": 2}, "geometry": {"type": "Point", "coordinates": [135.21213, 34.87415]}}, {"type": "Feature", "properties": {"l": 5, "c": 0, "n": 3, "k": 13}, "geometry": {"type": "LineString", "coordinates": [[135.21593, 34.8651], [135.21576, 34.86559]]}}, {"type": "Feature", "properties": {"l": 0, "c": 0, "n": 3, "k": 13, "o": 2}, "geometry": {"type": "Point", "coordinates": [135.21576, 34.86559]}}, {"type": "Feature", "properties": {"l": 5, "c": 0, "n": 3}, "geometry": {"type": "LineString", "coordinates": [[135.22199, 34.82232], [135.22247, 34.8223], [135.22268, 34.82208]]}}, {"type": "Feature", "properties": {"l": 0, "c": 0, "n": 3, "o": 2, "r": 96}, "geometry": {"type": "Point", "coordinates": [135.22268, 34.82208]}}, {"type": "Feature", "properties": {"l": 5, "c": 0, "n": 4}, "geometry": {"type": "LineString", "coordinates": [[135.22205, 34.82109], [135.22196, 34.82085], [135.22198, 34.82124], [135.22235, 34.82109], [135.22211, 34.82129]]}}, {"type": "Feature", "properties": {"l": 0, "c": 0, "n": 4}, "geometry": {"type": "Point", "coordinates": [135.22211, 34.82129]}}, {"type": "Feature", "properties": {"l": 5, "c": 0, "n": 3, "k": 45}, "geometry": {"type": "LineString", "coordinates": [[135.2072, 34.81199], [135.20646, 34.81211], [135.20711, 34.81252]]}}, {"type": "Feature", "properties": {"l": 0, "c": 0, "n": 3, "k": 45, "o": 2}, "geometry": {"type": "Point", "coordinates": [135.20711, 34.81252]}}, {"type": "Feature", "properties": {"l": 5, "c": 0, "n": 4}, "geometry": {"type": "LineString", "coordinates": [[135.19114, 34.8752], [135.19069, 34.87505]]}}, {"type": "Feature", "properties": {"l": 0, "c": 0, "n": 4, "o": 1, "r": 97}, "geometry": {"type": "Point", "coordinates": [135.19069, 34.87505]}}, {"type": "Feature", "properties": {"l": 5, "c": 0, "n": 4}, "geometry": {"type": "LineString", "coordinates": [[135.21909, 34.85771], [135.21972, 34.858]]}}, {"type": "Feature", "properties": {"l": 0, "c": 0, "n": 4}, "geometry": {"type": "Point", "coordinates": [135.21972, 34.858]}}, {"type": "Feature", "properties": {"l": 5, "c": 0, "n": 3}, "geometry": {"type": "LineString", "coordinates": [[135.22389, 34.86662], [135.22331, 34.86654], [135.22383, 34.86625]]}}, {"type": "Feature", "properties": {"l": 0, "c": 0, "n": 3}, "geometry": {"type": "Point", "coordinates": [135.22383, 34.86625]}}, {"type": "Feature", "properties": {"l": 5, "c": 0, "n": 4}, "geometry": {"type": "LineString", "coordinates": [[135.21828, 34.8596], [135.21778, 34.85989], [135.21762, 34.85905]]}}, {"type": "Feature", "properties": {"l": 0, "c": 0, "n": 4}, "geometry": {"type": "Point", "coordinates": [135.21762, 34.85905]}}, {"type": "Feature", "properties": {"l": 5, "c": 0, "n": 4}, "geometry": {"type": "LineString", "coordinates": [[135.21156, 34.84275], [135.21133, 34.84245], [135.21201, 34.84245], [135.21138, 34.84345], [135.21202, 34.84335]]}}, {"type": "Feature", "properties": {"l": 0, "c": 0, "n": 4, "o": 1, "r": 93}, "geometry": {"type": "Point", "coordinates": [135.21202, 34.84335]}}, {"type": "Feature", "properties": {"l": 5, "c": 0, "n": 3}, "geometry": {"type": "LineString", "coordinates": [[135.21037, 34.85531], [135.21002, 34.85494]]}}, {"type": "Feature", "properties": {"l": 0, "c": 0, "n": 3, "o": 2}, "geometry": {"type": "Point", "coordinates": [135.21002, 34.85494]}}, {"type": "Feature", "properties": {"l": 5, "c": 0, "n": 3, "k": 44}, "geometry": {"type": "LineString", "coordinates": [[135.20828, 34.85061], [135.20865, 34.85059], [135.20801, 34.85023]]}}, {"type": "Feature", "properties": {"l": 0, "c": 0, "n": 3, "k": 44, "o": 2}, "geometry": {"type": "Point", "coordinates": [135.20801, 34.85023]}}, {"type": "Feature", "properties": {"l": 5, "c": 0, "n": 4}, "geometry": {"type": "LineString", "coordinates": [[135.21521, 34.85685], [135.21485, 34.85651], [135.21511, 34.85648], [135.21487, 34.85688]]}}, {"type": "Feature", "properties": {"l": 0, "c": 0, "n": 4}, "geometry": {"type": "Point", "coordinates": [135.21487, 34.85688]}}, {"type": "Feature", "properties": {"l": 5, "c": 0, "n": 4}, "geometry": {"type": "LineString", "coordinates": [[135.2136, 34.86555], [135.21288, 34.86578]]}}, {"type": "Feature", "properties": {"l": 0, "c": 0, "n": 4, "o": 2}, "geometry": {"type": "Point", "coordinates": [135.21288, 34.86578]}}, {"type": "Feature", "properties": {"l": 5, "c": 0, "n": 4}, "geometry": {"type": "LineString", "coordinates": [[135.18011, 34.87254], [135.17965, 34.87221], [135.17949, 34.87254], [135.17938, 34.87226]]}}, {"type": "Feature", "properties": {"l": 0, "c": 0, "n": 4, "o": 1, "r": 97}, "geometry": {"type": "Point", "coordinates": [135.17938, 34.87226]}}, {"type": "Feature", "properties": {"l": 5, "c": 0, "n": 4}, "geometry": {"type": "LineString", "coordinates": [[135.17967, 34.87475], [135.17936, 34.87487], [135.17923, 34.87516], [135.17896, 34.87483], [135.17886, 34.87512]]}}, {"type": "Feature", "properties": {"l": 0, "c": 0, "n": 4}, "geometry": {"type": "Point", "coordinates": [135.17886, 34.87512]}}, {"type": "Feature", "properties": {"l": 5, "c": 0, "n": 4}, "geometry": {"type": "LineString", "coordinates": [[135.18186, 34.87945], [135.18119, 34.87977]]}}, {"type": "Feature", "properties": {"l": 0, "c": 0, "n": 4}, "geometry": {"type": "Point", "coordinates": [135.18119, 34.87977]}}, {"type": "Feature", "properties": {"l": 5, "c": 0, "n": 4}, "geometry": {"type": "LineString", "coordinates": [[135.2111, 34.85854], [135.21054, 34.85854]]}}, {"type": "Feature", "properties": {"l": 0, "c": 0, "n": 4}, "geometry": {"type": "Point", "coordinates": [135.21054, 34.85854]}}, {"type": "Feature", "properties": {"l": 5, "c": 0, "n": 3, "k": 17}, "geometry": {"type": "LineString", "coordinates": [[135.21493, 34.80831], [135.21451, 34.80714]]}}, {"type": "Feature", "properties": {"l": 0, "c": 0, "n": 3, "k": 17, "o": 1, "r": 98}, "geometry": {"type": "Point", "coordinates": [135.21451, 34.80714]}}, {"type": "Feature", "properties": {"l": 5, "c": 0, "n": 4}, "geometry": {"type": "LineString", "coordinates": [[135.18634, 34.86719], [135.1857, 34.86752]]}}, {"type": "Feature", "properties": {"l": 0, "c": 0, "n": 4, "o": 1, "r": 99}, "geometry": {"type": "Point", "coordinates": [135.1857, 34.86752]}}, {"type": "Feature", "properties": {"l": 5, "c": 0, "n": 3}, "geometry": {"type": "LineString", "coordinates": [[135.19558, 34.8618], [135.19557, 34.86159], [135.195, 34.86202]]}}, {"type": "Feature", "properties": {"l": 0, "c": 0, "n": 3}, "geometry": {"type": "Point", "coordinates": [135.195, 34.86202]}}, {"type": "Feature", "properties": {"l": 5, "c": 0, "n": 4}, "geometry": {"type": "LineString", "coordinates": [[135.19972, 34.86201], [135.19934, 34.86281], [135.19904, 34.86205]]}}, {"type": "Feature", "properties": {"l": 0, "c": 0, "n": 4, "o": 2}, "geometry": {"type": "Point", "coordinates": [135.19904, 34.86205]}}, {"type": "Feature", "properties": {"l": 5, "c": 0, "n": 4}, "geometry": {"type": "LineString", "coordinates": [[135.1822, 34.88192], [135.18133, 34.88195], [135.18146, 34.88233]]}}, {"type": "Feature", "properties": {"l": 0, "c": 0, "n": 4}, "geometry": {"type": "Point", "coordinates": [135.18146, 34.88233]}}, {"type": "Feature", "properties": {"l": 5, "c": 0, "n": 4}, "geometry": {"type": "LineString", "coordinates": [[135.22416, 34.82194], [135.2248, 34.82187], [135.22443, 34.82229]]}}, {"type": "Feature", "properties": {"l": 0, "c": 0, "n": 4, "o": 1, "r": 98}, "geometry": {"type": "Point", "coordinates": [135.22443, 34.82229]}}, {"type": "Feature", "properties": {"l": 5, "c": 0, "n": 4, "k": 31}, "geometry": {"type": "LineString", "coordinates": [[135.21524, 34.80984], [135.21576, 34.80967]]}}, {"type": "Feature", "properties": {"l": 0, "c": 0, "n": 4, "k": 31, "o": 1, "r": 100}, "geometry": {"type": "Point", "coordinates": [135.21576, 34.80967]}}, {"type": "Feature", "properties": {"l": 5, "c": 0, "n": 3, "k": 35}, "geometry": {"type": "LineString", "coordinates": [[135.21255, 34.81053], [135.21279, 34.8103]]}}, {"type": "Feature", "properties": {"l": 0, "c": 0, "n": 3, "k": 35}, "geometry": {"type": "Point", "coordinates": [135.21279, 34.8103]}}, {"type": "Feature", "properties": {"l": 5, "c": 0, "n": 4}, "geometry": {"type": "LineString", "coordinates": [[135.19394, 34.86939], [135.19348, 34.86944]]}}, {"type": "Feature", "properties": {"l": 0, "c": 0, "n": 4}, "geometry": {"type": "Point", "coordinates": [135.19348, 34.86944]}}, {"type": "Feature", "properties": {"l": 5, "c": 0, "n": 4}, "geometry": {"type": "LineString", "coordinates": [[135.2206, 34.85543], [135.22118, 34.85566]]}}, {"type": "Feature", "properties": {"l": 0, "c": 0, "n": 4, "o": 1, "r": 93}, "geometry": {"type": "Point", "coordinates": [135.22118, 34.85566]}}, {"type": "Feature", "properties": {"l": 5, "c": 0, "n": 3, "k": 27}, "geometry": {"type": "LineString", "coordinates": [[135.22145, 34.85497], [135.22176, 34.85504]]}}, {"type": "Feature", "properties": {"l": 0, "c": 0, "n": 3, "k": 27}, "geometry": {"type": "Point", "coordinates": [135.22176, 34.85504]}}, {"type": "Feature", "properties": {"l": 5, "c": 0, "n": 4}, "geometry": {"type": "LineString", "coordinates": [[135.18548, 34.88627], [135.18566, 34.88582], [135.1848, 34.88584]]}}, {"type": "Feature", "properties": {"l": 0, "c": 0, "n": 4}, "geometry": {"type": "Point", "coordinates": [135.1848, 34.88584]}}, {"type": "Feature", "properties": {"l": 5, "c": 0, "n": 3}, "geometry": {"type": "LineString", "coordinates": [[135.22567, 34.85476], [135.22617, 34.85473], [135.22607, 34.85484]]}}, {"type": "Feature", "properties": {"l": 0, "c": 0, "n": 3}, "geometry": {"type": "Point", "coordinates": [135.22607, 34.85484]}}, {"type": "Feature", "properties": {"l": 5, "c": 0, "n": 3}, "geometry": {"type": "LineString", "coordinates": [[135.1928, 34.86207], [135.19247, 34.86215], [135.19298, 34.86139]]}}, {"type": "Feature", "properties": {"l": 0, "c": 0, "n": 3}, "geometry": {"type": "Point", "coordinates": [135.19298, 34.86139]}}, {"type": "Feature", "properties": {"l": 5, "c": 0, "n": 3}, "geometry": {"type": "LineString", "coordinates": [[135.21628, 34.82396], [135.21683, 34.82387]]}}, {"type": "Feature", "properties": {"l": 0, "c": 0, "n": 3}, "geometry": {"type": "Point", "coordinates": [135.21683, 34.82387]}}, {"type": "Feature", "properties": {"l": 5, "c": 0, "n": 3}, "geometry": {"type": "LineString", "coordinates": [[135.20831, 34.83275], [135.20818, 34.83303]]}}, {"type": "Feature", "properties": {"l": 0, "c": 0, "n": 3, "o": 2, "r": 101}, "geometry": {"type": "Point", "coordinates": [135.20818, 34.83303]}}, {"type": "Feature", "properties": {"l": 5, "c": 0, "n": 3}, "geometry": {"type": "LineString", "coordinates": [[135.20714, 34.8356], [135.20704, 34.83517]]}}, {"type": "Feature", "properties": {"l": 0, "c": 0, "n": 3, "o": 1, "r": 93}, "geometry": {"type": "Point", "coordinates": [135.20704, 34.83517]}}, {"type": "Feature", "properties": {"l": 5, "c": 0, "n": 3, "k": 29}, "geometry": {"type": "LineString", "coordinates": [[135.13628, 34.72345], [135.13597, 34.72381]]}}, {"type": "Feature", "properties": {"l": 0, "c": 0, "n": 3, "k": 29, "o": 2, "r": 82}, "geometry": {"type": "Point", "coordinates": [135.13597, 34.72381]}}, {"type": "Feature", "properties": {"l": 5, "c": 0, "n": 3, "k": 17}, "geometry": {"type": "LineString", "coordinates": [[135.12149, 34.71563], [135.12177, 34.71589]]}}, {"type": "Feature", "properties": {"l": 0, "c": 0, "n": 3, "k": 17, "o": 2, "r": 102}, "geometry": {"type": "Point", "coordinates": [135.12177, 34.71589]}}, {"type": "Feature", "properties": {"l": 5, "c": 0, "n": 3}, "geometry": {"type": "LineString", "coordinates": [[135.14702, 34.75574], [135.14654, 34.75557]]}}, {"type": "Feature", "properties": {"l": 0, "c": 0, "n": 3, "o": 2, "r": 54}, "geometry": {"type": "Point", "coordinates": [135.14654, 34.75557]}}, {"type": "Feature", "properties": {"l": 5, "c": 0, "n": 3}, "geometry": {"type": "LineString", "coordinates": [[135.15658, 34.72134], [135.15624, 34.72135]]}}, {"type": "Feature", "properties": {"l": 0, "c": 0, "n": 3, "o": 1, "r": 81}, "geometry": {"type": "Point", "coordinates": [135.15624, 34.72135]}}, {"type": "Feature", "properties": {"l": 5, "c": 0, "n": 3}, "geometry": {"type": "LineString", "coordinates": [[135.15614, 34.76122], [135.1556, 34.76126]]}}, {"type": "Feature", "properties": {"l": 0, "c": 0, "n": 3, "o": 2, "r": 27}, "geometry": {"type": "Point", "coordinates": [135.1556, 34.76126]}}, {"type": "Feature", "properties": {"l": 5, "c": 0, "n": 3, "k": 44}, "geometry": {"type": "LineString", "coordinates": [[135.15393, 34.75619], [135.15374, 34.75651]]}}, {"type": "Feature", "properties": {"l": 0, "c": 0, "n": 3, "k": 44, "o": 2, "r": 27}, "geometry": {"type": "Point", "coordinates": [135.15374, 34.75651]}}, {"type": "Feature", "properties": {"l": 5, "c": 0, "n": 3, "k": 33}, "geometry": {"type": "LineString", "coordinates": [[135.12252, 34.70243], [135.12221, 34.70267]]}}, {"type": "Feature", "properties": {"l": 0, "c": 0, "n": 3, "k": 33, "o": 2, "r": 54}, "geometry": {"type": "Point", "coordinates": [135.12221, 34.70267]}}, {"type": "Feature", "properties": {"l": 5, "c": 0, "n": 4}, "geometry": {"type": "LineString", "coordinates": [[135.14328, 34.73729], [135.14309, 34.73756]]}}, {"type": "Feature", "properties": {"l": 0, "c": 0, "n": 4, "o": 2, "r": 82}, "geometry": {"type": "Point", "coordinates": [135.14309, 34.73756]}}, {"type": "Feature", "properties": {"l": 5, "c": 0, "n": 3}, "geometry": {"type": "LineString", "coordinates": [[135.17112, 34.76271], [135.17075, 34.76251]]}}, {"type": "Feature", "properties": {"l": 0, "c": 0, "n": 3, "o": 1, "r": 98}, "geometry": {"type": "Point", "coordinates": [135.17075, 34.76251]}}, {"type": "Feature", "properties": {"l": 5, "c": 0, "n": 3, "k": 34}, "geometry": {"type": "LineString", "coordinates": [[135.13663, 34.72638], [135.13652, 34.72674]]}}, {"type": "Feature", "properties": {"l": 0, "c": 0, "n": 3, "k": 34, "o": 1, "r": 81}, "geometry": {"type": "Point", "coordinates": [135.13652, 34.72674]}}, {"type": "Feature", "properties": {"l": 5, "c": 0, "n": 3}, "geometry": {"type": "LineString", "coordinates": [[135.1434, 34.75513], [135.14339, 34.75474]]}}, {"type": "Feature", "properties": {"l": 0, "c": 0, "n": 3, "o": 2, "r": 54}, "geometry": {"type": "Point", "coordinates": [135.14339, 34.75474]}}, {"type": "Feature", "properties": {"l": 5, "c": 0, "n": 3}, "geometry": {"type": "LineString", "coordinates": [[135.15624, 34.75988], [135.15689, 34.76018]]}}, {"type": "Feature", "properties": {"l": 0, "c": 0, "n": 3, "o": 2, "r": 98}, "geometry": {"type": "Point", "coordinates": [135.15689, 34.76018]}}, {"type": "Feature", "properties": {"l": 5, "c": 0, "n": 3}, "geometry": {"type": "LineString", "coordinates": [[135.12465, 34.70066], [135.12411, 34.70078]]}}, {"type": "Feature", "properties": {"l": 0, "c": 0, "n": 3, "o": 2, "r": 103}, "geometry": {"type": "Point", "coordinates": [135.12411, 34.70078]}}, {"type": "Feature", "properties": {"l": 5, "c": 0, "n": 4}, "geometry": {"type": "LineString", "coordinates": [[135.13403, 34.72713], [135.1338, 34.72735]]}}, {"type": "Feature", "properties": {"l": 0, "c": 0, "n": 4, "o": 1}, "geometry": {"type": "Point", "coordinates": [135.1338, 34.72735]}}, {"type": "Feature", "properties": {"l": 5, "c": 5, "n": 4}, "geometry": {"type": "LineString", "coordinates": [[135.31943, 34.72562], [135.31955, 34.72568], [135.3193, 34.72564], [135.31932, 34.72543], [135.31913, 34.72551]]}}, {"type": "Feature", "properties": {"l": 0, "c": 5, "n": 4, "o": 2, "r": 104}, "geometry": {"type": "Point", "coordinates": [135.31913, 34.72551]}}, {"type": "Feature", "properties": {"l": 5, "c": 5, "n": 3, "k": 12}, "geometry": {"type": "LineString", "coordinates": [[135.31068, 34.7332], [135.31142, 34.73333]]}}, {"type": "Feature", "properties": {"l": 0, "c": 5, "n": 3, "k": 12, "o": 2, "r": 1}, "geometry": {"type": "Point", "coordinates": [135.31142, 34.73333]}}, {"type": "Feature", "properties": {"l": 5, "c": 5, "n": 3}, "geometry": {"type": "LineString", "coordinates": [[135.30658, 34.73459], [135.30645, 34.73461], [135.3064, 34.73486]]}}, {"type": "Feature", "properties": {"l": 0, "c": 5, "n": 3, "o": 1, "r": 105}, "geometry": {"type": "Point", "coordinates": [135.3064, 34.73486]}}, {"type": "Feature", "properties": {"l": 5, "c": 5, "n": 4}, "geometry": {"type": "LineString", "coordinates": [[135.31661, 34.73081], [135.31693, 34.73095], [135.31698, 34.73069], [135.31699, 34.7311], [135.3173, 34.73096]]}}, {"type": "Feature", "properties": {"l": 0, "c": 5, "n": 4, "o": 2, "r": 3}, "geometry": {"type": "Point", "coordinates": [135.3173, 34.73096]}}, {"type": "Feature", "properties": {"l": 5, "c": 5, "n": 3}, "geometry": {"type": "LineString", "coordinates": [[135.31231, 34.72879], [135.3132, 34.72908]]}}, {"type": "Feature", "properties": {"l": 0, "c": 5, "n": 3, "o": 2, "r": 3}, "geometry": {"type": "Point", "coordinates": [135.3132, 34.72908]}}, {"type": "Feature", "properties": {"l": 5, "c": 5, "n": 4}, "geometry": {"type": "LineString", "coordinates": [[135.31108, 34.72798], [135.31109, 34.72771]]}}, {"type": "Feature", "properties": {"l": 0, "c": 5, "n": 4, "o": 2, "r": 3}, "geometry": {"type": "Point", "coordinates": [135.31109, 34.72771]}}, {"type": "Feature", "properties": {"l": 5, "c": 5, "n": 4}, "geometry": {"type": "LineString", "coordinates": [[135.30806, 34.73496], [135.30844, 34.73504], [135.30828, 34.73478]]}}, {"type": "Feature", "properties": {"l": 0, "c": 5, "n": 4, "o": 1, "r": 105}, "geometry": {"type": "Point", "coordinates": [135.30828, 34.73478]}}, {"type": "Feature", "properties": {"l": 5, "c": 5, "n": 4}, "geometry": {"type": "LineString", "coordinates": [[135.30779, 34.73605], [135.3078, 34.73585]]}}, {"type": "Feature", "properties": {"l": 0, "c": 5, "n": 4, "o": 1, "r": 2}, "geometry": {"type": "Point", "coordinates": [135.3078, 34.73585]}}, {"type": "Feature", "properties": {"l": 5, "c": 5, "n": 4}, "geometry": {"type": "LineString", "coordinates": [[135.30927, 34.73286], [135.30928, 34.7326]]}}, {"type": "Feature", "properties": {"l": 0, "c": 5, "n": 4, "o": 2, "r": 1}, "geometry": {"type": "Point", "coordinates": [135.30928, 34.7326]}}, {"type": "Feature", "properties": {"l": 5, "c": 5, "n": 3}, "geometry": {"type": "LineString", "coordinates": [[135.30447, 34.73177], [135.30456, 34.73153], [135.30375, 34.73183]]}}, {"type": "Feature", "properties": {"l": 0, "c": 5, "n": 3, "o": 2, "r": 1}, "geometry": {"type": "Point", "coordinates": [135.30375, 34.73183]}}, {"type": "Feature", "properties": {"l": 5, "c": 5, "n": 3}, "geometry": {"type": "LineString", "coordinates": [[135.29997, 34.73085], [135.29988, 34.73101], [135.2996, 34.73066], [135.30039, 34.73083]]}}, {"type": "Feature", "properties": {"l": 0, "c": 5, "n": 3, "o": 2, "r": 1}, "geometry": {"type": "Point", "coordinates": [135.30039, 34.73083]}}, {"type": "Feature", "properties": {"l": 5, "c": 5, "n": 4}, "geometry": {"type": "LineString", "coordinates": [[135.31051, 34.73694], [135.31096, 34.73701], [135.31055, 34.7367]]}}, {"type": "Feature", "properties": {"l": 0, "c": 5, "n": 4, "o": 1, "r": 2}, "geometry": {"type": "Point", "coordinates": [135.31055, 34.7367]}}, {"type": "Feature", "properties": {"l": 5, "c": 5, "n": 4}, "geometry": {"type": "LineString", "coordinates": [[135.30974, 34.71128], [135.31034, 34.71154], [135.31037, 34.7112], [135.31011, 34.71159]]}}, {"type": "Feature", "properties": {"l": 0, "c": 5, "n": 4, "o": 2, "r": 106}, "geometry": {"type": "Point", "coordinates": [135.31011, 34.71159]}}, {"type": "Feature", "properties": {"l": 5, "c": 5, "n": 3}, "geometry": {"type": "LineString", "coordinates": [[135.29857, 34.7336], [135.29895, 34.73368]]}}, {"type": "Feature", "properties": {"l": 0, "c": 5, "n": 3, "o": 1, "r": 2}, "geometry": {"type": "Point", "coordinates": [135.29895, 34.73368]}}, {"type": "Feature", "properties": {"l": 5, "c": 5, "n": 3}, "geometry": {"type": "LineString", "coordinates": [[135.3213, 34.7159], [135.32128, 34.716], [135.32102, 34.71571], [135.32129, 34.71555]]}}, {"type": "Feature", "properties": {"l": 0, "c": 5, "n": 3, "o": 1, "r": 107}, "geometry": {"type": "Point", "coordinates": [135.32129, 34.71555]}}, {"type": "Feature", "properties": {"l": 5, "c": 1, "n": 3}, "geometry": {"type": "LineString", "coordinates": [[135.35296, 34.73702], [135.35254, 34.73725]]}}, {"type": "Feature", "properties": {"l": 0, "c": 1, "n": 3, "o": 1, "r": 108}, "geometry": {"type": "Point", "coordinates": [135.35254, 34.73725]}}, {"type": "Feature", "properties": {"l": 5, "c": 1, "n": 3, "k": 28}, "geometry": {"type": "LineString", "coordinates": [[135.34286, 34.73822], [135.34201, 34.7384]]}}, {"type": "Feature", "properties": {"l": 0, "c": 1, "n": 3, "k": 28, "o": 2, "r": 1}, "geometry": {"type": "Point", "coordinates": [135.34201, 34.7384]}}, {"type": "Feature", "properties": {"l": 5, "c": 1, "n": 4}, "geometry": {"type": "LineString", "coordinates": [[135.36512, 34.74259], [135.36547, 34.74242]]}}, {"type": "Feature", "properties": {"l": 0, "c": 1, "n": 4, "o": 2, "r": 109}, "geometry": {"type": "Point", "coordinates": [135.36547, 34.74242]}}, {"type": "Feature", "properties": {"l": 5, "c": 1, "n": 3, "k": 13}, "geometry": {"type": "LineString", "coordinates": [[135.34747, 34.73809], [135.34713, 34.73779]]}}, {"type": "Feature", "properties": {"l": 0, "c": 1, "n": 3, "k": 13, "o": 2, "r": 1}, "geometry": {"type": "Point", "coordinates": [135.34713, 34.73779]}}, {"type": "Feature", "properties": {"l": 5, "c": 1, "n": 4}, "geometry": {"type": "LineString", "coordinates": [[135.36355, 34.75981], [135.3629, 34.75906]]}}, {"type": "Feature", "properties": {"l": 0, "c": 1, "n": 4, "o": 2, "r": 109}, "geometry": {"type": "Point", "coordinates": [135.3629, 34.75906]}}, {"type": "Feature", "properties": {"l": 5, "c": 1, "n": 3, "k": 19}, "geometry": {"type": "LineString", "coordinates": [[135.23575, 34.83388], [135.23548, 34.83428]]}}, {"type": "Feature", "properties": {"l": 0, "c": 1, "n": 3, "k": 19, "o": 2, "r": 95}, "geometry": {"type": "Point", "coordinates": [135.23548, 34.83428]}}, {"type": "Feature", "properties": {"l": 5, "c": 1, "n": 4}, "geometry": {"type": "LineString", "coordinates": [[135.37602, 34.74261], [135.37663, 34.74252]]}}, {"type": "Feature", "properties": {"l": 0, "c": 1, "n": 4, "o": 1, "r": 110}, "geometry": {"type": "Point", "coordinates": [135.37663, 34.74252]}}, {"type": "Feature", "properties": {"l": 5, "c": 1, "n": 4}, "geometry": {"type": "LineString", "coordinates": [[135.34301, 34.74611], [135.34223, 34.74583]]}}, {"type": "Feature", "properties": {"l": 0, "c": 1, "n": 4, "o": 2, "r": 111}, "geometry": {"type": "Point", "coordinates": [135.34223, 34.74583]}}, {"type": "Feature", "properties": {"l": 5, "c": 1, "n": 4, "k": 18}, "geometry": {"type": "LineString", "coordinates": [[135.33946, 34.73909], [135.33924, 34.73864]]}}, {"type": "Feature", "properties": {"l": 0, "c": 1, "n": 4, "k": 18, "o": 2, "r": 1}, "geometry": {"type": "Point", "coordinates": [135.33924, 34.73864]}}, {"type": "Feature", "properties": {"l": 5, "c": 1, "n": 3, "k": 29}, "geometry": {"type": "LineString", "coordinates": [[135.23995, 34.83443], [135.2397, 34.83484]]}}, {"type": "Feature", "properties": {"l": 0, "c": 1, "n": 3, "k": 29, "o": 2, "r": 95}, "geometry": {"type": "Point", "coordinates": [135.2397, 34.83484]}}, {"type": "Feature", "properties": {"l": 5, "c": 1, "n": 4}, "geometry": {"type": "LineString", "coordinates": [[135.23556, 34.82032], [135.23512, 34.82045]]}}, {"type": "Feature", "properties": {"l": 0, "c": 1, "n": 4}, "geometry": {"type": "Point", "coordinates": [135.23512, 34.82045]}}, {"type": "Feature", "properties": {"l": 5, "c": 1, "n": 3, "k": 30}, "geometry": {"type": "LineString", "coordinates": [[135.32908, 34.73799], [135.3289, 34.73771]]}}, {"type": "Feature", "properties": {"l": 0, "c": 1, "n": 3, "k": 30, "o": 2, "r": 1}, "geometry": {"type": "Point", "coordinates": [135.3289, 34.73771]}}, {"type": "Feature", "properties": {"l": 5, "c": 1, "n": 4}, "geometry": {"type": "LineString", "coordinates": [[135.24303, 34.83135], [135.24276, 34.83102]]}}, {"type": "Feature", "properties": {"l": 0, "c": 1, "n": 4, "o": 2, "r": 92}, "geometry": {"type": "Point", "coordinates": [135.24276, 34.83102]}}, {"type": "Feature", "properties": {"l": 5, "c": 1, "n": 4}, "geometry": {"type": "LineString", "coordinates": [[135.24718, 34.82881], [135.24688, 34.82854]]}}, {"type": "Feature", "properties": {"l": 0, "c": 1, "n": 4, "o": 2, "r": 92}, "geometry": {"type": "Point", "coordinates": [135.24688, 34.82854]}}, {"type": "Feature", "properties": {"l": 5, "c": 1, "n": 4}, "geometry": {"type": "LineString", "coordinates": [[135.33456, 34.71831], [135.33417, 34.71773]]}}, {"type": "Feature", "properties": {"l": 0, "c": 1, "n": 4, "o": 2}, "geometry": {"type": "Point", "coordinates": [135.33417, 34.71773]}}, {"type": "Feature", "properties": {"l": 5, "c": 1, "n": 4, "k": 25}, "geometry": {"type": "LineString", "coordinates": [[135.33326, 34.7159], [135.33358, 34.71678]]}}, {"type": "Feature", "properties": {"l": 0, "c": 1, "n": 4, "k": 25, "o": 2, "r": 112}, "geometry": {"type": "Point", "coordinates": [135.33358, 34.71678]}}, {"type": "Feature", "properties": {"l": 5, "c": 1, "n": 4}, "geometry": {"type": "LineString", "coordinates": [[135.33897, 34.72819], [135.3385, 34.72828]]}}, {"type": "Feature", "properties": {"l": 0, "c": 1, "n": 4, "o": 2, "r": 113}, "geometry": {"type": "Point", "coordinates": [135.3385, 34.72828]}}, {"type": "Feature", "properties": {"l": 5, "c": 1, "n": 4}, "geometry": {"type": "LineString", "coordinates": [[135.33288, 34.71445], [135.33302, 34.71391]]}}, {"type": "Feature", "properties": {"l": 0, "c": 1, "n": 4, "o": 2}, "geometry": {"type": "Point", "coordinates": [135.33302, 34.71391]}}, {"type": "Feature", "properties": {"l": 5, "c": 1, "n": 4}, "geometry": {"type": "LineString", "coordinates": [[135.35152, 34.72423], [135.35106, 34.72412]]}}, {"type": "Feature", "properties": {"l": 0, "c": 1, "n": 4, "o": 1, "r": 114}, "geometry": {"type": "Point", "coordinates": [135.35106, 34.72412]}}, {"type": "Feature", "properties": {"l": 5, "c": 1, "n": 4}, "geometry": {"type": "LineString", "coordinates": [[135.33144, 34.73867], [135.33123, 34.73829]]}}, {"type": "Feature", "properties": {"l": 0, "c": 1, "n": 4, "o": 2, "r": 1}, "geometry": {"type": "Point", "coordinates": [135.33123, 34.73829]}}, {"type": "Feature", "properties": {"l": 5, "c": 1, "n": 4, "k": 28}, "geometry": {"type": "LineString", "coordinates": [[135.34449, 34.73843], [135.34418, 34.73816]]}}, {"type": "Feature", "properties": {"l": 0, "c": 1, "n": 4, "k": 28, "o": 2, "r": 1}, "geometry": {"type": "Point", "coordinates": [135.34418, 34.73816]}}, {"type": "Feature", "properties": {"l": 5, "c": 1, "n": 4}, "geometry": {"type": "LineString", "coordinates": [[135.34801, 34.72641], [135.34843, 34.72605]]}}, {"type": "Feature", "properties": {"l": 0, "c": 1, "n": 4, "o": 1, "r": 114}, "geometry": {"type": "Point", "coordinates": [135.34843, 34.72605]}}, {"type": "Feature", "properties": {"l": 5, "c": 1, "n": 3, "k": 11}, "geometry": {"type": "LineString", "coordinates": [[135.3316, 34.73426], [135.3315, 34.73388]]}}, {"type": "Feature", "properties": {"l": 0, "c": 1, "n": 3, "k": 11, "o": 2, "r": 3}, "geometry": {"type": "Point", "coordinates": [135.3315, 34.73388]}}, {"type": "Feature", "properties": {"l": 5, "c": 1, "n": 3}, "geometry": {"type": "LineString", "coordinates": [[135.33599, 34.73416], [135.3357, 34.73386]]}}, {"type": "Feature", "properties": {"l": 0, "c": 1, "n": 3, "o": 2, "r": 3}, "geometry": {"type": "Point", "coordinates": [135.3357, 34.73386]}}, {"type": "Feature", "properties": {"l": 5, "c": 1, "n": 4}, "geometry": {"type": "LineString", "coordinates": [[135.34, 34.73349], [135.33953, 34.73375]]}}, {"type": "Feature", "properties": {"l": 0, "c": 1, "n": 4, "o": 2, "r": 113}, "geometry": {"type": "Point", "coordinates": [135.33953, 34.73375]}}, {"type": "Feature", "properties": {"l": 5, "c": 1, "n": 4}, "geometry": {"type": "LineString", "coordinates": [[135.35417, 34.72614], [135.35494, 34.72643]]}}, {"type": "Feature", "properties": {"l": 0, "c": 1, "n": 4, "o": 2, "r": 3}, "geometry": {"type": "Point", "coordinates": [135.35494, 34.72643]}}, {"type": "Feature", "properties": {"l": 5, "c": 1, "n": 4}, "geometry": {"type": "LineString", "coordinates": [[135.35195, 34.75114], [135.35155, 34.75105]]}}, {"type": "Feature", "properties": {"l": 0, "c": 1, "n": 4, "o": 1, "r": 115}, "geometry": {"type": "Point", "coordinates": [135.35155, 34.75105]}}, {"type": "Feature", "properties": {"l": 5, "c": 1, "n": 4}, "geometry": {"type": "LineString", "coordinates": [[135.32494, 34.73619], [135.32455, 34.73656]]}}, {"type": "Feature", "properties": {"l": 0, "c": 1, "n": 4, "o": 2, "r": 1}, "geometry": {"type": "Point", "coordinates": [135.32455, 34.73656]}}, {"type": "Feature", "properties": {"l": 5, "c": 1, "n": 3, "k": 12}, "geometry": {"type": "LineString", "coordinates": [[135.36481, 34.7488], [135.36487, 34.7485]]}}, {"type": "Feature", "properties": {"l": 0, "c": 1, "n": 3, "k": 12, "o": 2, "r": 109}, "geometry": {"type": "Point", "coordinates": [135.36487, 34.7485]}}, {"type": "Feature", "properties": {"l": 5, "c": 1, "n": 4}, "geometry": {"type": "LineString", "coordinates": [[135.33919, 34.74149], [135.3387, 34.74187]]}}, {"type": "Feature", "properties": {"l": 0, "c": 1, "n": 4, "o": 1, "r": 2}, "geometry": {"type": "Point", "coordinates": [135.3387, 34.74187]}}, {"type": "Feature", "properties": {"l": 5, "c": 1, "n": 4}, "geometry": {"type": "LineString", "coordinates": [[135.33137, 34.74158], [135.33146, 34.74194]]}}, {"type": "Feature", "properties": {"l": 0, "c": 1, "n": 4, "o": 1, "r": 95}, "geometry": {"type": "Point", "coordinates": [135.33146, 34.74194]}}, {"type": "Feature", "properties": {"l": 5, "c": 1, "n": 3}, "geometry": {"type": "LineString", "coordinates": [[135.35649, 34.74422], [135.35724, 34.74419]]}}, {"type": "Feature", "properties": {"l": 0, "c": 1, "n": 3, "o": 1, "r": 108}, "geometry": {"type": "Point", "coordinates": [135.35724, 34.74419]}}, {"type": "Feature", "properties": {"l": 5, "c": 1, "n": 3, "k": 8}, "geometry": {"type": "LineString", "coordinates": [[135.34684, 34.72703], [135.34711, 34.72677]]}}, {"type": "Feature", "properties": {"l": 0, "c": 1, "n": 3, "k": 8, "o": 1, "r": 114}, "geometry": {"type": "Point", "coordinates": [135.34711, 34.72677]}}, {"type": "Feature", "properties": {"l": 5, "c": 1, "n": 4}, "geometry": {"type": "LineString", "coordinates": [[135.35566, 34.74422], [135.35507, 34.74436]]}}, {"type": "Feature", "properties": {"l": 0, "c": 1, "n": 4, "o": 1}, "geometry": {"type": "Point", "coordinates": [135.35507, 34.74436]}}, {"type": "Feature", "properties": {"l": 5, "c": 1, "n": 3}, "geometry": {"type": "LineString", "coordinates": [[135.33198, 34.81801], [135.33244, 34.81756]]}}, {"type": "Feature", "properties": {"l": 0, "c": 1, "n": 3, "o": 1, "r": 116}, "geometry": {"type": "Point", "coordinates": [135.33244, 34.81756]}}, {"type": "Feature", "properties": {"l": 5, "c": 1, "n": 3}, "geometry": {"type": "LineString", "coordinates": [[135.35514, 34.74261], [135.35483, 34.74243]]}}, {"type": "Feature", "properties": {"l": 0, "c": 1, "n": 3, "o": 2, "r": 2}, "geometry": {"type": "Point", "coordinates": [135.35483, 34.74243]}}, {"type": "Feature", "properties": {"l": 5, "c": 1, "n": 4}, "geometry": {"type": "LineString", "coordinates": [[135.32831, 34.74182], [135.32854, 34.74169]]}}, {"type": "Feature", "properties": {"l": 0, "c": 1, "n": 4, "o": 1, "r": 117}, "geometry": {"type": "Point", "coordinates": [135.32854, 34.74169]}}, {"type": "Feature", "properties": {"l": 5, "c": 1, "n": 4}, "geometry": {"type": "LineString", "coordinates": [[135.24699, 34.82075], [135.24657, 34.82067], [135.24653, 34.82078]]}}, {"type": "Feature", "properties": {"l": 0, "c": 1, "n": 4, "o": 1, "r": 118}, "geometry": {"type": "Point", "coordinates": [135.24653, 34.82078]}}, {"type": "Feature", "properties": {"l": 5, "c": 1, "n": 4, "k": 24}, "geometry": {"type": "LineString", "coordinates": [[135.35774, 34.74435], [135.3575, 34.74425]]}}, {"type": "Feature", "properties": {"l": 0, "c": 1, "n": 4, "k": 24, "o": 1, "r": 108}, "geometry": {"type": "Point", "coordinates": [135.3575, 34.74425]}}, {"type": "Feature", "properties": {"l": 5, "c": 1, "n": 4}, "geometry": {"type": "LineString", "coordinates": [[135.35775, 34.74765], [135.35753, 34.74805]]}}, {"type": "Feature", "properties": {"l": 0, "c": 1, "n": 4, "o": 1}, "geometry": {"type": "Point", "coordinates": [135.35753, 34.74805]}}, {"type": "Feature", "properties": {"l": 5, "c": 1, "n": 3}, "geometry": {"type": "LineString", "coordinates": [[135.34149, 34.73384], [135.34132, 34.73355]]}}, {"type": "Feature", "properties": {"l": 0, "c": 1, "n": 3, "o": 2, "r": 3}, "geometry": {"type": "Point", "coordinates": [135.34132, 34.73355]}}, {"type": "Feature", "properties": {"l": 5, "c": 1, "n": 4}, "geometry": {"type": "LineString", "coordinates": [[135.35253, 34.74229], [135.35203, 34.74232]]}}, {"type": "Feature", "properties": {"l": 0, "c": 1, "n": 4, "o": 2, "r": 2}, "geometry": {"type": "Point", "coordinates": [135.35203, 34.74232]}}, {"type": "Feature", "properties": {"l": 5, "c": 1, "n": 4}, "geometry": {"type": "LineString", "coordinates": [[135.35883, 34.74248], [135.35838, 34.74239]]}}, {"type": "Feature", "properties": {"l": 0, "c": 1, "n": 4, "o": 1}, "geometry": {"type": "Point", "coordinates": [135.35838, 34.74239]}}, {"type": "Feature", "properties": {"l": 5, "c": 1, "n": 4, "k": 42}, "geometry": {"type": "LineString", "coordinates": [[135.35197, 34.7444], [135.35192, 34.74396]]}}, {"type": "Feature", "properties": {"l": 0, "c": 1, "n": 4, "k": 42, "o": 1, "r": 108}, "geometry": {"type": "Point", "coordinates": [135.35192, 34.74396]}}, {"type": "Feature", "properties": {"l": 5, "c": 1, "n": 4}, "geometry": {"type": "LineString", "coordinates": [[135.36331, 34.75224], [135.36316, 34.75234]]}}, {"type": "Feature", "properties": {"l": 0, "c": 1, "n": 4, "o": 1, "r": 119}, "geometry": {"type": "Point", "coordinates": [135.36316, 34.75234]}}, {"type": "Feature", "properties": {"l": 5, "c": 1, "n": 4}, "geometry": {"type": "LineString", "coordinates": [[135.27886, 34.80461], [135.27823, 34.80466]]}}, {"type": "Feature", "properties": {"l": 0, "c": 1, "n": 4, "o": 1, "r": 95}, "geometry": {"type": "Point", "coordinates": [135.27823, 34.80466]}}, {"type": "Feature", "properties": {"l": 5, "c": 1, "n": 3}, "geometry": {"type": "LineString", "coordinates": [[135.29178, 34.8302], [135.29121, 34.83063], [135.29121, 34.83046]]}}, {"type": "Feature", "properties": {"l": 0, "c": 1, "n": 3, "o": 1, "r": 92}, "geometry": {"type": "Point", "coordinates": [135.29121, 34.83046]}}, {"type": "Feature", "properties": {"l": 5, "c": 1, "n": 4}, "geometry": {"type": "LineString", "coordinates": [[135.35959, 34.73587], [135.35935, 34.73642]]}}, {"type": "Feature", "properties": {"l": 0, "c": 1, "n": 4, "o": 1, "r": 120}, "geometry": {"type": "Point", "coordinates": [135.35935, 34.73642]}}, {"type": "Feature", "properties": {"l": 5, "c": 1, "n": 4}, "geometry": {"type": "LineString", "coordinates": [[135.37869, 34.73207], [135.37846, 34.73171]]}}, {"type": "Feature", "properties": {"l": 0, "c": 1, "n": 4}, "geometry": {"type": "Point", "coordinates": [135.37846, 34.73171]}}, {"type": "Feature", "properties": {"l": 5, "c": 1, "n": 4}, "geometry": {"type": "LineString", "coordinates": [[135.36601, 34.73474], [135.36577, 34.73467]]}}, {"type": "Feature", "properties": {"l": 0, "c": 1, "n": 4, "o": 2, "r": 109}, "geometry": {"type": "Point", "coordinates": [135.36577, 34.73467]}}, {"type": "Feature", "properties": {"l": 5, "c": 1, "n": 3, "k": 44}, "geometry": {"type": "LineString", "coordinates": [[135.37312, 34.73345], [135.37342, 34.73306]]}}, {"type": "Feature", "properties": {"l": 0, "c": 1, "n": 3, "k": 44, "o": 2, "r": 121}, "geometry": {"type": "Point", "coordinates": [135.37342, 34.73306]}}, {"type": "Feature", "properties": {"l": 5, "c": 1, "n": 4}, "geometry": {"type": "LineString", "coordinates": [[135.3729, 34.71298], [135.37258, 34.71276]]}}, {"type": "Feature", "properties": {"l": 0, "c": 1, "n": 4, "o": 2, "r": 122}, "geometry": {"type": "Point", "coordinates": [135.37258, 34.71276]}}, {"type": "Feature", "properties": {"l": 5, "c": 1, "n": 4}, "geometry": {"type": "LineString", "coordinates": [[135.37527, 34.72202], [135.37589, 34.72206]]}}, {"type": "Feature", "properties": {"l": 0, "c": 1, "n": 4}, "geometry": {"type": "Point", "coordinates": [135.37589, 34.72206]}}, {"type": "Feature", "properties": {"l": 5, "c": 1, "n": 4}, "geometry": {"type": "LineString", "coordinates": [[135.36123, 34.71765], [135.3609, 34.71723]]}}, {"type": "Feature", "properties": {"l": 0, "c": 1, "n": 4, "o": 2, "r": 121}, "geometry": {"type": "Point", "coordinates": [135.3609, 34.71723]}}, {"type": "Feature", "properties": {"l": 5, "c": 1, "n": 4}, "geometry": {"type": "LineString", "coordinates": [[135.37129, 34.70791], [135.37134, 34.70854]]}}, {"type": "Feature", "properties": {"l": 0, "c": 1, "n": 4}, "geometry": {"type": "Point", "coordinates": [135.37134, 34.70854]}}, {"type": "Feature", "properties": {"l": 5, "c": 1, "n": 4}, "geometry": {"type": "LineString", "coordinates": [[135.37631, 34.7327], [135.37659, 34.73303]]}}, {"type": "Feature", "properties": {"l": 0, "c": 1, "n": 4}, "geometry": {"type": "Point", "coordinates": [135.37659, 34.73303]}}, {"type": "Feature", "properties": {"l": 5, "c": 1, "n": 4}, "geometry": {"type": "LineString", "coordinates": [[135.37911, 34.71147], [135.37925, 34.7119]]}}, {"type": "Feature", "properties": {"l": 0, "c": 1, "n": 4, "o": 1, "r": 122}, "geometry": {"type": "Point", "coordinates": [135.37925, 34.7119]}}, {"type": "Feature", "properties": {"l": 5, "c": 1, "n": 4}, "geometry": {"type": "LineString", "coordinates": [[135.36152, 34.72695], [135.36109, 34.72709]]}}, {"type": "Feature", "properties": {"l": 0, "c": 1, "n": 4, "o": 1, "r": 123}, "geometry": {"type": "Point", "coordinates": [135.36109, 34.72709]}}, {"type": "Feature", "properties": {"l": 5, "c": 1, "n": 3, "k": 30}, "geometry": {"type": "LineString", "coordinates": [[135.36306, 34.69806], [135.36372, 34.69826]]}}, {"type": "Feature", "properties": {"l": 0, "c": 1, "n": 3, "k": 30, "o": 1, "r": 112}, "geometry": {"type": "Point", "coordinates": [135.36306, 34.69806]}}, {"type": "Feature", "properties": {"l": 5, "c": 1, "n": 4}, "geometry": {"type": "LineString", "coordinates": [[135.37436, 34.7178], [135.37467, 34.71838]]}}, {"type": "Feature", "properties": {"l": 0, "c": 1, "n": 4, "o": 2, "r": 124}, "geometry": {"type": "Point", "coordinates": [135.37467, 34.71838]}}, {"type": "Feature", "properties": {"l": 5, "c": 1, "n": 4}, "geometry": {"type": "LineString", "coordinates": [[135.359, 34.72367], [135.35938, 34.72417], [135.35858, 34.72349]]}}, {"type": "Feature", "properties": {"l": 0, "c": 1, "n": 4}, "geometry": {"type": "Point", "coordinates": [135.35858, 34.72349]}}, {"type": "Feature", "properties": {"l": 5, "c": 1, "n": 3}, "geometry": {"type": "LineString", "coordinates": [[135.36331, 34.72191], [135.36336, 34.72235]]}}, {"type": "Feature", "properties": {"l": 0, "c": 1, "n": 3, "o": 2, "r": 121}, "geometry": {"type": "Point", "coordinates": [135.36336, 34.72235]}}, {"type": "Feature", "properties": {"l": 5, "c": 1, "n": 4}, "geometry": {"type": "LineString", "coordinates": [[135.36418, 34.72641], [135.36386, 34.72602], [135.36441, 34.7262]]}}, {"type": "Feature", "properties": {"l": 0, "c": 1, "n": 4, "o": 1, "r": 123}, "geometry": {"type": "Point", "coordinates": [135.36441, 34.7262]}}, {"type": "Feature", "properties": {"l": 5, "c": 1, "n": 3}, "geometry": {"type": "LineString", "coordinates": [[135.37555, 34.72515], [135.37552, 34.72487], [135.37593, 34.72527], [135.37568, 34.7256]]}}, {"type": "Feature", "properties": {"l": 0, "c": 1, "n": 3, "o": 2, "r": 124}, "geometry": {"type": "Point", "coordinates": [135.37568, 34.7256]}}, {"type": "Feature", "properties": {"l": 5, "c": 1, "n": 3}, "geometry": {"type": "LineString", "coordinates": [[135.37155, 34.72312], [135.3713, 34.72291]]}}, {"type": "Feature", "properties": {"l": 0, "c": 1, "n": 3, "o": 1, "r": 125}, "geometry": {"type": "Point", "coordinates": [135.3713, 34.72291]}}, {"type": "Feature", "properties": {"l": 5, "c": 3, "n": 4}, "geometry": {"type": "LineString", "coordinates": [[135.419, 34.7205], [135.41867, 34.72021]]}}, {"type": "Feature", "properties": {"l": 0, "c": 3, "n": 4, "o": 1, "r": 126}, "geometry": {"type": "Point", "coordinates": [135.41867, 34.72021]}}, {"type": "Feature", "properties": {"l": 5, "c": 3, "n": 4}, "geometry": {"type": "LineString", "coordinates": [[135.41196, 34.7322], [135.41197, 34.7329]]}}, {"type": "Feature", "properties": {"l": 0, "c": 3, "n": 4, "o": 2, "r": 127}, "geometry": {"type": "Point", "coordinates": [135.41197, 34.7329]}}, {"type": "Feature", "properties": {"l": 5, "c": 3, "n": 4}, "geometry": {"type": "LineString", "coordinates": [[135.41641, 34.72119], [135.41668, 34.72135], [135.41667, 34.72123]]}}, {"type": "Feature", "properties": {"l": 0, "c": 3, "n": 4, "o": 2, "r": 127}, "geometry": {"type": "Point", "coordinates": [135.41667, 34.72123]}}, {"type": "Feature", "properties": {"l": 5, "c": 3, "n": 4}, "geometry": {"type": "LineString", "coordinates": [[135.40413, 34.69865], [135.40365, 34.69884]]}}, {"type": "Feature", "properties": {"l": 0, "c": 3, "n": 4, "o": 1, "r": 126}, "geometry": {"type": "Point", "coordinates": [135.40365, 34.69884]}}, {"type": "Feature", "properties": {"l": 5, "c": 3, "n": 4}, "geometry": {"type": "LineString", "coordinates": [[135.40517, 34.71672], [135.40531, 34.71734]]}}, {"type": "Feature", "properties": {"l": 0, "c": 3, "n": 4, "o": 1}, "geometry": {"type": "Point", "coordinates": [135.40531, 34.71734]}}, {"type": "Feature", "properties": {"l": 5, "c": 3, "n": 4}, "geometry": {"type": "LineString", "coordinates": [[135.42409, 34.71281], [135.42365, 34.71243]]}}, {"type": "Feature", "properties": {"l": 0, "c": 3, "n": 4, "o": 2}, "geometry": {"type": "Point", "coordinates": [135.42365, 34.71243]}}, {"type": "Feature", "properties": {"l": 5, "c": 3, "n": 3, "k": 35}, "geometry": {"type": "LineString", "coordinates": [[135.41706, 34.7144], [135.41853, 34.71396]]}}, {"type": "Feature", "properties": {"l": 0, "c": 3, "n": 3, "k": 35, "o": 2, "r": 3}, "geometry": {"type": "Point", "coordinates": [135.41706, 34.7144]}}, {"type": "Feature", "properties": {"l": 5, "c": 3, "n": 4}, "geometry": {"type": "LineString", "coordinates": [[135.41461, 34.71472], [135.41425, 34.71431]]}}, {"type": "Feature", "properties": {"l": 0, "c": 3, "n": 4, "o": 1, "r": 126}, "geometry": {"type": "Point", "coordinates": [135.41425, 34.71431]}}, {"type": "Feature", "properties": {"l": 5, "c": 3, "n": 3}, "geometry": {"type": "LineString", "coordinates": [[135.41625, 34.72009], [135.41609, 34.71973]]}}, {"type": "Feature", "properties": {"l": 0, "c": 3, "n": 3, "o": 1}, "geometry": {"type": "Point", "coordinates": [135.41609, 34.71973]}}, {"type": "Feature", "properties": {"l": 5, "c": 3, "n": 3, "k": 6}, "geometry": {"type": "LineString", "coordinates": [[135.40758, 34.72318], [135.40739, 34.72331]]}}, {"type": "Feature", "properties": {"l": 0, "c": 3, "n": 3, "k": 6, "o": 2, "r": 1}, "geometry": {"type": "Point", "coordinates": [135.40739, 34.72331]}}, {"type": "Feature", "properties": {"l": 5, "c": 3, "n": 4}, "geometry": {"type": "LineString", "coordinates": [[135.38714, 34.73042], [135.38724, 34.72972]]}}, {"type": "Feature", "properties": {"l": 0, "c": 3, "n": 4, "o": 2, "r": 128}, "geometry": {"type": "Point", "coordinates": [135.38724, 34.72972]}}, {"type": "Feature", "properties": {"l": 5, "c": 3, "n": 4}, "geometry": {"type": "LineString", "coordinates": [[135.38713, 34.71081], [135.38765, 34.71032]]}}, {"type": "Feature", "properties": {"l": 0, "c": 3, "n": 4, "o": 2, "r": 122}, "geometry": {"type": "Point", "coordinates": [135.38765, 34.71032]}}, {"type": "Feature", "properties": {"l": 5, "c": 3, "n": 4}, "geometry": {"type": "LineString", "coordinates": [[135.39696, 34.72122], [135.39688, 34.72086]]}}, {"type": "Feature", "properties": {"l": 0, "c": 3, "n": 4, "o": 1, "r": 129}, "geometry": {"type": "Point", "coordinates": [135.39688, 34.72086]}}, {"type": "Feature", "properties": {"l": 5, "c": 3, "n": 4}, "geometry": {"type": "LineString", "coordinates": [[135.38391, 34.69963], [135.38445, 34.69922]]}}, {"type": "Feature", "properties": {"l": 0, "c": 3, "n": 4}, "geometry": {"type": "Point", "coordinates": [135.38445, 34.69922]}}, {"type": "Feature", "properties": {"l": 5, "c": 3, "n": 4}, "geometry": {"type": "LineString", "coordinates": [[135.38771, 34.71516], [135.38757, 34.71428], [135.38685, 34.71517]]}}, {"type": "Feature", "properties": {"l": 0, "c": 3, "n": 4, "o": 2, "r": 3}, "geometry": {"type": "Point", "coordinates": [135.38685, 34.71517]}}, {"type": "Feature", "properties": {"l": 5, "c": 3, "n": 4}, "geometry": {"type": "LineString", "coordinates": [[135.38831, 34.72122], [135.38854, 34.72164]]}}, {"type": "Feature", "properties": {"l": 0, "c": 3, "n": 4, "o": 2, "r": 128}, "geometry": {"type": "Point", "coordinates": [135.38854, 34.72164]}}, {"type": "Feature", "properties": {"l": 5, "c": 3, "n": 3}, "geometry": {"type": "LineString", "coordinates": [[135.40564, 34.73276], [135.40585, 34.73304]]}}, {"type": "Feature", "properties": {"l": 0, "c": 3, "n": 3}, "geometry": {"type": "Point", "coordinates": [135.40585, 34.73304]}}, {"type": "Feature", "properties": {"l": 5, "c": 3, "n": 3}, "geometry": {"type": "LineString", "coordinates": [[135.41373, 34.72738], [135.41325, 34.72783]]}}, {"type": "Feature", "properties": {"l": 0, "c": 3, "n": 3, "o": 2, "r": 127}, "geometry": {"type": "Point", "coordinates": [135.41325, 34.72783]}}, {"type": "Feature", "properties": {"l": 5, "c": 3, "n": 4}, "geometry": {"type": "LineString", "coordinates": [[135.38775, 34.69887], [135.38694, 34.69882]]}}, {"type": "Feature", "properties": {"l": 0, "c": 3, "n": 4}, "geometry": {"type": "Point", "coordinates": [135.38694, 34.69882]}}, {"type": "Feature", "properties": {"l": 5, "c": 3, "n": 3}, "geometry": {"type": "LineString", "coordinates": [[135.38897, 34.69989], [135.38842, 34.69927]]}}, {"type": "Feature", "properties": {"l": 0, "c": 3, "n": 3}, "geometry": {"type": "Point", "coordinates": [135.38842, 34.69927]}}, {"type": "Feature", "properties": {"l": 5, "c": 3, "n": 4}, "geometry": {"type": "LineString", "coordinates": [[135.3961, 34.7161], [135.39622, 34.71538]]}}, {"type": "Feature", "properties": {"l": 0, "c": 3, "n": 4, "o": 2, "r": 3}, "geometry": {"type": "Point", "coordinates": [135.3961, 34.7161]}}, {"type": "Feature", "properties": {"l": 5, "c": 3, "n": 4}, "geometry": {"type": "LineString", "coordinates": [[135.39818, 34.73409], [135.3981, 34.73359]]}}, {"type": "Feature", "properties": {"l": 0, "c": 3, "n": 4}, "geometry": {"type": "Point", "coordinates": [135.3981, 34.73359]}}, {"type": "Feature", "properties": {"l": 5, "c": 3, "n": 4}, "geometry": {"type": "LineString", "coordinates": [[135.39735, 34.72652], [135.39749, 34.72586]]}}, {"type": "Feature", "properties": {"l": 0, "c": 3, "n": 4}, "geometry": {"type": "Point", "coordinates": [135.39749, 34.72586]}}, {"type": "Feature", "properties": {"l": 5, "c": 3, "n": 4}, "geometry": {"type": "LineString", "coordinates": [[135.4391, 34.71995], [135.43874, 34.71964]]}}, {"type": "Feature", "properties": {"l": 0, "c": 3, "n": 4, "o": 2, "r": 1}, "geometry": {"type": "Point", "coordinates": [135.43874, 34.71964]}}, {"type": "Feature", "properties": {"l": 5, "c": 3, "n": 3}, "geometry": {"type": "LineString", "coordinates": [[135.43454, 34.74314], [135.43486, 34.74274], [135.43449, 34.74352]]}}, {"type": "Feature", "properties": {"l": 0, "c": 3, "n": 3, "o": 4, "r": 130}, "geometry": {"type": "Point", "coordinates": [135.43449, 34.74352]}}, {"type": "Feature", "properties": {"l": 5, "c": 3, "n": 4}, "geometry": {"type": "LineString", "coordinates": [[135.42856, 34.72673], [135.42859, 34.72702]]}}, {"type": "Feature", "properties": {"l": 0, "c": 3, "n": 4, "o": 1, "r": 131}, "geometry": {"type": "Point", "coordinates": [135.42859, 34.72702]}}, {"type": "Feature", "properties": {"l": 5, "c": 3, "n": 3, "k": 24}, "geometry": {"type": "LineString", "coordinates": [[135.43361, 34.74474], [135.43342, 34.74409]]}}, {"type": "Feature", "properties": {"l": 0, "c": 3, "n": 3, "k": 24, "o": 2, "r": 132}, "geometry": {"type": "Point", "coordinates": [135.43342, 34.74409]}}, {"type": "Feature", "properties": {"l": 5, "c": 3, "n": 3, "k": 15}, "geometry": {"type": "LineString", "coordinates": [[135.43728, 34.73866], [135.43722, 34.73827]]}}, {"type": "Feature", "properties": {"l": 0, "c": 3, "n": 3, "k": 15, "o": 1, "r": 133}, "geometry": {"type": "Point", "coordinates": [135.43722, 34.73827]}}, {"type": "Feature", "properties": {"l": 5, "c": 3, "n": 4}, "geometry": {"type": "LineString", "coordinates": [[135.42103, 34.72775], [135.42041, 34.72784]]}}, {"type": "Feature", "properties": {"l": 0, "c": 3, "n": 4, "o": 1, "r": 134}, "geometry": {"type": "Point", "coordinates": [135.42041, 34.72784]}}, {"type": "Feature", "properties": {"l": 5, "c": 3, "n": 4, "k": 29}, "geometry": {"type": "LineString", "coordinates": [[135.44098, 34.73215], [135.44107, 34.73268]]}}, {"type": "Feature", "properties": {"l": 0, "c": 3, "n": 4, "k": 29, "o": 2, "r": 135}, "geometry": {"type": "Point", "coordinates": [135.44107, 34.73268]}}, {"type": "Feature", "properties": {"l": 5, "c": 3, "n": 4}, "geometry": {"type": "LineString", "coordinates": [[135.42821, 34.71923], [135.42837, 34.71933], [135.42849, 34.7197]]}}, {"type": "Feature", "properties": {"l": 0, "c": 3, "n": 4, "o": 1, "r": 136}, "geometry": {"type": "Point", "coordinates": [135.42849, 34.7197]}}, {"type": "Feature", "properties": {"l": 5, "c": 3, "n": 3}, "geometry": {"type": "LineString", "coordinates": [[135.44964, 34.74343], [135.4495, 34.74322]]}}, {"type": "Feature", "properties": {"l": 0, "c": 3, "n": 3, "o": 2, "r": 132}, "geometry": {"type": "Point", "coordinates": [135.4495, 34.74322]}}, {"type": "Feature", "properties": {"l": 5, "c": 3, "n": 4}, "geometry": {"type": "LineString", "coordinates": [[135.43431, 34.71991], [135.43419, 34.71946]]}}, {"type": "Feature", "properties": {"l": 0, "c": 3, "n": 4, "o": 1, "r": 133}, "geometry": {"type": "Point", "coordinates": [135.43419, 34.71946]}}, {"type": "Feature", "properties": {"l": 5, "c": 3, "n": 4}, "geometry": {"type": "LineString", "coordinates": [[135.44146, 34.74365], [135.44126, 34.74333]]}}, {"type": "Feature", "properties": {"l": 0, "c": 3, "n": 4, "o": 2, "r": 130}, "geometry": {"type": "Point", "coordinates": [135.44126, 34.74333]}}, {"type": "Feature", "properties": {"l": 5, "c": 3, "n": 3, "k": 11}, "geometry": {"type": "LineString", "coordinates": [[135.44527, 34.73435], [135.4456, 34.73392]]}}, {"type": "Feature", "properties": {"l": 0, "c": 3, "n": 3, "k": 11, "o": 2, "r": 130}, "geometry": {"type": "Point", "coordinates": [135.4456, 34.73392]}}, {"type": "Feature", "properties": {"l": 5, "c": 3, "n": 3}, "geometry": {"type": "LineString", "coordinates": [[135.42173, 34.73919], [135.42146, 34.73893]]}}, {"type": "Feature", "properties": {"l": 0, "c": 3, "n": 3, "o": 2, "r": 137}, "geometry": {"type": "Point", "coordinates": [135.42146, 34.73893]}}, {"type": "Feature", "properties": {"l": 5, "c": 3, "n": 3}, "geometry": {"type": "LineString", "coordinates": [[135.44099, 34.73016], [135.44081, 34.72987]]}}, {"type": "Feature", "properties": {"l": 0, "c": 3, "n": 3, "o": 2, "r": 135}, "geometry": {"type": "Point", "coordinates": [135.44081, 34.72987]}}, {"type": "Feature", "properties": {"l": 5, "c": 3, "n": 4}, "geometry": {"type": "LineString", "coordinates": [[135.43533, 34.73318], [135.43512, 34.73291]]}}, {"type": "Feature", "properties": {"l": 0, "c": 3, "n": 4, "o": 2}, "geometry": {"type": "Point", "coordinates": [135.43512, 34.73291]}}, {"type": "Feature", "properties": {"l": 5, "c": 3, "n": 4}, "geometry": {"type": "LineString", "coordinates": [[135.42158, 34.73717], [135.42135, 34.73692]]}}, {"type": "Feature", "properties": {"l": 0, "c": 3, "n": 4, "o": 1}, "geometry": {"type": "Point", "coordinates": [135.42135, 34.73692]}}, {"type": "Feature", "properties": {"l": 5, "c": 3, "n": 3}, "geometry": {"type": "LineString", "coordinates": [[135.43264, 34.73548], [135.43214, 34.73552]]}}, {"type": "Feature", "properties": {"l": 0, "c": 3, "n": 3, "o": 2}, "geometry": {"type": "Point", "coordinates": [135.43214, 34.73552]}}, {"type": "Feature", "properties": {"l": 5, "c": 3, "n": 4}, "geometry": {"type": "LineString", "coordinates": [[135.43204, 34.73325], [135.43179, 34.7329]]}}, {"type": "Feature", "properties": {"l": 0, "c": 3, "n": 4, "o": 2}, "geometry": {"type": "Point", "coordinates": [135.43179, 34.7329]}}, {"type": "Feature", "properties": {"l": 5, "c": 3, "n": 4}, "geometry": {"type": "LineString", "coordinates": [[135.4353, 34.72671], [135.43509, 34.72641]]}}, {"type": "Feature", "properties": {"l": 0, "c": 3, "n": 4, "o": 1, "r": 134}, "geometry": {"type": "Point", "coordinates": [135.43509, 34.72641]}}, {"type": "Feature", "properties": {"l": 5, "c": 3, "n": 4}, "geometry": {"type": "LineString", "coordinates": [[135.42263, 34.74306], [135.42209, 34.74325]]}}, {"type": "Feature", "properties": {"l": 0, "c": 3, "n": 4, "o": 2, "r": 137}, "geometry": {"type": "Point", "coordinates": [135.42209, 34.74325]}}, {"type": "Feature", "properties": {"l": 5, "c": 3, "n": 3}, "geometry": {"type": "LineString", "coordinates": [[135.44063, 34.74324], [135.44007, 34.74334]]}}, {"type": "Feature", "properties": {"l": 0, "c": 3, "n": 3, "o": 2, "r": 130}, "geometry": {"type": "Point", "coordinates": [135.44007, 34.74334]}}, {"type": "Feature", "properties": {"l": 5, "c": 3, "n": 3}, "geometry": {"type": "LineString", "coordinates": [[135.43314, 34.75016], [135.43313, 34.75059]]}}, {"type": "Feature", "properties": {"l": 0, "c": 3, "n": 3, "o": 1, "r": 130}, "geometry": {"type": "Point", "coordinates": [135.43313, 34.75059]}}, {"type": "Feature", "properties": {"l": 5, "c": 3, "n": 3}, "geometry": {"type": "LineString", "coordinates": [[135.42667, 34.75046], [135.42711, 34.75062]]}}, {"type": "Feature", "properties": {"l": 0, "c": 3, "n": 3, "o": 1}, "geometry": {"type": "Point", "coordinates": [135.42711, 34.75062]}}, {"type": "Feature", "properties": {"l": 5, "c": 3, "n": 3}, "geometry": {"type": "LineString", "coordinates": [[135.42221, 34.74771], [135.4223, 34.74823]]}}, {"type": "Feature", "properties": {"l": 0, "c": 3, "n": 3, "o": 2, "r": 137}, "geometry": {"type": "Point", "coordinates": [135.4223, 34.74823]}}, {"type": "Feature", "properties": {"l": 5, "c": 3, "n": 4}, "geometry": {"type": "LineString", "coordinates": [[135.43111, 34.75853], [135.43064, 34.75806]]}}, {"type": "Feature", "properties": {"l": 0, "c": 3, "n": 4, "o": 1, "r": 108}, "geometry": {"type": "Point", "coordinates": [135.43064, 34.75806]}}, {"type": "Feature", "properties": {"l": 5, "c": 3, "n": 3, "k": 24}, "geometry": {"type": "LineString", "coordinates": [[135.42585, 34.73543], [135.42576, 34.73483]]}}, {"type": "Feature", "properties": {"l": 0, "c": 3, "n": 3, "k": 24, "o": 2}, "geometry": {"type": "Point", "coordinates": [135.42576, 34.73483]}}, {"type": "Feature", "properties": {"l": 5, "c": 3, "n": 4}, "geometry": {"type": "LineString", "coordinates": [[135.42872, 34.7353], [135.4288, 34.73492]]}}, {"type": "Feature", "properties": {"l": 0, "c": 3, "n": 4, "o": 1}, "geometry": {"type": "Point", "coordinates": [135.4288, 34.73492]}}, {"type": "Feature", "properties": {"l": 5, "c": 3, "n": 4}, "geometry": {"type": "LineString", "coordinates": [[135.42871, 34.73618], [135.42877, 34.7365]]}}, {"type": "Feature", "properties": {"l": 0, "c": 3, "n": 4, "o": 1}, "geometry": {"type": "Point", "coordinates": [135.42877, 34.7365]}}, {"type": "Feature", "properties": {"l": 5, "c": 3, "n": 3}, "geometry": {"type": "LineString", "coordinates": [[135.44105, 34.73106], [135.44096, 34.73079]]}}, {"type": "Feature", "properties": {"l": 0, "c": 3, "n": 3, "o": 1, "r": 138}, "geometry": {"type": "Point", "coordinates": [135.44096, 34.73079]}}, {"type": "Feature", "properties": {"l": 5, "c": 3, "n": 4}, "geometry": {"type": "LineString", "coordinates": [[135.38646, 34.74478], [135.38627, 34.745]]}}, {"type": "Feature", "properties": {"l": 0, "c": 3, "n": 4, "o": 2, "r": 139}, "geometry": {"type": "Point", "coordinates": [135.38627, 34.745]}}, {"type": "Feature", "properties": {"l": 5, "c": 3, "n": 3}, "geometry": {"type": "LineString", "coordinates": [[135.41588, 34.75148], [135.41576, 34.7518]]}}, {"type": "Feature", "properties": {"l": 0, "c": 3, "n": 3, "o": 2}, "geometry": {"type": "Point", "coordinates": [135.41576, 34.7518]}}, {"type": "Feature", "properties": {"l": 5, "c": 3, "n": 3}, "geometry": {"type": "LineString", "coordinates": [[135.37552, 34.7647], [135.37548, 34.76449], [135.375, 34.76445], [135.37583, 34.76427]]}}, {"type": "Feature", "properties": {"l": 0, "c": 3, "n": 3, "o": 1}, "geometry": {"type": "Point", "coordinates": [135.37583, 34.76427]}}, {"type": "Feature", "properties": {"l": 5, "c": 3, "n": 4}, "geometry": {"type": "LineString", "coordinates": [[135.42052, 34.75796], [135.42105, 34.75806]]}}, {"type": "Feature", "properties": {"l": 0, "c": 3, "n": 4, "o": 1, "r": 108}, "geometry": {"type": "Point", "coordinates": [135.42105, 34.75806]}}, {"type": "Feature", "properties": {"l": 5, "c": 3, "n": 4}, "geometry": {"type": "LineString", "coordinates": [[135.39874, 34.7445], [135.39894, 34.7449]]}}, {"type": "Feature", "properties": {"l": 0, "c": 3, "n": 4, "o": 1, "r": 140}, "geometry": {"type": "Point", "coordinates": [135.39894, 34.7449]}}, {"type": "Feature", "properties": {"l": 5, "c": 3, "n": 3}, "geometry": {"type": "LineString", "coordinates": [[135.42048, 34.76011], [135.41992, 34.76047]]}}, {"type": "Feature", "properties": {"l": 0, "c": 3, "n": 3}, "geometry": {"type": "Point", "coordinates": [135.41992, 34.76047]}}, {"type": "Feature", "properties": {"l": 5, "c": 3, "n": 3}, "geometry": {"type": "LineString", "coordinates": [[135.41194, 34.74072], [135.41195, 34.74051], [135.41237, 34.74028], [135.41187, 34.74005]]}}, {"type": "Feature", "properties": {"l": 0, "c": 3, "n": 3, "o": 2, "r": 127}, "geometry": {"type": "Point", "coordinates": [135.41187, 34.74005]}}, {"type": "Feature", "properties": {"l": 5, "c": 3, "n": 3, "k": 45}, "geometry": {"type": "LineString", "coordinates": [[135.39392, 34.74458], [135.39289, 34.74471], [135.39343, 34.74496]]}}, {"type": "Feature", "properties": {"l": 0, "c": 3, "n": 3, "k": 45, "o": 1, "r": 141}, "geometry": {"type": "Point", "coordinates": [135.39343, 34.74496]}}, {"type": "Feature", "properties": {"l": 5, "c": 3, "n": 3}, "geometry": {"type": "LineString", "coordinates": [[135.41547, 34.74366], [135.41477, 34.74381], [135.41525, 34.74328]]}}, {"type": "Feature", "properties": {"l": 0, "c": 3, "n": 3, "o": 2, "r": 137}, "geometry": {"type": "Point", "coordinates": [135.41525, 34.74328]}}, {"type": "Feature", "properties": {"l": 5, "c": 3, "n": 3}, "geometry": {"type": "LineString", "coordinates": [[135.38339, 34.74448], [135.3828, 34.74428]]}}, {"type": "Feature", "properties": {"l": 0, "c": 3, "n": 3, "o": 2, "r": 2}, "geometry": {"type": "Point", "coordinates": [135.3828, 34.74428]}}, {"type": "Feature", "properties": {"l": 5, "c": 4, "n": 4}, "geometry": {"type": "LineString", "coordinates": [[135.40591, 34.7896], [135.40546, 34.78985]]}}, {"type": "Feature", "properties": {"l": 0, "c": 4, "n": 4, "o": 1, "r": 142}, "geometry": {"type": "Point", "coordinates": [135.40546, 34.78985]}}, {"type": "Feature", "properties": {"l": 5, "c": 4, "n": 4}, "geometry": {"type": "LineString", "coordinates": [[135.39944, 34.78441], [135.39932, 34.78452], [135.39916, 34.78404], [135.39987, 34.78453], [135.39986, 34.78398]]}}, {"type": "Feature", "properties": {"l": 0, "c": 4, "n": 4, "o": 1}, "geometry": {"type": "Point", "coordinates": [135.39986, 34.78398]}}, {"type": "Feature", "properties": {"l": 5, "c": 4, "n": 4, "k": 37}, "geometry": {"type": "LineString", "coordinates": [[135.40305, 34.77994], [135.40323, 34.7795]]}}, {"type": "Feature", "properties": {"l": 0, "c": 4, "n": 4, "k": 37, "o": 1}, "geometry": {"type": "Point", "coordinates": [135.40323, 34.7795]}}, {"type": "Feature", "properties": {"l": 5, "c": 4, "n": 4}, "geometry": {"type": "LineString", "coordinates": [[135.41134, 34.76601], [135.4116, 34.76598]]}}, {"type": "Feature", "properties": {"l": 0, "c": 4, "n": 4, "o": 1, "r": 143}, "geometry": {"type": "Point", "coordinates": [135.4116, 34.76598]}}, {"type": "Feature", "properties": {"l": 5, "c": 4, "n": 4}, "geometry": {"type": "LineString", "coordinates": [[135.41043, 34.7789], [135.41036, 34.7786]]}}, {"type": "Feature", "properties": {"l": 0, "c": 4, "n": 4, "o": 1, "r": 144}, "geometry": {"type": "Point", "coordinates": [135.41036, 34.7786]}}, {"type": "Feature", "properties": {"l": 5, "c": 4, "n": 4}, "geometry": {"type": "LineString", "coordinates": [[135.39011, 34.78963], [135.38975, 34.78936], [135.39096, 34.78999], [135.39013, 34.78994], [135.3905, 34.78922]]}}, {"type": "Feature", "properties": {"l": 0, "c": 4, "n": 4, "o": 2, "r": 127}, "geometry": {"type": "Point", "coordinates": [135.3905, 34.78922]}}, {"type": "Feature", "properties": {"l": 5, "c": 4, "n": 3, "k": 40}, "geometry": {"type": "LineString", "coordinates": [[135.38421, 34.78393], [135.38411, 34.78421], [135.38388, 34.78382]]}}, {"type": "Feature", "properties": {"l": 0, "c": 4, "n": 3, "k": 40, "o": 1}, "geometry": {"type": "Point", "coordinates": [135.38388, 34.78382]}}, {"type": "Feature", "properties": {"l": 5, "c": 4, "n": 3, "k": 15}, "geometry": {"type": "LineString", "coordinates": [[135.38433, 34.78376], [135.38434, 34.78301]]}}, {"type": "Feature", "properties": {"l": 0, "c": 4, "n": 3, "k": 15, "o": 2, "r": 139}, "geometry": {"type": "Point", "coordinates": [135.38434, 34.78301]}}, {"type": "Feature", "properties": {"l": 5, "c": 4, "n": 4}, "geometry": {"type": "LineString", "coordinates": [[135.39848, 34.77874], [135.39848, 34.7791], [135.39912, 34.77883]]}}, {"type": "Feature", "properties": {"l": 0, "c": 4, "n": 4, "o": 2, "r": 145}, "geometry": {"type": "Point", "coordinates": [135.39912, 34.77883]}}, {"type": "Feature", "properties": {"l": 5, "c": 4, "n": 4, "k": 24}, "geometry": {"type": "LineString", "coordinates": [[135.38472, 34.77412], [135.38484, 34.77473]]}}, {"type": "Feature", "properties": {"l": 0, "c": 4, "n": 4, "k": 24, "o": 2, "r": 139}, "geometry": {"type": "Point", "coordinates": [135.38484, 34.77473]}}, {"type": "Feature", "properties": {"l": 5, "c": 4, "n": 3, "k": 40}, "geometry": {"type": "LineString", "coordinates": [[135.42558, 34.79963], [135.4266, 34.79966], [135.42571, 34.79995]]}}, {"type": "Feature", "properties": {"l": 0, "c": 4, "n": 3, "k": 40, "o": 1, "r": 146}, "geometry": {"type": "Point", "coordinates": [135.42571, 34.79995]}}, {"type": "Feature", "properties": {"l": 5, "c": 4, "n": 4}, "geometry": {"type": "LineString", "coordinates": [[135.41739, 34.78282], [135.41749, 34.78329]]}}, {"type": "Feature", "properties": {"l": 0, "c": 4, "n": 4, "o": 2, "r": 137}, "geometry": {"type": "Point", "coordinates": [135.41749, 34.78329]}}, {"type": "Feature", "properties": {"l": 5, "c": 4, "n": 4}, "geometry": {"type": "LineString", "coordinates": [[135.41339, 34.7816], [135.41309, 34.78157], [135.41348, 34.7813]]}}, {"type": "Feature", "properties": {"l": 0, "c": 4, "n": 4, "o": 1}, "geometry": {"type": "Point", "coordinates": [135.41348, 34.7813]}}, {"type": "Feature", "properties": {"l": 5, "c": 4, "n": 4}, "geometry": {"type": "LineString", "coordinates": [[135.42465, 34.78309], [135.42503, 34.78285]]}}, {"type": "Feature", "properties": {"l": 0, "c": 4, "n": 4, "o": 2, "r": 147}, "geometry": {"type": "Point", "coordinates": [135.42503, 34.78285]}}, {"type": "Feature", "properties": {"l": 5, "c": 4, "n": 3}, "geometry": {"type": "LineString", "coordinates": [[135.41683, 34.78659], [135.41712, 34.78728], [135.41718, 34.78595]]}}, {"type": "Feature", "properties": {"l": 0, "c": 4, "n": 3, "o": 2, "r": 137}, "geometry": {"type": "Point", "coordinates": [135.41718, 34.78595]}}, {"type": "Feature", "properties": {"l": 5, "c": 4, "n": 4}, "geometry": {"type": "LineString", "coordinates": [[135.42036, 34.76605], [135.42, 34.76616]]}}, {"type": "Feature", "properties": {"l": 0, "c": 4, "n": 4, "o": 1, "r": 143}, "geometry": {"type": "Point", "coordinates": [135.42, 34.76616]}}, {"type": "Feature", "properties": {"l": 5, "c": 4, "n": 3}, "geometry": {"type": "LineString", "coordinates": [[135.38772, 34.79699], [135.38753, 34.79646]]}}, {"type": "Feature", "properties": {"l": 0, "c": 4, "n": 3, "o": 2, "r": 148}, "geometry": {"type": "Point", "coordinates": [135.38753, 34.79646]}}, {"type": "Feature", "properties": {"l": 5, "c": 4, "n": 3}, "geometry": {"type": "LineString", "coordinates": [[135.42243, 34.79908], [135.42158, 34.79909]]}}, {"type": "Feature", "properties": {"l": 0, "c": 4, "n": 3, "o": 2, "r": 111}, "geometry": {"type": "Point", "coordinates": [135.42158, 34.79909]}}, {"type": "Feature", "properties": {"l": 5, "c": 4, "n": 4}, "geometry": {"type": "LineString", "coordinates": [[135.4144, 34.79782], [135.41463, 34.79699]]}}, {"type": "Feature", "properties": {"l": 0, "c": 4, "n": 4, "o": 2, "r": 137}, "geometry": {"type": "Point", "coordinates": [135.41463, 34.79699]}}, {"type": "Feature", "properties": {"l": 5, "c": 4, "n": 3}, "geometry": {"type": "LineString", "coordinates": [[135.40992, 34.78112], [135.41033, 34.78126]]}}, {"type": "Feature", "properties": {"l": 0, "c": 4, "n": 3, "o": 2, "r": 145}, "geometry": {"type": "Point", "coordinates": [135.41033, 34.78126]}}, {"type": "Feature", "properties": {"l": 5, "c": 4, "n": 3}, "geometry": {"type": "LineString", "coordinates": [[135.43575, 34.77867], [135.43531, 34.77886]]}}, {"type": "Feature", "properties": {"l": 0, "c": 4, "n": 3}, "geometry": {"type": "Point", "coordinates": [135.43531, 34.77886]}}, {"type": "Feature", "properties": {"l": 5, "c": 4, "n": 3}, "geometry": {"type": "LineString", "coordinates": [[135.3826, 34.80776], [135.38262, 34.80737]]}}, {"type": "Feature", "properties": {"l": 0, "c": 4, "n": 3, "o": 2, "r": 148}, "geometry": {"type": "Point", "coordinates": [135.38262, 34.80737]}}, {"type": "Feature", "properties": {"l": 5, "c": 4, "n": 3}, "geometry": {"type": "LineString", "coordinates": [[135.38216, 34.80805], [135.38201, 34.80851]]}}, {"type": "Feature", "properties": {"l": 0, "c": 4, "n": 3, "o": 2, "r": 148}, "geometry": {"type": "Point", "coordinates": [135.38201, 34.80851]}}, {"type": "Feature", "properties": {"l": 5, "c": 4, "n": 3, "k": 33}, "geometry": {"type": "LineString", "coordinates": [[135.38407, 34.80472], [135.38374, 34.80467]]}}, {"type": "Feature", "properties": {"l": 0, "c": 4, "n": 3, "k": 33}, "geometry": {"type": "Point", "coordinates": [135.38374, 34.80467]}}, {"type": "Feature", "properties": {"l": 5, "c": 4, "n": 4, "k": 41}, "geometry": {"type": "LineString", "coordinates": [[135.38719, 34.79949], [135.38715, 34.79996]]}}, {"type": "Feature", "properties": {"l": 0, "c": 4, "n": 4, "k": 41, "o": 2, "r": 148}, "geometry": {"type": "Point", "coordinates": [135.38715, 34.79996]}}, {"type": "Feature", "properties": {"l": 5, "c": 4, "n": 3}, "geometry": {"type": "LineString", "coordinates": [[135.43501, 34.78242], [135.43562, 34.78252]]}}, {"type": "Feature", "properties": {"l": 0, "c": 4, "n": 3, "o": 1, "r": 147}, "geometry": {"type": "Point", "coordinates": [135.43562, 34.78252]}}, {"type": "Feature", "properties": {"l": 5, "c": 4, "n": 4}, "geometry": {"type": "LineString", "coordinates": [[135.41809, 34.7799], [135.41797, 34.78035]]}}, {"type": "Feature", "properties": {"l": 0, "c": 4, "n": 4, "o": 2, "r": 137}, "geometry": {"type": "Point", "coordinates": [135.41797, 34.78035]}}, {"type": "Feature", "properties": {"l": 5, "c": 4, "n": 4}, "geometry": {"type": "LineString", "coordinates": [[135.3969, 34.78205], [135.39658, 34.7827]]}}, {"type": "Feature", "properties": {"l": 0, "c": 4, "n": 4, "o": 2, "r": 127}, "geometry": {"type": "Point", "coordinates": [135.39658, 34.7827]}}, {"type": "Feature", "properties": {"l": 5, "c": 4, "n": 3}, "geometry": {"type": "LineString", "coordinates": [[135.39005, 34.80993], [135.3903, 34.80997]]}}, {"type": "Feature", "properties": {"l": 0, "c": 4, "n": 3, "o": 2, "r": 92}, "geometry": {"type": "Point", "coordinates": [135.3903, 34.80997]}}, {"type": "Feature", "properties": {"l": 5, "c": 4, "n": 3, "k": 13}, "geometry": {"type": "LineString", "coordinates": [[135.39475, 34.77751], [135.3946, 34.77778]]}}, {"type": "Feature", "properties": {"l": 0, "c": 4, "n": 3, "k": 13, "o": 2, "r": 145}, "geometry": {"type": "Point", "coordinates": [135.3946, 34.77778]}}, {"type": "Feature", "properties": {"l": 5, "c": 4, "n": 3}, "geometry": {"type": "LineString", "coordinates": [[135.40813, 34.79144], [135.40836, 34.79164], [135.40783, 34.79162]]}}, {"type": "Feature", "properties": {"l": 0, "c": 4, "n": 3, "o": 1, "r": 144}, "geometry": {"type": "Point", "coordinates": [135.40783, 34.79162]}}, {"type": "Feature", "properties": {"l": 5, "c": 4, "n": 3}, "geometry": {"type": "LineString", "coordinates": [[135.41054, 34.77514], [135.41029, 34.7749], [135.41071, 34.77565], [135.41073, 34.77488]]}}, {"type": "Feature", "properties": {"l": 0, "c": 4, "n": 3, "o": 1, "r": 144}, "geometry": {"type": "Point", "coordinates": [135.41073, 34.77488]}}, {"type": "Feature", "properties": {"l": 5, "c": 4, "n": 3}, "geometry": {"type": "LineString", "coordinates": [[135.41429, 34.77975], [135.41487, 34.77942]]}}, {"type": "Feature", "properties": {"l": 0, "c": 4, "n": 3, "o": 1, "r": 149}, "geometry": {"type": "Point", "coordinates": [135.41487, 34.77942]}}, {"type": "Feature", "properties": {"l": 5, "c": 6, "n": 4}, "geometry": {"type": "LineString", "coordinates": [[135.41386, 34.88531], [135.41379, 34.88495]]}}, {"type": "Feature", "properties": {"l": 0, "c": 6, "n": 4, "o": 2, "r": 150}, "geometry": {"type": "Point", "coordinates": [135.41379, 34.88495]}}, {"type": "Feature", "properties": {"l": 5, "c": 6, "n": 3, "k": 16}, "geometry": {"type": "LineString", "coordinates": [[135.4172, 34.87041], [135.41707, 34.87093]]}}, {"type": "Feature", "properties": {"l": 0, "c": 6, "n": 3, "k": 16, "o": 2, "r": 151}, "geometry": {"type": "Point", "coordinates": [135.41707, 34.87093]}}, {"type": "Feature", "properties": {"l": 5, "c": 6, "n": 4}, "geometry": {"type": "LineString", "coordinates": [[135.41152, 34.82533], [135.41134, 34.82571]]}}, {"type": "Feature", "properties": {"l": 0, "c": 6, "n": 4, "o": 1, "r": 92}, "geometry": {"type": "Point", "coordinates": [135.41134, 34.82571]}}, {"type": "Feature", "properties": {"l": 5, "c": 6, "n": 4}, "geometry": {"type": "LineString", "coordinates": [[135.41336, 34.82544], [135.41381, 34.82598]]}}, {"type": "Feature", "properties": {"l": 0, "c": 6, "n": 4, "o": 1, "r": 92}, "geometry": {"type": "Point", "coordinates": [135.41381, 34.82598]}}, {"type": "Feature", "properties": {"l": 5, "c": 6, "n": 3}, "geometry": {"type": "LineString", "coordinates": [[135.40741, 34.90486], [135.40711, 34.90444]]}}, {"type": "Feature", "properties": {"l": 0, "c": 6, "n": 3, "o": 1, "r": 151}, "geometry": {"type": "Point", "coordinates": [135.40711, 34.90444]}}, {"type": "Feature", "properties": {"l": 5, "c": 6, "n": 4}, "geometry": {"type": "LineString", "coordinates": [[135.40517, 34.85438], [135.40575, 34.85377]]}}, {"type": "Feature", "properties": {"l": 0, "c": 6, "n": 4, "o": 2, "r": 152}, "geometry": {"type": "Point", "coordinates": [135.40575, 34.85377]}}, {"type": "Feature", "properties": {"l": 5, "c": 6, "n": 3}, "geometry": {"type": "LineString", "coordinates": [[135.41548, 34.86264], [135.41526, 34.86232]]}}, {"type": "Feature", "properties": {"l": 0, "c": 6, "n": 3, "o": 2, "r": 151}, "geometry": {"type": "Point", "coordinates": [135.41526, 34.86232]}}, {"type": "Feature", "properties": {"l": 5, "c": 6, "n": 3}, "geometry": {"type": "LineString", "coordinates": [[135.41672, 34.85366], [135.41677, 34.85433]]}}, {"type": "Feature", "properties": {"l": 0, "c": 6, "n": 3, "o": 2, "r": 151}, "geometry": {"type": "Point", "coordinates": [135.41677, 34.85433]}}, {"type": "Feature", "properties": {"l": 5, "c": 6, "n": 4}, "geometry": {"type": "LineString", "coordinates": [[135.41419, 34.83031], [135.41388, 34.82971]]}}, {"type": "Feature", "properties": {"l": 0, "c": 6, "n": 4}, "geometry": {"type": "Point", "coordinates": [135.41388, 34.82971]}}, {"type": "Feature", "properties": {"l": 5, "c": 6, "n": 4}, "geometry": {"type": "LineString", "coordinates": [[135.42082, 34.82641], [135.4213, 34.82687]]}}, {"type": "Feature", "properties": {"l": 0, "c": 6, "n": 4, "o": 1, "r": 92}, "geometry": {"type": "Point", "coordinates": [135.4213, 34.82687]}}, {"type": "Feature", "properties": {"l": 5, "c": 6, "n": 3}, "geometry": {"type": "LineString", "coordinates": [[135.41888, 34.8266], [135.41846, 34.82667]]}}, {"type": "Feature", "properties": {"l": 0, "c": 6, "n": 3, "o": 1, "r": 92}, "geometry": {"type": "Point", "coordinates": [135.41846, 34.82667]}}, {"type": "Feature", "properties": {"l": 5, "c": 6, "n": 3, "k": 41}, "geometry": {"type": "LineString", "coordinates": [[135.41121, 34.81115], [135.41144, 34.81082]]}}, {"type": "Feature", "properties": {"l": 0, "c": 6, "n": 3, "k": 41, "o": 2, "r": 92}, "geometry": {"type": "Point", "coordinates": [135.41144, 34.81082]}}, {"type": "Feature", "properties": {"l": 5, "c": 6, "n": 3, "k": 24}, "geometry": {"type": "LineString", "coordinates": [[135.41106, 34.81117], [135.41092, 34.81136]]}}, {"type": "Feature", "properties": {"l": 0, "c": 6, "n": 3, "k": 24, "o": 2, "r": 92}, "geometry": {"type": "Point", "coordinates": [135.41092, 34.81136]}}, {"type": "Feature", "properties": {"l": 5, "c": 6, "n": 3, "k": 41}, "geometry": {"type": "LineString", "coordinates": [[135.40804, 34.89155], [135.40839, 34.89186]]}}, {"type": "Feature", "properties": {"l": 0, "c": 6, "n": 3, "k": 41, "o": 2, "r": 151}, "geometry": {"type": "Point", "coordinates": [135.40839, 34.89186]}}, {"type": "Feature", "properties": {"l": 5, "c": 6, "n": 3, "k": 44}, "geometry": {"type": "LineString", "coordinates": [[135.3821, 34.88161], [135.38136, 34.88187]]}}, {"type": "Feature", "properties": {"l": 0, "c": 6, "n": 3, "k": 44, "o": 2, "r": 152}, "geometry": {"type": "Point", "coordinates": [135.38136, 34.88187]}}, {"type": "Feature", "properties": {"l": 5, "c": 6, "n": 3}, "geometry": {"type": "LineString", "coordinates": [[135.41589, 34.82625], [135.41558, 34.82633]]}}, {"type": "Feature", "properties": {"l": 0, "c": 6, "n": 3, "o": 1, "r": 92}, "geometry": {"type": "Point", "coordinates": [135.41558, 34.82633]}}, {"type": "Feature", "properties": {"l": 5, "c": 6, "n": 4}, "geometry": {"type": "LineString", "coordinates": [[135.41981, 34.83463], [135.4201, 34.835]]}}, {"type": "Feature", "properties": {"l": 0, "c": 6, "n": 4}, "geometry": {"type": "Point", "coordinates": [135.4201, 34.835]}}, {"type": "Feature", "properties": {"l": 5, "c": 6, "n": 4}, "geometry": {"type": "LineString", "coordinates": [[135.41709, 34.83659], [135.41705, 34.83625]]}}, {"type": "Feature", "properties": {"l": 0, "c": 6, "n": 4, "o": 1, "r": 152}, "geometry": {"type": "Point", "coordinates": [135.41705, 34.83625]}}, {"type": "Feature", "properties": {"l": 5, "c": 6, "n": 3, "k": 39}, "geometry": {"type": "LineString", "coordinates": [[135.38777, 34.88524], [135.38718, 34.88523]]}}, {"type": "Feature", "properties": {"l": 0, "c": 6, "n": 3, "k": 39, "o": 2, "r": 150}, "geometry": {"type": "Point", "coordinates": [135.38718, 34.88523]}}, {"type": "Feature", "properties": {"l": 5, "c": 6, "n": 3}, "geometry": {"type": "LineString", "coordinates": [[135.40736, 34.8825], [135.40788, 34.88245]]}}, {"type": "Feature", "properties": {"l": 0, "c": 6, "n": 3, "o": 1}, "geometry": {"type": "Point", "coordinates": [135.40788, 34.88245]}}, {"type": "Feature", "properties": {"l": 5, "c": 6, "n": 3}, "geometry": {"type": "LineString", "coordinates": [[135.4205, 34.87765], [135.42073, 34.87815]]}}, {"type": "Feature", "properties": {"l": 0, "c": 6, "n": 3, "o": 2, "r": 151}, "geometry": {"type": "Point", "coordinates": [135.42073, 34.87815]}}, {"type": "Feature", "properties": {"l": 5, "c": 2, "n": 3, "k": 24}, "geometry": {"type": "LineString", "coordinates": [[135.35783, 34.78271], [135.35813, 34.78278]]}}, {"type": "Feature", "properties": {"l": 0, "c": 2, "n": 3, "k": 24, "o": 1, "r": 116}, "geometry": {"type": "Point", "coordinates": [135.35813, 34.78278]}}, {"type": "Feature", "properties": {"l": 5, "c": 2, "n": 3}, "geometry": {"type": "LineString", "coordinates": [[135.3801, 34.79474], [135.38049, 34.79507], [135.38025, 34.79517]]}}, {"type": "Feature", "properties": {"l": 0, "c": 2, "n": 3, "o": 1, "r": 127}, "geometry": {"type": "Point", "coordinates": [135.38025, 34.79517]}}, {"type": "Feature", "properties": {"l": 5, "c": 2, "n": 3}, "geometry": {"type": "LineString", "coordinates": [[135.34679, 34.8047], [135.34671, 34.80453], [135.34655, 34.80452], [135.34691, 34.80428]]}}, {"type": "Feature", "properties": {"l": 0, "c": 2, "n": 3, "o": 1, "r": 82}, "geometry": {"type": "Point", "coordinates": [135.34691, 34.80428]}}, {"type": "Feature", "properties": {"l": 5, "c": 2, "n": 4}, "geometry": {"type": "LineString", "coordinates": [[135.36256, 34.80335], [135.36242, 34.80303], [135.36217, 34.80293]]}}, {"type": "Feature", "properties": {"l": 0, "c": 2, "n": 4}, "geometry": {"type": "Point", "coordinates": [135.36217, 34.80293]}}, {"type": "Feature", "properties": {"l": 5, "c": 2, "n": 4}, "geometry": {"type": "LineString", "coordinates": [[135.3633, 34.80434], [135.36353, 34.80458], [135.36374, 34.80416], [135.36318, 34.80487]]}}, {"type": "Feature", "properties": {"l": 0, "c": 2, "n": 4, "o": 2, "r": 139}, "geometry": {"type": "Point", "coordinates": [135.36318, 34.80487]}}, {"type": "Feature", "properties": {"l": 5, "c": 2, "n": 4, "k": 43}, "geometry": {"type": "LineString", "coordinates": [[135.35941, 34.79948], [135.35916, 34.79919], [135.3586, 34.79937], [135.35889, 34.79899], [135.35931, 34.79883]]}}, {"type": "Feature", "properties": {"l": 0, "c": 2, "n": 4, "k": 43, "o": 1, "r": 110}, "geometry": {"type": "Point", "coordinates": [135.35931, 34.79883]}}, {"type": "Feature", "properties": {"l": 5, "c": 2, "n": 3}, "geometry": {"type": "LineString", "coordinates": [[135.35926, 34.80615], [135.36032, 34.80584], [135.36026, 34.80577]]}}, {"type": "Feature", "properties": {"l": 0, "c": 2, "n": 3, "o": 1, "r": 139}, "geometry": {"type": "Point", "coordinates": [135.36026, 34.80577]}}, {"type": "Feature", "properties": {"l": 5, "c": 2, "n": 3}, "geometry": {"type": "LineString", "coordinates": [[135.35125, 34.80814], [135.35125, 34.80786], [135.35108, 34.80797]]}}, {"type": "Feature", "properties": {"l": 0, "c": 2, "n": 3, "o": 2, "r": 92}, "geometry": {"type": "Point", "coordinates": [135.35108, 34.80797]}}, {"type": "Feature", "properties": {"l": 5, "c": 2, "n": 4}, "geometry": {"type": "LineString", "coordinates": [[135.34829, 34.80851], [135.34754, 34.80876]]}}, {"type": "Feature", "properties": {"l": 0, "c": 2, "n": 4, "o": 2, "r": 92}, "geometry": {"type": "Point", "coordinates": [135.34754, 34.80876]}}, {"type": "Feature", "properties": {"l": 5, "c": 2, "n": 4}, "geometry": {"type": "LineString", "coordinates": [[135.36899, 34.79996], [135.36899, 34.79996]]}}, {"type": "Feature", "properties": {"l": 0, "c": 2, "n": 4, "o": 2, "r": 139}, "geometry": {"type": "Point", "coordinates": [135.36899, 34.79996]}}, {"type": "Feature", "properties": {"l": 5, "c": 2, "n": 4}, "geometry": {"type": "LineString", "coordinates": [[135.37136, 34.81794], [135.37178, 34.81802], [135.37164, 34.81781], [135.37212, 34.81792]]}}, {"type": "Feature", "properties": {"l": 0, "c": 2, "n": 4, "o": 1, "r": 92}, "geometry": {"type": "Point", "coordinates": [135.37212, 34.81792]}}, {"type": "Feature", "properties": {"l": 5, "c": 2, "n": 4}, "geometry": {"type": "LineString", "coordinates": [[135.3774, 34.8187], [135.37745, 34.81823]]}}, {"type": "Feature", "properties": {"l": 0, "c": 2, "n": 4, "o": 1, "r": 148}, "geometry": {"type": "Point", "coordinates": [135.37745, 34.81823]}}, {"type": "Feature", "properties": {"l": 5, "c": 2, "n": 4}, "geometry": {"type": "LineString", "coordinates": [[135.37813, 34.79184], [135.37835, 34.79166], [135.37837, 34.79233], [135.37787, 34.7922], [135.37786, 34.79197]]}}, {"type": "Feature", "properties": {"l": 0, "c": 2, "n": 4, "o": 2, "r": 139}, "geometry": {"type": "Point", "coordinates": [135.37786, 34.79197]}}, {"type": "Feature", "properties": {"l": 5, "c": 2, "n": 3}, "geometry": {"type": "LineString", "coordinates": [[135.35863, 34.78603], [135.35927, 34.78613], [135.35838, 34.78589], [135.35831, 34.78555], [135.35849, 34.78644]]}}, {"type": "Feature", "properties": {"l": 0, "c": 2, "n": 3, "o": 1, "r": 116}, "geometry": {"type": "Point", "coordinates": [135.35849, 34.78644]}}, {"type": "Feature", "properties": {"l": 5, "c": 2, "n": 4}, "geometry": {"type": "LineString", "coordinates": [[135.35381, 34.79817], [135.35447, 34.79785]]}}, {"type": "Feature", "properties": {"l": 0, "c": 2, "n": 4}, "geometry": {"type": "Point", "coordinates": [135.35447, 34.79785]}}, {"type": "Feature", "properties": {"l": 5, "c": 2, "n": 4}, "geometry": {"type": "LineString", "coordinates": [[135.37384, 34.80374], [135.37351, 34.80429], [135.37341, 34.80414], [135.3738, 34.80418]]}}, {"type": "Feature", "properties": {"l": 0, "c": 2, "n": 4, "o": 2, "r": 92}, "geometry": {"type": "Point", "coordinates": [135.3738, 34.80418]}}, {"type": "Feature", "properties": {"l": 5, "c": 2, "n": 4}, "geometry": {"type": "LineString", "coordinates": [[135.36831, 34.78805], [135.36871, 34.78807], [135.36889, 34.78787], [135.36897, 34.78823], [135.36967, 34.78815]]}}, {"type": "Feature", "properties": {"l": 0, "c": 2, "n": 4, "o": 2, "r": 153}, "geometry": {"type": "Point", "coordinates": [135.36967, 34.78815]}}, {"type": "Feature", "properties": {"l": 5, "c": 2, "n": 4, "k": 44}, "geometry": {"type": "LineString", "coordinates": [[135.35563, 34.79382], [135.35568, 34.79365], [135.35553, 34.79355], [135.35567, 34.79347], [135.35612, 34.79356]]}}, {"type": "Feature", "properties": {"l": 0, "c": 2, "n": 4, "k": 44, "o": 1, "r": 116}, "geometry": {"type": "Point", "coordinates": [135.35612, 34.79356]}}, {"type": "Feature", "properties": {"l": 5, "c": 2, "n": 4}, "geometry": {"type": "LineString", "coordinates": [[135.38863, 34.82018], [135.3888, 34.82011], [135.38855, 34.82006], [135.38882, 34.81991]]}}, {"type": "Feature", "properties": {"l": 0, "c": 2, "n": 4, "o": 1, "r": 92}, "geometry": {"type": "Point", "coordinates": [135.38882, 34.81991]}}, {"type": "Feature", "properties": {"l": 5, "c": 2, "n": 4}, "geometry": {"type": "LineString", "coordinates": [[135.37052, 34.84011], [135.3706, 34.83971]]}}, {"type": "Feature", "properties": {"l": 0, "c": 2, "n": 4}, "geometry": {"type": "Point", "coordinates": [135.3706, 34.83971]}}, {"type": "Feature", "properties": {"l": 5, "c": 2, "n": 4}, "geometry": {"type": "LineString", "coordinates": [[135.37464, 34.81528], [135.37412, 34.8155]]}}, {"type": "Feature", "properties": {"l": 0, "c": 2, "n": 4}, "geometry": {"type": "Point", "coordinates": [135.37412, 34.8155]}}, {"type": "Feature", "properties": {"l": 5, "c": 2, "n": 3}, "geometry": {"type": "LineString", "coordinates": [[135.35782, 34.77573], [135.35809, 34.77539], [135.35791, 34.776]]}}, {"type": "Feature", "properties": {"l": 0, "c": 2, "n": 3, "o": 1, "r": 116}, "geometry": {"type": "Point", "coordinates": [135.35791, 34.776]}}, {"type": "Feature", "properties": {"l": 5, "c": 2, "n": 3}, "geometry": {"type": "LineString", "coordinates": [[135.36734, 34.81761], [135.36666, 34.81755]]}}, {"type": "Feature", "properties": {"l": 0, "c": 2, "n": 3, "o": 1, "r": 92}, "geometry": {"type": "Point", "coordinates": [135.36666, 34.81755]}}, {"type": "Feature", "properties": {"l": 5, "c": 2, "n": 3, "k": 9}, "geometry": {"type": "LineString", "coordinates": [[135.36817, 34.78797], [135.36768, 34.78795]]}}, {"type": "Feature", "properties": {"l": 0, "c": 2, "n": 3, "k": 9, "o": 2}, "geometry": {"type": "Point", "coordinates": [135.36768, 34.78795]}}, {"type": "Feature", "properties": {"l": 5, "c": 2, "n": 3}, "geometry": {"type": "LineString", "coordinates": [[135.34996, 34.80783], [135.35013, 34.80812]]}}, {"type": "Feature", "properties": {"l": 0, "c": 2, "n": 3, "o": 2, "r": 92}, "geometry": {"type": "Point", "coordinates": [135.35013, 34.80812]}}, {"type": "Feature", "properties": {"l": 5, "c": 0, "n": 4}, "geometry": {"type": "LineString", "coordinates": [[134.94028, 34.70808], [134.94041, 34.70883]]}}, {"type": "Feature", "properties": {"l": 0, "c": 0, "n": 4, "o": 2, "r": 154}, "geometry": {"type": "Point", "coordinates": [134.94041, 34.70883]}}, {"type": "Feature", "properties": {"l": 5, "c": 7, "n": 3, "k": 6}, "geometry": {"type": "LineString", "coordinates": [[135.43123, 34.80593], [135.43125, 34.80643]]}}, {"type": "Feature", "properties": {"l": 0, "c": 7, "n": 3, "k": 6, "o": 2, "r": 111}, "geometry": {"type": "Point", "coordinates": [135.43125, 34.80643]}}, {"type": "Feature", "properties": {"l": 5, "c": 7, "n": 3, "k": 6}, "geometry": {"type": "LineString", "coordinates": [[135.43133, 34.80605], [135.43133, 34.80582]]}}, {"type": "Feature", "properties": {"l": 0, "c": 7, "n": 3, "k": 6, "o": 2, "r": 111}, "geometry": {"type": "Point", "coordinates": [135.43133, 34.80582]}}, {"type": "Feature", "properties": {"l": 5, "c": 7, "n": 3}, "geometry": {"type": "LineString", "coordinates": [[135.43167, 34.8052], [135.43149, 34.80539]]}}, {"type": "Feature", "properties": {"l": 0, "c": 7, "n": 3, "o": 2, "r": 92}, "geometry": {"type": "Point", "coordinates": [135.43149, 34.80539]}}, {"type": "Feature", "properties": {"l": 5, "c": 7, "n": 3}, "geometry": {"type": "LineString", "coordinates": [[135.44098, 34.81241], [135.44107, 34.81258]]}}, {"type": "Feature", "properties": {"l": 0, "c": 7, "n": 3, "o": 2}, "geometry": {"type": "Point", "coordinates": [135.44107, 34.81258]}}, {"type": "Feature", "properties": {"l": 5, "c": 7, "n": 3}, "geometry": {"type": "LineString", "coordinates": [[135.44289, 34.79586], [135.44317, 34.7954]]}}, {"type": "Feature", "properties": {"l": 0, "c": 7, "n": 3, "o": 2, "r": 155}, "geometry": {"type": "Point", "coordinates": [135.44317, 34.7954]}}, {"type": "Feature", "properties": {"l": 5, "c": 7, "n": 4}, "geometry": {"type": "LineString", "coordinates": [[135.43677, 34.80191], [135.437, 34.80181]]}}, {"type": "Feature", "properties": {"l": 0, "c": 7, "n": 4, "o": 4, "r": 92}, "geometry": {"type": "Point", "coordinates": [135.437, 34.80181]}}, {"type": "Feature", "properties": {"l": 5, "c": 7, "n": 3}, "geometry": {"type": "LineString", "coordinates": [[135.44034, 34.81135], [135.44019, 34.8111]]}}, {"type": "Feature", "properties": {"l": 0, "c": 7, "n": 3, "o": 2}, "geometry": {"type": "Point", "coordinates": [135.44019, 34.8111]}}, {"type": "Feature", "properties": {"l": 5, "c": 7, "n": 3, "k": 20}, "geometry": {"type": "LineString", "coordinates": [[135.43165, 34.81803], [135.43165, 34.81776]]}}, {"type": "Feature", "properties": {"l": 0, "c": 7, "n": 3, "k": 20, "o": 2, "r": 146}, "geometry": {"type": "Point", "coordinates": [135.43165, 34.81776]}}, {"type": "Feature", "properties": {"l": 5, "c": 7, "n": 3}, "geometry": {"type": "LineString", "coordinates": [[135.43158, 34.81856], [135.43158, 34.81883]]}}, {"type": "Feature", "properties": {"l": 0, "c": 7, "n": 3, "o": 2, "r": 146}, "geometry": {"type": "Point", "coordinates": [135.43158, 34.81883]}}, {"type": "Feature", "properties": {"l": 5, "c": 7, "n": 4, "k": 27}, "geometry": {"type": "LineString", "coordinates": [[135.43211, 34.81097], [135.43178, 34.81096]]}}, {"type": "Feature", "properties": {"l": 0, "c": 7, "n": 4, "k": 27, "o": 2, "r": 111}, "geometry": {"type": "Point", "coordinates": [135.43178, 34.81096]}}, {"type": "Feature", "properties": {"l": 5, "c": 7, "n": 4, "k": 24}, "geometry": {"type": "LineString", "coordinates": [[135.43142, 34.81051], [135.43142, 34.81078]]}}, {"type": "Feature", "properties": {"l": 0, "c": 7, "n": 4, "k": 24, "o": 2, "r": 111}, "geometry": {"type": "Point", "coordinates": [135.43142, 34.81078]}}, {"type": "Feature", "properties": {"l": 5, "c": 7, "n": 6}, "geometry": {"type": "LineString", "coordinates": [[135.43949, 34.81096], [135.4404, 34.81087]]}}, {"type": "Feature", "properties": {"l": 0, "c": 7, "n": 6, "o": 2, "r": 111}, "geometry": {"type": "Point", "coordinates": [135.4404, 34.81087]}}, {"type": "Feature", "properties": {"l": 5, "c": 7, "n": 6}, "geometry": {"type": "LineString", "coordinates": [[135.43129, 34.80787], [135.43142, 34.80846]]}}, {"type": "Feature", "properties": {"l": 0, "c": 7, "n": 6, "o": 2, "r": 111}, "geometry": {"type": "Point", "coordinates": [135.43142, 34.80846]}}, {"type": "Feature", "properties": {"l": 5, "c": 7, "n": 3, "k": 17}, "geometry": {"type": "LineString", "coordinates": [[135.42622, 34.83715], [135.42626, 34.83726]]}}, {"type": "Feature", "properties": {"l": 0, "c": 7, "n": 3, "k": 17, "o": 1, "r": 151}, "geometry": {"type": "Point", "coordinates": [135.42626, 34.83726]}}, {"type": "Feature", "properties": {"l": 5, "c": 7, "n": 4}, "geometry": {"type": "LineString", "coordinates": [[135.43772, 34.8011], [135.43748, 34.80122]]}}, {"type": "Feature", "properties": {"l": 0, "c": 7, "n": 4, "o": 2, "r": 155}, "geometry": {"type": "Point", "coordinates": [135.43748, 34.80122]}}, {"type": "Feature", "properties": {"l": 5, "c": 7, "n": 3}, "geometry": {"type": "LineString", "coordinates": [[135.44041, 34.80443], [135.44038, 34.80473]]}}, {"type": "Feature", "properties": {"l": 0, "c": 7, "n": 3, "o": 1, "r": 155}, "geometry": {"type": "Point", "coordinates": [135.44038, 34.80473]}}, {"type": "Feature", "properties": {"l": 5, "c": 7, "n": 3, "k": 28}, "geometry": {"type": "LineString", "coordinates": [[135.43087, 34.81107], [135.4312, 34.81107]]}}, {"type": "Feature", "properties": {"l": 0, "c": 7, "n": 3, "k": 28, "o": 2, "r": 146}, "geometry": {"type": "Point", "coordinates": [135.4312, 34.81107]}}, {"type": "Feature", "properties": {"l": 5, "c": 7, "n": 3}, "geometry": {"type": "LineString", "coordinates": [[135.44, 34.81047], [135.44, 34.81075]]}}, {"type": "Feature", "properties": {"l": 0, "c": 7, "n": 3, "o": 2}, "geometry": {"type": "Point", "coordinates": [135.44, 34.81075]}}, {"type": "Feature", "properties": {"l": 5, "c": 7, "n": 6}, "geometry": {"type": "LineString", "coordinates": [[135.44012, 34.80781], [135.44019, 34.80811]]}}, {"type": "Feature", "properties": {"l": 0, "c": 7, "n": 6, "o": 2}, "geometry": {"type": "Point", "coordinates": [135.44019, 34.80811]}}, {"type": "Feature", "properties": {"l": 5, "c": 7, "n": 3, "k": 36}, "geometry": {"type": "LineString", "coordinates": [[135.43153, 34.817], [135.43153, 34.81726]]}}, {"type": "Feature", "properties": {"l": 0, "c": 7, "n": 3, "k": 36, "o": 2, "r": 146}, "geometry": {"type": "Point", "coordinates": [135.43153, 34.81726]}}, {"type": "Feature", "properties": {"l": 5, "c": 7, "n": 5, "k": 2}, "geometry": {"type": "LineString", "coordinates": [[135.43164, 34.81651], [135.43164, 34.81628]]}}, {"type": "Feature", "properties": {"l": 0, "c": 7, "n": 5, "k": 2, "o": 2, "r": 146}, "geometry": {"type": "Point", "coordinates": [135.43164, 34.81628]}}, {"type": "Feature", "properties": {"l": 5, "c": 7, "n": 6, "k": 30}, "geometry": {"type": "LineString", "coordinates": [[135.43156, 34.81429], [135.43157, 34.81453]]}}, {"type": "Feature", "properties": {"l": 0, "c": 7, "n": 6, "k": 30, "o": 2, "r": 146}, "geometry": {"type": "Point", "coordinates": [135.43157, 34.81453]}}, {"type": "Feature", "properties": {"l": 5, "c": 7, "n": 3, "k": 27}, "geometry": {"type": "LineString", "coordinates": [[135.43157, 34.81153], [135.43157, 34.81122]]}}, {"type": "Feature", "properties": {"l": 0, "c": 7, "n": 3, "k": 27, "o": 2, "r": 146}, "geometry": {"type": "Point", "coordinates": [135.43157, 34.81122]}}, {"type": "Feature", "properties": {"l": 5, "c": 7, "n": 4}, "geometry": {"type": "LineString", "coordinates": [[135.44009, 34.79384], [135.44033, 34.79403]]}}, {"type": "Feature", "properties": {"l": 0, "c": 7, "n": 4, "o": 2}, "geometry": {"type": "Point", "coordinates": [135.44033, 34.79403]}}, {"type": "Feature", "properties": {"l": 3, "c": 0, "t": 156, "a": 1}, "geometry": {"type": "LineString", "coordinates": [[135.2796, 34.73432], [135.2795, 34.73446], [135.27892, 34.73397], [135.27767, 34.73386], [135.27879, 34.73445], [135.27783, 34.73433], [135.2785, 34.73487], [135.27832, 34.7349]]}}, {"type": "Feature", "properties": {"l": 3, "c": 0, "t": 156, "a": 1}, "geometry": {"type": "LineString", "coordinates": [[135.17994, 34.68287], [135.17958, 34.68255]]}}, {"type": "Feature", "properties": {"l": 3, "c": 0, "t": 156, "a": 1}, "geometry": {"type": "LineString", "coordinates": [[135.19162, 34.69233], [135.19319, 34.69374], [135.19346, 34.69408], [135.19333, 34.6943]]}}, {"type": "Feature", "properties": {"l": 3, "c": 0, "t": 156, "h": "土曜　終日", "d": "土曜、日曜、休日", "a": 0}, "geometry": {"type": "LineString", "coordinates": [[135.15326, 34.69126], [135.15272, 34.69148], [135.15059, 34.69035], [135.14976, 34.69043], [135.14901, 34.69132], [135.14872, 34.69253], [135.14913, 34.69309], [135.14948, 34.69291]]}}, {"type": "Feature", "properties": {"l": 3, "c": 0, "t": 156, "a": 1}, "geometry": {"type": "LineString", "coordinates": [[135.09499, 34.68017], [135.095, 34.67991], [135.09479, 34.67986], [135.09461, 34.68003], [135.09493, 34.68017]]}}, {"type": "Feature", "properties": {"l": 3, "c": 0, "t": 156, "a": 1}, "geometry": {"type": "LineString", "coordinates": [[135.13386, 34.65257], [135.13417, 34.65223], [135.13395, 34.65203], [135.13369, 34.65228], [135.13377, 34.65253]]}}, {"type": "Feature", "properties": {"l": 3, "c": 0, "t": 156, "h": "21:00-6:00", "d": "除外対象：特定中型自動車、特定小型原動機付自転車", "a": 0}, "geometry": {"type": "LineString", "coordinates": [[135.23259, 34.66992], [135.23283, 34.66901], [135.22063, 34.66403]]}}, {"type": "Feature", "properties": {"l": 3, "c": 0, "t": 156, "h": "21:00-6:00", "d": "除外対象：特定中型自動車、特定小型原動機付自転車", "a": 0}, "geometry": {"type": "LineString", "coordinates": [[135.22222, 34.68068], [135.2208, 34.68191], [135.21391, 34.68088], [135.2144, 34.67829]]}}, {"type": "Feature", "properties": {"l": 3, "c": 0, "t": 156, "h": "21:00-6:00", "d": "除外対象：特定中型自動車、特定小型原動機付自転車", "a": 0}, "geometry": {"type": "LineString", "coordinates": [[135.21805, 34.6814], [135.21882, 34.67968]]}}, {"type": "Feature", "properties": {"l": 3, "c": 0, "t": 156, "h": "21:00-6:00", "d": "除外対象：特定中型自動車、特定小型原動機付自転車", "a": 0}, "geometry": {"type": "LineString", "coordinates": [[135.22227, 34.68051], [135.21252, 34.6775]]}}, {"type": "Feature", "properties": {"l": 3, "c": 0, "t": 156, "h": "21:00-6:00", "d": "除外対象:特定中型自動車、特定小型原動機付自転車", "a": 0}, "geometry": {"type": "LineString", "coordinates": [[135.22445, 34.67217], [135.22925, 34.67363], [135.22926, 34.67392], [135.22451, 34.67218]]}}, {"type": "Feature", "properties": {"l": 3, "c": 0, "t": 156, "h": "21:00-6:00", "d": "除外対象:特定中型自動車、特定小型原動機付自転車", "a": 0}, "geometry": {"type": "LineString", "coordinates": [[135.22195, 34.6728], [135.22246, 34.67168]]}}, {"type": "Feature", "properties": {"l": 3, "c": 0, "t": 156, "h": "21:00-6:00", "d": "除外対象:特定中型自動車、特定小型原動機付自転車", "a": 0}, "geometry": {"type": "LineString", "coordinates": [[135.22558, 34.6739], [135.22609, 34.67278]]}}, {"type": "Feature", "properties": {"l": 3, "c": 1, "t": 156, "a": 1}, "geometry": {"type": "LineString", "coordinates": [[135.35305, 34.74699], [135.35291, 34.7498]]}}, {"type": "Feature", "properties": {"l": 3, "c": 3, "t": 156, "a": 1}, "geometry": {"type": "LineString", "coordinates": [[135.41824, 34.71429], [135.4181, 34.71393]]}}, {"type": "Feature", "properties": {"l": 3, "c": 3, "t": 156, "a": 1}, "geometry": {"type": "LineString", "coordinates": [[135.41191, 34.75297], [135.41191, 34.75249]]}}, {"type": "Feature", "properties": {"l": 3, "c": 4, "t": 156, "a": 1}, "geometry": {"type": "LineString", "coordinates": [[135.42108, 34.78024], [135.42108, 34.78059], [135.42112, 34.78026]]}}, {"type": "Feature", "properties": {"l": 3, "c": 6, "t": 156, "h": "7:30-8:30", "d": "日曜日、休日を除く。", "a": 0}, "geometry": {"type": "LineString", "coordinates": [[135.4027, 34.82797], [135.40272, 34.82754]]}}, {"type": "Feature", "properties": {"l": 3, "c": 6, "t": 156, "a": 1}, "geometry": {"type": "LineString", "coordinates": [[135.41318, 34.82701], [135.41325, 34.82732], [135.41345, 34.82729], [135.41338, 34.82698]]}}, {"type": "Feature", "properties": {"l": 3, "c": 6, "t": 156, "h": "7:30-8:30", "d": "日曜日、休日を除く。", "a": 0}, "geometry": {"type": "LineString", "coordinates": [[135.40271, 34.82749], [135.40118, 34.82671]]}}, {"type": "Feature", "properties": {"l": 3, "c": 0, "t": 157, "a": 1}, "geometry": {"type": "LineString", "coordinates": [[135.20876, 34.75192], [135.20937, 34.75167], [135.20953, 34.75142], [135.20934, 34.74995], [135.20996, 34.74939], [135.21003, 34.74858], [135.21069, 34.74841], [135.21118, 34.74801], [135.21195, 34.7482], [135.2125, 34.74766], [135.21253, 34.74703], [135.21213, 34.74688], [135.2116, 34.7463], [135.21063, 34.74627], [135.21019, 34.7456], [135.2103, 34.74507], [135.21068, 34.74467], [135.21074, 34.74412], [135.21151, 34.74423], [135.2117, 34.74375], [135.21239, 34.74366], [135.21273, 34.74328], [135.21231, 34.74298], [135.20988, 34.74298], [135.20979, 34.74225], [135.20884, 34.74231], [135.20815, 34.74194], [135.20815, 34.74155], [135.20795, 34.74141], [135.20643, 34.74153], [135.20597, 34.74069], [135.20551, 34.74076], [135.20534, 34.74127], [135.2049, 34.74149], [135.20399, 34.74128], [135.20384, 34.74101], [135.20312, 34.74063], [135.20252, 34.73954], [135.20255, 34.73925], [135.20318, 34.73834], [135.20513, 34.73724]]}}, {"type": "Feature", "properties": {"l": 3, "c": 0, "t": 157, "h": "土曜　終日", "d": "土曜日、日曜日、休日に限る。", "a": 0}, "geometry": {"type": "LineString", "coordinates": [[135.22882, 34.74149], [135.22922, 34.74235], [135.22856, 34.74178], [135.22751, 34.7427], [135.22717, 34.74259], [135.2268, 34.74272], [135.22601, 34.74247], [135.22507, 34.74292], [135.22456, 34.74262], [135.2243, 34.74202], [135.22395, 34.7419], [135.22418, 34.74268], [135.22491, 34.74363], [135.22519, 34.74364], [135.22547, 34.74326], [135.22588, 34.74315], [135.22638, 34.74368]]}}, {"type": "Feature", "properties": {"l": 3, "c": 0, "t": 157, "h": "土曜　終日", "d": "土曜日、日曜日、休日に限る。", "a": 0}, "geometry": {"type": "LineString", "coordinates": [[135.23067, 34.75717], [135.22979, 34.75773], [135.22996, 34.75866], [135.23044, 34.75966], [135.23143, 34.75992], [135.23149, 34.76015], [135.23075, 34.76002], [135.22948, 34.76095], [135.22914, 34.76028], [135.22828, 34.7604], [135.22809, 34.76085], [135.22714, 34.76045], [135.22683, 34.76088], [135.22697, 34.76133], [135.22647, 34.76142], [135.22637, 34.7616], [135.22681, 34.76196], [135.22645, 34.7624], [135.22646, 34.76288], [135.2252, 34.76283], [135.22513, 34.76324], [135.23053, 34.75724]]}}, {"type": "Feature", "properties": {"l": 3, "c": 0, "t": 157, "a": 1}, "geometry": {"type": "LineString", "coordinates": [[135.18162, 34.71404], [135.18183, 34.71366], [135.18262, 34.71336], [135.18279, 34.71303], [135.18227, 34.71267], [135.18185, 34.7129], [135.18137, 34.71285], [135.18117, 34.71201], [135.18184, 34.71128], [135.18227, 34.71117], [135.18221, 34.71041], [135.1834, 34.7103], [135.1836, 34.70963], [135.18315, 34.70922]]}}, {"type": "Feature", "properties": {"l": 3, "c": 0, "t": 157, "a": 1}, "geometry": {"type": "LineString", "coordinates": [[135.19488, 34.70523], [135.19595, 34.7052], [135.19636, 34.70494], [135.19816, 34.70249]]}}, {"type": "Feature", "properties": {"l": 3, "c": 0, "t": 157, "a": 1}, "geometry": {"type": "LineString", "coordinates": [[135.19456, 34.70958], [135.19509, 34.70929], [135.19706, 34.70683], [135.19692, 34.70642]]}}, {"type": "Feature", "properties": {"l": 3, "c": 0, "t": 157, "a": 1}, "geometry": {"type": "LineString", "coordinates": [[135.19316, 34.70839], [135.19202, 34.70907], [135.19044, 34.70928]]}}, {"type": "Feature", "properties": {"l": 3, "c": 0, "t": 157, "a": 1}, "geometry": {"type": "LineString", "coordinates": [[135.20113, 34.69746], [135.19668, 34.70465], [135.19621, 34.70522], [135.19528, 34.70567], [135.19299, 34.70897], [135.18969, 34.71314], [135.18377, 34.71974], [135.18183, 34.72161]]}}, {"type": "Feature", "properties": {"l": 3, "c": 0, "t": 157, "a": 1}, "geometry": {"type": "LineString", "coordinates": [[135.18285, 34.72238], [135.19648, 34.70732], [135.19695, 34.70516], [135.20237, 34.6968]]}}, {"type": "Feature", "properties": {"l": 3, "c": 0, "t": 157, "a": 1}, "geometry": {"type": "LineString", "coordinates": [[135.19868, 34.70134], [135.19804, 34.70266]]}}, {"type": "Feature", "properties": {"l": 3, "c": 0, "t": 157, "a": 1}, "geometry": {"type": "LineString", "coordinates": [[135.19724, 34.70467], [135.19833, 34.70332], [135.19849, 34.70259]]}}, {"type": "Feature", "properties": {"l": 3, "c": 0, "t": 157, "a": 1}, "geometry": {"type": "LineString", "coordinates": [[135.18315, 34.70922], [135.18315, 34.70829], [135.18236, 34.70794], [135.18269, 34.70756], [135.18249, 34.70672], [135.18281, 34.70646], [135.18244, 34.70548], [135.18139, 34.7053], [135.18025, 34.70456], [135.17985, 34.70391], [135.18013, 34.70348], [135.18006, 34.70294], [135.17958, 34.7035], [135.17883, 34.70374], [135.17927, 34.70454], [135.17905, 34.70422], [135.17804, 34.70365], [135.17889, 34.70319], [135.17913, 34.70281], [135.17908, 34.70264], [135.17829, 34.70229], [135.17908, 34.70116], [135.17864, 34.70038], [135.17941, 34.69962], [135.17994, 34.69857], [135.17971, 34.69743], [135.18069, 34.69719], [135.18137, 34.69749], [135.18142, 34.69777], [135.18101, 34.69781], [135.18055, 34.69819], [135.18072, 34.69831], [135.18129, 34.6981], [135.18096, 34.69849], [135.18206, 34.69826], [135.18309, 34.69778], [135.18438, 34.69846], [135.18405, 34.69752], [135.18441, 34.69714]]}}, {"type": "Feature", "properties": {"l": 3, "c": 0, "t": 157, "a": 1}, "geometry": {"type": "LineString", "coordinates": [[135.17966, 34.71928], [135.1802, 34.71862], [135.18012, 34.71824], [135.17962, 34.71821], [135.17956, 34.71767], [135.18036, 34.71706], [135.18005, 34.71637], [135.18037, 34.71562], [135.18005, 34.71516], [135.18037, 34.71458], [135.18022, 34.71385], [135.18134, 34.71411], [135.18162, 34.71403]]}}, {"type": "Feature", "properties": {"l": 3, "c": 0, "t": 157, "a": 1}, "geometry": {"type": "LineString", "coordinates": [[135.1903, 34.70935], [135.18958, 34.70921], [135.17405, 34.70317]]}}, {"type": "Feature", "properties": {"l": 3, "c": 0, "t": 157, "a": 1}, "geometry": {"type": "LineString", "coordinates": [[135.19497, 34.70517], [135.19185, 34.70605], [135.19006, 34.70612], [135.17294, 34.70309], [135.17022, 34.70196], [135.16749, 34.69995], [135.16634, 34.69941], [135.16531, 34.69915], [135.15959, 34.69843], [135.15485, 34.69666], [135.15359, 34.69639], [135.15106, 34.69615], [135.14979, 34.69622], [135.14734, 34.69716], [135.14375, 34.69711], [135.14102, 34.69769], [135.13985, 34.69773], [135.13824, 34.69736], [135.13618, 34.69642], [135.13485, 34.69513], [135.13435, 34.69414], [135.133, 34.69339], [135.13088, 34.69387]]}}, {"type": "Feature", "properties": {"l": 3, "c": 0, "t": 157, "a": 1}, "geometry": {"type": "LineString", "coordinates": [[135.19485, 34.70517], [135.19544, 34.7048], [135.19546, 34.70405]]}}, {"type": "Feature", "properties": {"l": 3, "c": 0, "t": 157, "a": 1}, "geometry": {"type": "LineString", "coordinates": [[135.16532, 34.69938], [135.16455, 34.69851], [135.164, 34.69847], [135.16328, 34.69885], [135.16346, 34.69903], [135.16446, 34.69912]]}}, {"type": "Feature", "properties": {"l": 3, "c": 0, "t": 157, "a": 1}, "geometry": {"type": "LineString", "coordinates": [[135.16429, 34.69892], [135.16389, 34.69867], [135.16425, 34.69856], [135.16514, 34.69946]]}}, {"type": "Feature", "properties": {"l": 3, "c": 0, "t": 157, "a": 1}, "geometry": {"type": "LineString", "coordinates": [[135.17408, 34.70317], [135.17256, 34.70245], [135.16869, 34.69975], [135.16721, 34.69933], [135.16591, 34.69921]]}}, {"type": "Feature", "properties": {"l": 3, "c": 0, "t": 157, "a": 1}, "geometry": {"type": "LineString", "coordinates": [[135.21192, 34.67953], [135.21228, 34.67779]]}}, {"type": "Feature", "properties": {"l": 3, "c": 0, "t": 157, "a": 1}, "geometry": {"type": "LineString", "coordinates": [[135.21217, 34.67776], [135.21161, 34.67949]]}}, {"type": "Feature", "properties": {"l": 3, "c": 0, "t": 157, "a": 1}, "geometry": {"type": "LineString", "coordinates": [[135.20698, 34.68967], [135.21017, 34.68764], [135.21107, 34.68662], [135.21136, 34.68545], [135.21171, 34.6803], [135.21233, 34.67769], [135.21279, 34.67691], [135.21225, 34.67764], [135.21169, 34.67956], [135.21102, 34.6863], [135.21015, 34.68729], [135.2068, 34.68959]]}}, {"type": "Feature", "properties": {"l": 3, "c": 0, "t": 157, "h": "土曜　終日", "d": "土曜、日曜及び休日", "a": 0}, "geometry": {"type": "LineString", "coordinates": [[135.25284, 34.80068], [135.25354, 34.8009], [135.25419, 34.80088], [135.25476, 34.80065], [135.2551, 34.79855], [135.25613, 34.79818], [135.25678, 34.79713], [135.25777, 34.79673], [135.25825, 34.79623], [135.25851, 34.79613], [135.25973, 34.79665], [135.26047, 34.79594], [135.26072, 34.7959], [135.26099, 34.79599], [135.26142, 34.79677], [135.26309, 34.79653], [135.26339, 34.79585], [135.2633, 34.79552], [135.26159, 34.79553], [135.26128, 34.79547], [135.26114, 34.79524], [135.26151, 34.79329], [135.26136, 34.79301], [135.26084, 34.79307], [135.26026, 34.79378], [135.25917, 34.79378], [135.25866, 34.79352], [135.25865, 34.79289], [135.25945, 34.79137], [135.2595, 34.79081], [135.25996, 34.79002], [135.26102, 34.78984], [135.26383, 34.79141], [135.26431, 34.79137], [135.26484, 34.79092], [135.2649, 34.79048], [135.26358, 34.78974], [135.26343, 34.78951], [135.26353, 34.78876], [135.2629, 34.78801], [135.26328, 34.78773], [135.26696, 34.78655], [135.26884, 34.78545]]}}, {"type": "Feature", "properties": {"l": 3, "c": 0, "t": 157, "h": "土曜　終日", "d": "土曜日、日曜日、休日に限る。", "a": 0}, "geometry": {"type": "LineString", "coordinates": [[135.21341, 34.76959], [135.21329, 34.76916], [135.21356, 34.76911], [135.21357, 34.76839], [135.21592, 34.76783], [135.21613, 34.7679], [135.2162, 34.76839], [135.21652, 34.76837], [135.2168, 34.76891], [135.21774, 34.76937], [135.21836, 34.7694], [135.21924, 34.76976], [135.22014, 34.76961], [135.22056, 34.76997], [135.22137, 34.76997], [135.22191, 34.7695], [135.22135, 34.76826], [135.22147, 34.76801], [135.22246, 34.7681], [135.22289, 34.76775], [135.22248, 34.76689], [135.22251, 34.76652], [135.22301, 34.76651], [135.22325, 34.76616], [135.22279, 34.76515], [135.22294, 34.7644], [135.22333, 34.76413], [135.22325, 34.76346], [135.22355, 34.76288], [135.224, 34.76306], [135.22425, 34.76363], [135.22461, 34.76385], [135.22506, 34.76369], [135.22502, 34.76327]]}}, {"type": "Feature", "properties": {"l": 3, "c": 0, "t": 157, "d": "規制区間の本線車道に取付く流入、流出路を含む。", "a": 1}, "geometry": {"type": "LineString", "coordinates": [[135.18567, 34.88584], [135.18696, 34.88405], [135.19018, 34.88146], [135.1907, 34.8805], [135.19092, 34.87954], [135.19036, 34.8779], [135.18863, 34.87554], [135.18714, 34.87302], [135.18521, 34.86967], [135.18436, 34.86763], [135.18411, 34.8661], [135.1842, 34.86431], [135.18518, 34.86062], [135.18593, 34.85899], [135.18745, 34.85652], [135.18894, 34.85533], [135.19105, 34.85419], [135.19248, 34.85259], [135.1931, 34.8511], [135.19437, 34.84573], [135.19471, 34.84524], [135.19589, 34.84424], [135.19837, 34.84319], [135.20273, 34.84015], [135.20633, 34.83838], [135.20713, 34.83762], [135.20783, 34.8362], [135.20802, 34.83451], [135.20762, 34.83114], [135.20515, 34.82481], [135.20345, 34.82337], [135.20286, 34.82262], [135.20235, 34.82129], [135.20091, 34.81955], [135.20032, 34.81694], [135.19952, 34.81602], [135.19831, 34.81523], [135.1974, 34.81433], [135.1968, 34.81334], [135.19652, 34.81189], [135.19664, 34.81086], [135.19728, 34.80957], [135.19794, 34.80879], [135.20027, 34.80695], [135.20108, 34.80601], [135.20152, 34.80406], [135.20363, 34.80057], [135.20453, 34.79719], [135.20881, 34.78739], [135.20909, 34.78688], [135.21037, 34.78577]]}}, {"type": "Feature", "properties": {"l": 3, "c": 0, "t": 157, "a": 1}, "geometry": {"type": "LineString", "coordinates": [[135.18808, 34.88223], [135.18879, 34.88159], [135.18919, 34.88181], [135.1891, 34.88209], [135.18829, 34.88276], [135.18927, 34.88147], [135.1887, 34.88143], [135.19027, 34.88106], [135.18974, 34.88136], [135.1887, 34.88136], [135.18808, 34.88223]]}}, {"type": "Feature", "properties": {"l": 3, "c": 0, "t": 157, "a": 1}, "geometry": {"type": "LineString", "coordinates": [[135.17224, 34.73879], [135.17243, 34.73854], [135.1722, 34.73789], [135.17271, 34.73731], [135.17278, 34.7366], [135.17252, 34.7361], [135.17241, 34.73506], [135.17195, 34.73431], [135.17238, 34.73388], [135.17296, 34.73383], [135.17344, 34.73301], [135.17382, 34.73291], [135.17388, 34.73256], [135.1744, 34.73236], [135.17453, 34.73194], [135.17411, 34.73146], [135.17435, 34.73111], [135.17406, 34.7307], [135.17525, 34.73049], [135.17536, 34.72998], [135.17597, 34.72998], [135.17636, 34.72894], [135.17704, 34.72883], [135.17716, 34.72862], [135.17692, 34.728], [135.17603, 34.72781], [135.17653, 34.72632], [135.1772, 34.72593], [135.17633, 34.72565], [135.17677, 34.7253], [135.17688, 34.72473], [135.1761, 34.72301], [135.17652, 34.72255], [135.17674, 34.72161], [135.17746, 34.72093], [135.17873, 34.72069], [135.17952, 34.71966], [135.17953, 34.7195], [135.17769, 34.7206], [135.17624, 34.72013], [135.17543, 34.71947], [135.17478, 34.71932], [135.17383, 34.71951], [135.17409, 34.71987], [135.17494, 34.7194], [135.17646, 34.72435], [135.17587, 34.72401], [135.17498, 34.72394], [135.17492, 34.72334], [135.17422, 34.72314], [135.17393, 34.72265], [135.1733, 34.7224], [135.17306, 34.72209], [135.17325, 34.72091], [135.17428, 34.7198]]}}, {"type": "Feature", "properties": {"l": 3, "c": 0, "t": 157, "a": 1}, "geometry": {"type": "LineString", "coordinates": [[135.12892, 34.6946], [135.13008, 34.69445], [135.13172, 34.69372]]}}, {"type": "Feature", "properties": {"l": 3, "c": 0, "t": 157, "a": 1}, "geometry": {"type": "LineString", "coordinates": [[135.18185, 34.72162], [135.17838, 34.72385], [135.17508, 34.72731], [135.17278, 34.73024], [135.16685, 34.73994], [135.16071, 34.75226], [135.16068, 34.75549], [135.16032, 34.75743], [135.15867, 34.76092], [135.15819, 34.76136], [135.1565, 34.76136], [135.15597, 34.76113]]}}, {"type": "Feature", "properties": {"l": 3, "c": 0, "t": 157, "a": 1}, "geometry": {"type": "LineString", "coordinates": [[135.15589, 34.76122], [135.15757, 34.76168], [135.15812, 34.76164], [135.15871, 34.76132], [135.17953, 34.72744], [135.18307, 34.72218]]}}, {"type": "Feature", "properties": {"l": 3, "c": 5, "t": 157, "h": "土曜　終日", "d": "土曜日、日曜日、休日に限る。", "a": 0}, "geometry": {"type": "LineString", "coordinates": [[135.28613, 34.77406], [135.28889, 34.77334], [135.28984, 34.77412], [135.2908, 34.77415], [135.29113, 34.77378], [135.29084, 34.77325], [135.29093, 34.77271], [135.29125, 34.77221], [135.29227, 34.77171], [135.29212, 34.7714], [135.2907, 34.7716]]}}, {"type": "Feature", "properties": {"l": 3, "c": 5, "t": 157, "h": "土曜　終日", "d": "土曜日、日曜日、休日に限る。", "a": 0}, "geometry": {"type": "LineString", "coordinates": [[135.28659, 34.77488], [135.28623, 34.77517], [135.28381, 34.77282], [135.28316, 34.77269], [135.28328, 34.77213], [135.28092, 34.77092], [135.28097, 34.77046], [135.28208, 34.76886], [135.28308, 34.76822]]}}, {"type": "Feature", "properties": {"l": 3, "c": 5, "t": 157, "h": "土曜　終日", "d": "土曜日、日曜日、休日に限る。", "a": 0}, "geometry": {"type": "LineString", "coordinates": [[135.29061, 34.77148], [135.29078, 34.77071], [135.28962, 34.76762], [135.2881, 34.76697], [135.28733, 34.76633], [135.28729, 34.76536], [135.28652, 34.76442], [135.28566, 34.76435], [135.28527, 34.76454], [135.28508, 34.76481], [135.28522, 34.76601], [135.28499, 34.7662], [135.28467, 34.76624], [135.28447, 34.76602], [135.28474, 34.76525]]}}, {"type": "Feature", "properties": {"l": 3, "c": 5, "t": 157, "h": "土曜　終日", "d": "土曜、日曜及び休日", "a": 0}, "geometry": {"type": "LineString", "coordinates": [[135.28886, 34.76015], [135.28835, 34.76094], [135.28733, 34.76092], [135.287, 34.76114], [135.28615, 34.76295], [135.28516, 34.76315], [135.2847, 34.76343], [135.28441, 34.76425], [135.28492, 34.76544], [135.28493, 34.76721], [135.28474, 34.7675], [135.28446, 34.76756], [135.28381, 34.76724], [135.28334, 34.76721], [135.28315, 34.7684], [135.28199, 34.7703], [135.28199, 34.77061], [135.28222, 34.77098], [135.28351, 34.77163], [135.28537, 34.77363], [135.28861, 34.77647], [135.28889, 34.77691]]}}, {"type": "Feature", "properties": {"l": 3, "c": 1, "t": 157, "a": 1}, "geometry": {"type": "LineString", "coordinates": [[135.34138, 34.77849], [135.34078, 34.77873], [135.33948, 34.77855], [135.33669, 34.78013], [135.33607, 34.78009], [135.33552, 34.78042], [135.33521, 34.78036], [135.33474, 34.7795], [135.33563, 34.77902], [135.33559, 34.77889], [135.33497, 34.77861], [135.33379, 34.77863], [135.33368, 34.77842], [135.33402, 34.77815], [135.33427, 34.77722], [135.33451, 34.777], [135.33576, 34.77638], [135.33657, 34.77646], [135.33686, 34.77609], [135.33587, 34.77576], [135.33526, 34.77602], [135.33364, 34.77623], [135.33338, 34.77568], [135.33276, 34.77541], [135.33251, 34.77502], [135.33261, 34.77458], [135.33213, 34.77431], [135.33161, 34.77357], [135.33086, 34.7731], [135.33041, 34.77232]]}}, {"type": "Feature", "properties": {"l": 3, "c": 1, "t": 157, "h": "土曜　終日", "d": "土曜、日曜、休日に限る。", "a": 0}, "geometry": {"type": "LineString", "coordinates": [[135.29792, 34.78725], [135.29845, 34.78738], [135.29912, 34.78702], [135.29984, 34.78703], [135.2999, 34.78749], [135.30052, 34.78792], [135.30094, 34.78869], [135.30157, 34.78906], [135.30165, 34.78971], [135.30253, 34.79051], [135.3027, 34.79105], [135.30257, 34.79151], [135.30179, 34.79142], [135.30173, 34.79167], [135.30293, 34.79206], [135.30306, 34.79257], [135.30347, 34.79284], [135.30424, 34.79284], [135.30583, 34.79466], [135.30529, 34.79458], [135.30533, 34.79498], [135.30491, 34.79476], [135.30428, 34.796], [135.30388, 34.79599], [135.30329, 34.79559], [135.30228, 34.79629], [135.30133, 34.7963], [135.30029, 34.79662], [135.29964, 34.79719], [135.2997, 34.79795], [135.29899, 34.79856], [135.29868, 34.79857], [135.29717, 34.79786], [135.2962, 34.79804], [135.29568, 34.79673], [135.29538, 34.79648], [135.29486, 34.79644], [135.29454, 34.79707], [135.29416, 34.79722], [135.29302, 34.79684], [135.29157, 34.79669], [135.29134, 34.79696], [135.29167, 34.79745], [135.2901, 34.79829], [135.29024, 34.79845], [135.29137, 34.79824], [135.29137, 34.7984], [135.29043, 34.80028], [135.28974, 34.80103], [135.28941, 34.80115], [135.28869, 34.80031], [135.28725, 34.80062], [135.28652, 34.80167], [135.28497, 34.80208], [135.28415, 34.80259], [135.28263, 34.80314], [135.28206, 34.80362]]}}, {"type": "Feature", "properties": {"l": 3, "c": 1, "t": 157, "h": "土曜　終日", "d": "土曜、日曜及び休日", "a": 0}, "geometry": {"type": "LineString", "coordinates": [[135.26884, 34.78544], [135.27657, 34.78062], [135.27837, 34.78075], [135.27982, 34.78051], [135.28083, 34.78085], [135.28229, 34.78093], [135.28275, 34.78129], [135.28405, 34.78116], [135.28529, 34.78209], [135.28663, 34.78273], [135.28748, 34.78223], [135.28856, 34.78205], [135.28898, 34.78178], [135.28894, 34.78096], [135.28826, 34.78065], [135.28762, 34.78075], [135.28734, 34.78118], [135.28768, 34.78211], [135.28901, 34.78292], [135.2899, 34.78291], [135.2909, 34.78318], [135.29101, 34.78271], [135.29004, 34.78172], [135.29031, 34.78054], [135.28779, 34.77797], [135.28783, 34.77753], [135.28859, 34.77731], [135.2889, 34.77692]]}}, {"type": "Feature", "properties": {"l": 3, "c": 3, "t": 157, "a": 1}, "geometry": {"type": "LineString", "coordinates": [[135.40983, 34.70523], [135.41166, 34.70433], [135.4133, 34.70247]]}}, {"type": "Feature", "properties": {"l": 3, "c": 3, "t": 157, "a": 1}, "geometry": {"type": "LineString", "coordinates": [[135.40835, 34.70352], [135.4108, 34.70248], [135.41133, 34.70258], [135.41244, 34.70326]]}}, {"type": "Feature", "properties": {"l": 3, "c": 0, "t": 158, "h": "6:00-23:00", "a": 0}, "geometry": {"type": "LineString", "coordinates": [[135.23899, 34.71559], [135.23847, 34.71536], [135.23869, 34.71561], [135.23896, 34.71562]]}}, {"type": "Feature", "properties": {"l": 3, "c": 0, "t": 158, "a": 1}, "geometry": {"type": "LineString", "coordinates": [[135.20523, 34.73717], [135.20503, 34.73684], [135.20551, 34.73636], [135.20549, 34.73554], [135.20634, 34.73514], [135.20631, 34.73485], [135.20556, 34.73462], [135.2057, 34.73422]]}}, {"type": "Feature", "properties": {"l": 3, "c": 0, "t": 158, "a": 1}, "geometry": {"type": "LineString", "coordinates": [[135.19596, 34.69489], [135.19546, 34.69483], [135.1958, 34.69516]]}}, {"type": "Feature", "properties": {"l": 3, "c": 0, "t": 158, "a": 1}, "geometry": {"type": "LineString", "coordinates": [[135.17698, 34.67917], [135.17756, 34.6793], [135.1774, 34.67979], [135.17682, 34.67965], [135.17697, 34.67918]]}}, {"type": "Feature", "properties": {"l": 3, "c": 0, "t": 158, "d": "終日", "a": 1}, "geometry": {"type": "LineString", "coordinates": [[135.09387, 34.67998], [135.09384, 34.67913], [135.09364, 34.67898], [135.09247, 34.67898]]}}, {"type": "Feature", "properties": {"l": 3, "c": 0, "t": 158, "a": 1}, "geometry": {"type": "LineString", "coordinates": [[135.11065, 34.67559], [135.1104, 34.67526], [135.11007, 34.67535], [135.11039, 34.67575]]}}, {"type": "Feature", "properties": {"l": 3, "c": 0, "t": 158, "a": 1}, "geometry": {"type": "LineString", "coordinates": [[135.09461, 34.68012], [135.09396, 34.68001]]}}, {"type": "Feature", "properties": {"l": 3, "c": 0, "t": 158, "a": 1}, "geometry": {"type": "LineString", "coordinates": [[135.11058, 34.6894], [135.11053, 34.68919]]}}, {"type": "Feature", "properties": {"l": 3, "c": 0, "t": 158, "a": 1}, "geometry": {"type": "LineString", "coordinates": [[135.0331, 34.63361], [135.03377, 34.63325], [135.03405, 34.63289], [135.03304, 34.63359]]}}, {"type": "Feature", "properties": {"l": 3, "c": 0, "t": 158, "a": 1}, "geometry": {"type": "LineString", "coordinates": [[135.05648, 34.63042], [135.05627, 34.6304], [135.05623, 34.63004], [135.05644, 34.63]]}}, {"type": "Feature", "properties": {"l": 3, "c": 0, "t": 158, "a": 1}, "geometry": {"type": "LineString", "coordinates": [[135.05838, 34.68101], [135.0581, 34.68114], [135.05807, 34.68204], [135.05809, 34.68238], [135.05843, 34.68243]]}}, {"type": "Feature", "properties": {"l": 3, "c": 0, "t": 158, "a": 1}, "geometry": {"type": "LineString", "coordinates": [[135.01682, 34.71786], [135.01696, 34.71803], [135.01672, 34.71874], [135.01708, 34.71876], [135.01725, 34.71793], [135.01686, 34.7178]]}}, {"type": "Feature", "properties": {"l": 3, "c": 0, "t": 158, "a": 1}, "geometry": {"type": "LineString", "coordinates": [[135.03154, 34.69944], [135.03099, 34.69924], [135.03093, 34.6994], [135.03133, 34.69965], [135.0316, 34.69947]]}}, {"type": "Feature", "properties": {"l": 3, "c": 0, "t": 158, "a": 1}, "geometry": {"type": "LineString", "coordinates": [[135.04086, 34.6873], [135.04132, 34.68742], [135.0415, 34.68722], [135.0412, 34.68701], [135.04081, 34.68726]]}}, {"type": "Feature", "properties": {"l": 3, "c": 0, "t": 158, "a": 1}, "geometry": {"type": "LineString", "coordinates": [[135.22226, 34.82204], [135.22206, 34.82171], [135.22172, 34.82184], [135.22217, 34.82202]]}}, {"type": "Feature", "properties": {"l": 3, "c": 0, "t": 158, "a": 1}, "geometry": {"type": "LineString", "coordinates": [[135.22266, 34.85592], [135.22264, 34.8555]]}}, {"type": "Feature", "properties": {"l": 3, "c": 0, "t": 158, "a": 1}, "geometry": {"type": "LineString", "coordinates": [[135.15563, 34.75773], [135.15545, 34.75769]]}}, {"type": "Feature", "properties": {"l": 3, "c": 0, "t": 158, "a": 1}, "geometry": {"type": "LineString", "coordinates": [[135.17137, 34.76215], [135.17096, 34.76194], [135.1708, 34.76213]]}}, {"type": "Feature", "properties": {"l": 3, "c": 1, "t": 158, "a": 1}, "geometry": {"type": "LineString", "coordinates": [[135.36306, 34.72323], [135.36314, 34.72245], [135.36283, 34.72294], [135.36309, 34.72249]]}}, {"type": "Feature", "properties": {"l": 3, "c": 3, "t": 158, "a": 1}, "geometry": {"type": "LineString", "coordinates": [[135.41771, 34.71957], [135.41749, 34.71888], [135.4182, 34.7193], [135.41788, 34.71876]]}}, {"type": "Feature", "properties": {"l": 3, "c": 4, "t": 158, "a": 1}, "geometry": {"type": "LineString", "coordinates": [[135.4006, 34.80762], [135.40049, 34.80744]]}}, {"type": "Feature", "properties": {"l": 3, "c": 4, "t": 158, "a": 1}, "geometry": {"type": "LineString", "coordinates": [[135.39207, 34.80433], [135.39357, 34.80484]]}}, {"type": "Feature", "properties": {"l": 3, "c": 4, "t": 158, "a": 1}, "geometry": {"type": "LineString", "coordinates": [[135.41253, 34.78064], [135.41289, 34.78069], [135.41329, 34.78037], [135.41308, 34.78022], [135.41257, 34.7806]]}}, {"type": "Feature", "properties": {"l": 3, "c": 6, "t": 158, "a": 1}, "geometry": {"type": "LineString", "coordinates": [[135.41218, 34.82724], [135.41227, 34.82738], [135.41294, 34.82731], [135.41298, 34.82706]]}}, {"type": "Feature", "properties": {"l": 3, "c": 2, "t": 158, "h": "6:00-22:00", "a": 0}, "geometry": {"type": "LineString", "coordinates": [[135.32454, 34.78843], [135.32507, 34.78831]]}}, {"type": "Feature", "properties": {"l": 3, "c": 0, "t": 160, "h": "土曜　9:00-21:00", "d": "土曜、日曜日、休日に限る。", "a": 0}, "geometry": {"type": "LineString", "coordinates": [[135.19106, 34.7124], [135.19167, 34.71191], [135.19208, 34.71235], [135.19206, 34.71186], [135.1924, 34.71164], [135.19216, 34.7113], [135.19247, 34.71061], [135.19299, 34.71059], [135.19324, 34.71079], [135.19395, 34.71038], [135.19428, 34.70981], [135.19502, 34.71018], [135.19527, 34.71091], [135.19615, 34.71044], [135.19637, 34.71076], [135.19633, 34.71031], [135.19554, 34.71009], [135.19626, 34.70992], [135.19678, 34.71034], [135.19665, 34.70973]]}}, {"type": "Feature", "properties": {"l": 3, "c": 0, "t": 160, "h": "9:00-21:00", "a": 0}, "geometry": {"type": "LineString", "coordinates": [[135.1877, 34.71847], [135.18774, 34.71801], [135.18701, 34.71804], [135.1868, 34.71758], [135.18758, 34.71703], [135.18727, 34.71625], [135.18761, 34.71529], [135.18754, 34.71492], [135.1883, 34.71428], [135.18834, 34.7139], [135.18769, 34.7137], [135.18695, 34.71387], [135.18648, 34.71345], [135.18643, 34.71313], [135.18761, 34.71262], [135.18876, 34.71285], [135.18919, 34.71258], [135.19012, 34.71275], [135.19094, 34.71244]]}}, {"type": "Feature", "properties": {"l": 3, "c": 0, "t": 160, "h": "23:00-5:00", "a": 0}, "geometry": {"type": "LineString", "coordinates": [[135.16808, 34.72956], [135.16853, 34.72919], [135.16916, 34.72921], [135.16985, 34.72877], [135.17101, 34.72874], [135.172, 34.72768], [135.17355, 34.72813], [135.17441, 34.72788], [135.17595, 34.72779]]}}, {"type": "Feature", "properties": {"l": 3, "c": 0, "t": 160, "h": "22:00-9:00", "a": 0}, "geometry": {"type": "LineString", "coordinates": [[135.15989, 34.72998], [135.16083, 34.72927], [135.1609, 34.72902], [135.16052, 34.72829]]}}, {"type": "Feature", "properties": {"l": 3, "c": 0, "t": 160, "h": "22:00-9:00", "a": 0}, "geometry": {"type": "LineString", "coordinates": [[135.16092, 34.72902], [135.16217, 34.72933], [135.1622, 34.7291]]}}, {"type": "Feature", "properties": {"l": 3, "c": 2, "t": 160, "h": "18:00-5:00", "a": 0}, "geometry": {"type": "LineString", "coordinates": [[135.35865, 34.83994], [135.35877, 34.83942], [135.35929, 34.83887], [135.35842, 34.83828], [135.35834, 34.83731], [135.35897, 34.83702], [135.35964, 34.83766], [135.36074, 34.83826]]}}, {"type": "Feature", "properties": {"l": 3, "c": 3, "t": 161, "d": "一般原動機付自転車 終日", "a": 1}, "geometry": {"type": "LineString", "coordinates": [[135.41341, 34.70254], [135.41722, 34.69808]]}}, {"type": "Feature", "properties": {"l": 3, "c": 7, "t": 161, "d": "自動二輪車及び一般原動機付自転車 終日", "a": 1}, "geometry": {"type": "LineString", "coordinates": [[135.42687, 34.82996], [135.42715, 34.82977], [135.42795, 34.82967], [135.42745, 34.83038], [135.42823, 34.83146], [135.42881, 34.83186], [135.42872, 34.83215], [135.42776, 34.83204], [135.42735, 34.8318], [135.42718, 34.83194], [135.42796, 34.83236], [135.42796, 34.83299], [135.42767, 34.83342], [135.42829, 34.83414], [135.42824, 34.83365], [135.42861, 34.83325], [135.42894, 34.83331], [135.42921, 34.83365], [135.42966, 34.83345], [135.42994, 34.83353], [135.43075, 34.83434], [135.43149, 34.83469], [135.43158, 34.83562], [135.43229, 34.83583], [135.43304, 34.83636], [135.43381, 34.83655], [135.43423, 34.83698], [135.43491, 34.83713], [135.43726, 34.83616], [135.43789, 34.83557], [135.43927, 34.83551], [135.44006, 34.83628], [135.44006, 34.83676], [135.44047, 34.83764], [135.44026, 34.83816], [135.44025, 34.83981], [135.44067, 34.84044], [135.44145, 34.84089], [135.44232, 34.84095], [135.44292, 34.84119], [135.44531, 34.84121], [135.44671, 34.84175], [135.44762, 34.84328], [135.44767, 34.8439], [135.44801, 34.84422], [135.44825, 34.84487], [135.45224, 34.84887], [135.45251, 34.85129], [135.45333, 34.85281], [135.45443, 34.85324], [135.45588, 34.85348], [135.45604, 34.85373], [135.45589, 34.85422], [135.45666, 34.85433], [135.45817, 34.85545], [135.45865, 34.85713], [135.45848, 34.85752], [135.45908, 34.85857], [135.45899, 34.859], [135.45936, 34.85973], [135.45939, 34.8603], [135.4591, 34.86073], [135.45935, 34.86135]]}}, {"type": "Feature", "properties": {"l": 3, "c": 0, "t": 156, "a": 1}, "geometry": {"type": "LineString", "coordinates": [[135.02993, 34.6369], [135.03023, 34.63706]]}}, {"type": "Feature", "properties": {"l": 3, "c": 0, "t": 156, "a": 1}, "geometry": {"type": "LineString", "coordinates": [[135.02537, 34.64049], [135.02516, 34.64011]]}}, {"type": "Feature", "properties": {"l": 3, "c": 0, "t": 156, "a": 1}, "geometry": {"type": "LineString", "coordinates": [[135.0262, 34.76421], [135.02626, 34.76423]]}}, {"type": "Feature", "properties": {"l": 3, "c": 0, "t": 156, "a": 1}, "geometry": {"type": "LineString", "coordinates": [[135.03119, 34.75928], [135.03113, 34.75926]]}}, {"type": "Feature", "properties": {"l": 3, "c": 0, "t": 156, "a": 1}, "geometry": {"type": "LineString", "coordinates": [[135.22494, 34.83289], [135.22515, 34.83271]]}}, {"type": "Feature", "properties": {"l": 3, "c": 5, "t": 156, "a": 1}, "geometry": {"type": "LineString", "coordinates": [[135.29692, 34.73185], [135.29699, 34.73161]]}}, {"type": "Feature", "properties": {"l": 3, "c": 1, "t": 156, "a": 1}, "geometry": {"type": "LineString", "coordinates": [[135.35984, 34.76777], [135.35997, 34.76776]]}}, {"type": "Feature", "properties": {"l": 3, "c": 1, "t": 156, "a": 1}, "geometry": {"type": "LineString", "coordinates": [[135.32307, 34.73806], [135.32316, 34.73793]]}}, {"type": "Feature", "properties": {"l": 3, "c": 1, "t": 156, "a": 1}, "geometry": {"type": "LineString", "coordinates": [[135.32805, 34.74475], [135.32814, 34.74471]]}}, {"type": "Feature", "properties": {"l": 3, "c": 3, "t": 156, "a": 1}, "geometry": {"type": "LineString", "coordinates": [[135.38464, 34.75029], [135.38467, 34.75016]]}}, {"type": "Feature", "properties": {"l": 3, "c": 4, "t": 156, "a": 1}, "geometry": {"type": "LineString", "coordinates": [[135.41556, 34.76467], [135.41579, 34.76467]]}}, {"type": "Feature", "properties": {"l": 3, "c": 4, "t": 156, "a": 1}, "geometry": {"type": "LineString", "coordinates": [[135.41549, 34.76774], [135.41572, 34.76774]]}}, {"type": "Feature", "properties": {"l": 3, "c": 2, "t": 156, "a": 1}, "geometry": {"type": "LineString", "coordinates": [[135.3611, 34.81553], [135.36116, 34.81541]]}}, {"type": "Feature", "properties": {"l": 3, "c": 0, "t": 160, "a": 1}, "geometry": {"type": "LineString", "coordinates": [[135.12166, 34.64452], [135.12178, 34.64435]]}}, {"type": "Feature", "properties": {"l": 3, "c": 2, "t": 160, "a": 1}, "geometry": {"type": "LineString", "coordinates": [[135.35063, 34.80985], [135.3506, 34.80974]]}}, {"type": "Feature", "properties": {"l": 4, "c": 0, "t": 162, "e": 0}, "geometry": {"type": "LineString", "coordinates": [[135.03557, 34.634], [135.03425, 34.6321]]}}, {"type": "Feature", "properties": {"l": 4, "c": 1, "t": 163, "e": 0}, "geometry": {"type": "LineString", "coordinates": [[135.35554, 34.72656], [135.35478, 34.72634], [135.35354, 34.72743]]}}, {"type": "Feature", "properties": {"l": 4, "c": 0, "t": 164, "e": 0}, "geometry": {"type": "LineString", "coordinates": [[135.06621, 34.66081], [135.06683, 34.66124], [135.06785, 34.66141]]}}, {"type": "Feature", "properties": {"l": 4, "c": 0, "t": 165, "e": 0}, "geometry": {"type": "LineString", "coordinates": [[135.19556, 34.68575], [135.19629, 34.68569], [135.19636, 34.68499]]}}, {"type": "Feature", "properties": {"l": 4, "c": 0, "t": 166, "e": 0}, "geometry": {"type": "LineString", "coordinates": [[135.22176, 34.70282], [135.2278, 34.70316], [135.23087, 34.70528], [135.23456, 34.70636], [135.24262, 34.70994]]}}, {"type": "Feature", "properties": {"l": 4, "c": 0, "t": 162, "e": 0}, "geometry": {"type": "LineString", "coordinates": [[135.0069, 34.59959], [135.00824, 34.60206], [135.03388, 34.63188]]}}, {"type": "Feature", "properties": {"l": 4, "c": 0, "t": 162, "e": 0}, "geometry": {"type": "LineString", "coordinates": [[135.06286, 34.6539], [135.06499, 34.65545], [135.06643, 34.65711], [135.06744, 34.65901], [135.06809, 34.66116]]}}, {"type": "Feature", "properties": {"l": 4, "c": 0, "t": 162, "e": 0}, "geometry": {"type": "LineString", "coordinates": [[135.06301, 34.65346], [135.04596, 34.64617], [135.04268, 34.64446], [135.0405, 34.6427], [135.03874, 34.64074], [135.03731, 34.63832], [135.03638, 34.63582]]}}, {"type": "Feature", "properties": {"l": 4, "c": 0, "t": 164, "e": 0}, "geometry": {"type": "LineString", "coordinates": [[135.06499, 34.65545], [135.06626, 34.65707], [135.06647, 34.65799]]}}, {"type": "Feature", "properties": {"l": 4, "c": 0, "t": 167, "e": 0}, "geometry": {"type": "LineString", "coordinates": [[135.06551, 34.67997], [135.07074, 34.68706], [135.07256, 34.69011]]}}, {"type": "Feature", "properties": {"l": 4, "c": 0, "t": 167, "e": 0}, "geometry": {"type": "LineString", "coordinates": [[135.06628, 34.66956], [135.06478, 34.67229], [135.06413, 34.67463], [135.06423, 34.67704], [135.06551, 34.67997]]}}, {"type": "Feature", "properties": {"l": 4, "c": 0, "t": 162, "e": 0}, "geometry": {"type": "LineString", "coordinates": [[135.07188, 34.69055], [135.07183, 34.69137], [135.07295, 34.69134]]}}, {"type": "Feature", "properties": {"l": 4, "c": 0, "t": 168, "e": 0}, "geometry": {"type": "LineString", "coordinates": [[135.11574, 34.72094], [135.12579, 34.72757]]}}, {"type": "Feature", "properties": {"l": 4, "c": 0, "t": 168, "e": 0}, "geometry": {"type": "LineString", "coordinates": [[135.12579, 34.72757], [135.12723, 34.72857]]}}, {"type": "Feature", "properties": {"l": 4, "c": 0, "t": 168, "e": 0}, "geometry": {"type": "LineString", "coordinates": [[135.12571, 34.73921], [135.12598, 34.7408], [135.12678, 34.74235], [135.12959, 34.74485]]}}, {"type": "Feature", "properties": {"l": 4, "c": 0, "t": 168, "e": 0}, "geometry": {"type": "LineString", "coordinates": [[135.12959, 34.74485], [135.13558, 34.74898]]}}, {"type": "Feature", "properties": {"l": 4, "c": 1, "t": 168, "e": 0}, "geometry": {"type": "LineString", "coordinates": [[135.25784, 34.83196], [135.25808, 34.83242]]}}, {"type": "Feature", "properties": {"l": 4, "c": 2, "t": 169, "e": 0}, "geometry": {"type": "LineString", "coordinates": [[135.35195, 34.81768], [135.35568, 34.81641]]}}, {"type": "Feature", "properties": {"l": 4, "c": 2, "t": 169, "e": 0}, "geometry": {"type": "LineString", "coordinates": [[135.3555, 34.81616], [135.35173, 34.81737]]}}, {"type": "Feature", "properties": {"l": 4, "c": 2, "t": 170, "e": 0}, "geometry": {"type": "LineString", "coordinates": [[135.35173, 34.81737], [135.35014, 34.81766]]}}, {"type": "Feature", "properties": {"l": 4, "c": 0, "t": 171, "e": 0}, "geometry": {"type": "LineString", "coordinates": [[135.22678, 34.84312], [135.22387, 34.84725]]}}, {"type": "Feature", "properties": {"l": 4, "c": 0, "t": 172, "e": 0}, "geometry": {"type": "LineString", "coordinates": [[135.08094, 34.8162], [135.0774, 34.81319], [135.07659, 34.81171], [135.07679, 34.80862], [135.07862, 34.80514]]}}, {"type": "Feature", "properties": {"l": 4, "c": 0, "t": 167, "e": 0}, "geometry": {"type": "LineString", "coordinates": [[135.06573, 34.67988], [135.0648, 34.67765], [135.06455, 34.67465], [135.06504, 34.67234], [135.06639, 34.6696]]}}, {"type": "Feature", "properties": {"l": 4, "c": 0, "t": 167, "e": 0}, "geometry": {"type": "LineString", "coordinates": [[135.06639, 34.6696], [135.06792, 34.66662]]}}, {"type": "Feature", "properties": {"l": 4, "c": 0, "t": 167, "e": 0}, "geometry": {"type": "LineString", "coordinates": [[135.08539, 34.70634], [135.07939, 34.70045]]}}, {"type": "Feature", "properties": {"l": 4, "c": 0, "t": 167, "e": 0}, "geometry": {"type": "LineString", "coordinates": [[135.07821, 34.6992], [135.07461, 34.69418]]}}, {"type": "Feature", "properties": {"l": 4, "c": 0, "t": 172, "e": 0}, "geometry": {"type": "LineString", "coordinates": [[135.08988, 34.74205], [135.08638, 34.73674], [135.08534, 34.73327]]}}, {"type": "Feature", "properties": {"l": 4, "c": 0, "t": 172, "e": 0}, "geometry": {"type": "LineString", "coordinates": [[135.0826, 34.77014], [135.08258, 34.76986]]}}, {"type": "Feature", "properties": {"l": 4, "c": 0, "t": 162, "e": 0}, "geometry": {"type": "LineString", "coordinates": [[135.03622, 34.63586], [135.03731, 34.63887], [135.03842, 34.6408], [135.04005, 34.64282], [135.04234, 34.64476], [135.0457, 34.64662], [135.06286, 34.6539]]}}, {"type": "Feature", "properties": {"l": 4, "c": 0, "t": 164, "e": 0}, "geometry": {"type": "LineString", "coordinates": [[135.06785, 34.66141], [135.06882, 34.66116]]}}, {"type": "Feature", "properties": {"l": 4, "c": 0, "t": 164, "e": 0}, "geometry": {"type": "LineString", "coordinates": [[135.06882, 34.66116], [135.06969, 34.66034], [135.06985, 34.65926], [135.06934, 34.65839], [135.06781, 34.65722], [135.06744, 34.6557]]}}, {"type": "Feature", "properties": {"l": 4, "c": 1, "t": 163, "e": 0}, "geometry": {"type": "LineString", "coordinates": [[135.35261, 34.72828], [135.35481, 34.72695]]}}, {"type": "Feature", "properties": {"l": 4, "c": 0, "t": 164, "e": 0}, "geometry": {"type": "LineString", "coordinates": [[135.06548, 34.65952], [135.06532, 34.66028], [135.06591, 34.66105]]}}, {"type": "Feature", "properties": {"l": 4, "c": 0, "t": 173, "e": 0}, "geometry": {"type": "LineString", "coordinates": [[135.06834, 34.66341], [135.0675, 34.66656]]}}, {"type": "Feature", "properties": {"l": 4, "c": 0, "t": 173, "e": 0}, "geometry": {"type": "LineString", "coordinates": [[135.02692, 34.68197], [135.02415, 34.68409]]}}, {"type": "Feature", "properties": {"l": 4, "c": 0, "t": 168, "e": 0}, "geometry": {"type": "LineString", "coordinates": [[135.02608, 34.68624], [135.02361, 34.68545], [135.02125, 34.68424], [135.01928, 34.68251], [135.01759, 34.6801]]}}, {"type": "Feature", "properties": {"l": 4, "c": 0, "t": 172, "e": 0}, "geometry": {"type": "LineString", "coordinates": [[135.07958, 34.80385], [135.08144, 34.80131], [135.08272, 34.79879]]}}, {"type": "Feature", "properties": {"l": 4, "c": 0, "t": 172, "e": 0}, "geometry": {"type": "LineString", "coordinates": [[135.07584, 34.81081], [135.07666, 34.81008]]}}, {"type": "Feature", "properties": {"l": 4, "c": 0, "t": 172, "e": 0}, "geometry": {"type": "LineString", "coordinates": [[135.07666, 34.81008], [135.07748, 34.80722], [135.07862, 34.80514]]}}, {"type": "Feature", "properties": {"l": 4, "c": 0, "t": 164, "e": 0}, "geometry": {"type": "LineString", "coordinates": [[135.0658, 34.65909], [135.06559, 34.66004], [135.06621, 34.66081]]}}, {"type": "Feature", "properties": {"l": 4, "c": 0, "t": 164, "e": 0}, "geometry": {"type": "LineString", "coordinates": [[135.06591, 34.66105], [135.06749, 34.66277], [135.06796, 34.66427]]}}, {"type": "Feature", "properties": {"l": 4, "c": 0, "t": 173, "e": 0}, "geometry": {"type": "LineString", "coordinates": [[135.06726, 34.66712], [135.06565, 34.66962], [135.06403, 34.67058], [135.06242, 34.67084], [135.05893, 34.67037], [135.05606, 34.67058]]}}, {"type": "Feature", "properties": {"l": 4, "c": 0, "t": 173, "e": 0}, "geometry": {"type": "LineString", "coordinates": [[135.05606, 34.67058], [135.04956, 34.6725], [135.04493, 34.67265]]}}, {"type": "Feature", "properties": {"l": 4, "c": 1, "t": 174, "e": 0}, "geometry": {"type": "LineString", "coordinates": [[135.3814, 34.71669], [135.37839, 34.71712]]}}, {"type": "Feature", "properties": {"l": 4, "c": 1, "t": 175, "e": 0}, "geometry": {"type": "LineString", "coordinates": [[135.36794, 34.69701], [135.36653, 34.69705]]}}, {"type": "Feature", "properties": {"l": 4, "c": 1, "t": 175, "e": 0}, "geometry": {"type": "LineString", "coordinates": [[135.36332, 34.69797], [135.36522, 34.6975]]}}, {"type": "Feature", "properties": {"l": 4, "c": 0, "t": 166, "e": 0}, "geometry": {"type": "LineString", "coordinates": [[135.12122, 34.65249], [135.12544, 34.65155], [135.1297, 34.65017], [135.13083, 34.64928], [135.13193, 34.64715], [135.13266, 34.64672], [135.13368, 34.64683], [135.1364, 34.64856]]}}, {"type": "Feature", "properties": {"l": 4, "c": 0, "t": 164, "e": 0}, "geometry": {"type": "LineString", "coordinates": [[135.06635, 34.65606], [135.06353, 34.65379]]}}, {"type": "Feature", "properties": {"l": 4, "c": 0, "t": 176, "e": 0}, "geometry": {"type": "LineString", "coordinates": [[135.06744, 34.6557], [135.06769, 34.65428]]}}, {"type": "Feature", "properties": {"l": 4, "c": 0, "t": 177, "e": 0}, "geometry": {"type": "LineString", "coordinates": [[135.10305, 34.65013], [135.10508, 34.6503], [135.10789, 34.65163]]}}, {"type": "Feature", "properties": {"l": 4, "c": 0, "t": 177, "e": 0}, "geometry": {"type": "LineString", "coordinates": [[135.10665, 34.65067], [135.10507, 34.65015], [135.10262, 34.64992]]}}, {"type": "Feature", "properties": {"l": 4, "c": 0, "t": 177, "e": 0}, "geometry": {"type": "LineString", "coordinates": [[135.11405, 34.65579], [135.11541, 34.65586], [135.11663, 34.65549]]}}, {"type": "Feature", "properties": {"l": 4, "c": 0, "t": 177, "e": 0}, "geometry": {"type": "LineString", "coordinates": [[135.11419, 34.65559], [135.1125, 34.65498], [135.1101, 34.6532]]}}, {"type": "Feature", "properties": {"l": 4, "c": 0, "t": 177, "e": 0}, "geometry": {"type": "LineString", "coordinates": [[135.11663, 34.65549], [135.11979, 34.65302], [135.12122, 34.65249]]}}, {"type": "Feature", "properties": {"l": 4, "c": 0, "t": 177, "e": 0}, "geometry": {"type": "LineString", "coordinates": [[135.11665, 34.65523], [135.11548, 34.65561], [135.11419, 34.65559]]}}, {"type": "Feature", "properties": {"l": 4, "c": 0, "t": 177, "e": 0}, "geometry": {"type": "LineString", "coordinates": [[135.09723, 34.65113], [135.1004, 34.65038], [135.10305, 34.65013]]}}, {"type": "Feature", "properties": {"l": 4, "c": 0, "t": 177, "e": 0}, "geometry": {"type": "LineString", "coordinates": [[135.10262, 34.64992], [135.09918, 34.6502], [135.09651, 34.65095]]}}, {"type": "Feature", "properties": {"l": 4, "c": 0, "t": 177, "e": 0}, "geometry": {"type": "LineString", "coordinates": [[135.09651, 34.65095], [135.09345, 34.65191], [135.09118, 34.65208], [135.08902, 34.65171], [135.08535, 34.65021]]}}, {"type": "Feature", "properties": {"l": 4, "c": 0, "t": 164, "e": 0}, "geometry": {"type": "LineString", "coordinates": [[135.07538, 34.64927], [135.07715, 34.64884], [135.07851, 34.6492]]}}, {"type": "Feature", "properties": {"l": 4, "c": 0, "t": 164, "e": 0}, "geometry": {"type": "LineString", "coordinates": [[135.07338, 34.64989], [135.07538, 34.64927]]}}, {"type": "Feature", "properties": {"l": 4, "c": 0, "t": 164, "e": 0}, "geometry": {"type": "LineString", "coordinates": [[135.08156, 34.64972], [135.07889, 34.64899]]}}, {"type": "Feature", "properties": {"l": 4, "c": 0, "t": 164, "e": 0}, "geometry": {"type": "LineString", "coordinates": [[135.07272, 34.6492], [135.07217, 34.64945]]}}, {"type": "Feature", "properties": {"l": 4, "c": 0, "t": 177, "e": 0}, "geometry": {"type": "LineString", "coordinates": [[135.0786, 34.64902], [135.07569, 34.64768], [135.07302, 34.64754]]}}, {"type": "Feature", "properties": {"l": 4, "c": 0, "t": 177, "e": 0}, "geometry": {"type": "LineString", "coordinates": [[135.08234, 34.6499], [135.08547, 34.65035]]}}, {"type": "Feature", "properties": {"l": 4, "c": 0, "t": 177, "e": 0}, "geometry": {"type": "LineString", "coordinates": [[135.08547, 34.65035], [135.08908, 34.65183], [135.09213, 34.65218]]}}, {"type": "Feature", "properties": {"l": 4, "c": 0, "t": 164, "e": 0}, "geometry": {"type": "LineString", "coordinates": [[135.0671, 34.65733], [135.06686, 34.65814]]}}, {"type": "Feature", "properties": {"l": 4, "c": 0, "t": 164, "e": 0}, "geometry": {"type": "LineString", "coordinates": [[135.07144, 34.65027], [135.07178, 34.65018]]}}, {"type": "Feature", "properties": {"l": 4, "c": 0, "t": 176, "e": 0}, "geometry": {"type": "LineString", "coordinates": [[135.07127, 34.64998], [135.06875, 34.65194], [135.06745, 34.65423]]}}, {"type": "Feature", "properties": {"l": 4, "c": 0, "t": 176, "e": 0}, "geometry": {"type": "LineString", "coordinates": [[135.06769, 34.65428], [135.06916, 34.65183]]}}, {"type": "Feature", "properties": {"l": 4, "c": 0, "t": 176, "e": 0}, "geometry": {"type": "LineString", "coordinates": [[135.06745, 34.65423], [135.06722, 34.65525]]}}, {"type": "Feature", "properties": {"l": 4, "c": 0, "t": 164, "e": 0}, "geometry": {"type": "LineString", "coordinates": [[135.06893, 34.65839], [135.06678, 34.6566]]}}, {"type": "Feature", "properties": {"l": 4, "c": 0, "t": 164, "e": 0}, "geometry": {"type": "LineString", "coordinates": [[135.06889, 34.6607], [135.06963, 34.65952], [135.06893, 34.65839]]}}, {"type": "Feature", "properties": {"l": 4, "c": 0, "t": 164, "e": 0}, "geometry": {"type": "LineString", "coordinates": [[135.06686, 34.65814], [135.06616, 34.65937], [135.06631, 34.6604]]}}, {"type": "Feature", "properties": {"l": 4, "c": 0, "t": 164, "e": 0}, "geometry": {"type": "LineString", "coordinates": [[135.06766, 34.66093], [135.06889, 34.6607]]}}, {"type": "Feature", "properties": {"l": 4, "c": 0, "t": 177, "e": 0}, "geometry": {"type": "LineString", "coordinates": [[135.12119, 34.65242], [135.11974, 34.65294], [135.11665, 34.65523]]}}, {"type": "Feature", "properties": {"l": 4, "c": 0, "t": 177, "e": 0}, "geometry": {"type": "LineString", "coordinates": [[135.1101, 34.6532], [135.1086, 34.65201]]}}, {"type": "Feature", "properties": {"l": 4, "c": 0, "t": 164, "e": 0}, "geometry": {"type": "LineString", "coordinates": [[135.06678, 34.6566], [135.06635, 34.65606]]}}, {"type": "Feature", "properties": {"l": 4, "c": 0, "t": 164, "e": 0}, "geometry": {"type": "LineString", "coordinates": [[135.06722, 34.65525], [135.0671, 34.65733]]}}, {"type": "Feature", "properties": {"l": 4, "c": 0, "t": 165, "e": 0}, "geometry": {"type": "LineString", "coordinates": [[135.19542, 34.68482], [135.1949, 34.68529], [135.19445, 34.6853]]}}, {"type": "Feature", "properties": {"l": 4, "c": 0, "t": 166, "e": 0}, "geometry": {"type": "LineString", "coordinates": [[135.27386, 34.71225], [135.26791, 34.71109], [135.2578, 34.7111], [135.24362, 34.71007], [135.24131, 34.7094], [135.23425, 34.70616], [135.23092, 34.70522], [135.22931, 34.704]]}}, {"type": "Feature", "properties": {"l": 4, "c": 0, "t": 176, "e": 0}, "geometry": {"type": "LineString", "coordinates": [[135.29457, 34.71053], [135.28486, 34.70853], [135.27756, 34.70767]]}}, {"type": "Feature", "properties": {"l": 4, "c": 7, "t": 178, "e": 0}, "geometry": {"type": "LineString", "coordinates": [[135.44599, 34.79103], [135.44457, 34.79237], [135.4425, 34.79255], [135.43516, 34.79815], [135.43323, 34.79825], [135.43075, 34.79717]]}}, {"type": "Feature", "properties": {"l": 4, "c": 0, "t": 168, "e": 0}, "geometry": {"type": "LineString", "coordinates": [[135.00658, 34.67943], [135.00963, 34.67871]]}}, {"type": "Feature", "properties": {"l": 4, "c": 0, "t": 164, "e": 0}, "geometry": {"type": "LineString", "coordinates": [[135.1662, 34.8852], [135.16871, 34.8854]]}}, {"type": "Feature", "properties": {"l": 4, "c": 1, "t": 164, "e": 0}, "geometry": {"type": "LineString", "coordinates": [[135.28975, 34.83001], [135.29221, 34.82986], [135.29412, 34.82931]]}}, {"type": "Feature", "properties": {"l": 4, "c": 1, "t": 164, "e": 0}, "geometry": {"type": "LineString", "coordinates": [[135.30143, 34.82757], [135.29822, 34.82745], [135.29607, 34.82786]]}}, {"type": "Feature", "properties": {"l": 4, "c": 7, "t": 164, "e": 0}, "geometry": {"type": "LineString", "coordinates": [[135.43442, 34.80297], [135.43337, 34.80391]]}}, {"type": "Feature", "properties": {"l": 4, "c": 7, "t": 164, "e": 0}, "geometry": {"type": "LineString", "coordinates": [[135.42887, 34.80826], [135.43193, 34.80585]]}}, {"type": "Feature", "properties": {"l": 4, "c": 0, "t": 179, "e": 0}, "geometry": {"type": "LineString", "coordinates": [[135.19867, 34.68635], [135.19793, 34.68589]]}}, {"type": "Feature", "properties": {"l": 4, "c": 0, "t": 180, "e": 0}, "geometry": {"type": "LineString", "coordinates": [[135.1804, 34.68013], [135.18383, 34.683], [135.18617, 34.68445], [135.19427, 34.68472], [135.19862, 34.68607], [135.19993, 34.68714], [135.20188, 34.69075]]}}, {"type": "Feature", "properties": {"l": 4, "c": 0, "t": 164, "e": 0}, "geometry": {"type": "LineString", "coordinates": [[135.18347, 34.8836], [135.18576, 34.88289], [135.18732, 34.88321], [135.18811, 34.88227]]}}, {"type": "Feature", "properties": {"l": 4, "c": 0, "t": 164, "e": 0}, "geometry": {"type": "LineString", "coordinates": [[135.18799, 34.88223], [135.18754, 34.88294], [135.18695, 34.883], [135.18668, 34.88267], [135.18672, 34.88142], [135.18602, 34.88118], [135.18562, 34.88145], [135.18536, 34.88251], [135.18397, 34.8833]]}}, {"type": "Feature", "properties": {"l": 4, "c": 0, "t": 181, "e": 0}, "geometry": {"type": "LineString", "coordinates": [[135.20252, 34.80611], [135.20313, 34.806]]}}, {"type": "Feature", "properties": {"l": 4, "c": 0, "t": 181, "e": 0}, "geometry": {"type": "LineString", "coordinates": [[135.22146, 34.80371], [135.22132, 34.80376]]}}, {"type": "Feature", "properties": {"l": 4, "c": 0, "t": 181, "e": 0}, "geometry": {"type": "LineString", "coordinates": [[135.2255, 34.79266], [135.22626, 34.79402]]}}, {"type": "Feature", "properties": {"l": 4, "c": 0, "t": 181, "e": 0}, "geometry": {"type": "LineString", "coordinates": [[135.22668, 34.80007], [135.22717, 34.79886]]}}, {"type": "Feature", "properties": {"l": 4, "c": 0, "t": 181, "e": 0}, "geometry": {"type": "LineString", "coordinates": [[135.22642, 34.79985], [135.22456, 34.80207], [135.22146, 34.80371]]}}, {"type": "Feature", "properties": {"l": 4, "c": 0, "t": 181, "e": 0}, "geometry": {"type": "LineString", "coordinates": [[135.22159, 34.80391], [135.22435, 34.80262], [135.22668, 34.80007]]}}, {"type": "Feature", "properties": {"l": 4, "c": 0, "t": 181, "e": 0}, "geometry": {"type": "LineString", "coordinates": [[135.2025, 34.80605], [135.20215, 34.80612]]}}, {"type": "Feature", "properties": {"l": 4, "c": 0, "t": 176, "e": 0}, "geometry": {"type": "LineString", "coordinates": [[135.27756, 34.70767], [135.27595, 34.70706], [135.27487, 34.70624], [135.27412, 34.70514], [135.27377, 34.70376]]}}, {"type": "Feature", "properties": {"l": 4, "c": 0, "t": 182, "e": 0}, "geometry": {"type": "LineString", "coordinates": [[135.27336, 34.69826], [135.27316, 34.69639]]}}, {"type": "Feature", "properties": {"l": 4, "c": 0, "t": 183, "e": 0}, "geometry": {"type": "LineString", "coordinates": [[135.27656, 34.6948], [135.27654, 34.69509]]}}, {"type": "Feature", "properties": {"l": 4, "c": 0, "t": 20, "e": 0}, "geometry": {"type": "LineString", "coordinates": [[135.27756, 34.70767], [135.27469, 34.70658]]}}, {"type": "Feature", "properties": {"l": 4, "c": 0, "t": 180, "e": 0}, "geometry": {"type": "LineString", "coordinates": [[135.17932, 34.67908], [135.1804, 34.68013]]}}, {"type": "Feature", "properties": {"l": 4, "c": 0, "t": 168, "e": 0}, "geometry": {"type": "LineString", "coordinates": [[135.22637, 34.79398], [135.22724, 34.79528]]}}, {"type": "Feature", "properties": {"l": 4, "c": 0, "t": 168, "e": 0}, "geometry": {"type": "LineString", "coordinates": [[135.11595, 34.72073], [135.11299, 34.7187], [135.11166, 34.71722]]}}, {"type": "Feature", "properties": {"l": 4, "c": 0, "t": 184, "e": 0}, "geometry": {"type": "LineString", "coordinates": [[135.10216, 34.70966], [135.10029, 34.70842]]}}, {"type": "Feature", "properties": {"l": 4, "c": 0, "t": 168, "e": 0}, "geometry": {"type": "LineString", "coordinates": [[135.10055, 34.70507], [135.09963, 34.70597]]}}, {"type": "Feature", "properties": {"l": 4, "c": 0, "t": 168, "e": 0}, "geometry": {"type": "LineString", "coordinates": [[135.12981, 34.74464], [135.12712, 34.74205], [135.12606, 34.73921]]}}, {"type": "Feature", "properties": {"l": 4, "c": 0, "t": 168, "e": 0}, "geometry": {"type": "LineString", "coordinates": [[135.12606, 34.73921], [135.12644, 34.73684], [135.12886, 34.73266], [135.12899, 34.73118], [135.12854, 34.72963]]}}, {"type": "Feature", "properties": {"l": 4, "c": 0, "t": 168, "e": 0}, "geometry": {"type": "LineString", "coordinates": [[135.12584, 34.72722], [135.11595, 34.72073]]}}, {"type": "Feature", "properties": {"l": 4, "c": 0, "t": 168, "e": 0}, "geometry": {"type": "LineString", "coordinates": [[135.2173, 34.78368], [135.21738, 34.78385]]}}, {"type": "Feature", "properties": {"l": 4, "c": 0, "t": 184, "e": 0}, "geometry": {"type": "LineString", "coordinates": [[135.14864, 34.66533], [135.1456, 34.66342]]}}, {"type": "Feature", "properties": {"l": 4, "c": 0, "t": 184, "e": 0}, "geometry": {"type": "LineString", "coordinates": [[135.1456, 34.66342], [135.14443, 34.66359]]}}, {"type": "Feature", "properties": {"l": 4, "c": 0, "t": 184, "e": 0}, "geometry": {"type": "LineString", "coordinates": [[135.14135, 34.66483], [135.134, 34.66806], [135.12769, 34.67153], [135.12568, 34.67208], [135.12366, 34.67214]]}}, {"type": "Feature", "properties": {"l": 4, "c": 0, "t": 184, "e": 0}, "geometry": {"type": "LineString", "coordinates": [[135.12366, 34.67214], [135.12069, 34.67181]]}}, {"type": "Feature", "properties": {"l": 4, "c": 0, "t": 184, "e": 0}, "geometry": {"type": "LineString", "coordinates": [[135.12069, 34.67181], [135.117, 34.67181], [135.11421, 34.67297]]}}, {"type": "Feature", "properties": {"l": 4, "c": 0, "t": 184, "e": 0}, "geometry": {"type": "LineString", "coordinates": [[135.11421, 34.67297], [135.11318, 34.67359]]}}, {"type": "Feature", "properties": {"l": 4, "c": 0, "t": 184, "e": 0}, "geometry": {"type": "LineString", "coordinates": [[135.11318, 34.67359], [135.11206, 34.67466]]}}, {"type": "Feature", "properties": {"l": 4, "c": 0, "t": 184, "e": 0}, "geometry": {"type": "LineString", "coordinates": [[135.11117, 34.67555], [135.10833, 34.67742], [135.10775, 34.67839], [135.10766, 34.67943]]}}, {"type": "Feature", "properties": {"l": 4, "c": 0, "t": 184, "e": 0}, "geometry": {"type": "LineString", "coordinates": [[135.10611, 34.68729], [135.10334, 34.69426], [135.10263, 34.69685]]}}, {"type": "Feature", "properties": {"l": 4, "c": 0, "t": 184, "e": 0}, "geometry": {"type": "LineString", "coordinates": [[135.10263, 34.69685], [135.10257, 34.69718]]}}, {"type": "Feature", "properties": {"l": 4, "c": 0, "t": 168, "e": 0}, "geometry": {"type": "LineString", "coordinates": [[135.15516, 34.75575], [135.15606, 34.75619]]}}, {"type": "Feature", "properties": {"l": 4, "c": 0, "t": 184, "e": 0}, "geometry": {"type": "LineString", "coordinates": [[135.10636, 34.68687], [135.10797, 34.6827], [135.10777, 34.67943]]}}, {"type": "Feature", "properties": {"l": 4, "c": 0, "t": 184, "e": 0}, "geometry": {"type": "LineString", "coordinates": [[135.12289, 34.67253], [135.12543, 34.67257], [135.12746, 34.67211], [135.13364, 34.66861], [135.14229, 34.6648]]}}, {"type": "Feature", "properties": {"l": 4, "c": 0, "t": 184, "e": 0}, "geometry": {"type": "LineString", "coordinates": [[135.11434, 34.67322], [135.11704, 34.67212], [135.11964, 34.67203]]}}, {"type": "Feature", "properties": {"l": 4, "c": 0, "t": 184, "e": 0}, "geometry": {"type": "LineString", "coordinates": [[135.11964, 34.67203], [135.12289, 34.67253]]}}, {"type": "Feature", "properties": {"l": 4, "c": 0, "t": 184, "e": 0}, "geometry": {"type": "LineString", "coordinates": [[135.1462, 34.66392], [135.14854, 34.66546]]}}, {"type": "Feature", "properties": {"l": 4, "c": 0, "t": 184, "e": 0}, "geometry": {"type": "LineString", "coordinates": [[135.10074, 34.70505], [135.10193, 34.70359], [135.10252, 34.70169]]}}, {"type": "Feature", "properties": {"l": 4, "c": 0, "t": 184, "e": 0}, "geometry": {"type": "LineString", "coordinates": [[135.10271, 34.69685], [135.10636, 34.68687]]}}, {"type": "Feature", "properties": {"l": 4, "c": 5, "t": 185, "e": 1}, "geometry": {"type": "LineString", "coordinates": [[135.28849, 34.76078], [135.2889, 34.75999]]}}, {"type": "Feature", "properties": {"l": 4, "c": 1, "t": 186, "e": 1}, "geometry": {"type": "LineString", "coordinates": [[135.28742, 34.78099], [135.28738, 34.78189], [135.28812, 34.78249]]}}, {"type": "Feature", "properties": {"l": 4, "c": 1, "t": 185, "e": 1}, "geometry": {"type": "LineString", "coordinates": [[135.28812, 34.78249], [135.28895, 34.78292], [135.2907, 34.7832], [135.29109, 34.78284], [135.29005, 34.78175], [135.29031, 34.78057], [135.28774, 34.77785], [135.28876, 34.77722], [135.28883, 34.77672], [135.2869, 34.77502]]}}, {"type": "Feature", "properties": {"l": 4, "c": 0, "t": 187, "e": 0}, "geometry": {"type": "LineString", "coordinates": [[135.27885, 34.70545], [135.27808, 34.70529]]}}, {"type": "Feature", "properties": {"l": 4, "c": 1, "t": 185, "e": 1}, "geometry": {"type": "LineString", "coordinates": [[135.28742, 34.78099], [135.28834, 34.7807]]}}, {"type": "Feature", "properties": {"l": 4, "c": 0, "t": 185, "e": 1}, "geometry": {"type": "LineString", "coordinates": [[135.26721, 34.78643], [135.26567, 34.78701]]}}, {"type": "Feature", "properties": {"l": 4, "c": 1, "t": 186, "e": 1}, "geometry": {"type": "LineString", "coordinates": [[135.28834, 34.7807], [135.28914, 34.78101], [135.289, 34.78158]]}}, {"type": "Feature", "properties": {"l": 4, "c": 1, "t": 188, "e": 0}, "geometry": {"type": "LineString", "coordinates": [[135.33426, 34.71664], [135.33571, 34.71619]]}}, {"type": "Feature", "properties": {"l": 4, "c": 1, "t": 170, "e": 0}, "geometry": {"type": "LineString", "coordinates": [[135.32427, 34.82179], [135.32006, 34.82149]]}}, {"type": "Feature", "properties": {"l": 4, "c": 1, "t": 170, "e": 0}, "geometry": {"type": "LineString", "coordinates": [[135.3202, 34.82169], [135.32396, 34.82197]]}}, {"type": "Feature", "properties": {"l": 4, "c": 1, "t": 170, "e": 0}, "geometry": {"type": "LineString", "coordinates": [[135.32006, 34.82149], [135.31818, 34.82186], [135.31625, 34.82264]]}}, {"type": "Feature", "properties": {"l": 4, "c": 0, "t": 166, "e": 0}, "geometry": {"type": "LineString", "coordinates": [[135.29108, 34.72067], [135.30102, 34.7248], [135.3107, 34.72802], [135.31726, 34.73105], [135.3257, 34.73328], [135.32966, 34.73372]]}}, {"type": "Feature", "properties": {"l": 4, "c": 0, "t": 166, "e": 0}, "geometry": {"type": "LineString", "coordinates": [[135.24262, 34.70994], [135.24467, 34.7103], [135.25779, 34.71117], [135.26863, 34.71127], [135.27464, 34.7126], [135.2796, 34.71461], [135.28481, 34.71739]]}}, {"type": "Feature", "properties": {"l": 4, "c": 0, "t": 177, "e": 0}, "geometry": {"type": "LineString", "coordinates": [[134.99489, 34.68261], [135.01252, 34.67774]]}}, {"type": "Feature", "properties": {"l": 4, "c": 0, "t": 164, "e": 0}, "geometry": {"type": "LineString", "coordinates": [[135.07113, 34.64772], [135.07289, 34.64776]]}}, {"type": "Feature", "properties": {"l": 4, "c": 0, "t": 164, "e": 0}, "geometry": {"type": "LineString", "coordinates": [[135.0238, 34.66227], [135.02547, 34.66206]]}}, {"type": "Feature", "properties": {"l": 4, "c": 0, "t": 164, "e": 0}, "geometry": {"type": "LineString", "coordinates": [[135.02547, 34.66206], [135.02642, 34.66229], [135.02558, 34.66435]]}}, {"type": "Feature", "properties": {"l": 4, "c": 0, "t": 164, "e": 0}, "geometry": {"type": "LineString", "coordinates": [[135.02765, 34.66147], [135.02923, 34.66067], [135.02956, 34.66089], [135.0294, 34.66125], [135.02797, 34.66149]]}}, {"type": "Feature", "properties": {"l": 4, "c": 0, "t": 164, "e": 0}, "geometry": {"type": "LineString", "coordinates": [[135.02547, 34.66206], [135.02699, 34.6617]]}}, {"type": "Feature", "properties": {"l": 4, "c": 0, "t": 164, "e": 0}, "geometry": {"type": "LineString", "coordinates": [[135.07864, 34.64891], [135.07752, 34.64829]]}}, {"type": "Feature", "properties": {"l": 4, "c": 0, "t": 164, "e": 0}, "geometry": {"type": "LineString", "coordinates": [[135.0739, 34.64778], [135.07446, 34.64818], [135.07385, 34.64848], [135.07224, 34.64684], [135.07065, 34.64688]]}}, {"type": "Feature", "properties": {"l": 4, "c": 0, "t": 164, "e": 0}, "geometry": {"type": "LineString", "coordinates": [[135.07069, 34.64708], [135.07197, 34.64694], [135.07211, 34.64738], [135.07009, 34.64763]]}}, {"type": "Feature", "properties": {"l": 4, "c": 0, "t": 164, "e": 0}, "geometry": {"type": "LineString", "coordinates": [[135.02944, 34.6601], [135.02748, 34.66126], [135.02548, 34.66198]]}}, {"type": "Feature", "properties": {"l": 4, "c": 0, "t": 164, "e": 0}, "geometry": {"type": "LineString", "coordinates": [[135.06955, 34.64812], [135.06979, 34.64725], [135.07069, 34.64708]]}}, {"type": "Feature", "properties": {"l": 4, "c": 0, "t": 168, "e": 0}, "geometry": {"type": "LineString", "coordinates": [[135.01555, 34.67707], [135.01428, 34.67682], [135.01241, 34.67752]]}}, {"type": "Feature", "properties": {"l": 4, "c": 0, "t": 168, "e": 0}, "geometry": {"type": "LineString", "coordinates": [[135.01257, 34.67787], [135.0145, 34.67744], [135.0155, 34.67754]]}}, {"type": "Feature", "properties": {"l": 4, "c": 0, "t": 177, "e": 0}, "geometry": {"type": "LineString", "coordinates": [[135.02944, 34.6601], [135.0275, 34.66146], [135.0262, 34.66299], [135.0245, 34.66835], [135.02296, 34.67123]]}}, {"type": "Feature", "properties": {"l": 4, "c": 0, "t": 168, "e": 0}, "geometry": {"type": "LineString", "coordinates": [[135.01241, 34.67752], [135.00917, 34.67848]]}}, {"type": "Feature", "properties": {"l": 4, "c": 0, "t": 168, "e": 0}, "geometry": {"type": "LineString", "coordinates": [[135.01639, 34.67829], [135.01701, 34.67932]]}}, {"type": "Feature", "properties": {"l": 4, "c": 0, "t": 168, "e": 0}, "geometry": {"type": "LineString", "coordinates": [[135.00963, 34.67871], [135.01257, 34.67787]]}}, {"type": "Feature", "properties": {"l": 4, "c": 0, "t": 164, "e": 0}, "geometry": {"type": "LineString", "coordinates": [[135.01367, 34.67687], [135.01356, 34.67694]]}}, {"type": "Feature", "properties": {"l": 4, "c": 0, "t": 173, "e": 0}, "geometry": {"type": "LineString", "coordinates": [[135.01973, 34.68312], [135.02202, 34.68505]]}}, {"type": "Feature", "properties": {"l": 4, "c": 0, "t": 171, "e": 0}, "geometry": {"type": "LineString", "coordinates": [[135.21858, 34.85413], [135.22076, 34.85211]]}}, {"type": "Feature", "properties": {"l": 4, "c": 7, "t": 170, "e": 0}, "geometry": {"type": "LineString", "coordinates": [[135.43089, 34.80646], [135.42774, 34.80879], [135.42457, 34.80993], [135.41868, 34.81063], [135.41022, 34.81106]]}}, {"type": "Feature", "properties": {"l": 4, "c": 0, "t": 164, "e": 0}, "geometry": {"type": "LineString", "coordinates": [[135.16863, 34.66815], [135.16971, 34.66872]]}}, {"type": "Feature", "properties": {"l": 4, "c": 0, "t": 164, "e": 0}, "geometry": {"type": "LineString", "coordinates": [[135.22251, 34.70295], [135.22476, 34.70302]]}}, {"type": "Feature", "properties": {"l": 4, "c": 0, "t": 184, "e": 0}, "geometry": {"type": "LineString", "coordinates": [[135.09476, 34.70512], [135.09713, 34.70691]]}}, {"type": "Feature", "properties": {"l": 4, "c": 1, "t": 166, "e": 0}, "geometry": {"type": "LineString", "coordinates": [[135.35261, 34.72828], [135.35984, 34.72352], [135.37046, 34.71905], [135.37841, 34.71727]]}}, {"type": "Feature", "properties": {"l": 4, "c": 3, "t": 166, "e": 0}, "geometry": {"type": "LineString", "coordinates": [[135.39039, 34.71492], [135.40073, 34.71712], [135.40273, 34.71722], [135.41545, 34.71465], [135.41844, 34.71361], [135.42366, 34.71298], [135.42712, 34.71222], [135.43054, 34.71077], [135.43318, 34.70837], [135.43484, 34.70764], [135.43688, 34.70774], [135.4418, 34.70953], [135.44433, 34.70968], [135.44636, 34.70939]]}}, {"type": "Feature", "properties": {"l": 4, "c": 1, "t": 166, "e": 0}, "geometry": {"type": "LineString", "coordinates": [[135.37954, 34.71704], [135.38866, 34.7149]]}}, {"type": "Feature", "properties": {"l": 4, "c": 3, "t": 166, "e": 0}, "geometry": {"type": "LineString", "coordinates": [[135.41726, 34.71385], [135.41479, 34.71469], [135.40285, 34.7171], [135.40074, 34.71701], [135.38959, 34.71475], [135.38746, 34.71501], [135.3814, 34.71669]]}}, {"type": "Feature", "properties": {"l": 4, "c": 1, "t": 166, "e": 0}, "geometry": {"type": "LineString", "coordinates": [[135.37841, 34.71727], [135.37954, 34.71704]]}}, {"type": "Feature", "properties": {"l": 4, "c": 0, "t": 164, "e": 0}, "geometry": {"type": "LineString", "coordinates": [[135.159, 34.83177], [135.15612, 34.83115]]}}, {"type": "Feature", "properties": {"l": 4, "c": 0, "t": 167, "e": 0}, "geometry": {"type": "LineString", "coordinates": [[135.06809, 34.66116], [135.06837, 34.66378], [135.06781, 34.66659]]}}, {"type": "Feature", "properties": {"l": 4, "c": 0, "t": 164, "e": 0}, "geometry": {"type": "LineString", "coordinates": [[135.06885, 34.66141], [135.06925, 34.66019]]}}, {"type": "Feature", "properties": {"l": 4, "c": 0, "t": 164, "e": 0}, "geometry": {"type": "LineString", "coordinates": [[135.06878, 34.65867], [135.06669, 34.65673]]}}, {"type": "Feature", "properties": {"l": 4, "c": 0, "t": 164, "e": 0}, "geometry": {"type": "LineString", "coordinates": [[135.0689, 34.66275], [135.06908, 34.66159], [135.07012, 34.65973], [135.06985, 34.65883], [135.06903, 34.65815]]}}, {"type": "Feature", "properties": {"l": 4, "c": 0, "t": 173, "e": 0}, "geometry": {"type": "LineString", "coordinates": [[135.06846, 34.66343], [135.06825, 34.65982]]}}, {"type": "Feature", "properties": {"l": 4, "c": 0, "t": 164, "e": 0}, "geometry": {"type": "LineString", "coordinates": [[135.06875, 34.66274], [135.06885, 34.66141]]}}, {"type": "Feature", "properties": {"l": 4, "c": 0, "t": 164, "e": 0}, "geometry": {"type": "LineString", "coordinates": [[135.06709, 34.65885], [135.06677, 34.65965], [135.06741, 34.6607]]}}, {"type": "Feature", "properties": {"l": 4, "c": 0, "t": 167, "e": 0}, "geometry": {"type": "LineString", "coordinates": [[135.06792, 34.66662], [135.06849, 34.66389], [135.06822, 34.66115]]}}, {"type": "Feature", "properties": {"l": 4, "c": 0, "t": 164, "e": 0}, "geometry": {"type": "LineString", "coordinates": [[135.06872, 34.66323], [135.0689, 34.66275]]}}, {"type": "Feature", "properties": {"l": 4, "c": 0, "t": 173, "e": 0}, "geometry": {"type": "LineString", "coordinates": [[135.06737, 34.66715], [135.0676, 34.66659]]}}, {"type": "Feature", "properties": {"l": 4, "c": 0, "t": 164, "e": 0}, "geometry": {"type": "LineString", "coordinates": [[135.06925, 34.66019], [135.0692, 34.65892], [135.06797, 34.65835]]}}, {"type": "Feature", "properties": {"l": 4, "c": 0, "t": 164, "e": 0}, "geometry": {"type": "LineString", "coordinates": [[135.06686, 34.65814], [135.0663, 34.65983], [135.06676, 34.66056], [135.06766, 34.66093]]}}, {"type": "Feature", "properties": {"l": 4, "c": 0, "t": 167, "e": 0}, "geometry": {"type": "LineString", "coordinates": [[135.06781, 34.66659], [135.06628, 34.66956]]}}, {"type": "Feature", "properties": {"l": 4, "c": 0, "t": 164, "e": 0}, "geometry": {"type": "LineString", "coordinates": [[135.0658, 34.65909], [135.06534, 34.66007], [135.066, 34.66098]]}}, {"type": "Feature", "properties": {"l": 4, "c": 0, "t": 164, "e": 0}, "geometry": {"type": "LineString", "coordinates": [[135.06906, 34.66113], [135.06951, 34.66041]]}}, {"type": "Feature", "properties": {"l": 4, "c": 0, "t": 164, "e": 0}, "geometry": {"type": "LineString", "coordinates": [[135.06802, 34.65862], [135.06709, 34.65885]]}}, {"type": "Feature", "properties": {"l": 4, "c": 0, "t": 164, "e": 0}, "geometry": {"type": "LineString", "coordinates": [[135.06806, 34.66625], [135.06856, 34.6647]]}}, {"type": "Feature", "properties": {"l": 4, "c": 0, "t": 164, "e": 0}, "geometry": {"type": "LineString", "coordinates": [[135.06792, 34.66284], [135.06812, 34.66326]]}}, {"type": "Feature", "properties": {"l": 4, "c": 0, "t": 164, "e": 0}, "geometry": {"type": "LineString", "coordinates": [[135.06868, 34.66096], [135.06909, 34.65949], [135.06878, 34.65867]]}}, {"type": "Feature", "properties": {"l": 4, "c": 0, "t": 164, "e": 0}, "geometry": {"type": "LineString", "coordinates": [[135.06783, 34.66181], [135.06803, 34.66282]]}}, {"type": "Feature", "properties": {"l": 4, "c": 0, "t": 173, "e": 0}, "geometry": {"type": "LineString", "coordinates": [[135.0676, 34.66659], [135.06846, 34.66343]]}}, {"type": "Feature", "properties": {"l": 4, "c": 0, "t": 164, "e": 0}, "geometry": {"type": "LineString", "coordinates": [[135.0677, 34.66193], [135.06792, 34.66284]]}}, {"type": "Feature", "properties": {"l": 4, "c": 0, "t": 164, "e": 0}, "geometry": {"type": "LineString", "coordinates": [[135.06803, 34.66282], [135.06823, 34.66415]]}}, {"type": "Feature", "properties": {"l": 4, "c": 0, "t": 164, "e": 0}, "geometry": {"type": "LineString", "coordinates": [[135.06741, 34.6607], [135.06783, 34.66181]]}}, {"type": "Feature", "properties": {"l": 4, "c": 0, "t": 164, "e": 0}, "geometry": {"type": "LineString", "coordinates": [[135.06631, 34.6604], [135.0677, 34.66193]]}}, {"type": "Feature", "properties": {"l": 4, "c": 0, "t": 164, "e": 0}, "geometry": {"type": "LineString", "coordinates": [[135.06749, 34.66165], [135.06792, 34.66381]]}}, {"type": "Feature", "properties": {"l": 4, "c": 0, "t": 173, "e": 0}, "geometry": {"type": "LineString", "coordinates": [[135.0675, 34.66656], [135.06726, 34.66712]]}}, {"type": "Feature", "properties": {"l": 4, "c": 0, "t": 176, "e": 0}, "geometry": {"type": "LineString", "coordinates": [[135.06787, 34.6585], [135.06744, 34.6557]]}}, {"type": "Feature", "properties": {"l": 4, "c": 0, "t": 164, "e": 0}, "geometry": {"type": "LineString", "coordinates": [[135.06895, 34.66142], [135.06906, 34.66113]]}}, {"type": "Feature", "properties": {"l": 4, "c": 0, "t": 164, "e": 0}, "geometry": {"type": "LineString", "coordinates": [[135.06683, 34.66039], [135.06749, 34.66165]]}}, {"type": "Feature", "properties": {"l": 4, "c": 0, "t": 162, "e": 0}, "geometry": {"type": "LineString", "coordinates": [[135.06822, 34.66115], [135.06742, 34.65862], [135.06641, 34.65672], [135.0649, 34.65492], [135.06301, 34.65346]]}}, {"type": "Feature", "properties": {"l": 4, "c": 0, "t": 164, "e": 0}, "geometry": {"type": "LineString", "coordinates": [[135.06951, 34.66041], [135.06971, 34.65934], [135.0691, 34.6585]]}}, {"type": "Feature", "properties": {"l": 4, "c": 0, "t": 173, "e": 0}, "geometry": {"type": "LineString", "coordinates": [[135.06815, 34.65984], [135.06834, 34.66341]]}}, {"type": "Feature", "properties": {"l": 4, "c": 0, "t": 164, "e": 0}, "geometry": {"type": "LineString", "coordinates": [[135.06868, 34.66096], [135.06892, 34.65934], [135.06802, 34.65862]]}}, {"type": "Feature", "properties": {"l": 4, "c": 0, "t": 164, "e": 0}, "geometry": {"type": "LineString", "coordinates": [[135.06702, 34.65862], [135.06649, 34.65951], [135.06683, 34.66039]]}}, {"type": "Feature", "properties": {"l": 4, "c": 0, "t": 164, "e": 0}, "geometry": {"type": "LineString", "coordinates": [[135.06796, 34.66427], [135.0675, 34.66656]]}}, {"type": "Feature", "properties": {"l": 4, "c": 0, "t": 164, "e": 0}, "geometry": {"type": "LineString", "coordinates": [[135.06797, 34.65835], [135.06702, 34.65862]]}}, {"type": "Feature", "properties": {"l": 4, "c": 0, "t": 164, "e": 0}, "geometry": {"type": "LineString", "coordinates": [[135.06669, 34.65673], [135.06563, 34.65549]]}}, {"type": "Feature", "properties": {"l": 4, "c": 0, "t": 165, "e": 0}, "geometry": {"type": "LineString", "coordinates": [[135.15291, 34.65811], [135.1525, 34.65755], [135.15297, 34.65639]]}}, {"type": "Feature", "properties": {"l": 4, "c": 0, "t": 184, "e": 0}, "geometry": {"type": "LineString", "coordinates": [[135.14229, 34.6648], [135.14509, 34.66382], [135.14825, 34.66537], [135.15004, 34.66518], [135.15108, 34.66394], [135.15116, 34.66053]]}}, {"type": "Feature", "properties": {"l": 4, "c": 0, "t": 184, "e": 0}, "geometry": {"type": "LineString", "coordinates": [[135.15258, 34.65702], [135.15289, 34.65619]]}}, {"type": "Feature", "properties": {"l": 4, "c": 0, "t": 166, "e": 0}, "geometry": {"type": "LineString", "coordinates": [[135.15425, 34.65881], [135.15004, 34.65718]]}}, {"type": "Feature", "properties": {"l": 4, "c": 0, "t": 184, "e": 0}, "geometry": {"type": "LineString", "coordinates": [[135.14351, 34.66416], [135.14506, 34.6635], [135.1462, 34.66392]]}}, {"type": "Feature", "properties": {"l": 4, "c": 0, "t": 184, "e": 0}, "geometry": {"type": "LineString", "coordinates": [[135.14443, 34.66359], [135.14314, 34.66408]]}}, {"type": "Feature", "properties": {"l": 4, "c": 0, "t": 166, "e": 0}, "geometry": {"type": "LineString", "coordinates": [[135.15055, 34.65746], [135.1546, 34.65911]]}}, {"type": "Feature", "properties": {"l": 4, "c": 0, "t": 166, "e": 0}, "geometry": {"type": "LineString", "coordinates": [[135.13499, 34.64756], [135.13343, 34.64666], [135.13233, 34.64673], [135.13006, 34.64987], [135.12507, 34.65158]]}}, {"type": "Feature", "properties": {"l": 4, "c": 0, "t": 165, "e": 0}, "geometry": {"type": "LineString", "coordinates": [[135.15297, 34.65639], [135.15339, 34.65619]]}}, {"type": "Feature", "properties": {"l": 4, "c": 0, "t": 165, "e": 0}, "geometry": {"type": "LineString", "coordinates": [[135.15302, 34.65605], [135.15263, 34.6566]]}}, {"type": "Feature", "properties": {"l": 4, "c": 0, "t": 184, "e": 0}, "geometry": {"type": "LineString", "coordinates": [[135.15173, 34.659], [135.15247, 34.65838], [135.1546, 34.65911]]}}, {"type": "Feature", "properties": {"l": 4, "c": 0, "t": 189, "e": 0}, "geometry": {"type": "LineString", "coordinates": [[135.15425, 34.65881], [135.15291, 34.65811]]}}, {"type": "Feature", "properties": {"l": 4, "c": 0, "t": 184, "e": 0}, "geometry": {"type": "LineString", "coordinates": [[135.15289, 34.65619], [135.15296, 34.65598]]}}, {"type": "Feature", "properties": {"l": 4, "c": 0, "t": 184, "e": 0}, "geometry": {"type": "LineString", "coordinates": [[135.14314, 34.66408], [135.14135, 34.66483]]}}, {"type": "Feature", "properties": {"l": 4, "c": 0, "t": 166, "e": 0}, "geometry": {"type": "LineString", "coordinates": [[135.1631, 34.66452], [135.16773, 34.66768], [135.17671, 34.6729], [135.17878, 34.6782], [135.18225, 34.68175], [135.1835, 34.68389], [135.18428, 34.6846], [135.1864, 34.68554], [135.19247, 34.68541]]}}, {"type": "Feature", "properties": {"l": 4, "c": 0, "t": 162, "e": 0}, "geometry": {"type": "LineString", "coordinates": [[135.07804, 34.69376], [135.07312, 34.69035]]}}, {"type": "Feature", "properties": {"l": 4, "c": 0, "t": 168, "e": 0}, "geometry": {"type": "LineString", "coordinates": [[135.10055, 34.70507], [135.09952, 34.70591]]}}, {"type": "Feature", "properties": {"l": 4, "c": 0, "t": 168, "e": 0}, "geometry": {"type": "LineString", "coordinates": [[135.10218, 34.70978], [135.10833, 34.71359], [135.11056, 34.71581]]}}, {"type": "Feature", "properties": {"l": 4, "c": 0, "t": 168, "e": 0}, "geometry": {"type": "LineString", "coordinates": [[135.09986, 34.70859], [135.10218, 34.70978]]}}, {"type": "Feature", "properties": {"l": 4, "c": 0, "t": 168, "e": 0}, "geometry": {"type": "LineString", "coordinates": [[135.10216, 34.70966], [135.09489, 34.70507], [135.09183, 34.70242]]}}, {"type": "Feature", "properties": {"l": 4, "c": 0, "t": 168, "e": 0}, "geometry": {"type": "LineString", "coordinates": [[135.09963, 34.70597], [135.09886, 34.70726], [135.0992, 34.70813], [135.09986, 34.70859]]}}, {"type": "Feature", "properties": {"l": 4, "c": 0, "t": 184, "e": 0}, "geometry": {"type": "LineString", "coordinates": [[135.09866, 34.70694], [135.10074, 34.70505]]}}, {"type": "Feature", "properties": {"l": 4, "c": 0, "t": 184, "e": 0}, "geometry": {"type": "LineString", "coordinates": [[135.09713, 34.70691], [135.09808, 34.70706]]}}, {"type": "Feature", "properties": {"l": 4, "c": 0, "t": 176, "e": 0}, "geometry": {"type": "LineString", "coordinates": [[135.06722, 34.65525], [135.06767, 34.65826]]}}, {"type": "Feature", "properties": {"l": 4, "c": 1, "t": 174, "e": 0}, "geometry": {"type": "LineString", "coordinates": [[135.37721, 34.7172], [135.37636, 34.71752]]}}, {"type": "Feature", "properties": {"l": 4, "c": 1, "t": 174, "e": 0}, "geometry": {"type": "LineString", "coordinates": [[135.37566, 34.71794], [135.37792, 34.71748]]}}, {"type": "Feature", "properties": {"l": 4, "c": 1, "t": 174, "e": 0}, "geometry": {"type": "LineString", "coordinates": [[135.37848, 34.71668], [135.37721, 34.7172]]}}, {"type": "Feature", "properties": {"l": 4, "c": 1, "t": 174, "e": 0}, "geometry": {"type": "LineString", "coordinates": [[135.37456, 34.71812], [135.37566, 34.71794]]}}, {"type": "Feature", "properties": {"l": 4, "c": 1, "t": 174, "e": 0}, "geometry": {"type": "LineString", "coordinates": [[135.37792, 34.71748], [135.37913, 34.71712]]}}, {"type": "Feature", "properties": {"l": 4, "c": 1, "t": 174, "e": 0}, "geometry": {"type": "LineString", "coordinates": [[135.37839, 34.71712], [135.3777, 34.71657], [135.3781, 34.71624], [135.37848, 34.71668]]}}, {"type": "Feature", "properties": {"l": 4, "c": 1, "t": 163, "e": 0}, "geometry": {"type": "LineString", "coordinates": [[135.35798, 34.72444], [135.35748, 34.7247]]}}, {"type": "Feature", "properties": {"l": 4, "c": 1, "t": 163, "e": 0}, "geometry": {"type": "LineString", "coordinates": [[135.35939, 34.73409], [135.35952, 34.73946], [135.35995, 34.74117], [135.36166, 34.74337], [135.36436, 34.74475]]}}, {"type": "Feature", "properties": {"l": 4, "c": 1, "t": 163, "e": 0}, "geometry": {"type": "LineString", "coordinates": [[135.35586, 34.72575], [135.35464, 34.72629]]}}, {"type": "Feature", "properties": {"l": 4, "c": 1, "t": 163, "e": 0}, "geometry": {"type": "LineString", "coordinates": [[135.35579, 34.7268], [135.35586, 34.72622], [135.3572, 34.72528]]}}, {"type": "Feature", "properties": {"l": 4, "c": 1, "t": 163, "e": 0}, "geometry": {"type": "LineString", "coordinates": [[135.35481, 34.72695], [135.35558, 34.72695], [135.35648, 34.72769]]}}, {"type": "Feature", "properties": {"l": 4, "c": 1, "t": 163, "e": 0}, "geometry": {"type": "LineString", "coordinates": [[135.35284, 34.7283], [135.35435, 34.72732], [135.35554, 34.72714]]}}, {"type": "Feature", "properties": {"l": 4, "c": 1, "t": 163, "e": 0}, "geometry": {"type": "LineString", "coordinates": [[135.35382, 34.72714], [135.35232, 34.72836]]}}, {"type": "Feature", "properties": {"l": 4, "c": 1, "t": 163, "e": 0}, "geometry": {"type": "LineString", "coordinates": [[135.3545, 34.72639], [135.35382, 34.72714]]}}, {"type": "Feature", "properties": {"l": 4, "c": 1, "t": 163, "e": 0}, "geometry": {"type": "LineString", "coordinates": [[135.35232, 34.72857], [135.35284, 34.7283]]}}, {"type": "Feature", "properties": {"l": 4, "c": 1, "t": 163, "e": 0}, "geometry": {"type": "LineString", "coordinates": [[135.35673, 34.72778], [135.35598, 34.72712]]}}, {"type": "Feature", "properties": {"l": 4, "c": 1, "t": 163, "e": 0}, "geometry": {"type": "LineString", "coordinates": [[135.35579, 34.7268], [135.35539, 34.72622], [135.35464, 34.72629]]}}, {"type": "Feature", "properties": {"l": 4, "c": 1, "t": 163, "e": 0}, "geometry": {"type": "LineString", "coordinates": [[135.35554, 34.72714], [135.35648, 34.72769]]}}, {"type": "Feature", "properties": {"l": 4, "c": 1, "t": 163, "e": 0}, "geometry": {"type": "LineString", "coordinates": [[135.3545, 34.72639], [135.35448, 34.727], [135.35554, 34.72714]]}}, {"type": "Feature", "properties": {"l": 4, "c": 1, "t": 163, "e": 0}, "geometry": {"type": "LineString", "coordinates": [[135.3572, 34.72528], [135.35758, 34.72497]]}}, {"type": "Feature", "properties": {"l": 4, "c": 0, "t": 164, "e": 0}, "geometry": {"type": "LineString", "coordinates": [[135.22476, 34.70302], [135.22509, 34.70301]]}}, {"type": "Feature", "properties": {"l": 4, "c": 0, "t": 164, "e": 0}, "geometry": {"type": "LineString", "coordinates": [[135.22518, 34.70281], [135.22398, 34.70281]]}}, {"type": "Feature", "properties": {"l": 4, "c": 0, "t": 164, "e": 0}, "geometry": {"type": "LineString", "coordinates": [[135.22398, 34.70281], [135.22169, 34.70273]]}}, {"type": "Feature", "properties": {"l": 4, "c": 0, "t": 164, "e": 0}, "geometry": {"type": "LineString", "coordinates": [[135.05483, 34.69853], [135.05385, 34.69802]]}}, {"type": "Feature", "properties": {"l": 4, "c": 0, "t": 168, "e": 0}, "geometry": {"type": "LineString", "coordinates": [[135.02889, 34.68671], [135.02608, 34.68624]]}}, {"type": "Feature", "properties": {"l": 4, "c": 0, "t": 168, "e": 0}, "geometry": {"type": "LineString", "coordinates": [[135.03099, 34.68675], [135.02889, 34.68671]]}}, {"type": "Feature", "properties": {"l": 4, "c": 0, "t": 168, "e": 0}, "geometry": {"type": "LineString", "coordinates": [[135.07843, 34.69422], [135.07591, 34.69483], [135.0742, 34.69656]]}}, {"type": "Feature", "properties": {"l": 4, "c": 0, "t": 168, "e": 0}, "geometry": {"type": "LineString", "coordinates": [[135.01751, 34.68015], [135.01919, 34.68256], [135.02072, 34.68398], [135.02294, 34.68525], [135.02534, 34.68613]]}}, {"type": "Feature", "properties": {"l": 4, "c": 0, "t": 164, "e": 0}, "geometry": {"type": "LineString", "coordinates": [[135.02548, 34.66198], [135.0238, 34.66227]]}}, {"type": "Feature", "properties": {"l": 4, "c": 0, "t": 173, "e": 0}, "geometry": {"type": "LineString", "coordinates": [[135.0233, 34.68494], [135.02551, 34.68362], [135.02733, 34.6817]]}}, {"type": "Feature", "properties": {"l": 4, "c": 0, "t": 173, "e": 0}, "geometry": {"type": "LineString", "coordinates": [[135.05609, 34.67069], [135.0584, 34.67045], [135.06202, 34.67093], [135.06385, 34.67075], [135.06573, 34.66971], [135.06737, 34.66715]]}}, {"type": "Feature", "properties": {"l": 4, "c": 0, "t": 164, "e": 0}, "geometry": {"type": "LineString", "coordinates": [[135.02699, 34.6617], [135.02798, 34.66154]]}}, {"type": "Feature", "properties": {"l": 4, "c": 0, "t": 177, "e": 0}, "geometry": {"type": "LineString", "coordinates": [[135.01252, 34.67774], [135.01389, 34.67735]]}}, {"type": "Feature", "properties": {"l": 4, "c": 0, "t": 164, "e": 0}, "geometry": {"type": "LineString", "coordinates": [[135.02797, 34.66149], [135.02698, 34.66165]]}}, {"type": "Feature", "properties": {"l": 4, "c": 0, "t": 173, "e": 0}, "geometry": {"type": "LineString", "coordinates": [[135.02733, 34.6817], [135.0296, 34.67958]]}}, {"type": "Feature", "properties": {"l": 4, "c": 0, "t": 177, "e": 0}, "geometry": {"type": "LineString", "coordinates": [[135.01389, 34.67735], [135.01879, 34.67521]]}}, {"type": "Feature", "properties": {"l": 4, "c": 0, "t": 164, "e": 0}, "geometry": {"type": "LineString", "coordinates": [[135.02698, 34.66165], [135.02548, 34.66198]]}}, {"type": "Feature", "properties": {"l": 4, "c": 0, "t": 173, "e": 0}, "geometry": {"type": "LineString", "coordinates": [[135.02202, 34.68505], [135.0233, 34.68494]]}}, {"type": "Feature", "properties": {"l": 4, "c": 0, "t": 177, "e": 0}, "geometry": {"type": "LineString", "coordinates": [[134.97112, 34.68976], [134.96998, 34.69132], [134.96854, 34.69527], [134.96722, 34.69739], [134.96437, 34.69976], [134.96018, 34.70205]]}}, {"type": "Feature", "properties": {"l": 4, "c": 0, "t": 164, "e": 0}, "geometry": {"type": "LineString", "coordinates": [[135.02798, 34.66154], [135.02952, 34.66124], [135.02963, 34.66033], [135.03011, 34.6598]]}}, {"type": "Feature", "properties": {"l": 4, "c": 0, "t": 177, "e": 0}, "geometry": {"type": "LineString", "coordinates": [[135.01387, 34.67726], [135.01245, 34.67767]]}}, {"type": "Feature", "properties": {"l": 4, "c": 0, "t": 173, "e": 0}, "geometry": {"type": "LineString", "coordinates": [[135.02415, 34.68409], [135.02306, 34.68444], [135.02202, 34.68439], [135.01982, 34.68306]]}}, {"type": "Feature", "properties": {"l": 4, "c": 0, "t": 168, "e": 0}, "geometry": {"type": "LineString", "coordinates": [[135.0165, 34.67826], [135.01555, 34.67707]]}}, {"type": "Feature", "properties": {"l": 4, "c": 7, "t": 178, "e": 0}, "geometry": {"type": "LineString", "coordinates": [[135.42539, 34.8096], [135.42233, 34.81001]]}}, {"type": "Feature", "properties": {"l": 4, "c": 7, "t": 178, "e": 0}, "geometry": {"type": "LineString", "coordinates": [[135.41849, 34.81537], [135.42065, 34.81096], [135.42563, 34.80991]]}}, {"type": "Feature", "properties": {"l": 4, "c": 2, "t": 170, "e": 0}, "geometry": {"type": "LineString", "coordinates": [[135.39647, 34.81082], [135.41022, 34.81119]]}}, {"type": "Feature", "properties": {"l": 4, "c": 6, "t": 170, "e": 0}, "geometry": {"type": "LineString", "coordinates": [[135.41022, 34.81106], [135.39649, 34.81069]]}}, {"type": "Feature", "properties": {"l": 4, "c": 7, "t": 178, "e": 0}, "geometry": {"type": "LineString", "coordinates": [[135.42094, 34.81015], [135.42047, 34.81084]]}}, {"type": "Feature", "properties": {"l": 4, "c": 4, "t": 178, "e": 0}, "geometry": {"type": "LineString", "coordinates": [[135.43075, 34.79717], [135.42753, 34.79751], [135.42655, 34.798], [135.42594, 34.79871]]}}, {"type": "Feature", "properties": {"l": 4, "c": 4, "t": 178, "e": 0}, "geometry": {"type": "LineString", "coordinates": [[135.42518, 34.80214], [135.42353, 34.80612], [135.42139, 34.80944]]}}, {"type": "Feature", "properties": {"l": 4, "c": 4, "t": 178, "e": 0}, "geometry": {"type": "LineString", "coordinates": [[135.43073, 34.79726], [135.43348, 34.79839], [135.4352, 34.79822], [135.44229, 34.79286]]}}, {"type": "Feature", "properties": {"l": 4, "c": 0, "t": 180, "e": 0}, "geometry": {"type": "LineString", "coordinates": [[135.19303, 34.68457], [135.18619, 34.68443], [135.18386, 34.68299], [135.18231, 34.6815]]}}, {"type": "Feature", "properties": {"l": 4, "c": 0, "t": 180, "e": 0}, "geometry": {"type": "LineString", "coordinates": [[135.19514, 34.68488], [135.19303, 34.68457]]}}, {"type": "Feature", "properties": {"l": 4, "c": 0, "t": 190, "e": 1}, "geometry": {"type": "LineString", "coordinates": [[135.1593, 34.76025], [135.18179, 34.72384], [135.18494, 34.71986], [135.1941, 34.70992]]}}, {"type": "Feature", "properties": {"l": 4, "c": 0, "t": 190, "e": 1}, "geometry": {"type": "LineString", "coordinates": [[135.20201, 34.69733], [135.20245, 34.69672]]}}, {"type": "Feature", "properties": {"l": 4, "c": 0, "t": 191, "e": 1}, "geometry": {"type": "LineString", "coordinates": [[135.19469, 34.70531], [135.19609, 34.70514], [135.19707, 34.70408]]}}, {"type": "Feature", "properties": {"l": 4, "c": 0, "t": 191, "e": 1}, "geometry": {"type": "LineString", "coordinates": [[135.16661, 34.69958], [135.1709, 34.70212], [135.17434, 34.70323], [135.19011, 34.70616], [135.19212, 34.70607], [135.19469, 34.70531]]}}, {"type": "Feature", "properties": {"l": 4, "c": 0, "t": 191, "e": 1}, "geometry": {"type": "LineString", "coordinates": [[135.19391, 34.7076], [135.19235, 34.70894], [135.19003, 34.70923], [135.17577, 34.70384]]}}, {"type": "Feature", "properties": {"l": 4, "c": 0, "t": 190, "e": 1}, "geometry": {"type": "LineString", "coordinates": [[135.1941, 34.70992], [135.19511, 34.70923], [135.19663, 34.70737]]}}, {"type": "Feature", "properties": {"l": 4, "c": 0, "t": 191, "e": 1}, "geometry": {"type": "LineString", "coordinates": [[135.19525, 34.70579], [135.19391, 34.7076]]}}, {"type": "Feature", "properties": {"l": 4, "c": 0, "t": 191, "e": 1}, "geometry": {"type": "LineString", "coordinates": [[135.19625, 34.70526], [135.19525, 34.70579]]}}, {"type": "Feature", "properties": {"l": 4, "c": 0, "t": 190, "e": 1}, "geometry": {"type": "LineString", "coordinates": [[135.19663, 34.70737], [135.19667, 34.70733]]}}, {"type": "Feature", "properties": {"l": 4, "c": 0, "t": 191, "e": 1}, "geometry": {"type": "LineString", "coordinates": [[135.20119, 34.69769], [135.1976, 34.70341]]}}, {"type": "Feature", "properties": {"l": 4, "c": 0, "t": 191, "e": 1}, "geometry": {"type": "LineString", "coordinates": [[135.19707, 34.70408], [135.19826, 34.70238]]}}, {"type": "Feature", "properties": {"l": 4, "c": 0, "t": 168, "e": 0}, "geometry": {"type": "LineString", "coordinates": [[135.02534, 34.68613], [135.02887, 34.68682]]}}, {"type": "Feature", "properties": {"l": 4, "c": 0, "t": 162, "e": 0}, "geometry": {"type": "LineString", "coordinates": [[135.07291, 34.69129], [135.07216, 34.69144], [135.07175, 34.69117], [135.07195, 34.69062], [135.07266, 34.6907], [135.07385, 34.69295]]}}, {"type": "Feature", "properties": {"l": 4, "c": 0, "t": 162, "e": 0}, "geometry": {"type": "LineString", "coordinates": [[135.07472, 34.69128], [135.07332, 34.69116]]}}, {"type": "Feature", "properties": {"l": 4, "c": 0, "t": 162, "e": 0}, "geometry": {"type": "LineString", "coordinates": [[135.07332, 34.69116], [135.07291, 34.69129]]}}, {"type": "Feature", "properties": {"l": 4, "c": 0, "t": 167, "e": 0}, "geometry": {"type": "LineString", "coordinates": [[135.07453, 34.69428], [135.07809, 34.69928]]}}, {"type": "Feature", "properties": {"l": 4, "c": 0, "t": 168, "e": 0}, "geometry": {"type": "LineString", "coordinates": [[135.03104, 34.68685], [135.03381, 34.68702], [135.03579, 34.68779]]}}, {"type": "Feature", "properties": {"l": 4, "c": 0, "t": 167, "e": 0}, "geometry": {"type": "LineString", "coordinates": [[135.07461, 34.69418], [135.07267, 34.69005]]}}, {"type": "Feature", "properties": {"l": 4, "c": 0, "t": 168, "e": 0}, "geometry": {"type": "LineString", "coordinates": [[135.02887, 34.68682], [135.03104, 34.68685]]}}, {"type": "Feature", "properties": {"l": 4, "c": 0, "t": 192, "e": 0}, "geometry": {"type": "LineString", "coordinates": [[135.07633, 34.8096], [135.07597, 34.81179]]}}, {"type": "Feature", "properties": {"l": 4, "c": 0, "t": 167, "e": 0}, "geometry": {"type": "LineString", "coordinates": [[135.08508, 34.70647], [135.0864, 34.70762]]}}, {"type": "Feature", "properties": {"l": 4, "c": 0, "t": 172, "e": 0}, "geometry": {"type": "LineString", "coordinates": [[135.08225, 34.76983], [135.08226, 34.77015]]}}, {"type": "Feature", "properties": {"l": 4, "c": 0, "t": 172, "e": 0}, "geometry": {"type": "LineString", "coordinates": [[135.09175, 34.74895], [135.09016, 34.75309], [135.08555, 34.75921], [135.08375, 34.7624], [135.08267, 34.76561], [135.08225, 34.76983]]}}, {"type": "Feature", "properties": {"l": 4, "c": 0, "t": 167, "e": 0}, "geometry": {"type": "LineString", "coordinates": [[135.0792, 34.70056], [135.08508, 34.70647]]}}, {"type": "Feature", "properties": {"l": 4, "c": 0, "t": 170, "e": 0}, "geometry": {"type": "LineString", "coordinates": [[135.21603, 34.85798], [135.21427, 34.86149], [135.21278, 34.86353]]}}, {"type": "Feature", "properties": {"l": 4, "c": 0, "t": 192, "e": 0}, "geometry": {"type": "LineString", "coordinates": [[135.2082, 34.84662], [135.20228, 34.84241]]}}, {"type": "Feature", "properties": {"l": 4, "c": 0, "t": 170, "e": 0}, "geometry": {"type": "LineString", "coordinates": [[135.15849, 34.89133], [135.15981, 34.89016], [135.16231, 34.88703], [135.16488, 34.88551], [135.16688, 34.88514], [135.17093, 34.88533], [135.17556, 34.88433], [135.18214, 34.88393]]}}, {"type": "Feature", "properties": {"l": 4, "c": 0, "t": 192, "e": 0}, "geometry": {"type": "LineString", "coordinates": [[135.20886, 34.8472], [135.21243, 34.8489]]}}, {"type": "Feature", "properties": {"l": 4, "c": 0, "t": 170, "e": 0}, "geometry": {"type": "LineString", "coordinates": [[135.20717, 34.8669], [135.20134, 34.86793], [135.19896, 34.86892], [135.1972, 34.87065], [135.19514, 34.8749]]}}, {"type": "Feature", "properties": {"l": 4, "c": 0, "t": 192, "e": 0}, "geometry": {"type": "LineString", "coordinates": [[135.2081, 34.84675], [135.20886, 34.8472]]}}, {"type": "Feature", "properties": {"l": 4, "c": 0, "t": 170, "e": 0}, "geometry": {"type": "LineString", "coordinates": [[135.19191, 34.87861], [135.19514, 34.87518]]}}, {"type": "Feature", "properties": {"l": 4, "c": 0, "t": 164, "e": 0}, "geometry": {"type": "LineString", "coordinates": [[135.18834, 34.88187], [135.18889, 34.88157], [135.18917, 34.88198], [135.18769, 34.88333]]}}, {"type": "Feature", "properties": {"l": 4, "c": 0, "t": 164, "e": 0}, "geometry": {"type": "LineString", "coordinates": [[135.18993, 34.88195], [135.18911, 34.88139], [135.18841, 34.88159]]}}, {"type": "Feature", "properties": {"l": 4, "c": 0, "t": 170, "e": 0}, "geometry": {"type": "LineString", "coordinates": [[135.21195, 34.86454], [135.21247, 34.86406]]}}, {"type": "Feature", "properties": {"l": 4, "c": 1, "t": 164, "e": 0}, "geometry": {"type": "LineString", "coordinates": [[135.2345, 34.83408], [135.23355, 34.83354], [135.23393, 34.83326], [135.2344, 34.83354], [135.23458, 34.8356]]}}, {"type": "Feature", "properties": {"l": 4, "c": 1, "t": 164, "e": 0}, "geometry": {"type": "LineString", "coordinates": [[135.23525, 34.83584], [135.23435, 34.83333], [135.23376, 34.8332], [135.23255, 34.83374]]}}, {"type": "Feature", "properties": {"l": 4, "c": 1, "t": 164, "e": 0}, "geometry": {"type": "LineString", "coordinates": [[135.23304, 34.83925], [135.2338, 34.83923], [135.23493, 34.83967], [135.2356, 34.83936], [135.23548, 34.83684]]}}, {"type": "Feature", "properties": {"l": 4, "c": 1, "t": 164, "e": 0}, "geometry": {"type": "LineString", "coordinates": [[135.23252, 34.8339], [135.23419, 34.83435], [135.23458, 34.8356]]}}, {"type": "Feature", "properties": {"l": 4, "c": 1, "t": 164, "e": 0}, "geometry": {"type": "LineString", "coordinates": [[135.23683, 34.83804], [135.23582, 34.83785], [135.23548, 34.83684]]}}, {"type": "Feature", "properties": {"l": 4, "c": 1, "t": 164, "e": 0}, "geometry": {"type": "LineString", "coordinates": [[135.23482, 34.83685], [135.23514, 34.83801], [135.23422, 34.83862]]}}, {"type": "Feature", "properties": {"l": 4, "c": 0, "t": 181, "e": 0}, "geometry": {"type": "LineString", "coordinates": [[135.22633, 34.79347], [135.2249, 34.79142]]}}, {"type": "Feature", "properties": {"l": 4, "c": 1, "t": 164, "e": 0}, "geometry": {"type": "LineString", "coordinates": [[135.2571, 34.83001], [135.25804, 34.83252]]}}, {"type": "Feature", "properties": {"l": 4, "c": 1, "t": 168, "e": 0}, "geometry": {"type": "LineString", "coordinates": [[135.25998, 34.82446], [135.2575, 34.82796], [135.25708, 34.82903]]}}, {"type": "Feature", "properties": {"l": 4, "c": 0, "t": 168, "e": 0}, "geometry": {"type": "LineString", "coordinates": [[135.22774, 34.7957], [135.22718, 34.79504]]}}, {"type": "Feature", "properties": {"l": 4, "c": 1, "t": 168, "e": 0}, "geometry": {"type": "LineString", "coordinates": [[135.25708, 34.82903], [135.2571, 34.83001]]}}, {"type": "Feature", "properties": {"l": 4, "c": 1, "t": 168, "e": 0}, "geometry": {"type": "LineString", "coordinates": [[135.25762, 34.83075], [135.25738, 34.82948], [135.25768, 34.82833], [135.26049, 34.82428]]}}, {"type": "Feature", "properties": {"l": 4, "c": 1, "t": 164, "e": 0}, "geometry": {"type": "LineString", "coordinates": [[135.24971, 34.81786], [135.24827, 34.81688], [135.24756, 34.81567]]}}, {"type": "Feature", "properties": {"l": 4, "c": 1, "t": 168, "e": 0}, "geometry": {"type": "LineString", "coordinates": [[135.24746, 34.81611], [135.24906, 34.81772], [135.25135, 34.81847]]}}, {"type": "Feature", "properties": {"l": 4, "c": 1, "t": 164, "e": 0}, "geometry": {"type": "LineString", "coordinates": [[135.24706, 34.81258], [135.24691, 34.81498], [135.24727, 34.81608]]}}, {"type": "Feature", "properties": {"l": 4, "c": 1, "t": 168, "e": 0}, "geometry": {"type": "LineString", "coordinates": [[135.24684, 34.81001], [135.24726, 34.81572]]}}, {"type": "Feature", "properties": {"l": 4, "c": 1, "t": 164, "e": 0}, "geometry": {"type": "LineString", "coordinates": [[135.25148, 34.8181], [135.2516, 34.81756], [135.2511, 34.81725], [135.25054, 34.81745], [135.25046, 34.81798]]}}, {"type": "Feature", "properties": {"l": 4, "c": 1, "t": 168, "e": 0}, "geometry": {"type": "LineString", "coordinates": [[135.25256, 34.81858], [135.25144, 34.8184]]}}, {"type": "Feature", "properties": {"l": 4, "c": 1, "t": 168, "e": 0}, "geometry": {"type": "LineString", "coordinates": [[135.24736, 34.81568], [135.24711, 34.81448], [135.24733, 34.81065]]}}, {"type": "Feature", "properties": {"l": 4, "c": 1, "t": 164, "e": 0}, "geometry": {"type": "LineString", "coordinates": [[135.25147, 34.81803], [135.25088, 34.8182], [135.24971, 34.81786]]}}, {"type": "Feature", "properties": {"l": 4, "c": 1, "t": 168, "e": 0}, "geometry": {"type": "LineString", "coordinates": [[135.25738, 34.81929], [135.25663, 34.81918]]}}, {"type": "Feature", "properties": {"l": 4, "c": 1, "t": 164, "e": 0}, "geometry": {"type": "LineString", "coordinates": [[135.2506, 34.81802], [135.25054, 34.81757], [135.25104, 34.81731], [135.25154, 34.81759], [135.25147, 34.81803]]}}, {"type": "Feature", "properties": {"l": 4, "c": 0, "t": 192, "e": 0}, "geometry": {"type": "LineString", "coordinates": [[135.16595, 34.8309], [135.1742, 34.82717], [135.17718, 34.82677], [135.1799, 34.82716], [135.18192, 34.82799], [135.18421, 34.82965], [135.18855, 34.83472], [135.19079, 34.83663], [135.20058, 34.84141]]}}, {"type": "Feature", "properties": {"l": 4, "c": 0, "t": 164, "e": 0}, "geometry": {"type": "LineString", "coordinates": [[135.19758, 34.84366], [135.19781, 34.84418], [135.1974, 34.84455], [135.19685, 34.84418], [135.19727, 34.84372]]}}, {"type": "Feature", "properties": {"l": 4, "c": 0, "t": 164, "e": 0}, "geometry": {"type": "LineString", "coordinates": [[135.19775, 34.84114], [135.19871, 34.84073], [135.20051, 34.84145]]}}, {"type": "Feature", "properties": {"l": 4, "c": 0, "t": 164, "e": 0}, "geometry": {"type": "LineString", "coordinates": [[135.20228, 34.84241], [135.20124, 34.8416]]}}, {"type": "Feature", "properties": {"l": 4, "c": 0, "t": 164, "e": 0}, "geometry": {"type": "LineString", "coordinates": [[135.19823, 34.84038], [135.19858, 34.83996]]}}, {"type": "Feature", "properties": {"l": 4, "c": 0, "t": 164, "e": 0}, "geometry": {"type": "LineString", "coordinates": [[135.19816, 34.84034], [135.19755, 34.84125]]}}, {"type": "Feature", "properties": {"l": 4, "c": 0, "t": 164, "e": 0}, "geometry": {"type": "LineString", "coordinates": [[135.1946, 34.83862], [135.19761, 34.84011], [135.19775, 34.8407], [135.19714, 34.84206]]}}, {"type": "Feature", "properties": {"l": 4, "c": 0, "t": 192, "e": 0}, "geometry": {"type": "LineString", "coordinates": [[135.20228, 34.84241], [135.20118, 34.84165]]}}, {"type": "Feature", "properties": {"l": 4, "c": 0, "t": 170, "e": 0}, "geometry": {"type": "LineString", "coordinates": [[135.18238, 34.88375], [135.18212, 34.88381]]}}, {"type": "Feature", "properties": {"l": 4, "c": 0, "t": 170, "e": 0}, "geometry": {"type": "LineString", "coordinates": [[135.18214, 34.88393], [135.1824, 34.88388]]}}, {"type": "Feature", "properties": {"l": 4, "c": 0, "t": 170, "e": 0}, "geometry": {"type": "LineString", "coordinates": [[135.18679, 34.88216], [135.19165, 34.87884]]}}, {"type": "Feature", "properties": {"l": 4, "c": 0, "t": 170, "e": 0}, "geometry": {"type": "LineString", "coordinates": [[135.19157, 34.87871], [135.18683, 34.88199]]}}, {"type": "Feature", "properties": {"l": 4, "c": 0, "t": 170, "e": 0}, "geometry": {"type": "LineString", "coordinates": [[135.18659, 34.88212], [135.18397, 34.8833]]}}, {"type": "Feature", "properties": {"l": 4, "c": 0, "t": 170, "e": 0}, "geometry": {"type": "LineString", "coordinates": [[135.18347, 34.8836], [135.18657, 34.88228]]}}, {"type": "Feature", "properties": {"l": 4, "c": 0, "t": 170, "e": 0}, "geometry": {"type": "LineString", "coordinates": [[135.18212, 34.88381], [135.17555, 34.88421], [135.17094, 34.8852], [135.16686, 34.88501], [135.16481, 34.8854], [135.1626, 34.88658], [135.15911, 34.89067], [135.15646, 34.89233]]}}, {"type": "Feature", "properties": {"l": 4, "c": 0, "t": 164, "e": 0}, "geometry": {"type": "LineString", "coordinates": [[135.18776, 34.88338], [135.18993, 34.88195]]}}, {"type": "Feature", "properties": {"l": 4, "c": 0, "t": 164, "e": 0}, "geometry": {"type": "LineString", "coordinates": [[135.18773, 34.88272], [135.18715, 34.88286], [135.18696, 34.88248], [135.18808, 34.88142]]}}, {"type": "Feature", "properties": {"l": 4, "c": 0, "t": 164, "e": 0}, "geometry": {"type": "LineString", "coordinates": [[135.18808, 34.88125], [135.18686, 34.88186]]}}, {"type": "Feature", "properties": {"l": 4, "c": 0, "t": 164, "e": 0}, "geometry": {"type": "LineString", "coordinates": [[135.18653, 34.88201], [135.18603, 34.88208], [135.18568, 34.88178], [135.18594, 34.88129], [135.18659, 34.88138], [135.18679, 34.88301], [135.18773, 34.88294]]}}, {"type": "Feature", "properties": {"l": 4, "c": 0, "t": 164, "e": 0}, "geometry": {"type": "LineString", "coordinates": [[135.18993, 34.88195], [135.19081, 34.88031]]}}, {"type": "Feature", "properties": {"l": 4, "c": 0, "t": 170, "e": 0}, "geometry": {"type": "LineString", "coordinates": [[135.22028, 34.85211], [135.21812, 34.85447], [135.2162, 34.85763]]}}, {"type": "Feature", "properties": {"l": 4, "c": 2, "t": 164, "e": 0}, "geometry": {"type": "LineString", "coordinates": [[135.37257, 34.80539], [135.36941, 34.80598], [135.36859, 34.80553]]}}, {"type": "Feature", "properties": {"l": 4, "c": 2, "t": 164, "e": 0}, "geometry": {"type": "LineString", "coordinates": [[135.36747, 34.80354], [135.36739, 34.80332]]}}, {"type": "Feature", "properties": {"l": 4, "c": 2, "t": 164, "e": 0}, "geometry": {"type": "LineString", "coordinates": [[135.36835, 34.80562], [135.36908, 34.80712], [135.36869, 34.8076], [135.36815, 34.8074], [135.36884, 34.8067]]}}, {"type": "Feature", "properties": {"l": 4, "c": 2, "t": 164, "e": 0}, "geometry": {"type": "LineString", "coordinates": [[135.36808, 34.80457], [135.36759, 34.80379]]}}, {"type": "Feature", "properties": {"l": 4, "c": 2, "t": 164, "e": 0}, "geometry": {"type": "LineString", "coordinates": [[135.36511, 34.80911], [135.36728, 34.80777], [135.36898, 34.80752], [135.36915, 34.80692], [135.36859, 34.80553]]}}, {"type": "Feature", "properties": {"l": 4, "c": 0, "t": 185, "e": 1}, "geometry": {"type": "LineString", "coordinates": [[135.26221, 34.79043], [135.26098, 34.78986], [135.26002, 34.79], [135.25856, 34.79336], [135.25906, 34.79379], [135.26018, 34.79381], [135.26088, 34.79301], [135.26141, 34.79304], [135.26112, 34.79527], [135.26153, 34.79555], [135.26323, 34.79548], [135.26317, 34.79643], [135.26145, 34.79675], [135.26077, 34.79591], [135.25986, 34.79661], [135.25903, 34.79631]]}}, {"type": "Feature", "properties": {"l": 4, "c": 1, "t": 186, "e": 1}, "geometry": {"type": "LineString", "coordinates": [[135.27567, 34.78112], [135.2759, 34.78119]]}}, {"type": "Feature", "properties": {"l": 4, "c": 5, "t": 186, "e": 1}, "geometry": {"type": "LineString", "coordinates": [[135.27639, 34.78082], [135.2779, 34.78067]]}}, {"type": "Feature", "properties": {"l": 4, "c": 0, "t": 185, "e": 1}, "geometry": {"type": "LineString", "coordinates": [[135.26567, 34.78701], [135.26365, 34.7876]]}}, {"type": "Feature", "properties": {"l": 4, "c": 0, "t": 193, "e": 0}, "geometry": {"type": "LineString", "coordinates": [[135.22987, 34.79702], [135.22915, 34.79638], [135.22972, 34.79589]]}}, {"type": "Feature", "properties": {"l": 4, "c": 0, "t": 185, "e": 1}, "geometry": {"type": "LineString", "coordinates": [[135.26365, 34.7876], [135.26292, 34.78806], [135.26361, 34.78889], [135.26348, 34.78955], [135.26484, 34.79036], [135.26495, 34.79078], [135.26423, 34.79142], [135.26374, 34.79137]]}}, {"type": "Feature", "properties": {"l": 4, "c": 5, "t": 185, "e": 1}, "geometry": {"type": "LineString", "coordinates": [[135.27632, 34.78058], [135.27639, 34.78082]]}}, {"type": "Feature", "properties": {"l": 4, "c": 0, "t": 164, "e": 0}, "geometry": {"type": "LineString", "coordinates": [[135.22941, 34.79795], [135.22883, 34.7983], [135.22836, 34.79788], [135.22934, 34.79698], [135.23036, 34.79785], [135.23084, 34.79791]]}}, {"type": "Feature", "properties": {"l": 4, "c": 1, "t": 185, "e": 1}, "geometry": {"type": "LineString", "coordinates": [[135.27565, 34.78114], [135.26912, 34.78552], [135.26721, 34.78643]]}}, {"type": "Feature", "properties": {"l": 4, "c": 1, "t": 185, "e": 1}, "geometry": {"type": "LineString", "coordinates": [[135.27616, 34.78165], [135.27609, 34.78118]]}}, {"type": "Feature", "properties": {"l": 4, "c": 0, "t": 164, "e": 0}, "geometry": {"type": "LineString", "coordinates": [[135.23125, 34.7974], [135.23099, 34.79764], [135.23064, 34.79749]]}}, {"type": "Feature", "properties": {"l": 4, "c": 0, "t": 185, "e": 1}, "geometry": {"type": "LineString", "coordinates": [[135.26374, 34.79137], [135.26221, 34.79043]]}}, {"type": "Feature", "properties": {"l": 4, "c": 5, "t": 185, "e": 1}, "geometry": {"type": "LineString", "coordinates": [[135.27632, 34.78058], [135.27584, 34.78101]]}}, {"type": "Feature", "properties": {"l": 4, "c": 3, "t": 194, "e": 0}, "geometry": {"type": "LineString", "coordinates": [[135.38701, 34.69539], [135.38885, 34.69548]]}}, {"type": "Feature", "properties": {"l": 4, "c": 3, "t": 195, "e": 0}, "geometry": {"type": "LineString", "coordinates": [[135.38925, 34.69925], [135.38965, 34.69849]]}}, {"type": "Feature", "properties": {"l": 4, "c": 3, "t": 194, "e": 0}, "geometry": {"type": "LineString", "coordinates": [[135.39436, 34.69749], [135.39269, 34.6968]]}}, {"type": "Feature", "properties": {"l": 4, "c": 0, "t": 164, "e": 0}, "geometry": {"type": "LineString", "coordinates": [[135.08664, 34.72563], [135.08586, 34.72689]]}}, {"type": "Feature", "properties": {"l": 4, "c": 0, "t": 164, "e": 0}, "geometry": {"type": "LineString", "coordinates": [[135.08522, 34.73164], [135.08556, 34.72979], [135.08694, 34.72878], [135.08666, 34.72829], [135.08552, 34.72798]]}}, {"type": "Feature", "properties": {"l": 4, "c": 0, "t": 164, "e": 0}, "geometry": {"type": "LineString", "coordinates": [[135.08549, 34.72803], [135.08674, 34.72843], [135.08682, 34.72892], [135.08624, 34.72917], [135.08583, 34.72892], [135.08576, 34.72835]]}}, {"type": "Feature", "properties": {"l": 4, "c": 0, "t": 164, "e": 0}, "geometry": {"type": "LineString", "coordinates": [[135.08403, 34.72852], [135.08449, 34.7281], [135.08505, 34.72839], [135.08445, 34.7304], [135.0851, 34.73229]]}}, {"type": "Feature", "properties": {"l": 4, "c": 0, "t": 164, "e": 0}, "geometry": {"type": "LineString", "coordinates": [[135.08583, 34.72799], [135.08613, 34.72714]]}}, {"type": "Feature", "properties": {"l": 4, "c": 1, "t": 170, "e": 0}, "geometry": {"type": "LineString", "coordinates": [[135.28175, 34.83341], [135.28022, 34.83414]]}}, {"type": "Feature", "properties": {"l": 4, "c": 1, "t": 170, "e": 0}, "geometry": {"type": "LineString", "coordinates": [[135.23579, 34.83828], [135.23537, 34.83836]]}}, {"type": "Feature", "properties": {"l": 4, "c": 1, "t": 170, "e": 0}, "geometry": {"type": "LineString", "coordinates": [[135.28031, 34.83426], [135.28185, 34.83352]]}}, {"type": "Feature", "properties": {"l": 4, "c": 1, "t": 170, "e": 0}, "geometry": {"type": "LineString", "coordinates": [[135.23541, 34.83849], [135.23583, 34.83841]]}}, {"type": "Feature", "properties": {"l": 4, "c": 1, "t": 170, "e": 0}, "geometry": {"type": "LineString", "coordinates": [[135.31637, 34.82278], [135.3183, 34.82203], [135.3202, 34.82169]]}}, {"type": "Feature", "properties": {"l": 4, "c": 1, "t": 170, "e": 0}, "geometry": {"type": "LineString", "coordinates": [[135.23849, 34.83815], [135.23973, 34.83814]]}}, {"type": "Feature", "properties": {"l": 4, "c": 1, "t": 170, "e": 0}, "geometry": {"type": "LineString", "coordinates": [[135.23974, 34.83801], [135.23851, 34.83801]]}}, {"type": "Feature", "properties": {"l": 4, "c": 1, "t": 170, "e": 0}, "geometry": {"type": "LineString", "coordinates": [[135.32565, 34.82203], [135.32427, 34.82179]]}}, {"type": "Feature", "properties": {"l": 4, "c": 1, "t": 170, "e": 0}, "geometry": {"type": "LineString", "coordinates": [[135.32505, 34.82215], [135.32837, 34.82252]]}}, {"type": "Feature", "properties": {"l": 4, "c": 1, "t": 170, "e": 0}, "geometry": {"type": "LineString", "coordinates": [[135.33192, 34.8218], [135.32808, 34.82229]]}}, {"type": "Feature", "properties": {"l": 4, "c": 1, "t": 170, "e": 0}, "geometry": {"type": "LineString", "coordinates": [[135.30999, 34.82478], [135.31355, 34.82413]]}}, {"type": "Feature", "properties": {"l": 4, "c": 1, "t": 170, "e": 0}, "geometry": {"type": "LineString", "coordinates": [[135.31344, 34.824], [135.31004, 34.82464]]}}, {"type": "Feature", "properties": {"l": 4, "c": 2, "t": 170, "e": 0}, "geometry": {"type": "LineString", "coordinates": [[135.33359, 34.82154], [135.33505, 34.82084]]}}, {"type": "Feature", "properties": {"l": 4, "c": 1, "t": 170, "e": 0}, "geometry": {"type": "LineString", "coordinates": [[135.28022, 34.83414], [135.27732, 34.83505], [135.27373, 34.83569], [135.2707, 34.83575], [135.26658, 34.83525]]}}, {"type": "Feature", "properties": {"l": 4, "c": 1, "t": 170, "e": 0}, "geometry": {"type": "LineString", "coordinates": [[135.23537, 34.83836], [135.23126, 34.83968]]}}, {"type": "Feature", "properties": {"l": 4, "c": 1, "t": 170, "e": 0}, "geometry": {"type": "LineString", "coordinates": [[135.23851, 34.83801], [135.23579, 34.83828]]}}, {"type": "Feature", "properties": {"l": 4, "c": 1, "t": 170, "e": 0}, "geometry": {"type": "LineString", "coordinates": [[135.31355, 34.82413], [135.31637, 34.82278]]}}, {"type": "Feature", "properties": {"l": 4, "c": 1, "t": 170, "e": 0}, "geometry": {"type": "LineString", "coordinates": [[135.31625, 34.82264], [135.31344, 34.824]]}}, {"type": "Feature", "properties": {"l": 4, "c": 1, "t": 170, "e": 0}, "geometry": {"type": "LineString", "coordinates": [[135.28185, 34.83352], [135.28685, 34.83048], [135.29228, 34.8297], [135.29733, 34.82786], [135.30276, 34.82751], [135.30753, 34.82534], [135.30999, 34.82478]]}}, {"type": "Feature", "properties": {"l": 4, "c": 1, "t": 170, "e": 0}, "geometry": {"type": "LineString", "coordinates": [[135.31004, 34.82464], [135.30748, 34.82521], [135.30274, 34.82738], [135.2973, 34.82773], [135.29226, 34.82958], [135.28679, 34.83037], [135.28175, 34.83341]]}}, {"type": "Feature", "properties": {"l": 4, "c": 1, "t": 170, "e": 0}, "geometry": {"type": "LineString", "coordinates": [[135.23583, 34.83841], [135.23849, 34.83815]]}}, {"type": "Feature", "properties": {"l": 4, "c": 1, "t": 170, "e": 0}, "geometry": {"type": "LineString", "coordinates": [[135.23973, 34.83814], [135.24564, 34.83829], [135.25129, 34.83735], [135.25586, 34.83731]]}}, {"type": "Feature", "properties": {"l": 4, "c": 1, "t": 168, "e": 0}, "geometry": {"type": "LineString", "coordinates": [[135.26658, 34.83525], [135.26301, 34.83455], [135.26106, 34.83465]]}}, {"type": "Feature", "properties": {"l": 4, "c": 1, "t": 163, "e": 0}, "geometry": {"type": "LineString", "coordinates": [[135.35784, 34.72477], [135.35813, 34.72451]]}}, {"type": "Feature", "properties": {"l": 4, "c": 1, "t": 164, "e": 0}, "geometry": {"type": "LineString", "coordinates": [[135.25969, 34.83312], [135.2585, 34.83226]]}}, {"type": "Feature", "properties": {"l": 4, "c": 1, "t": 164, "e": 0}, "geometry": {"type": "LineString", "coordinates": [[135.25952, 34.8331], [135.26091, 34.83443]]}}, {"type": "Feature", "properties": {"l": 4, "c": 1, "t": 164, "e": 0}, "geometry": {"type": "LineString", "coordinates": [[135.3244, 34.73286], [135.32155, 34.73198]]}}, {"type": "Feature", "properties": {"l": 4, "c": 5, "t": 164, "e": 0}, "geometry": {"type": "LineString", "coordinates": [[135.32163, 34.7323], [135.32229, 34.73253]]}}, {"type": "Feature", "properties": {"l": 4, "c": 1, "t": 164, "e": 0}, "geometry": {"type": "LineString", "coordinates": [[135.33456, 34.7338], [135.33377, 34.73375]]}}, {"type": "Feature", "properties": {"l": 4, "c": 1, "t": 164, "e": 0}, "geometry": {"type": "LineString", "coordinates": [[135.34942, 34.70958], [135.35044, 34.70881]]}}, {"type": "Feature", "properties": {"l": 4, "c": 1, "t": 164, "e": 0}, "geometry": {"type": "LineString", "coordinates": [[135.35069, 34.70801], [135.34852, 34.70989]]}}, {"type": "Feature", "properties": {"l": 4, "c": 1, "t": 164, "e": 0}, "geometry": {"type": "LineString", "coordinates": [[135.34669, 34.71171], [135.3479, 34.71084]]}}, {"type": "Feature", "properties": {"l": 4, "c": 1, "t": 175, "e": 0}, "geometry": {"type": "LineString", "coordinates": [[135.34022, 34.71461], [135.3378, 34.71524]]}}, {"type": "Feature", "properties": {"l": 4, "c": 1, "t": 175, "e": 0}, "geometry": {"type": "LineString", "coordinates": [[135.33571, 34.71619], [135.33837, 34.71539]]}}, {"type": "Feature", "properties": {"l": 4, "c": 1, "t": 188, "e": 0}, "geometry": {"type": "LineString", "coordinates": [[135.3358, 34.71585], [135.33351, 34.71637]]}}, {"type": "Feature", "properties": {"l": 4, "c": 1, "t": 168, "e": 0}, "geometry": {"type": "LineString", "coordinates": [[135.2431, 34.80455], [135.23245, 34.79957]]}}, {"type": "Feature", "properties": {"l": 4, "c": 0, "t": 168, "e": 0}, "geometry": {"type": "LineString", "coordinates": [[135.23234, 34.79969], [135.24315, 34.80494]]}}, {"type": "Feature", "properties": {"l": 4, "c": 1, "t": 168, "e": 0}, "geometry": {"type": "LineString", "coordinates": [[135.24315, 34.80494], [135.24537, 34.80703], [135.24684, 34.81001]]}}, {"type": "Feature", "properties": {"l": 4, "c": 1, "t": 168, "e": 0}, "geometry": {"type": "LineString", "coordinates": [[135.24726, 34.8103], [135.24584, 34.80707], [135.2431, 34.80455]]}}, {"type": "Feature", "properties": {"l": 4, "c": 0, "t": 164, "e": 0}, "geometry": {"type": "LineString", "coordinates": [[135.06742, 34.66247], [135.06806, 34.66356]]}}, {"type": "Feature", "properties": {"l": 4, "c": 0, "t": 196, "e": 0}, "geometry": {"type": "LineString", "coordinates": [[135.27588, 34.70718], [135.27393, 34.70588]]}}, {"type": "Feature", "properties": {"l": 4, "c": 0, "t": 175, "e": 0}, "geometry": {"type": "LineString", "coordinates": [[135.27356, 34.70159], [135.27394, 34.70418], [135.27445, 34.70471]]}}, {"type": "Feature", "properties": {"l": 4, "c": 0, "t": 175, "e": 0}, "geometry": {"type": "LineString", "coordinates": [[135.27643, 34.70504], [135.27417, 34.70448], [135.27377, 34.70236]]}}, {"type": "Feature", "properties": {"l": 4, "c": 7, "t": 178, "e": 0}, "geometry": {"type": "LineString", "coordinates": [[135.42702, 34.83951], [135.42595, 34.83682]]}}, {"type": "Feature", "properties": {"l": 4, "c": 7, "t": 178, "e": 0}, "geometry": {"type": "LineString", "coordinates": [[135.42493, 34.84064], [135.42548, 34.83947]]}}, {"type": "Feature", "properties": {"l": 4, "c": 7, "t": 178, "e": 0}, "geometry": {"type": "LineString", "coordinates": [[135.42754, 34.8409], [135.42702, 34.83951]]}}, {"type": "Feature", "properties": {"l": 4, "c": 7, "t": 178, "e": 0}, "geometry": {"type": "LineString", "coordinates": [[135.42526, 34.83469], [135.42202, 34.82763], [135.42078, 34.8262], [135.41669, 34.82268], [135.41619, 34.82178], [135.41747, 34.81739], [135.42018, 34.81158]]}}, {"type": "Feature", "properties": {"l": 4, "c": 7, "t": 178, "e": 0}, "geometry": {"type": "LineString", "coordinates": [[135.42548, 34.83947], [135.42594, 34.83814], [135.42595, 34.83682]]}}, {"type": "Feature", "properties": {"l": 4, "c": 7, "t": 178, "e": 0}, "geometry": {"type": "LineString", "coordinates": [[135.4257, 34.83634], [135.42585, 34.8379], [135.42539, 34.83944]]}}, {"type": "Feature", "properties": {"l": 4, "c": 4, "t": 178, "e": 0}, "geometry": {"type": "LineString", "coordinates": [[135.42603, 34.79881], [135.42663, 34.79808], [135.42758, 34.7976], [135.43073, 34.79726]]}}, {"type": "Feature", "properties": {"l": 4, "c": 6, "t": 164, "e": 0}, "geometry": {"type": "LineString", "coordinates": [[135.41939, 34.82496], [135.41788, 34.82367]]}}, {"type": "Feature", "properties": {"l": 4, "c": 0, "t": 164, "e": 0}, "geometry": {"type": "LineString", "coordinates": [[135.22642, 34.70302], [135.22806, 34.70335], [135.22947, 34.70427]]}}, {"type": "Feature", "properties": {"l": 4, "c": 0, "t": 164, "e": 0}, "geometry": {"type": "LineString", "coordinates": [[135.22931, 34.704], [135.22833, 34.7032], [135.22711, 34.70285]]}}, {"type": "Feature", "properties": {"l": 4, "c": 0, "t": 164, "e": 0}, "geometry": {"type": "LineString", "coordinates": [[135.2257, 34.70301], [135.22642, 34.70302]]}}, {"type": "Feature", "properties": {"l": 4, "c": 0, "t": 164, "e": 0}, "geometry": {"type": "LineString", "coordinates": [[135.26995, 34.71169], [135.27544, 34.71291]]}}, {"type": "Feature", "properties": {"l": 4, "c": 0, "t": 164, "e": 0}, "geometry": {"type": "LineString", "coordinates": [[135.28481, 34.71739], [135.2873, 34.7189]]}}, {"type": "Feature", "properties": {"l": 4, "c": 0, "t": 164, "e": 0}, "geometry": {"type": "LineString", "coordinates": [[135.28798, 34.71892], [135.28719, 34.71841]]}}, {"type": "Feature", "properties": {"l": 4, "c": 0, "t": 177, "e": 0}, "geometry": {"type": "LineString", "coordinates": [[135.05242, 34.64799], [135.05417, 34.64766], [135.05412, 34.64814]]}}, {"type": "Feature", "properties": {"l": 4, "c": 0, "t": 177, "e": 0}, "geometry": {"type": "LineString", "coordinates": [[135.05153, 34.6476], [135.05285, 34.64725], [135.053, 34.64755], [135.05097, 34.6483]]}}, {"type": "Feature", "properties": {"l": 4, "c": 0, "t": 164, "e": 0}, "geometry": {"type": "LineString", "coordinates": [[135.07068, 34.647], [135.0722, 34.64691], [135.07407, 34.64865], [135.07614, 34.64832], [135.07698, 34.6485]]}}, {"type": "Feature", "properties": {"l": 4, "c": 0, "t": 164, "e": 0}, "geometry": {"type": "LineString", "coordinates": [[135.06984, 34.6472], [135.07068, 34.647]]}}, {"type": "Feature", "properties": {"l": 4, "c": 0, "t": 177, "e": 0}, "geometry": {"type": "LineString", "coordinates": [[135.03243, 34.65825], [135.03334, 34.65746]]}}, {"type": "Feature", "properties": {"l": 4, "c": 0, "t": 177, "e": 0}, "geometry": {"type": "LineString", "coordinates": [[135.05451, 34.64813], [135.05478, 34.64742], [135.05693, 34.64677]]}}, {"type": "Feature", "properties": {"l": 4, "c": 0, "t": 177, "e": 0}, "geometry": {"type": "LineString", "coordinates": [[135.05483, 34.64718], [135.05186, 34.6474]]}}, {"type": "Feature", "properties": {"l": 4, "c": 0, "t": 164, "e": 0}, "geometry": {"type": "LineString", "coordinates": [[135.04808, 34.67263], [135.04716, 34.67257]]}}, {"type": "Feature", "properties": {"l": 4, "c": 0, "t": 173, "e": 0}, "geometry": {"type": "LineString", "coordinates": [[135.05748, 34.67044], [135.059, 34.67025]]}}, {"type": "Feature", "properties": {"l": 4, "c": 0, "t": 164, "e": 0}, "geometry": {"type": "LineString", "coordinates": [[135.04716, 34.67257], [135.04413, 34.67256]]}}, {"type": "Feature", "properties": {"l": 4, "c": 0, "t": 164, "e": 0}, "geometry": {"type": "LineString", "coordinates": [[135.07065, 34.64688], [135.07016, 34.64693]]}}, {"type": "Feature", "properties": {"l": 4, "c": 0, "t": 164, "e": 0}, "geometry": {"type": "LineString", "coordinates": [[135.07016, 34.64693], [135.06964, 34.64734], [135.06955, 34.64812]]}}, {"type": "Feature", "properties": {"l": 4, "c": 0, "t": 173, "e": 0}, "geometry": {"type": "LineString", "coordinates": [[135.05236, 34.6718], [135.05748, 34.67044]]}}, {"type": "Feature", "properties": {"l": 4, "c": 0, "t": 173, "e": 0}, "geometry": {"type": "LineString", "coordinates": [[135.05746, 34.67035], [135.05519, 34.6705], [135.05174, 34.67191]]}}, {"type": "Feature", "properties": {"l": 4, "c": 0, "t": 173, "e": 0}, "geometry": {"type": "LineString", "coordinates": [[135.05912, 34.67008], [135.05746, 34.67035]]}}, {"type": "Feature", "properties": {"l": 4, "c": 0, "t": 177, "e": 0}, "geometry": {"type": "LineString", "coordinates": [[134.9551, 34.70457], [134.93635, 34.71375], [134.93194, 34.71517], [134.92713, 34.71566]]}}, {"type": "Feature", "properties": {"l": 4, "c": 0, "t": 177, "e": 0}, "geometry": {"type": "LineString", "coordinates": [[134.94131, 34.70977], [134.94099, 34.70983]]}}, {"type": "Feature", "properties": {"l": 4, "c": 0, "t": 177, "e": 0}, "geometry": {"type": "LineString", "coordinates": [[134.94231, 34.71157], [134.94204, 34.71179]]}}, {"type": "Feature", "properties": {"l": 4, "c": 0, "t": 177, "e": 0}, "geometry": {"type": "LineString", "coordinates": [[134.94272, 34.70958], [134.94131, 34.70977]]}}, {"type": "Feature", "properties": {"l": 4, "c": 0, "t": 177, "e": 0}, "geometry": {"type": "LineString", "coordinates": [[134.94361, 34.71112], [134.94231, 34.71157]]}}, {"type": "Feature", "properties": {"l": 4, "c": 0, "t": 177, "e": 0}, "geometry": {"type": "LineString", "coordinates": [[134.94104, 34.70991], [134.94265, 34.70971], [134.94337, 34.70998], [134.94326, 34.71032], [134.94156, 34.71129]]}}, {"type": "Feature", "properties": {"l": 4, "c": 0, "t": 197, "e": 0}, "geometry": {"type": "LineString", "coordinates": [[135.20304, 34.69281], [135.20353, 34.69401]]}}, {"type": "Feature", "properties": {"l": 4, "c": 0, "t": 197, "e": 0}, "geometry": {"type": "LineString", "coordinates": [[135.20308, 34.69461], [135.20331, 34.69395]]}}, {"type": "Feature", "properties": {"l": 4, "c": 0, "t": 197, "e": 0}, "geometry": {"type": "LineString", "coordinates": [[135.20304, 34.69493], [135.20308, 34.69461]]}}, {"type": "Feature", "properties": {"l": 4, "c": 0, "t": 197, "e": 0}, "geometry": {"type": "LineString", "coordinates": [[135.20255, 34.69655], [135.20304, 34.69493]]}}, {"type": "Feature", "properties": {"l": 4, "c": 0, "t": 197, "e": 0}, "geometry": {"type": "LineString", "coordinates": [[135.20308, 34.69461], [135.20333, 34.69421], [135.2039, 34.69412], [135.20509, 34.69522]]}}, {"type": "Feature", "properties": {"l": 4, "c": 7, "t": 164, "e": 0}, "geometry": {"type": "LineString", "coordinates": [[135.44168, 34.79745], [135.44234, 34.79652]]}}, {"type": "Feature", "properties": {"l": 4, "c": 7, "t": 178, "e": 0}, "geometry": {"type": "LineString", "coordinates": [[135.46255, 34.75487], [135.46087, 34.7645], [135.45727, 34.77724], [135.44459, 34.79273], [135.44269, 34.79585]]}}, {"type": "Feature", "properties": {"l": 4, "c": 7, "t": 178, "e": 0}, "geometry": {"type": "LineString", "coordinates": [[135.4257, 34.83634], [135.42701, 34.83966]]}}, {"type": "Feature", "properties": {"l": 4, "c": 7, "t": 178, "e": 0}, "geometry": {"type": "LineString", "coordinates": [[135.42539, 34.83944], [135.42484, 34.84054]]}}, {"type": "Feature", "properties": {"l": 4, "c": 7, "t": 178, "e": 0}, "geometry": {"type": "LineString", "coordinates": [[135.42701, 34.83966], [135.42736, 34.84074]]}}, {"type": "Feature", "properties": {"l": 4, "c": 0, "t": 198, "e": 0}, "geometry": {"type": "LineString", "coordinates": [[135.29772, 34.7104], [135.29711, 34.71072], [135.29733, 34.71129], [135.30023, 34.7117]]}}, {"type": "Feature", "properties": {"l": 4, "c": 3, "t": 195, "e": 0}, "geometry": {"type": "LineString", "coordinates": [[135.39012, 34.69775], [135.39107, 34.69655], [135.39254, 34.6971]]}}, {"type": "Feature", "properties": {"l": 4, "c": 3, "t": 199, "e": 0}, "geometry": {"type": "LineString", "coordinates": [[135.40163, 34.6977], [135.40178, 34.69827], [135.40109, 34.69845], [135.40085, 34.69785], [135.4015, 34.69765]]}}, {"type": "Feature", "properties": {"l": 4, "c": 0, "t": 196, "e": 0}, "geometry": {"type": "LineString", "coordinates": [[135.27393, 34.70588], [135.27392, 34.70521], [135.27457, 34.7049], [135.27804, 34.70554]]}}, {"type": "Feature", "properties": {"l": 4, "c": 0, "t": 175, "e": 0}, "geometry": {"type": "LineString", "coordinates": [[135.29943, 34.71153], [135.30145, 34.71168]]}}, {"type": "Feature", "properties": {"l": 4, "c": 0, "t": 175, "e": 0}, "geometry": {"type": "LineString", "coordinates": [[135.30287, 34.71209], [135.30266, 34.71176], [135.29996, 34.7113]]}}, {"type": "Feature", "properties": {"l": 4, "c": 3, "t": 199, "e": 0}, "geometry": {"type": "LineString", "coordinates": [[135.40198, 34.69829], [135.4023, 34.6989]]}}, {"type": "Feature", "properties": {"l": 4, "c": 0, "t": 196, "e": 0}, "geometry": {"type": "LineString", "coordinates": [[135.27804, 34.70554], [135.27861, 34.70566]]}}, {"type": "Feature", "properties": {"l": 4, "c": 5, "t": 175, "e": 0}, "geometry": {"type": "LineString", "coordinates": [[135.31354, 34.71411], [135.31586, 34.71462]]}}, {"type": "Feature", "properties": {"l": 4, "c": 3, "t": 199, "e": 0}, "geometry": {"type": "LineString", "coordinates": [[135.4023, 34.6989], [135.40211, 34.69825]]}}, {"type": "Feature", "properties": {"l": 4, "c": 0, "t": 198, "e": 0}, "geometry": {"type": "LineString", "coordinates": [[135.29897, 34.71076], [135.29772, 34.7104]]}}, {"type": "Feature", "properties": {"l": 4, "c": 5, "t": 175, "e": 0}, "geometry": {"type": "LineString", "coordinates": [[135.31694, 34.71439], [135.31429, 34.71394]]}}, {"type": "Feature", "properties": {"l": 4, "c": 3, "t": 194, "e": 0}, "geometry": {"type": "LineString", "coordinates": [[135.38961, 34.69831], [135.38902, 34.69952]]}}, {"type": "Feature", "properties": {"l": 4, "c": 0, "t": 175, "e": 0}, "geometry": {"type": "LineString", "coordinates": [[135.29729, 34.71082], [135.29693, 34.71145]]}}, {"type": "Feature", "properties": {"l": 4, "c": 5, "t": 175, "e": 0}, "geometry": {"type": "LineString", "coordinates": [[135.30959, 34.71323], [135.31118, 34.71363]]}}, {"type": "Feature", "properties": {"l": 4, "c": 5, "t": 175, "e": 0}, "geometry": {"type": "LineString", "coordinates": [[135.31429, 34.71394], [135.31161, 34.71341]]}}, {"type": "Feature", "properties": {"l": 4, "c": 3, "t": 199, "e": 0}, "geometry": {"type": "LineString", "coordinates": [[135.40211, 34.69825], [135.40155, 34.69759]]}}, {"type": "Feature", "properties": {"l": 4, "c": 0, "t": 175, "e": 0}, "geometry": {"type": "LineString", "coordinates": [[135.29593, 34.71086], [135.29742, 34.71125]]}}, {"type": "Feature", "properties": {"l": 4, "c": 0, "t": 175, "e": 0}, "geometry": {"type": "LineString", "coordinates": [[135.29996, 34.7113], [135.29747, 34.71094]]}}, {"type": "Feature", "properties": {"l": 4, "c": 3, "t": 199, "e": 0}, "geometry": {"type": "LineString", "coordinates": [[135.4015, 34.69765], [135.40198, 34.69829]]}}, {"type": "Feature", "properties": {"l": 4, "c": 1, "t": 175, "e": 0}, "geometry": {"type": "LineString", "coordinates": [[135.36522, 34.6975], [135.36775, 34.69724]]}}, {"type": "Feature", "properties": {"l": 4, "c": 3, "t": 199, "e": 0}, "geometry": {"type": "LineString", "coordinates": [[135.40155, 34.69759], [135.40075, 34.69786], [135.40076, 34.69828], [135.40122, 34.69856], [135.40189, 34.69825], [135.40175, 34.69763]]}}, {"type": "Feature", "properties": {"l": 4, "c": 0, "t": 175, "e": 0}, "geometry": {"type": "LineString", "coordinates": [[135.30345, 34.71193], [135.30153, 34.71148]]}}, {"type": "Feature", "properties": {"l": 4, "c": 0, "t": 20, "e": 0}, "geometry": {"type": "LineString", "coordinates": [[135.27469, 34.70658], [135.27284, 34.7061], [135.26755, 34.70572]]}}, {"type": "Feature", "properties": {"l": 4, "c": 0, "t": 182, "e": 0}, "geometry": {"type": "LineString", "coordinates": [[135.27316, 34.69639], [135.27312, 34.69589], [135.27348, 34.69558], [135.27603, 34.69567], [135.27668, 34.69511]]}}, {"type": "Feature", "properties": {"l": 4, "c": 0, "t": 187, "e": 0}, "geometry": {"type": "LineString", "coordinates": [[135.27413, 34.70488], [135.27369, 34.70536], [135.27382, 34.70593]]}}, {"type": "Feature", "properties": {"l": 4, "c": 0, "t": 187, "e": 0}, "geometry": {"type": "LineString", "coordinates": [[135.27808, 34.70529], [135.27643, 34.70504]]}}, {"type": "Feature", "properties": {"l": 4, "c": 0, "t": 187, "e": 0}, "geometry": {"type": "LineString", "coordinates": [[135.27643, 34.70504], [135.27547, 34.70494]]}}, {"type": "Feature", "properties": {"l": 4, "c": 0, "t": 197, "e": 0}, "geometry": {"type": "LineString", "coordinates": [[135.20331, 34.69395], [135.2037, 34.69324], [135.20282, 34.69192]]}}, {"type": "Feature", "properties": {"l": 4, "c": 0, "t": 164, "e": 0}, "geometry": {"type": "LineString", "coordinates": [[135.22545, 34.70301], [135.2257, 34.70301]]}}, {"type": "Feature", "properties": {"l": 4, "c": 1, "t": 164, "e": 0}, "geometry": {"type": "LineString", "coordinates": [[135.33334, 34.7341], [135.33415, 34.73403]]}}, {"type": "Feature", "properties": {"l": 4, "c": 0, "t": 164, "e": 0}, "geometry": {"type": "LineString", "coordinates": [[135.2694, 34.71148], [135.26995, 34.71169]]}}, {"type": "Feature", "properties": {"l": 4, "c": 0, "t": 197, "e": 0}, "geometry": {"type": "LineString", "coordinates": [[135.20386, 34.69363], [135.20361, 34.69334]]}}, {"type": "Feature", "properties": {"l": 4, "c": 0, "t": 164, "e": 0}, "geometry": {"type": "LineString", "coordinates": [[135.22582, 34.70282], [135.22554, 34.70281]]}}, {"type": "Feature", "properties": {"l": 4, "c": 0, "t": 164, "e": 0}, "geometry": {"type": "LineString", "coordinates": [[135.27099, 34.71148], [135.26983, 34.71136]]}}, {"type": "Feature", "properties": {"l": 4, "c": 0, "t": 164, "e": 0}, "geometry": {"type": "LineString", "coordinates": [[135.2873, 34.7189], [135.28804, 34.71921]]}}, {"type": "Feature", "properties": {"l": 4, "c": 0, "t": 164, "e": 0}, "geometry": {"type": "LineString", "coordinates": [[135.22711, 34.70285], [135.22582, 34.70282]]}}, {"type": "Feature", "properties": {"l": 4, "c": 0, "t": 164, "e": 0}, "geometry": {"type": "LineString", "coordinates": [[135.27386, 34.71225], [135.27099, 34.71148]]}}, {"type": "Feature", "properties": {"l": 4, "c": 0, "t": 197, "e": 0}, "geometry": {"type": "LineString", "coordinates": [[135.20553, 34.6955], [135.20501, 34.695]]}}, {"type": "Feature", "properties": {"l": 4, "c": 1, "t": 164, "e": 0}, "geometry": {"type": "LineString", "coordinates": [[135.33377, 34.73375], [135.32971, 34.73365]]}}, {"type": "Feature", "properties": {"l": 4, "c": 5, "t": 164, "e": 0}, "geometry": {"type": "LineString", "coordinates": [[135.32229, 34.73253], [135.32745, 34.73353]]}}, {"type": "Feature", "properties": {"l": 4, "c": 0, "t": 164, "e": 0}, "geometry": {"type": "LineString", "coordinates": [[135.28719, 34.71841], [135.28423, 34.71697]]}}, {"type": "Feature", "properties": {"l": 4, "c": 1, "t": 164, "e": 0}, "geometry": {"type": "LineString", "coordinates": [[135.32966, 34.73372], [135.33334, 34.7341]]}}, {"type": "Feature", "properties": {"l": 4, "c": 0, "t": 179, "e": 0}, "geometry": {"type": "LineString", "coordinates": [[135.19709, 34.68564], [135.19651, 34.6854], [135.19659, 34.68493]]}}, {"type": "Feature", "properties": {"l": 4, "c": 3, "t": 163, "e": 0}, "geometry": {"type": "LineString", "coordinates": [[135.41172, 34.74207], [135.41209, 34.74213]]}}, {"type": "Feature", "properties": {"l": 4, "c": 3, "t": 200, "e": 0}, "geometry": {"type": "LineString", "coordinates": [[135.41901, 34.74255], [135.41525, 34.74199]]}}, {"type": "Feature", "properties": {"l": 4, "c": 3, "t": 194, "e": 0}, "geometry": {"type": "LineString", "coordinates": [[135.39037, 34.69705], [135.38961, 34.69831]]}}, {"type": "Feature", "properties": {"l": 4, "c": 0, "t": 172, "e": 0}, "geometry": {"type": "LineString", "coordinates": [[135.08241, 34.77351], [135.08298, 34.78024]]}}, {"type": "Feature", "properties": {"l": 4, "c": 0, "t": 172, "e": 0}, "geometry": {"type": "LineString", "coordinates": [[135.08338, 34.78023], [135.08275, 34.77359]]}}, {"type": "Feature", "properties": {"l": 4, "c": 0, "t": 172, "e": 0}, "geometry": {"type": "LineString", "coordinates": [[135.08273, 34.77303], [135.0826, 34.77014]]}}, {"type": "Feature", "properties": {"l": 4, "c": 0, "t": 172, "e": 0}, "geometry": {"type": "LineString", "coordinates": [[135.08226, 34.77015], [135.08239, 34.77304]]}}, {"type": "Feature", "properties": {"l": 4, "c": 0, "t": 191, "e": 1}, "geometry": {"type": "LineString", "coordinates": [[135.13521, 34.69559], [135.13639, 34.69659], [135.13867, 34.69747]]}}, {"type": "Feature", "properties": {"l": 4, "c": 0, "t": 191, "e": 1}, "geometry": {"type": "LineString", "coordinates": [[135.13282, 34.69351], [135.13415, 34.69396]]}}, {"type": "Feature", "properties": {"l": 4, "c": 0, "t": 191, "e": 1}, "geometry": {"type": "LineString", "coordinates": [[135.13513, 34.6955], [135.13521, 34.69559]]}}, {"type": "Feature", "properties": {"l": 4, "c": 0, "t": 191, "e": 1}, "geometry": {"type": "LineString", "coordinates": [[135.13357, 34.69359], [135.13415, 34.69396]]}}, {"type": "Feature", "properties": {"l": 4, "c": 0, "t": 191, "e": 1}, "geometry": {"type": "LineString", "coordinates": [[135.13195, 34.69352], [135.13357, 34.69359]]}}, {"type": "Feature", "properties": {"l": 4, "c": 0, "t": 191, "e": 1}, "geometry": {"type": "LineString", "coordinates": [[135.14315, 34.69721], [135.14466, 34.69704]]}}, {"type": "Feature", "properties": {"l": 4, "c": 0, "t": 191, "e": 1}, "geometry": {"type": "LineString", "coordinates": [[135.13427, 34.69408], [135.13513, 34.6955]]}}, {"type": "Feature", "properties": {"l": 4, "c": 0, "t": 191, "e": 1}, "geometry": {"type": "LineString", "coordinates": [[135.13968, 34.69769], [135.14086, 34.69773]]}}, {"type": "Feature", "properties": {"l": 4, "c": 0, "t": 191, "e": 1}, "geometry": {"type": "LineString", "coordinates": [[135.13867, 34.69747], [135.13968, 34.69769]]}}, {"type": "Feature", "properties": {"l": 4, "c": 0, "t": 191, "e": 1}, "geometry": {"type": "LineString", "coordinates": [[135.14086, 34.69773], [135.14315, 34.69721]]}}, {"type": "Feature", "properties": {"l": 4, "c": 0, "t": 191, "e": 1}, "geometry": {"type": "LineString", "coordinates": [[135.12848, 34.69451], [135.12972, 34.69455], [135.13137, 34.69386]]}}, {"type": "Feature", "properties": {"l": 4, "c": 0, "t": 190, "e": 1}, "geometry": {"type": "LineString", "coordinates": [[135.1557, 34.76113], [135.15738, 34.76159], [135.15849, 34.76144]]}}, {"type": "Feature", "properties": {"l": 4, "c": 0, "t": 190, "e": 1}, "geometry": {"type": "LineString", "coordinates": [[135.19391, 34.7076], [135.18879, 34.71421], [135.17713, 34.72523], [135.17233, 34.73107], [135.16145, 34.74938], [135.16084, 34.75176], [135.16052, 34.75697], [135.15912, 34.76017]]}}, {"type": "Feature", "properties": {"l": 4, "c": 0, "t": 190, "e": 1}, "geometry": {"type": "LineString", "coordinates": [[135.15884, 34.761], [135.1593, 34.76025]]}}, {"type": "Feature", "properties": {"l": 4, "c": 0, "t": 190, "e": 1}, "geometry": {"type": "LineString", "coordinates": [[135.15912, 34.76017], [135.15869, 34.76095]]}}, {"type": "Feature", "properties": {"l": 4, "c": 0, "t": 172, "e": 0}, "geometry": {"type": "LineString", "coordinates": [[135.08239, 34.77304], [135.08241, 34.77351]]}}, {"type": "Feature", "properties": {"l": 4, "c": 0, "t": 201, "e": 0}, "geometry": {"type": "LineString", "coordinates": [[135.15604, 34.76152], [135.15781, 34.76167]]}}, {"type": "Feature", "properties": {"l": 4, "c": 0, "t": 164, "e": 0}, "geometry": {"type": "LineString", "coordinates": [[135.22936, 34.79764], [135.22941, 34.79795]]}}, {"type": "Feature", "properties": {"l": 4, "c": 0, "t": 172, "e": 0}, "geometry": {"type": "LineString", "coordinates": [[135.08275, 34.77359], [135.08273, 34.77303]]}}, {"type": "Feature", "properties": {"l": 4, "c": 0, "t": 164, "e": 0}, "geometry": {"type": "LineString", "coordinates": [[135.22957, 34.79729], [135.2284, 34.79637]]}}, {"type": "Feature", "properties": {"l": 4, "c": 0, "t": 164, "e": 0}, "geometry": {"type": "LineString", "coordinates": [[135.23116, 34.79766], [135.23125, 34.7974]]}}, {"type": "Feature", "properties": {"l": 4, "c": 0, "t": 164, "e": 0}, "geometry": {"type": "LineString", "coordinates": [[135.22972, 34.79589], [135.23009, 34.79604]]}}, {"type": "Feature", "properties": {"l": 4, "c": 0, "t": 191, "e": 1}, "geometry": {"type": "LineString", "coordinates": [[135.13111, 34.69377], [135.12978, 34.69419]]}}, {"type": "Feature", "properties": {"l": 4, "c": 0, "t": 168, "e": 0}, "geometry": {"type": "LineString", "coordinates": [[135.10989, 34.71428], [135.10993, 34.71328], [135.10958, 34.71288], [135.10893, 34.71279], [135.10833, 34.71319]]}}, {"type": "Feature", "properties": {"l": 4, "c": 0, "t": 168, "e": 0}, "geometry": {"type": "LineString", "coordinates": [[135.11066, 34.71577], [135.10839, 34.71351], [135.10216, 34.70966]]}}, {"type": "Feature", "properties": {"l": 4, "c": 0, "t": 168, "e": 0}, "geometry": {"type": "LineString", "coordinates": [[135.19865, 34.76769], [135.19533, 34.76441], [135.19312, 34.76334]]}}, {"type": "Feature", "properties": {"l": 4, "c": 0, "t": 168, "e": 0}, "geometry": {"type": "LineString", "coordinates": [[135.19177, 34.76316], [135.18903, 34.76304], [135.18546, 34.76182], [135.18311, 34.76143]]}}, {"type": "Feature", "properties": {"l": 4, "c": 0, "t": 168, "e": 0}, "geometry": {"type": "LineString", "coordinates": [[135.15205, 34.75522], [135.1465, 34.75538], [135.14444, 34.75487], [135.1425, 34.75373]]}}, {"type": "Feature", "properties": {"l": 4, "c": 0, "t": 168, "e": 0}, "geometry": {"type": "LineString", "coordinates": [[135.21759, 34.78353], [135.21755, 34.78345]]}}, {"type": "Feature", "properties": {"l": 4, "c": 0, "t": 168, "e": 0}, "geometry": {"type": "LineString", "coordinates": [[135.20343, 34.77028], [135.2032, 34.77019]]}}, {"type": "Feature", "properties": {"l": 4, "c": 0, "t": 181, "e": 0}, "geometry": {"type": "LineString", "coordinates": [[135.22692, 34.79563], [135.22707, 34.79634]]}}, {"type": "Feature", "properties": {"l": 4, "c": 0, "t": 168, "e": 0}, "geometry": {"type": "LineString", "coordinates": [[135.12751, 34.72839], [135.12584, 34.72722]]}}, {"type": "Feature", "properties": {"l": 4, "c": 0, "t": 181, "e": 0}, "geometry": {"type": "LineString", "coordinates": [[135.2269, 34.79867], [135.22642, 34.79985]]}}, {"type": "Feature", "properties": {"l": 4, "c": 0, "t": 168, "e": 0}, "geometry": {"type": "LineString", "coordinates": [[135.14179, 34.7532], [135.13779, 34.7504]]}}, {"type": "Feature", "properties": {"l": 4, "c": 0, "t": 168, "e": 0}, "geometry": {"type": "LineString", "coordinates": [[135.23245, 34.79957], [135.23109, 34.79868]]}}, {"type": "Feature", "properties": {"l": 4, "c": 0, "t": 168, "e": 0}, "geometry": {"type": "LineString", "coordinates": [[135.13565, 34.74891], [135.12981, 34.74464]]}}, {"type": "Feature", "properties": {"l": 4, "c": 0, "t": 168, "e": 0}, "geometry": {"type": "LineString", "coordinates": [[135.22926, 34.79731], [135.23053, 34.7984]]}}, {"type": "Feature", "properties": {"l": 4, "c": 0, "t": 168, "e": 0}, "geometry": {"type": "LineString", "coordinates": [[135.17602, 34.7608], [135.17211, 34.76011]]}}, {"type": "Feature", "properties": {"l": 4, "c": 0, "t": 168, "e": 0}, "geometry": {"type": "LineString", "coordinates": [[135.16156, 34.75879], [135.15871, 34.75756], [135.15616, 34.75603]]}}, {"type": "Feature", "properties": {"l": 4, "c": 0, "t": 168, "e": 0}, "geometry": {"type": "LineString", "coordinates": [[135.18314, 34.76152], [135.18515, 34.76183], [135.189, 34.76312], [135.19178, 34.76325]]}}, {"type": "Feature", "properties": {"l": 4, "c": 0, "t": 168, "e": 0}, "geometry": {"type": "LineString", "coordinates": [[135.19291, 34.76339], [135.19526, 34.76448], [135.19858, 34.76775]]}}, {"type": "Feature", "properties": {"l": 4, "c": 0, "t": 168, "e": 0}, "geometry": {"type": "LineString", "coordinates": [[135.14248, 34.75382], [135.14441, 34.75496], [135.14655, 34.75547], [135.15206, 34.75531]]}}, {"type": "Feature", "properties": {"l": 4, "c": 0, "t": 168, "e": 0}, "geometry": {"type": "LineString", "coordinates": [[135.12824, 34.72974], [135.12881, 34.73136], [135.12868, 34.7328], [135.12625, 34.73678], [135.12571, 34.73921]]}}, {"type": "Feature", "properties": {"l": 4, "c": 0, "t": 168, "e": 0}, "geometry": {"type": "LineString", "coordinates": [[135.20311, 34.77034], [135.20337, 34.77047]]}}, {"type": "Feature", "properties": {"l": 4, "c": 0, "t": 168, "e": 0}, "geometry": {"type": "LineString", "coordinates": [[135.13772, 34.75047], [135.14178, 34.75331]]}}, {"type": "Feature", "properties": {"l": 4, "c": 0, "t": 168, "e": 0}, "geometry": {"type": "LineString", "coordinates": [[135.17213, 34.76021], [135.17599, 34.76088]]}}, {"type": "Feature", "properties": {"l": 4, "c": 0, "t": 168, "e": 0}, "geometry": {"type": "LineString", "coordinates": [[135.11152, 34.71729], [135.11305, 34.71908], [135.11574, 34.72094]]}}, {"type": "Feature", "properties": {"l": 4, "c": 0, "t": 168, "e": 0}, "geometry": {"type": "LineString", "coordinates": [[135.2214, 34.78956], [135.22353, 34.79052]]}}, {"type": "Feature", "properties": {"l": 4, "c": 0, "t": 168, "e": 0}, "geometry": {"type": "LineString", "coordinates": [[135.15516, 34.75575], [135.15613, 34.75612]]}}, {"type": "Feature", "properties": {"l": 4, "c": 0, "t": 168, "e": 0}, "geometry": {"type": "LineString", "coordinates": [[135.17599, 34.76088], [135.17925, 34.7616], [135.18314, 34.76152]]}}, {"type": "Feature", "properties": {"l": 4, "c": 0, "t": 168, "e": 0}, "geometry": {"type": "LineString", "coordinates": [[135.16097, 34.75869], [135.16675, 34.75997], [135.17213, 34.76021]]}}, {"type": "Feature", "properties": {"l": 4, "c": 0, "t": 181, "e": 0}, "geometry": {"type": "LineString", "coordinates": [[135.22717, 34.79886], [135.22729, 34.79839]]}}, {"type": "Feature", "properties": {"l": 4, "c": 0, "t": 168, "e": 0}, "geometry": {"type": "LineString", "coordinates": [[135.10742, 34.71456], [135.10781, 34.7143], [135.10882, 34.71497], [135.10946, 34.71504]]}}, {"type": "Feature", "properties": {"l": 4, "c": 0, "t": 202, "e": 0}, "geometry": {"type": "LineString", "coordinates": [[135.20337, 34.77047], [135.21016, 34.7731], [135.2123, 34.77448], [135.21387, 34.77644], [135.2173, 34.78368]]}}, {"type": "Feature", "properties": {"l": 4, "c": 0, "t": 193, "e": 0}, "geometry": {"type": "LineString", "coordinates": [[135.15712, 34.75887], [135.15586, 34.76083], [135.15604, 34.76152]]}}, {"type": "Feature", "properties": {"l": 4, "c": 0, "t": 168, "e": 0}, "geometry": {"type": "LineString", "coordinates": [[135.10837, 34.71323], [135.10896, 34.71302], [135.10907, 34.71338], [135.10861, 34.71346], [135.10503, 34.71136]]}}, {"type": "Feature", "properties": {"l": 4, "c": 0, "t": 168, "e": 0}, "geometry": {"type": "LineString", "coordinates": [[135.17211, 34.76011], [135.16689, 34.7599], [135.16156, 34.75879]]}}, {"type": "Feature", "properties": {"l": 4, "c": 0, "t": 202, "e": 0}, "geometry": {"type": "LineString", "coordinates": [[135.21755, 34.78345], [135.21415, 34.77634], [135.21294, 34.77466], [135.21033, 34.77285], [135.20426, 34.77058]]}}, {"type": "Feature", "properties": {"l": 4, "c": 0, "t": 193, "e": 0}, "geometry": {"type": "LineString", "coordinates": [[135.12896, 34.73287], [135.12946, 34.73197]]}}, {"type": "Feature", "properties": {"l": 4, "c": 0, "t": 193, "e": 0}, "geometry": {"type": "LineString", "coordinates": [[135.12783, 34.73218], [135.12828, 34.73324], [135.12716, 34.73534]]}}, {"type": "Feature", "properties": {"l": 4, "c": 0, "t": 193, "e": 0}, "geometry": {"type": "LineString", "coordinates": [[135.12865, 34.73119], [135.12845, 34.73198], [135.12776, 34.73196], [135.12744, 34.73035]]}}, {"type": "Feature", "properties": {"l": 4, "c": 0, "t": 168, "e": 0}, "geometry": {"type": "LineString", "coordinates": [[135.20426, 34.77058], [135.20343, 34.77028]]}}, {"type": "Feature", "properties": {"l": 4, "c": 0, "t": 193, "e": 0}, "geometry": {"type": "LineString", "coordinates": [[135.2172, 34.78438], [135.21701, 34.78433]]}}, {"type": "Feature", "properties": {"l": 4, "c": 0, "t": 193, "e": 0}, "geometry": {"type": "LineString", "coordinates": [[135.20699, 34.77272], [135.2066, 34.77229]]}}, {"type": "Feature", "properties": {"l": 4, "c": 0, "t": 168, "e": 0}, "geometry": {"type": "LineString", "coordinates": [[135.14178, 34.75331], [135.14248, 34.75382]]}}, {"type": "Feature", "properties": {"l": 4, "c": 0, "t": 193, "e": 0}, "geometry": {"type": "LineString", "coordinates": [[135.20742, 34.77314], [135.2073, 34.773]]}}, {"type": "Feature", "properties": {"l": 4, "c": 0, "t": 168, "e": 0}, "geometry": {"type": "LineString", "coordinates": [[135.15814, 34.75765], [135.15715, 34.75882]]}}, {"type": "Feature", "properties": {"l": 4, "c": 0, "t": 168, "e": 0}, "geometry": {"type": "LineString", "coordinates": [[135.10806, 34.71355], [135.10837, 34.71323]]}}, {"type": "Feature", "properties": {"l": 4, "c": 0, "t": 193, "e": 0}, "geometry": {"type": "LineString", "coordinates": [[135.2073, 34.773], [135.20699, 34.77272]]}}, {"type": "Feature", "properties": {"l": 4, "c": 0, "t": 193, "e": 0}, "geometry": {"type": "LineString", "coordinates": [[135.21689, 34.78438], [135.21709, 34.78447]]}}, {"type": "Feature", "properties": {"l": 4, "c": 0, "t": 168, "e": 0}, "geometry": {"type": "LineString", "coordinates": [[135.1076, 34.714], [135.10779, 34.71381]]}}, {"type": "Feature", "properties": {"l": 4, "c": 0, "t": 193, "e": 0}, "geometry": {"type": "LineString", "coordinates": [[135.21491, 34.78357], [135.21504, 34.78364]]}}, {"type": "Feature", "properties": {"l": 4, "c": 0, "t": 168, "e": 0}, "geometry": {"type": "LineString", "coordinates": [[135.10779, 34.71381], [135.10806, 34.71355]]}}, {"type": "Feature", "properties": {"l": 4, "c": 0, "t": 168, "e": 0}, "geometry": {"type": "LineString", "coordinates": [[135.12854, 34.72963], [135.12751, 34.72839]]}}, {"type": "Feature", "properties": {"l": 4, "c": 0, "t": 168, "e": 0}, "geometry": {"type": "LineString", "coordinates": [[135.10954, 34.713], [135.1091, 34.71278], [135.10793, 34.71292], [135.10719, 34.71258]]}}, {"type": "Feature", "properties": {"l": 4, "c": 0, "t": 168, "e": 0}, "geometry": {"type": "LineString", "coordinates": [[135.11056, 34.71581], [135.11152, 34.71729]]}}, {"type": "Feature", "properties": {"l": 4, "c": 0, "t": 193, "e": 0}, "geometry": {"type": "LineString", "coordinates": [[135.23084, 34.79791], [135.23116, 34.79766]]}}, {"type": "Feature", "properties": {"l": 4, "c": 0, "t": 193, "e": 0}, "geometry": {"type": "LineString", "coordinates": [[135.15737, 34.76138], [135.1566, 34.7613]]}}, {"type": "Feature", "properties": {"l": 4, "c": 0, "t": 168, "e": 0}, "geometry": {"type": "LineString", "coordinates": [[135.13558, 34.74898], [135.13772, 34.75047]]}}, {"type": "Feature", "properties": {"l": 4, "c": 0, "t": 193, "e": 0}, "geometry": {"type": "LineString", "coordinates": [[135.21504, 34.78364], [135.21643, 34.78422]]}}, {"type": "Feature", "properties": {"l": 4, "c": 0, "t": 193, "e": 0}, "geometry": {"type": "LineString", "coordinates": [[135.19178, 34.76325], [135.19291, 34.76339]]}}, {"type": "Feature", "properties": {"l": 4, "c": 0, "t": 193, "e": 0}, "geometry": {"type": "LineString", "coordinates": [[135.23064, 34.79749], [135.22987, 34.79702]]}}, {"type": "Feature", "properties": {"l": 4, "c": 0, "t": 168, "e": 0}, "geometry": {"type": "LineString", "coordinates": [[135.10533, 34.71166], [135.10727, 34.71313]]}}, {"type": "Feature", "properties": {"l": 4, "c": 0, "t": 168, "e": 0}, "geometry": {"type": "LineString", "coordinates": [[135.1425, 34.75373], [135.14179, 34.7532]]}}, {"type": "Feature", "properties": {"l": 4, "c": 0, "t": 193, "e": 0}, "geometry": {"type": "LineString", "coordinates": [[135.20576, 34.77171], [135.2066, 34.77229]]}}, {"type": "Feature", "properties": {"l": 4, "c": 0, "t": 168, "e": 0}, "geometry": {"type": "LineString", "coordinates": [[135.19312, 34.76334], [135.19177, 34.76316]]}}, {"type": "Feature", "properties": {"l": 4, "c": 0, "t": 168, "e": 0}, "geometry": {"type": "LineString", "coordinates": [[135.10729, 34.715], [135.1076, 34.714]]}}, {"type": "Feature", "properties": {"l": 4, "c": 0, "t": 168, "e": 0}, "geometry": {"type": "LineString", "coordinates": [[135.11166, 34.71722], [135.11066, 34.71577]]}}, {"type": "Feature", "properties": {"l": 4, "c": 0, "t": 168, "e": 0}, "geometry": {"type": "LineString", "coordinates": [[135.12917, 34.73152], [135.12886, 34.73043]]}}, {"type": "Feature", "properties": {"l": 4, "c": 0, "t": 193, "e": 0}, "geometry": {"type": "LineString", "coordinates": [[135.21701, 34.78433], [135.21491, 34.7834]]}}, {"type": "Feature", "properties": {"l": 4, "c": 0, "t": 168, "e": 0}, "geometry": {"type": "LineString", "coordinates": [[135.13779, 34.7504], [135.13565, 34.74891]]}}, {"type": "Feature", "properties": {"l": 4, "c": 0, "t": 193, "e": 0}, "geometry": {"type": "LineString", "coordinates": [[135.21912, 34.78719], [135.21867, 34.78559]]}}, {"type": "Feature", "properties": {"l": 4, "c": 0, "t": 193, "e": 0}, "geometry": {"type": "LineString", "coordinates": [[135.2066, 34.77229], [135.20584, 34.77164]]}}, {"type": "Feature", "properties": {"l": 4, "c": 0, "t": 193, "e": 0}, "geometry": {"type": "LineString", "coordinates": [[135.21643, 34.78422], [135.21689, 34.78438]]}}, {"type": "Feature", "properties": {"l": 4, "c": 0, "t": 168, "e": 0}, "geometry": {"type": "LineString", "coordinates": [[135.12853, 34.7303], [135.12865, 34.73119]]}}, {"type": "Feature", "properties": {"l": 4, "c": 0, "t": 193, "e": 0}, "geometry": {"type": "LineString", "coordinates": [[135.15838, 34.76101], [135.15717, 34.76122]]}}, {"type": "Feature", "properties": {"l": 4, "c": 0, "t": 193, "e": 0}, "geometry": {"type": "LineString", "coordinates": [[135.21315, 34.78314], [135.21362, 34.78294], [135.21491, 34.78357]]}}, {"type": "Feature", "properties": {"l": 4, "c": 0, "t": 193, "e": 0}, "geometry": {"type": "LineString", "coordinates": [[135.20336, 34.77009], [135.20149, 34.76936]]}}, {"type": "Feature", "properties": {"l": 4, "c": 0, "t": 203, "e": 0}, "geometry": {"type": "LineString", "coordinates": [[135.22626, 34.79402], [135.22692, 34.79563]]}}, {"type": "Feature", "properties": {"l": 4, "c": 0, "t": 168, "e": 0}, "geometry": {"type": "LineString", "coordinates": [[135.12723, 34.72857], [135.12824, 34.72974]]}}, {"type": "Feature", "properties": {"l": 4, "c": 0, "t": 168, "e": 0}, "geometry": {"type": "LineString", "coordinates": [[135.16156, 34.75879], [135.15987, 34.75799]]}}, {"type": "Feature", "properties": {"l": 4, "c": 0, "t": 168, "e": 0}, "geometry": {"type": "LineString", "coordinates": [[135.10727, 34.71313], [135.10729, 34.715]]}}, {"type": "Feature", "properties": {"l": 4, "c": 0, "t": 193, "e": 0}, "geometry": {"type": "LineString", "coordinates": [[135.12836, 34.73383], [135.12896, 34.73287]]}}, {"type": "Feature", "properties": {"l": 4, "c": 0, "t": 193, "e": 0}, "geometry": {"type": "LineString", "coordinates": [[135.20136, 34.76942], [135.20315, 34.77052]]}}, {"type": "Feature", "properties": {"l": 4, "c": 0, "t": 168, "e": 0}, "geometry": {"type": "LineString", "coordinates": [[135.22934, 34.79724], [135.22774, 34.7957]]}}, {"type": "Feature", "properties": {"l": 4, "c": 0, "t": 168, "e": 0}, "geometry": {"type": "LineString", "coordinates": [[135.19858, 34.76775], [135.20311, 34.77034]]}}, {"type": "Feature", "properties": {"l": 4, "c": 0, "t": 168, "e": 0}, "geometry": {"type": "LineString", "coordinates": [[135.22724, 34.79528], [135.22764, 34.79575]]}}, {"type": "Feature", "properties": {"l": 4, "c": 0, "t": 168, "e": 0}, "geometry": {"type": "LineString", "coordinates": [[135.15573, 34.75584], [135.15407, 34.75537], [135.15205, 34.75522]]}}, {"type": "Feature", "properties": {"l": 4, "c": 0, "t": 193, "e": 0}, "geometry": {"type": "LineString", "coordinates": [[135.12783, 34.73218], [135.12858, 34.73238]]}}, {"type": "Feature", "properties": {"l": 4, "c": 0, "t": 203, "e": 0}, "geometry": {"type": "LineString", "coordinates": [[135.22707, 34.79634], [135.22706, 34.79796]]}}, {"type": "Feature", "properties": {"l": 4, "c": 0, "t": 184, "e": 0}, "geometry": {"type": "LineString", "coordinates": [[135.10029, 34.70842], [135.09974, 34.70792], [135.09951, 34.7071], [135.10029, 34.70564]]}}, {"type": "Feature", "properties": {"l": 4, "c": 0, "t": 193, "e": 0}, "geometry": {"type": "LineString", "coordinates": [[135.21709, 34.78447], [135.21777, 34.78499], [135.21866, 34.78659]]}}, {"type": "Feature", "properties": {"l": 4, "c": 0, "t": 168, "e": 0}, "geometry": {"type": "LineString", "coordinates": [[135.1584, 34.75723], [135.15621, 34.75597]]}}, {"type": "Feature", "properties": {"l": 4, "c": 0, "t": 193, "e": 0}, "geometry": {"type": "LineString", "coordinates": [[135.20584, 34.77164], [135.20336, 34.77009]]}}, {"type": "Feature", "properties": {"l": 4, "c": 0, "t": 168, "e": 0}, "geometry": {"type": "LineString", "coordinates": [[135.15987, 34.75799], [135.15884, 34.75751], [135.15814, 34.75765]]}}, {"type": "Feature", "properties": {"l": 4, "c": 0, "t": 168, "e": 0}, "geometry": {"type": "LineString", "coordinates": [[135.2032, 34.77019], [135.19865, 34.76769]]}}, {"type": "Feature", "properties": {"l": 4, "c": 0, "t": 168, "e": 0}, "geometry": {"type": "LineString", "coordinates": [[135.10946, 34.71504], [135.11052, 34.71583]]}}, {"type": "Feature", "properties": {"l": 4, "c": 0, "t": 168, "e": 0}, "geometry": {"type": "LineString", "coordinates": [[135.15206, 34.75531], [135.15516, 34.75575]]}}, {"type": "Feature", "properties": {"l": 4, "c": 0, "t": 193, "e": 0}, "geometry": {"type": "LineString", "coordinates": [[135.1566, 34.7613], [135.15615, 34.76109], [135.15609, 34.76069], [135.15724, 34.75887]]}}, {"type": "Feature", "properties": {"l": 4, "c": 0, "t": 193, "e": 0}, "geometry": {"type": "LineString", "coordinates": [[135.21867, 34.78559], [135.21821, 34.78476], [135.2172, 34.78438]]}}, {"type": "Feature", "properties": {"l": 4, "c": 0, "t": 193, "e": 0}, "geometry": {"type": "LineString", "coordinates": [[135.20315, 34.77052], [135.20576, 34.77171]]}}, {"type": "Feature", "properties": {"l": 4, "c": 0, "t": 168, "e": 0}, "geometry": {"type": "LineString", "coordinates": [[135.15724, 34.75887], [135.15855, 34.75783], [135.16068, 34.75859]]}}, {"type": "Feature", "properties": {"l": 4, "c": 0, "t": 193, "e": 0}, "geometry": {"type": "LineString", "coordinates": [[135.12858, 34.73238], [135.12917, 34.73152]]}}, {"type": "Feature", "properties": {"l": 4, "c": 0, "t": 168, "e": 0}, "geometry": {"type": "LineString", "coordinates": [[135.18311, 34.76143], [135.17925, 34.7615], [135.17602, 34.7608]]}}, {"type": "Feature", "properties": {"l": 4, "c": 0, "t": 193, "e": 0}, "geometry": {"type": "LineString", "coordinates": [[135.12747, 34.7302], [135.12744, 34.7303]]}}, {"type": "Feature", "properties": {"l": 4, "c": 0, "t": 168, "e": 0}, "geometry": {"type": "LineString", "coordinates": [[135.1107, 34.71575], [135.10989, 34.71428]]}}, {"type": "Feature", "properties": {"l": 4, "c": 0, "t": 168, "e": 0}, "geometry": {"type": "LineString", "coordinates": [[135.22147, 34.78945], [135.22029, 34.78876], [135.2195, 34.78786], [135.21759, 34.78353]]}}, {"type": "Feature", "properties": {"l": 4, "c": 0, "t": 168, "e": 0}, "geometry": {"type": "LineString", "coordinates": [[135.21738, 34.78385], [135.21936, 34.78794], [135.22017, 34.78885], [135.2214, 34.78956]]}}, {"type": "Feature", "properties": {"l": 4, "c": 0, "t": 193, "e": 0}, "geometry": {"type": "LineString", "coordinates": [[135.23009, 34.79604], [135.23056, 34.79694], [135.23019, 34.7973], [135.22957, 34.79729]]}}, {"type": "Feature", "properties": {"l": 4, "c": 0, "t": 184, "e": 0}, "geometry": {"type": "LineString", "coordinates": [[135.10029, 34.70564], [135.10074, 34.70505]]}}, {"type": "Feature", "properties": {"l": 4, "c": 0, "t": 170, "e": 0}, "geometry": {"type": "LineString", "coordinates": [[135.20733, 34.86699], [135.20765, 34.86689]]}}, {"type": "Feature", "properties": {"l": 4, "c": 0, "t": 170, "e": 0}, "geometry": {"type": "LineString", "coordinates": [[135.2162, 34.85763], [135.21603, 34.85798]]}}, {"type": "Feature", "properties": {"l": 4, "c": 0, "t": 170, "e": 0}, "geometry": {"type": "LineString", "coordinates": [[135.20749, 34.8668], [135.20717, 34.8669]]}}, {"type": "Feature", "properties": {"l": 4, "c": 0, "t": 170, "e": 0}, "geometry": {"type": "LineString", "coordinates": [[135.19514, 34.87518], [135.19535, 34.87486]]}}, {"type": "Feature", "properties": {"l": 4, "c": 0, "t": 171, "e": 0}, "geometry": {"type": "LineString", "coordinates": [[135.21942, 34.84925], [135.21568, 34.84934], [135.21296, 34.8489]]}}, {"type": "Feature", "properties": {"l": 4, "c": 0, "t": 171, "e": 0}, "geometry": {"type": "LineString", "coordinates": [[135.21667, 34.84977], [135.22011, 34.84987]]}}, {"type": "Feature", "properties": {"l": 4, "c": 0, "t": 170, "e": 0}, "geometry": {"type": "LineString", "coordinates": [[135.23126, 34.83968], [135.23093, 34.83985]]}}, {"type": "Feature", "properties": {"l": 4, "c": 0, "t": 170, "e": 0}, "geometry": {"type": "LineString", "coordinates": [[135.22134, 34.85106], [135.22028, 34.85211]]}}, {"type": "Feature", "properties": {"l": 4, "c": 0, "t": 170, "e": 0}, "geometry": {"type": "LineString", "coordinates": [[135.21247, 34.86406], [135.21279, 34.86373]]}}, {"type": "Feature", "properties": {"l": 4, "c": 0, "t": 170, "e": 0}, "geometry": {"type": "LineString", "coordinates": [[135.23088, 34.84004], [135.23121, 34.83987]]}}, {"type": "Feature", "properties": {"l": 4, "c": 0, "t": 170, "e": 0}, "geometry": {"type": "LineString", "coordinates": [[135.21618, 34.85803], [135.21634, 34.85769]]}}, {"type": "Feature", "properties": {"l": 4, "c": 0, "t": 170, "e": 0}, "geometry": {"type": "LineString", "coordinates": [[135.19514, 34.8749], [135.19494, 34.87521]]}}, {"type": "Feature", "properties": {"l": 4, "c": 0, "t": 170, "e": 0}, "geometry": {"type": "LineString", "coordinates": [[135.22815, 34.84175], [135.22683, 34.84316]]}}, {"type": "Feature", "properties": {"l": 4, "c": 0, "t": 170, "e": 0}, "geometry": {"type": "LineString", "coordinates": [[135.22696, 34.84324], [135.22818, 34.84193]]}}, {"type": "Feature", "properties": {"l": 4, "c": 0, "t": 171, "e": 0}, "geometry": {"type": "LineString", "coordinates": [[135.22016, 34.85204], [135.21882, 34.85362]]}}, {"type": "Feature", "properties": {"l": 4, "c": 0, "t": 170, "e": 0}, "geometry": {"type": "LineString", "coordinates": [[135.22032, 34.85229], [135.22147, 34.85115]]}}, {"type": "Feature", "properties": {"l": 4, "c": 0, "t": 170, "e": 0}, "geometry": {"type": "LineString", "coordinates": [[135.22683, 34.84316], [135.22596, 34.84437]]}}, {"type": "Feature", "properties": {"l": 4, "c": 0, "t": 170, "e": 0}, "geometry": {"type": "LineString", "coordinates": [[135.22147, 34.85115], [135.22243, 34.85014]]}}, {"type": "Feature", "properties": {"l": 4, "c": 0, "t": 170, "e": 0}, "geometry": {"type": "LineString", "coordinates": [[135.19535, 34.87486], [135.19733, 34.87072], [135.19907, 34.86902], [135.20138, 34.86805], [135.20733, 34.86699]]}}, {"type": "Feature", "properties": {"l": 4, "c": 0, "t": 170, "e": 0}, "geometry": {"type": "LineString", "coordinates": [[135.21634, 34.85769], [135.21858, 34.85413]]}}, {"type": "Feature", "properties": {"l": 4, "c": 0, "t": 170, "e": 0}, "geometry": {"type": "LineString", "coordinates": [[135.23022, 34.84024], [135.22815, 34.84175]]}}, {"type": "Feature", "properties": {"l": 4, "c": 0, "t": 170, "e": 0}, "geometry": {"type": "LineString", "coordinates": [[135.22818, 34.84193], [135.23088, 34.84004]]}}, {"type": "Feature", "properties": {"l": 4, "c": 0, "t": 170, "e": 0}, "geometry": {"type": "LineString", "coordinates": [[135.20765, 34.86689], [135.21012, 34.86581], [135.21195, 34.86454]]}}, {"type": "Feature", "properties": {"l": 4, "c": 0, "t": 170, "e": 0}, "geometry": {"type": "LineString", "coordinates": [[135.21279, 34.86373], [135.21444, 34.86149], [135.21618, 34.85803]]}}, {"type": "Feature", "properties": {"l": 4, "c": 0, "t": 170, "e": 0}, "geometry": {"type": "LineString", "coordinates": [[135.23121, 34.83987], [135.23541, 34.83849]]}}, {"type": "Feature", "properties": {"l": 4, "c": 0, "t": 181, "e": 0}, "geometry": {"type": "LineString", "coordinates": [[135.2022, 34.80618], [135.20252, 34.80611]]}}, {"type": "Feature", "properties": {"l": 4, "c": 0, "t": 181, "e": 0}, "geometry": {"type": "LineString", "coordinates": [[135.2001, 34.80723], [135.20031, 34.80708]]}}, {"type": "Feature", "properties": {"l": 4, "c": 0, "t": 181, "e": 0}, "geometry": {"type": "LineString", "coordinates": [[135.1999, 34.8073], [135.19922, 34.80781]]}}, {"type": "Feature", "properties": {"l": 4, "c": 0, "t": 164, "e": 0}, "geometry": {"type": "LineString", "coordinates": [[135.19727, 34.84372], [135.19799, 34.84337]]}}, {"type": "Feature", "properties": {"l": 4, "c": 0, "t": 192, "e": 0}, "geometry": {"type": "LineString", "coordinates": [[135.0998, 34.82035], [135.10288, 34.82111]]}}, {"type": "Feature", "properties": {"l": 4, "c": 0, "t": 192, "e": 0}, "geometry": {"type": "LineString", "coordinates": [[135.20895, 34.84707], [135.2082, 34.84662]]}}, {"type": "Feature", "properties": {"l": 4, "c": 0, "t": 192, "e": 0}, "geometry": {"type": "LineString", "coordinates": [[135.11522, 34.82045], [135.1134, 34.82059]]}}, {"type": "Feature", "properties": {"l": 4, "c": 0, "t": 192, "e": 0}, "geometry": {"type": "LineString", "coordinates": [[135.11342, 34.82069], [135.11522, 34.82056]]}}, {"type": "Feature", "properties": {"l": 4, "c": 0, "t": 192, "e": 0}, "geometry": {"type": "LineString", "coordinates": [[135.10291, 34.821], [135.09965, 34.8202]]}}, {"type": "Feature", "properties": {"l": 4, "c": 0, "t": 192, "e": 0}, "geometry": {"type": "LineString", "coordinates": [[135.16249, 34.83169], [135.16595, 34.8309]]}}, {"type": "Feature", "properties": {"l": 4, "c": 0, "t": 192, "e": 0}, "geometry": {"type": "LineString", "coordinates": [[135.16588, 34.83079], [135.16247, 34.83158]]}}, {"type": "Feature", "properties": {"l": 4, "c": 0, "t": 192, "e": 0}, "geometry": {"type": "LineString", "coordinates": [[135.13513, 34.82075], [135.13411, 34.82092]]}}, {"type": "Feature", "properties": {"l": 4, "c": 0, "t": 164, "e": 0}, "geometry": {"type": "LineString", "coordinates": [[135.1985, 34.83993], [135.19816, 34.84034]]}}, {"type": "Feature", "properties": {"l": 4, "c": 0, "t": 192, "e": 0}, "geometry": {"type": "LineString", "coordinates": [[135.13414, 34.82104], [135.13515, 34.82086]]}}, {"type": "Feature", "properties": {"l": 4, "c": 0, "t": 192, "e": 0}, "geometry": {"type": "LineString", "coordinates": [[135.1272, 34.82215], [135.13088, 34.82174]]}}, {"type": "Feature", "properties": {"l": 4, "c": 0, "t": 192, "e": 0}, "geometry": {"type": "LineString", "coordinates": [[135.13087, 34.82163], [135.12718, 34.82204]]}}, {"type": "Feature", "properties": {"l": 4, "c": 0, "t": 192, "e": 0}, "geometry": {"type": "LineString", "coordinates": [[135.16247, 34.83158], [135.1584, 34.83173], [135.15468, 34.83081], [135.15078, 34.82856], [135.1459, 34.82373], [135.14372, 34.82221], [135.13963, 34.82081], [135.13513, 34.82075]]}}, {"type": "Feature", "properties": {"l": 4, "c": 0, "t": 192, "e": 0}, "geometry": {"type": "LineString", "coordinates": [[135.13515, 34.82086], [135.13902, 34.82083], [135.14314, 34.82204], [135.14581, 34.8238], [135.15069, 34.82864], [135.15462, 34.8309], [135.15837, 34.83183], [135.16249, 34.83169]]}}, {"type": "Feature", "properties": {"l": 4, "c": 0, "t": 192, "e": 0}, "geometry": {"type": "LineString", "coordinates": [[135.13088, 34.82174], [135.13414, 34.82104]]}}, {"type": "Feature", "properties": {"l": 4, "c": 0, "t": 192, "e": 0}, "geometry": {"type": "LineString", "coordinates": [[135.13411, 34.82092], [135.13087, 34.82163]]}}, {"type": "Feature", "properties": {"l": 4, "c": 0, "t": 192, "e": 0}, "geometry": {"type": "LineString", "coordinates": [[135.11522, 34.82056], [135.11857, 34.82075], [135.12389, 34.82186], [135.1272, 34.82215]]}}, {"type": "Feature", "properties": {"l": 4, "c": 0, "t": 192, "e": 0}, "geometry": {"type": "LineString", "coordinates": [[135.12718, 34.82204], [135.12392, 34.82175], [135.11858, 34.82064], [135.11522, 34.82045]]}}, {"type": "Feature", "properties": {"l": 4, "c": 0, "t": 192, "e": 0}, "geometry": {"type": "LineString", "coordinates": [[135.10288, 34.82111], [135.10737, 34.82141], [135.11342, 34.82069]]}}, {"type": "Feature", "properties": {"l": 4, "c": 0, "t": 192, "e": 0}, "geometry": {"type": "LineString", "coordinates": [[135.1134, 34.82059], [135.10738, 34.8213], [135.10291, 34.821]]}}, {"type": "Feature", "properties": {"l": 4, "c": 0, "t": 181, "e": 0}, "geometry": {"type": "LineString", "coordinates": [[135.22144, 34.80396], [135.22159, 34.80391]]}}, {"type": "Feature", "properties": {"l": 4, "c": 0, "t": 181, "e": 0}, "geometry": {"type": "LineString", "coordinates": [[135.20302, 34.80594], [135.2025, 34.80605]]}}, {"type": "Feature", "properties": {"l": 4, "c": 0, "t": 181, "e": 0}, "geometry": {"type": "LineString", "coordinates": [[135.20413, 34.80586], [135.2062, 34.80558]]}}, {"type": "Feature", "properties": {"l": 4, "c": 0, "t": 181, "e": 0}, "geometry": {"type": "LineString", "coordinates": [[135.20619, 34.8055], [135.20413, 34.80576]]}}, {"type": "Feature", "properties": {"l": 4, "c": 0, "t": 181, "e": 0}, "geometry": {"type": "LineString", "coordinates": [[135.21328, 34.80516], [135.21178, 34.80523]]}}, {"type": "Feature", "properties": {"l": 4, "c": 0, "t": 181, "e": 0}, "geometry": {"type": "LineString", "coordinates": [[135.20825, 34.80544], [135.21137, 34.80533]]}}, {"type": "Feature", "properties": {"l": 4, "c": 0, "t": 203, "e": 0}, "geometry": {"type": "LineString", "coordinates": [[135.21331, 34.80524], [135.21804, 34.80472], [135.22144, 34.80396]]}}, {"type": "Feature", "properties": {"l": 4, "c": 0, "t": 203, "e": 0}, "geometry": {"type": "LineString", "coordinates": [[135.22132, 34.80376], [135.21792, 34.80466], [135.21328, 34.80516]]}}, {"type": "Feature", "properties": {"l": 4, "c": 0, "t": 203, "e": 0}, "geometry": {"type": "LineString", "coordinates": [[135.21442, 34.80377], [135.21497, 34.80482], [135.21658, 34.80525]]}}, {"type": "Feature", "properties": {"l": 4, "c": 0, "t": 203, "e": 0}, "geometry": {"type": "LineString", "coordinates": [[135.21735, 34.80462], [135.21677, 34.80472]]}}, {"type": "Feature", "properties": {"l": 4, "c": 0, "t": 203, "e": 0}, "geometry": {"type": "LineString", "coordinates": [[135.2179, 34.8049], [135.21973, 34.80438]]}}, {"type": "Feature", "properties": {"l": 4, "c": 0, "t": 203, "e": 0}, "geometry": {"type": "LineString", "coordinates": [[135.21658, 34.80525], [135.21682, 34.80521]]}}, {"type": "Feature", "properties": {"l": 4, "c": 0, "t": 203, "e": 0}, "geometry": {"type": "LineString", "coordinates": [[135.21437, 34.80489], [135.21451, 34.80488]]}}, {"type": "Feature", "properties": {"l": 4, "c": 0, "t": 203, "e": 0}, "geometry": {"type": "LineString", "coordinates": [[135.21682, 34.80521], [135.2179, 34.8049]]}}, {"type": "Feature", "properties": {"l": 4, "c": 0, "t": 181, "e": 0}, "geometry": {"type": "LineString", "coordinates": [[135.20254, 34.80616], [135.20295, 34.80607]]}}, {"type": "Feature", "properties": {"l": 4, "c": 0, "t": 181, "e": 0}, "geometry": {"type": "LineString", "coordinates": [[135.20215, 34.80612], [135.20175, 34.80622]]}}, {"type": "Feature", "properties": {"l": 4, "c": 0, "t": 203, "e": 0}, "geometry": {"type": "LineString", "coordinates": [[135.20413, 34.80576], [135.20362, 34.80584]]}}, {"type": "Feature", "properties": {"l": 4, "c": 0, "t": 203, "e": 0}, "geometry": {"type": "LineString", "coordinates": [[135.2062, 34.80558], [135.20825, 34.80544]]}}, {"type": "Feature", "properties": {"l": 4, "c": 0, "t": 203, "e": 0}, "geometry": {"type": "LineString", "coordinates": [[135.20824, 34.80535], [135.20619, 34.8055]]}}, {"type": "Feature", "properties": {"l": 4, "c": 0, "t": 203, "e": 0}, "geometry": {"type": "LineString", "coordinates": [[135.22065, 34.80399], [135.21735, 34.80462]]}}, {"type": "Feature", "properties": {"l": 4, "c": 0, "t": 203, "e": 0}, "geometry": {"type": "LineString", "coordinates": [[135.21677, 34.80472], [135.2152, 34.80468], [135.21449, 34.80386]]}}, {"type": "Feature", "properties": {"l": 4, "c": 7, "t": 178, "e": 0}, "geometry": {"type": "LineString", "coordinates": [[135.42148, 34.80948], [135.42362, 34.80616], [135.42527, 34.80216]]}}, {"type": "Feature", "properties": {"l": 4, "c": 7, "t": 178, "e": 0}, "geometry": {"type": "LineString", "coordinates": [[135.42009, 34.81155], [135.4172, 34.81779], [135.41608, 34.82179], [135.4166, 34.82272], [135.42071, 34.82625], [135.42194, 34.82768], [135.4257, 34.83634]]}}, {"type": "Feature", "properties": {"l": 4, "c": 0, "t": 177, "e": 0}, "geometry": {"type": "LineString", "coordinates": [[134.96016, 34.70216], [134.96444, 34.69983], [134.9673, 34.69744], [134.96864, 34.6953], [134.97008, 34.69135], [134.97117, 34.68985]]}}, {"type": "Feature", "properties": {"l": 4, "c": 0, "t": 164, "e": 0}, "geometry": {"type": "LineString", "coordinates": [[134.98243, 34.68521], [134.98228, 34.68554], [134.98173, 34.68563]]}}, {"type": "Feature", "properties": {"l": 4, "c": 0, "t": 164, "e": 0}, "geometry": {"type": "LineString", "coordinates": [[134.97953, 34.68542], [134.98009, 34.68576], [134.98098, 34.68578]]}}, {"type": "Feature", "properties": {"l": 4, "c": 0, "t": 177, "e": 0}, "geometry": {"type": "LineString", "coordinates": [[134.90782, 34.7166], [134.9261, 34.71576]]}}, {"type": "Feature", "properties": {"l": 4, "c": 0, "t": 164, "e": 0}, "geometry": {"type": "LineString", "coordinates": [[134.98258, 34.68554], [134.98293, 34.68504], [134.98274, 34.68559]]}}, {"type": "Feature", "properties": {"l": 4, "c": 0, "t": 164, "e": 0}, "geometry": {"type": "LineString", "coordinates": [[134.97935, 34.68515], [134.97953, 34.68542]]}}, {"type": "Feature", "properties": {"l": 4, "c": 0, "t": 164, "e": 0}, "geometry": {"type": "LineString", "coordinates": [[134.9796, 34.68538], [134.97942, 34.6851]]}}, {"type": "Feature", "properties": {"l": 4, "c": 0, "t": 164, "e": 0}, "geometry": {"type": "LineString", "coordinates": [[134.97796, 34.68616], [134.97918, 34.68569], [134.98058, 34.6858]]}}, {"type": "Feature", "properties": {"l": 4, "c": 0, "t": 164, "e": 0}, "geometry": {"type": "LineString", "coordinates": [[134.98113, 34.68437], [134.97952, 34.6844], [134.97923, 34.68468], [134.97935, 34.68515]]}}, {"type": "Feature", "properties": {"l": 4, "c": 0, "t": 164, "e": 0}, "geometry": {"type": "LineString", "coordinates": [[134.97942, 34.6851], [134.97938, 34.68458], [134.97985, 34.68448], [134.97998, 34.68479], [134.97915, 34.6854]]}}, {"type": "Feature", "properties": {"l": 4, "c": 0, "t": 191, "e": 1}, "geometry": {"type": "LineString", "coordinates": [[135.15621, 34.69713], [135.15643, 34.69721]]}}, {"type": "Feature", "properties": {"l": 4, "c": 0, "t": 191, "e": 1}, "geometry": {"type": "LineString", "coordinates": [[135.15291, 34.69631], [135.15419, 34.69655]]}}, {"type": "Feature", "properties": {"l": 4, "c": 0, "t": 191, "e": 1}, "geometry": {"type": "LineString", "coordinates": [[135.15643, 34.69721], [135.15917, 34.69828], [135.16282, 34.69888]]}}, {"type": "Feature", "properties": {"l": 4, "c": 0, "t": 191, "e": 1}, "geometry": {"type": "LineString", "coordinates": [[135.15539, 34.69686], [135.15621, 34.69713]]}}, {"type": "Feature", "properties": {"l": 4, "c": 0, "t": 191, "e": 1}, "geometry": {"type": "LineString", "coordinates": [[135.16282, 34.69888], [135.16317, 34.69891]]}}, {"type": "Feature", "properties": {"l": 4, "c": 0, "t": 191, "e": 1}, "geometry": {"type": "LineString", "coordinates": [[135.15419, 34.69655], [135.15539, 34.69686]]}}, {"type": "Feature", "properties": {"l": 4, "c": 0, "t": 191, "e": 1}, "geometry": {"type": "LineString", "coordinates": [[135.16379, 34.69895], [135.16464, 34.69909]]}}, {"type": "Feature", "properties": {"l": 4, "c": 0, "t": 201, "e": 0}, "geometry": {"type": "LineString", "coordinates": [[135.15781, 34.76167], [135.15818, 34.76132]]}}, {"type": "Feature", "properties": {"l": 4, "c": 0, "t": 201, "e": 0}, "geometry": {"type": "LineString", "coordinates": [[135.15818, 34.76132], [135.15838, 34.76101]]}}, {"type": "Feature", "properties": {"l": 4, "c": 0, "t": 191, "e": 1}, "geometry": {"type": "LineString", "coordinates": [[135.1666, 34.69929], [135.16496, 34.69907]]}}, {"type": "Feature", "properties": {"l": 4, "c": 0, "t": 190, "e": 1}, "geometry": {"type": "LineString", "coordinates": [[135.15838, 34.76132], [135.15659, 34.76139], [135.15576, 34.76103]]}}, {"type": "Feature", "properties": {"l": 4, "c": 0, "t": 193, "e": 0}, "geometry": {"type": "LineString", "coordinates": [[135.15717, 34.76122], [135.1566, 34.7613]]}}, {"type": "Feature", "properties": {"l": 4, "c": 0, "t": 168, "e": 0}, "geometry": {"type": "LineString", "coordinates": [[135.1584, 34.75761], [135.1584, 34.75723]]}}, {"type": "Feature", "properties": {"l": 4, "c": 0, "t": 168, "e": 0}, "geometry": {"type": "LineString", "coordinates": [[135.15724, 34.75887], [135.1584, 34.75761]]}}, {"type": "Feature", "properties": {"l": 4, "c": 0, "t": 190, "e": 0}, "geometry": {"type": "LineString", "coordinates": [[135.15604, 34.76152], [135.15738, 34.76159]]}}, {"type": "Feature", "properties": {"l": 4, "c": 0, "t": 173, "e": 0}, "geometry": {"type": "LineString", "coordinates": [[135.03759, 34.67527], [135.03464, 34.6773], [135.02953, 34.67951]]}}, {"type": "Feature", "properties": {"l": 4, "c": 0, "t": 173, "e": 0}, "geometry": {"type": "LineString", "coordinates": [[135.04494, 34.67274], [135.04959, 34.6726], [135.05609, 34.67069]]}}, {"type": "Feature", "properties": {"l": 4, "c": 0, "t": 173, "e": 0}, "geometry": {"type": "LineString", "coordinates": [[135.0296, 34.67958], [135.0347, 34.67737], [135.03766, 34.67535]]}}, {"type": "Feature", "properties": {"l": 4, "c": 0, "t": 173, "e": 0}, "geometry": {"type": "LineString", "coordinates": [[135.0403, 34.67372], [135.03759, 34.67527]]}}, {"type": "Feature", "properties": {"l": 4, "c": 0, "t": 173, "e": 0}, "geometry": {"type": "LineString", "coordinates": [[135.03766, 34.67535], [135.04034, 34.6738]]}}, {"type": "Feature", "properties": {"l": 4, "c": 0, "t": 173, "e": 0}, "geometry": {"type": "LineString", "coordinates": [[135.04493, 34.67265], [135.04259, 34.67298], [135.0403, 34.67372]]}}, {"type": "Feature", "properties": {"l": 4, "c": 0, "t": 173, "e": 0}, "geometry": {"type": "LineString", "coordinates": [[135.04034, 34.6738], [135.04262, 34.67307], [135.04494, 34.67274]]}}, {"type": "Feature", "properties": {"l": 4, "c": 0, "t": 173, "e": 0}, "geometry": {"type": "LineString", "coordinates": [[135.02953, 34.67951], [135.02692, 34.68197]]}}, {"type": "Feature", "properties": {"l": 4, "c": 0, "t": 177, "e": 0}, "geometry": {"type": "LineString", "coordinates": [[135.07311, 34.64766], [135.07562, 34.64779], [135.07855, 34.64912]]}}, {"type": "Feature", "properties": {"l": 4, "c": 0, "t": 177, "e": 0}, "geometry": {"type": "LineString", "coordinates": [[135.07302, 34.64754], [135.07273, 34.64755]]}}, {"type": "Feature", "properties": {"l": 4, "c": 0, "t": 177, "e": 0}, "geometry": {"type": "LineString", "coordinates": [[135.07281, 34.64766], [135.07311, 34.64766]]}}, {"type": "Feature", "properties": {"l": 4, "c": 0, "t": 177, "e": 0}, "geometry": {"type": "LineString", "coordinates": [[135.07113, 34.64772], [135.07281, 34.64766]]}}, {"type": "Feature", "properties": {"l": 4, "c": 0, "t": 177, "e": 0}, "geometry": {"type": "LineString", "coordinates": [[135.07009, 34.64763], [135.06714, 34.64774]]}}, {"type": "Feature", "properties": {"l": 4, "c": 0, "t": 164, "e": 0}, "geometry": {"type": "LineString", "coordinates": [[135.02859, 34.68668], [135.02453, 34.6858], [135.02285, 34.68515], [135.02198, 34.68548]]}}, {"type": "Feature", "properties": {"l": 4, "c": 0, "t": 164, "e": 0}, "geometry": {"type": "LineString", "coordinates": [[135.02198, 34.68548], [135.02285, 34.68519], [135.02547, 34.68625], [135.02857, 34.68679]]}}, {"type": "Feature", "properties": {"l": 4, "c": 0, "t": 164, "e": 0}, "geometry": {"type": "LineString", "coordinates": [[135.07319, 34.64777], [135.0739, 34.64778]]}}, {"type": "Feature", "properties": {"l": 4, "c": 0, "t": 164, "e": 0}, "geometry": {"type": "LineString", "coordinates": [[135.07707, 34.64803], [135.07542, 34.64747], [135.07348, 34.64736], [135.07215, 34.6467], [135.07016, 34.64693]]}}, {"type": "Feature", "properties": {"l": 4, "c": 0, "t": 164, "e": 0}, "geometry": {"type": "LineString", "coordinates": [[135.07289, 34.64776], [135.07319, 34.64777]]}}, {"type": "Feature", "properties": {"l": 4, "c": 0, "t": 164, "e": 0}, "geometry": {"type": "LineString", "coordinates": [[135.07752, 34.64829], [135.07707, 34.64803]]}}, {"type": "Feature", "properties": {"l": 4, "c": 0, "t": 164, "e": 0}, "geometry": {"type": "LineString", "coordinates": [[135.07698, 34.6485], [135.07825, 34.6491]]}}, {"type": "Feature", "properties": {"l": 4, "c": 0, "t": 164, "e": 0}, "geometry": {"type": "LineString", "coordinates": [[135.04368, 34.67302], [135.04502, 34.67284]]}}, {"type": "Feature", "properties": {"l": 4, "c": 0, "t": 164, "e": 0}, "geometry": {"type": "LineString", "coordinates": [[135.06826, 34.66518], [135.06875, 34.66323]]}}, {"type": "Feature", "properties": {"l": 4, "c": 0, "t": 164, "e": 0}, "geometry": {"type": "LineString", "coordinates": [[135.06806, 34.66356], [135.06826, 34.66518]]}}, {"type": "Feature", "properties": {"l": 4, "c": 0, "t": 164, "e": 0}, "geometry": {"type": "LineString", "coordinates": [[135.07709, 34.64811], [135.07272, 34.6492]]}}, {"type": "Feature", "properties": {"l": 4, "c": 0, "t": 164, "e": 0}, "geometry": {"type": "LineString", "coordinates": [[135.04502, 34.67284], [135.04897, 34.67268]]}}, {"type": "Feature", "properties": {"l": 4, "c": 0, "t": 192, "e": 0}, "geometry": {"type": "LineString", "coordinates": [[135.0761, 34.81279], [135.07701, 34.81408], [135.08085, 34.81631]]}}, {"type": "Feature", "properties": {"l": 4, "c": 0, "t": 164, "e": 0}, "geometry": {"type": "LineString", "coordinates": [[135.10752, 34.68531], [135.10684, 34.68488], [135.10636, 34.68565]]}}, {"type": "Feature", "properties": {"l": 4, "c": 0, "t": 189, "e": 0}, "geometry": {"type": "LineString", "coordinates": [[135.10701, 34.68564], [135.10736, 34.68495], [135.10682, 34.68458]]}}, {"type": "Feature", "properties": {"l": 4, "c": 0, "t": 189, "e": 0}, "geometry": {"type": "LineString", "coordinates": [[135.11067, 34.67585], [135.10948, 34.67649]]}}, {"type": "Feature", "properties": {"l": 4, "c": 0, "t": 164, "e": 0}, "geometry": {"type": "LineString", "coordinates": [[135.1061, 34.68753], [135.10697, 34.6862]]}}, {"type": "Feature", "properties": {"l": 4, "c": 0, "t": 164, "e": 0}, "geometry": {"type": "LineString", "coordinates": [[135.108, 34.67839], [135.10816, 34.67791], [135.10963, 34.6767]]}}, {"type": "Feature", "properties": {"l": 4, "c": 0, "t": 189, "e": 0}, "geometry": {"type": "LineString", "coordinates": [[135.10612, 34.68586], [135.10585, 34.68745]]}}, {"type": "Feature", "properties": {"l": 4, "c": 0, "t": 189, "e": 0}, "geometry": {"type": "LineString", "coordinates": [[135.10963, 34.6767], [135.11114, 34.67584]]}}, {"type": "Feature", "properties": {"l": 4, "c": 0, "t": 189, "e": 0}, "geometry": {"type": "LineString", "coordinates": [[135.10948, 34.67649], [135.10811, 34.67758], [135.108, 34.67839]]}}, {"type": "Feature", "properties": {"l": 4, "c": 0, "t": 189, "e": 0}, "geometry": {"type": "LineString", "coordinates": [[135.10771, 34.68336], [135.10612, 34.68586]]}}, {"type": "Feature", "properties": {"l": 4, "c": 0, "t": 164, "e": 0}, "geometry": {"type": "LineString", "coordinates": [[135.10697, 34.6862], [135.10789, 34.68309]]}}, {"type": "Feature", "properties": {"l": 4, "c": 0, "t": 184, "e": 0}, "geometry": {"type": "LineString", "coordinates": [[135.10777, 34.67943], [135.10786, 34.67843], [135.10842, 34.67748], [135.11206, 34.6751]]}}, {"type": "Feature", "properties": {"l": 4, "c": 0, "t": 184, "e": 0}, "geometry": {"type": "LineString", "coordinates": [[135.11349, 34.67373], [135.11434, 34.67322]]}}, {"type": "Feature", "properties": {"l": 4, "c": 0, "t": 184, "e": 0}, "geometry": {"type": "LineString", "coordinates": [[135.11206, 34.6751], [135.11349, 34.67373]]}}, {"type": "Feature", "properties": {"l": 4, "c": 0, "t": 184, "e": 0}, "geometry": {"type": "LineString", "coordinates": [[135.10766, 34.67943], [135.10771, 34.68336]]}}, {"type": "Feature", "properties": {"l": 4, "c": 0, "t": 177, "e": 0}, "geometry": {"type": "LineString", "coordinates": [[135.03326, 34.6574], [135.03235, 34.65818]]}}, {"type": "Feature", "properties": {"l": 4, "c": 0, "t": 177, "e": 0}, "geometry": {"type": "LineString", "coordinates": [[135.03334, 34.65746], [135.03743, 34.65283]]}}, {"type": "Feature", "properties": {"l": 4, "c": 0, "t": 168, "e": 0}, "geometry": {"type": "LineString", "coordinates": [[135.07637, 34.69284], [135.07688, 34.69399], [135.07554, 34.69484], [135.07453, 34.69603]]}}, {"type": "Feature", "properties": {"l": 4, "c": 0, "t": 162, "e": 0}, "geometry": {"type": "LineString", "coordinates": [[135.07435, 34.69653], [135.07561, 34.69529], [135.07755, 34.6947]]}}, {"type": "Feature", "properties": {"l": 4, "c": 0, "t": 162, "e": 0}, "geometry": {"type": "LineString", "coordinates": [[135.0751, 34.69056], [135.0751, 34.69119], [135.07745, 34.69221], [135.07695, 34.69268], [135.07576, 34.69202]]}}, {"type": "Feature", "properties": {"l": 4, "c": 0, "t": 162, "e": 0}, "geometry": {"type": "LineString", "coordinates": [[135.07751, 34.69331], [135.07783, 34.69297], [135.07759, 34.69212], [135.07521, 34.69118], [135.07519, 34.6906]]}}, {"type": "Feature", "properties": {"l": 4, "c": 0, "t": 164, "e": 0}, "geometry": {"type": "LineString", "coordinates": [[135.05186, 34.6474], [135.05153, 34.6476]]}}, {"type": "Feature", "properties": {"l": 4, "c": 0, "t": 164, "e": 0}, "geometry": {"type": "LineString", "coordinates": [[135.0758, 34.695], [135.07772, 34.69449], [135.07959, 34.69462]]}}, {"type": "Feature", "properties": {"l": 4, "c": 0, "t": 164, "e": 0}, "geometry": {"type": "LineString", "coordinates": [[135.08, 34.69422], [135.07961, 34.6939], [135.07865, 34.69389], [135.07616, 34.69471]]}}, {"type": "Feature", "properties": {"l": 4, "c": 0, "t": 168, "e": 0}, "geometry": {"type": "LineString", "coordinates": [[135.07843, 34.69431], [135.08091, 34.69482]]}}, {"type": "Feature", "properties": {"l": 4, "c": 0, "t": 168, "e": 0}, "geometry": {"type": "LineString", "coordinates": [[135.06818, 34.7007], [135.06508, 34.70042]]}}, {"type": "Feature", "properties": {"l": 4, "c": 0, "t": 168, "e": 0}, "geometry": {"type": "LineString", "coordinates": [[135.07435, 34.69653], [135.07604, 34.69487], [135.07843, 34.69431]]}}, {"type": "Feature", "properties": {"l": 4, "c": 0, "t": 167, "e": 0}, "geometry": {"type": "LineString", "coordinates": [[135.07256, 34.69011], [135.07453, 34.69428]]}}, {"type": "Feature", "properties": {"l": 4, "c": 0, "t": 167, "e": 0}, "geometry": {"type": "LineString", "coordinates": [[135.07267, 34.69005], [135.06573, 34.67988]]}}, {"type": "Feature", "properties": {"l": 4, "c": 0, "t": 164, "e": 0}, "geometry": {"type": "LineString", "coordinates": [[135.05004, 34.69667], [135.05184, 34.69767], [135.05256, 34.69863], [135.05413, 34.6986], [135.05564, 34.69913]]}}, {"type": "Feature", "properties": {"l": 4, "c": 0, "t": 164, "e": 0}, "geometry": {"type": "LineString", "coordinates": [[135.05561, 34.69863], [135.05401, 34.69806], [135.0534, 34.6973], [135.05203, 34.69731]]}}, {"type": "Feature", "properties": {"l": 4, "c": 0, "t": 164, "e": 0}, "geometry": {"type": "LineString", "coordinates": [[135.05558, 34.69816], [135.05515, 34.69839]]}}, {"type": "Feature", "properties": {"l": 4, "c": 0, "t": 164, "e": 0}, "geometry": {"type": "LineString", "coordinates": [[135.0598, 34.69965], [135.05913, 34.69951]]}}, {"type": "Feature", "properties": {"l": 4, "c": 0, "t": 164, "e": 0}, "geometry": {"type": "LineString", "coordinates": [[135.05561, 34.69867], [135.05668, 34.69936], [135.05862, 34.69964]]}}, {"type": "Feature", "properties": {"l": 4, "c": 0, "t": 166, "e": 0}, "geometry": {"type": "LineString", "coordinates": [[135.15993, 34.66218], [135.15464, 34.65903]]}}, {"type": "Feature", "properties": {"l": 4, "c": 0, "t": 191, "e": 1}, "geometry": {"type": "LineString", "coordinates": [[135.17577, 34.70384], [135.17248, 34.70217], [135.16929, 34.69995], [135.1666, 34.69929]]}}, {"type": "Feature", "properties": {"l": 4, "c": 0, "t": 191, "e": 1}, "geometry": {"type": "LineString", "coordinates": [[135.14466, 34.69704], [135.14577, 34.69714]]}}, {"type": "Feature", "properties": {"l": 4, "c": 0, "t": 191, "e": 1}, "geometry": {"type": "LineString", "coordinates": [[135.14577, 34.69714], [135.14669, 34.69719]]}}, {"type": "Feature", "properties": {"l": 4, "c": 0, "t": 191, "e": 1}, "geometry": {"type": "LineString", "coordinates": [[135.14669, 34.69719], [135.14936, 34.69637]]}}, {"type": "Feature", "properties": {"l": 4, "c": 0, "t": 167, "e": 0}, "geometry": {"type": "LineString", "coordinates": [[135.08616, 34.7269], [135.08756, 34.72435], [135.09151, 34.71871], [135.09236, 34.71686], [135.09251, 34.715], [135.09211, 34.71345], [135.08995, 34.71067]]}}, {"type": "Feature", "properties": {"l": 4, "c": 0, "t": 167, "e": 0}, "geometry": {"type": "LineString", "coordinates": [[135.08607, 34.72714], [135.08616, 34.7269]]}}, {"type": "Feature", "properties": {"l": 4, "c": 0, "t": 172, "e": 0}, "geometry": {"type": "LineString", "coordinates": [[135.08259, 34.79876], [135.08132, 34.80126], [135.07761, 34.80645]]}}, {"type": "Feature", "properties": {"l": 4, "c": 0, "t": 172, "e": 0}, "geometry": {"type": "LineString", "coordinates": [[135.08521, 34.73329], [135.08627, 34.7368], [135.08978, 34.74212]]}}, {"type": "Feature", "properties": {"l": 4, "c": 0, "t": 167, "e": 0}, "geometry": {"type": "LineString", "coordinates": [[135.08603, 34.7269], [135.08593, 34.72713]]}}, {"type": "Feature", "properties": {"l": 4, "c": 0, "t": 164, "e": 0}, "geometry": {"type": "LineString", "coordinates": [[135.08396, 34.72829], [135.08376, 34.72946]]}}, {"type": "Feature", "properties": {"l": 4, "c": 0, "t": 164, "e": 0}, "geometry": {"type": "LineString", "coordinates": [[135.08586, 34.72689], [135.08574, 34.72712]]}}, {"type": "Feature", "properties": {"l": 4, "c": 0, "t": 164, "e": 0}, "geometry": {"type": "LineString", "coordinates": [[135.08613, 34.72714], [135.08622, 34.7269]]}}, {"type": "Feature", "properties": {"l": 4, "c": 0, "t": 164, "e": 0}, "geometry": {"type": "LineString", "coordinates": [[135.08622, 34.7269], [135.08634, 34.72649]]}}, {"type": "Feature", "properties": {"l": 4, "c": 0, "t": 168, "e": 0}, "geometry": {"type": "LineString", "coordinates": [[135.10801, 34.71351], [135.10774, 34.71377]]}}, {"type": "Feature", "properties": {"l": 4, "c": 0, "t": 168, "e": 0}, "geometry": {"type": "LineString", "coordinates": [[135.10833, 34.71319], [135.10801, 34.71351]]}}, {"type": "Feature", "properties": {"l": 4, "c": 0, "t": 168, "e": 0}, "geometry": {"type": "LineString", "coordinates": [[135.10774, 34.71377], [135.10755, 34.71396]]}}, {"type": "Feature", "properties": {"l": 4, "c": 0, "t": 168, "e": 0}, "geometry": {"type": "LineString", "coordinates": [[135.10755, 34.71396], [135.1073, 34.71455]]}}, {"type": "Feature", "properties": {"l": 4, "c": 0, "t": 184, "e": 0}, "geometry": {"type": "LineString", "coordinates": [[135.15291, 34.65811], [135.15243, 34.65769], [135.15258, 34.65702]]}}, {"type": "Feature", "properties": {"l": 4, "c": 5, "t": 185, "e": 1}, "geometry": {"type": "LineString", "coordinates": [[135.2779, 34.78067], [135.27632, 34.78058]]}}, {"type": "Feature", "properties": {"l": 4, "c": 5, "t": 185, "e": 1}, "geometry": {"type": "LineString", "coordinates": [[135.28496, 34.76635], [135.28497, 34.76606]]}}, {"type": "Feature", "properties": {"l": 4, "c": 5, "t": 185, "e": 1}, "geometry": {"type": "LineString", "coordinates": [[135.28497, 34.76606], [135.28447, 34.76406], [135.28489, 34.76326], [135.286, 34.76308]]}}, {"type": "Feature", "properties": {"l": 4, "c": 5, "t": 185, "e": 1}, "geometry": {"type": "LineString", "coordinates": [[135.28209, 34.77084], [135.28203, 34.77029], [135.28311, 34.76852], [135.28324, 34.76735], [135.28364, 34.76718], [135.28453, 34.76758]]}}, {"type": "Feature", "properties": {"l": 4, "c": 5, "t": 185, "e": 1}, "geometry": {"type": "LineString", "coordinates": [[135.28396, 34.77209], [135.28374, 34.77185]]}}, {"type": "Feature", "properties": {"l": 4, "c": 2, "t": 164, "e": 0}, "geometry": {"type": "LineString", "coordinates": [[135.3673, 34.80346], [135.36634, 34.80339], [135.36666, 34.80289], [135.36723, 34.80338]]}}, {"type": "Feature", "properties": {"l": 4, "c": 2, "t": 164, "e": 0}, "geometry": {"type": "LineString", "coordinates": [[135.3661, 34.80397], [135.36714, 34.80386], [135.36783, 34.80464]]}}, {"type": "Feature", "properties": {"l": 4, "c": 2, "t": 164, "e": 0}, "geometry": {"type": "LineString", "coordinates": [[135.36835, 34.80562], [135.36825, 34.80655], [135.36472, 34.80924]]}}, {"type": "Feature", "properties": {"l": 4, "c": 2, "t": 170, "e": 0}, "geometry": {"type": "LineString", "coordinates": [[135.33759, 34.81941], [135.33522, 34.82035]]}}, {"type": "Feature", "properties": {"l": 4, "c": 2, "t": 170, "e": 0}, "geometry": {"type": "LineString", "coordinates": [[135.33527, 34.82074], [135.3386, 34.81944]]}}, {"type": "Feature", "properties": {"l": 4, "c": 2, "t": 170, "e": 0}, "geometry": {"type": "LineString", "coordinates": [[135.3349, 34.8205], [135.3335, 34.82115]]}}, {"type": "Feature", "properties": {"l": 4, "c": 2, "t": 164, "e": 0}, "geometry": {"type": "LineString", "coordinates": [[135.36808, 34.80457], [135.36789, 34.80361], [135.36878, 34.80318]]}}, {"type": "Feature", "properties": {"l": 4, "c": 1, "t": 164, "e": 0}, "geometry": {"type": "LineString", "coordinates": [[135.23525, 34.83584], [135.23492, 34.83557], [135.23458, 34.83569]]}}, {"type": "Feature", "properties": {"l": 4, "c": 1, "t": 164, "e": 0}, "geometry": {"type": "LineString", "coordinates": [[135.23482, 34.83685], [135.23563, 34.83913], [135.23517, 34.83956], [135.23442, 34.83935], [135.23459, 34.83883], [135.23543, 34.83859]]}}, {"type": "Feature", "properties": {"l": 4, "c": 6, "t": 164, "e": 0}, "geometry": {"type": "LineString", "coordinates": [[135.41765, 34.82378], [135.42004, 34.82577]]}}, {"type": "Feature", "properties": {"l": 4, "c": 0, "t": 191, "e": 1}, "geometry": {"type": "LineString", "coordinates": [[135.20131, 34.69744], [135.20119, 34.69769]]}}, {"type": "Feature", "properties": {"l": 4, "c": 0, "t": 180, "e": 0}, "geometry": {"type": "LineString", "coordinates": [[135.20196, 34.6903], [135.19946, 34.68658], [135.19834, 34.68591], [135.19514, 34.68488]]}}, {"type": "Feature", "properties": {"l": 4, "c": 2, "t": 164, "e": 0}, "geometry": {"type": "LineString", "coordinates": [[135.36727, 34.80336], [135.36736, 34.80357]]}}, {"type": "Feature", "properties": {"l": 4, "c": 2, "t": 164, "e": 0}, "geometry": {"type": "LineString", "coordinates": [[135.36747, 34.80354], [135.36734, 34.80334]]}}, {"type": "Feature", "properties": {"l": 4, "c": 2, "t": 164, "e": 0}, "geometry": {"type": "LineString", "coordinates": [[135.36723, 34.80338], [135.36736, 34.80357]]}}, {"type": "Feature", "properties": {"l": 4, "c": 2, "t": 164, "e": 0}, "geometry": {"type": "LineString", "coordinates": [[135.36739, 34.80332], [135.36739, 34.80261], [135.36802, 34.80279], [135.36741, 34.80342]]}}, {"type": "Feature", "properties": {"l": 4, "c": 2, "t": 164, "e": 0}, "geometry": {"type": "LineString", "coordinates": [[135.3675, 34.80382], [135.36783, 34.80464]]}}, {"type": "Feature", "properties": {"l": 4, "c": 3, "t": 164, "e": 0}, "geometry": {"type": "LineString", "coordinates": [[135.42773, 34.71182], [135.4262, 34.71238]]}}, {"type": "Feature", "properties": {"l": 4, "c": 3, "t": 164, "e": 0}, "geometry": {"type": "LineString", "coordinates": [[135.43115, 34.71016], [135.42773, 34.71182]]}}, {"type": "Feature", "properties": {"l": 4, "c": 3, "t": 166, "e": 0}, "geometry": {"type": "LineString", "coordinates": [[135.39347, 34.71564], [135.39401, 34.71567]]}}, {"type": "Feature", "properties": {"l": 4, "c": 3, "t": 166, "e": 0}, "geometry": {"type": "LineString", "coordinates": [[135.39593, 34.71593], [135.39502, 34.71563]]}}, {"type": "Feature", "properties": {"l": 4, "c": 3, "t": 166, "e": 0}, "geometry": {"type": "LineString", "coordinates": [[135.39502, 34.71563], [135.39037, 34.7148]]}}, {"type": "Feature", "properties": {"l": 4, "c": 3, "t": 166, "e": 0}, "geometry": {"type": "LineString", "coordinates": [[135.38866, 34.7149], [135.39347, 34.71564]]}}, {"type": "Feature", "properties": {"l": 4, "c": 0, "t": 165, "e": 0}, "geometry": {"type": "LineString", "coordinates": [[135.19542, 34.68482], [135.19512, 34.6855], [135.19556, 34.68566]]}}, {"type": "Feature", "properties": {"l": 4, "c": 0, "t": 165, "e": 0}, "geometry": {"type": "LineString", "coordinates": [[135.19556, 34.68566], [135.19654, 34.68578]]}}, {"type": "Feature", "properties": {"l": 4, "c": 0, "t": 165, "e": 0}, "geometry": {"type": "LineString", "coordinates": [[135.19377, 34.68548], [135.19556, 34.68575]]}}, {"type": "Feature", "properties": {"l": 4, "c": 0, "t": 165, "e": 0}, "geometry": {"type": "LineString", "coordinates": [[135.19445, 34.6853], [135.19364, 34.68526]]}}, {"type": "Feature", "properties": {"l": 4, "c": 0, "t": 165, "e": 0}, "geometry": {"type": "LineString", "coordinates": [[135.1534, 34.65614], [135.15302, 34.65605]]}}, {"type": "Feature", "properties": {"l": 4, "c": 0, "t": 189, "e": 0}, "geometry": {"type": "LineString", "coordinates": [[135.15166, 34.65898], [135.15111, 34.66045]]}}, {"type": "Feature", "properties": {"l": 4, "c": 0, "t": 165, "e": 0}, "geometry": {"type": "LineString", "coordinates": [[135.17303, 34.67064], [135.17229, 34.6701]]}}, {"type": "Feature", "properties": {"l": 4, "c": 0, "t": 164, "e": 0}, "geometry": {"type": "LineString", "coordinates": [[135.1209, 34.6523], [135.12183, 34.65242]]}}, {"type": "Feature", "properties": {"l": 4, "c": 0, "t": 165, "e": 0}, "geometry": {"type": "LineString", "coordinates": [[135.16564, 34.66613], [135.16613, 34.66667]]}}, {"type": "Feature", "properties": {"l": 4, "c": 0, "t": 164, "e": 0}, "geometry": {"type": "LineString", "coordinates": [[135.12507, 34.65158], [135.12307, 34.6519]]}}, {"type": "Feature", "properties": {"l": 4, "c": 0, "t": 165, "e": 0}, "geometry": {"type": "LineString", "coordinates": [[135.16727, 34.66728], [135.16639, 34.6665]]}}, {"type": "Feature", "properties": {"l": 4, "c": 0, "t": 177, "e": 0}, "geometry": {"type": "LineString", "coordinates": [[135.09213, 34.65218], [135.09728, 34.65132]]}}, {"type": "Feature", "properties": {"l": 4, "c": 0, "t": 177, "e": 0}, "geometry": {"type": "LineString", "coordinates": [[135.11002, 34.65326], [135.11265, 34.6552], [135.11405, 34.65579]]}}, {"type": "Feature", "properties": {"l": 4, "c": 0, "t": 164, "e": 0}, "geometry": {"type": "LineString", "coordinates": [[135.10446, 34.65033], [135.10782, 34.6517]]}}, {"type": "Feature", "properties": {"l": 4, "c": 0, "t": 165, "e": 0}, "geometry": {"type": "LineString", "coordinates": [[135.1713, 34.66963], [135.17227, 34.67026]]}}, {"type": "Feature", "properties": {"l": 4, "c": 0, "t": 164, "e": 0}, "geometry": {"type": "LineString", "coordinates": [[135.17586, 34.6721], [135.17437, 34.67138]]}}, {"type": "Feature", "properties": {"l": 4, "c": 0, "t": 204, "e": 0}, "geometry": {"type": "LineString", "coordinates": [[135.13041, 34.64483], [135.12888, 34.64465]]}}, {"type": "Feature", "properties": {"l": 4, "c": 0, "t": 165, "e": 0}, "geometry": {"type": "LineString", "coordinates": [[135.16856, 34.66807], [135.16727, 34.66728]]}}, {"type": "Feature", "properties": {"l": 4, "c": 0, "t": 165, "e": 0}, "geometry": {"type": "LineString", "coordinates": [[135.1631, 34.66452], [135.16391, 34.66494]]}}, {"type": "Feature", "properties": {"l": 4, "c": 0, "t": 164, "e": 0}, "geometry": {"type": "LineString", "coordinates": [[135.12183, 34.65242], [135.12386, 34.65189]]}}, {"type": "Feature", "properties": {"l": 4, "c": 0, "t": 177, "e": 0}, "geometry": {"type": "LineString", "coordinates": [[135.10307, 34.65031], [135.106, 34.65065]]}}, {"type": "Feature", "properties": {"l": 4, "c": 0, "t": 189, "e": 0}, "geometry": {"type": "LineString", "coordinates": [[135.15181, 34.65902], [135.15219, 34.65848], [135.15283, 34.65844]]}}, {"type": "Feature", "properties": {"l": 4, "c": 0, "t": 164, "e": 0}, "geometry": {"type": "LineString", "coordinates": [[135.12307, 34.6519], [135.12207, 34.65211]]}}, {"type": "Feature", "properties": {"l": 4, "c": 0, "t": 189, "e": 0}, "geometry": {"type": "LineString", "coordinates": [[135.15055, 34.65746], [135.15183, 34.65818], [135.15166, 34.65898]]}}, {"type": "Feature", "properties": {"l": 4, "c": 0, "t": 177, "e": 0}, "geometry": {"type": "LineString", "coordinates": [[135.09728, 34.65132], [135.10044, 34.65057], [135.10307, 34.65031]]}}, {"type": "Feature", "properties": {"l": 4, "c": 0, "t": 164, "e": 0}, "geometry": {"type": "LineString", "coordinates": [[135.11313, 34.65524], [135.1086, 34.65201]]}}, {"type": "Feature", "properties": {"l": 4, "c": 0, "t": 189, "e": 0}, "geometry": {"type": "LineString", "coordinates": [[135.15168, 34.65956], [135.15181, 34.65902]]}}, {"type": "Feature", "properties": {"l": 4, "c": 0, "t": 205, "e": 0}, "geometry": {"type": "LineString", "coordinates": [[135.13251, 34.64622], [135.13393, 34.64705]]}}, {"type": "Feature", "properties": {"l": 4, "c": 0, "t": 204, "e": 0}, "geometry": {"type": "LineString", "coordinates": [[135.13436, 34.64706], [135.13041, 34.64483]]}}, {"type": "Feature", "properties": {"l": 4, "c": 0, "t": 205, "e": 0}, "geometry": {"type": "LineString", "coordinates": [[135.13393, 34.64705], [135.13543, 34.64805]]}}, {"type": "Feature", "properties": {"l": 4, "c": 0, "t": 164, "e": 0}, "geometry": {"type": "LineString", "coordinates": [[135.092, 34.70158], [135.09252, 34.70203], [135.09193, 34.70226], [135.0904, 34.70098]]}}, {"type": "Feature", "properties": {"l": 4, "c": 0, "t": 164, "e": 0}, "geometry": {"type": "LineString", "coordinates": [[135.09287, 34.7034], [135.09169, 34.70207], [135.092, 34.70158]]}}, {"type": "Feature", "properties": {"l": 4, "c": 0, "t": 164, "e": 0}, "geometry": {"type": "LineString", "coordinates": [[135.08826, 34.69899], [135.09204, 34.70276]]}}, {"type": "Feature", "properties": {"l": 4, "c": 1, "t": 164, "e": 0}, "geometry": {"type": "LineString", "coordinates": [[135.24984, 34.81811], [135.25148, 34.8181]]}}, {"type": "Feature", "properties": {"l": 4, "c": 0, "t": 193, "e": 0}, "geometry": {"type": "LineString", "coordinates": [[135.22806, 34.7962], [135.22936, 34.79764]]}}, {"type": "Feature", "properties": {"l": 4, "c": 0, "t": 177, "e": 0}, "geometry": {"type": "LineString", "coordinates": [[135.07882, 34.64922], [135.08234, 34.6499]]}}, {"type": "Feature", "properties": {"l": 4, "c": 0, "t": 164, "e": 0}, "geometry": {"type": "LineString", "coordinates": [[135.16896, 34.88513], [135.16601, 34.88494]]}}, {"type": "Feature", "properties": {"l": 4, "c": 0, "t": 177, "e": 0}, "geometry": {"type": "LineString", "coordinates": [[135.06714, 34.64774], [135.06251, 34.64782], [135.0588, 34.64674], [135.05646, 34.64676], [135.0476, 34.64908], [135.0383, 34.65218]]}}, {"type": "Feature", "properties": {"l": 4, "c": 0, "t": 177, "e": 0}, "geometry": {"type": "LineString", "coordinates": [[135.06715, 34.64785], [135.07008, 34.64775]]}}, {"type": "Feature", "properties": {"l": 4, "c": 1, "t": 164, "e": 0}, "geometry": {"type": "LineString", "coordinates": [[135.23255, 34.83374], [135.23115, 34.83364]]}}, {"type": "Feature", "properties": {"l": 4, "c": 1, "t": 164, "e": 0}, "geometry": {"type": "LineString", "coordinates": [[135.26085, 34.83407], [135.25969, 34.83312]]}}, {"type": "Feature", "properties": {"l": 4, "c": 7, "t": 170, "e": 0}, "geometry": {"type": "LineString", "coordinates": [[135.43269, 34.80417], [135.43243, 34.80473]]}}, {"type": "Feature", "properties": {"l": 4, "c": 7, "t": 164, "e": 0}, "geometry": {"type": "LineString", "coordinates": [[135.43287, 34.80498], [135.43352, 34.80455]]}}, {"type": "Feature", "properties": {"l": 4, "c": 0, "t": 176, "e": 0}, "geometry": {"type": "LineString", "coordinates": [[135.30313, 34.71201], [135.3142, 34.71415]]}}, {"type": "Feature", "properties": {"l": 4, "c": 0, "t": 206, "e": 0}, "geometry": {"type": "LineString", "coordinates": [[135.27668, 34.69511], [135.27673, 34.6948]]}}, {"type": "Feature", "properties": {"l": 4, "c": 2, "t": 170, "e": 0}, "geometry": {"type": "LineString", "coordinates": [[135.36731, 34.80751], [135.36881, 34.80666]]}}, {"type": "Feature", "properties": {"l": 4, "c": 1, "t": 164, "e": 0}, "geometry": {"type": "LineString", "coordinates": [[135.23525, 34.83584], [135.23508, 34.83452], [135.23673, 34.83444]]}}, {"type": "Feature", "properties": {"l": 4, "c": 1, "t": 168, "e": 0}, "geometry": {"type": "LineString", "coordinates": [[135.25994, 34.82043], [135.26019, 34.82067]]}}, {"type": "Feature", "properties": {"l": 4, "c": 1, "t": 168, "e": 0}, "geometry": {"type": "LineString", "coordinates": [[135.26049, 34.82428], [135.26091, 34.82366]]}}, {"type": "Feature", "properties": {"l": 4, "c": 1, "t": 168, "e": 0}, "geometry": {"type": "LineString", "coordinates": [[135.26004, 34.82013], [135.25901, 34.81961], [135.25738, 34.81929]]}}, {"type": "Feature", "properties": {"l": 4, "c": 1, "t": 168, "e": 0}, "geometry": {"type": "LineString", "coordinates": [[135.25765, 34.8196], [135.25994, 34.82043]]}}, {"type": "Feature", "properties": {"l": 4, "c": 0, "t": 171, "e": 0}, "geometry": {"type": "LineString", "coordinates": [[135.21854, 34.84977], [135.22195, 34.84949], [135.22394, 34.84855]]}}, {"type": "Feature", "properties": {"l": 4, "c": 2, "t": 170, "e": 0}, "geometry": {"type": "LineString", "coordinates": [[135.37429, 34.80544], [135.37782, 34.80606], [135.38405, 34.80875], [135.38694, 34.80966]]}}, {"type": "Feature", "properties": {"l": 4, "c": 2, "t": 170, "e": 0}, "geometry": {"type": "LineString", "coordinates": [[135.373, 34.80535], [135.37257, 34.80539]]}}, {"type": "Feature", "properties": {"l": 4, "c": 2, "t": 170, "e": 0}, "geometry": {"type": "LineString", "coordinates": [[135.36721, 34.80742], [135.36339, 34.81033]]}}, {"type": "Feature", "properties": {"l": 4, "c": 2, "t": 170, "e": 0}, "geometry": {"type": "LineString", "coordinates": [[135.37429, 34.80531], [135.373, 34.80535]]}}, {"type": "Feature", "properties": {"l": 4, "c": 2, "t": 170, "e": 0}, "geometry": {"type": "LineString", "coordinates": [[135.36881, 34.80666], [135.36915, 34.80651]]}}, {"type": "Feature", "properties": {"l": 4, "c": 2, "t": 170, "e": 0}, "geometry": {"type": "LineString", "coordinates": [[135.37247, 34.80553], [135.37294, 34.80548]]}}, {"type": "Feature", "properties": {"l": 4, "c": 2, "t": 170, "e": 0}, "geometry": {"type": "LineString", "coordinates": [[135.37294, 34.80548], [135.37429, 34.80544]]}}, {"type": "Feature", "properties": {"l": 4, "c": 2, "t": 170, "e": 0}, "geometry": {"type": "LineString", "coordinates": [[135.35798, 34.81467], [135.3555, 34.81616]]}}, {"type": "Feature", "properties": {"l": 4, "c": 2, "t": 170, "e": 0}, "geometry": {"type": "LineString", "coordinates": [[135.36912, 34.80637], [135.36875, 34.80655]]}}, {"type": "Feature", "properties": {"l": 4, "c": 2, "t": 170, "e": 0}, "geometry": {"type": "LineString", "coordinates": [[135.36875, 34.80655], [135.36721, 34.80742]]}}, {"type": "Feature", "properties": {"l": 4, "c": 2, "t": 170, "e": 0}, "geometry": {"type": "LineString", "coordinates": [[135.35813, 34.81478], [135.36349, 34.81043]]}}, {"type": "Feature", "properties": {"l": 4, "c": 2, "t": 170, "e": 0}, "geometry": {"type": "LineString", "coordinates": [[135.37257, 34.80539], [135.36912, 34.80637]]}}, {"type": "Feature", "properties": {"l": 4, "c": 2, "t": 170, "e": 0}, "geometry": {"type": "LineString", "coordinates": [[135.36915, 34.80651], [135.37247, 34.80553]]}}, {"type": "Feature", "properties": {"l": 4, "c": 2, "t": 164, "e": 0}, "geometry": {"type": "LineString", "coordinates": [[135.36884, 34.8067], [135.36915, 34.80651]]}}, {"type": "Feature", "properties": {"l": 4, "c": 3, "t": 163, "e": 0}, "geometry": {"type": "LineString", "coordinates": [[135.41276, 34.7422], [135.41527, 34.74253]]}}, {"type": "Feature", "properties": {"l": 4, "c": 3, "t": 163, "e": 0}, "geometry": {"type": "LineString", "coordinates": [[135.41255, 34.74194], [135.4121, 34.74195]]}}, {"type": "Feature", "properties": {"l": 4, "c": 3, "t": 163, "e": 0}, "geometry": {"type": "LineString", "coordinates": [[135.41525, 34.74199], [135.41303, 34.74193]]}}, {"type": "Feature", "properties": {"l": 4, "c": 3, "t": 163, "e": 0}, "geometry": {"type": "LineString", "coordinates": [[135.41171, 34.74196], [135.4075, 34.74206]]}}, {"type": "Feature", "properties": {"l": 4, "c": 0, "t": 170, "e": 0}, "geometry": {"type": "LineString", "coordinates": [[135.22596, 34.84437], [135.22291, 34.84935]]}}, {"type": "Feature", "properties": {"l": 4, "c": 5, "t": 185, "e": 1}, "geometry": {"type": "LineString", "coordinates": [[135.28453, 34.76758], [135.28478, 34.76748]]}}, {"type": "Feature", "properties": {"l": 4, "c": 5, "t": 185, "e": 1}, "geometry": {"type": "LineString", "coordinates": [[135.28478, 34.76748], [135.28496, 34.76635]]}}, {"type": "Feature", "properties": {"l": 4, "c": 0, "t": 177, "e": 0}, "geometry": {"type": "LineString", "coordinates": [[135.10852, 34.65209], [135.11002, 34.65326]]}}, {"type": "Feature", "properties": {"l": 4, "c": 0, "t": 177, "e": 0}, "geometry": {"type": "LineString", "coordinates": [[135.10789, 34.65163], [135.10852, 34.65209]]}}, {"type": "Feature", "properties": {"l": 4, "c": 0, "t": 177, "e": 0}, "geometry": {"type": "LineString", "coordinates": [[135.1086, 34.65201], [135.10797, 34.65156]]}}, {"type": "Feature", "properties": {"l": 4, "c": 0, "t": 177, "e": 0}, "geometry": {"type": "LineString", "coordinates": [[135.10797, 34.65156], [135.10665, 34.65067]]}}, {"type": "Feature", "properties": {"l": 4, "c": 0, "t": 164, "e": 0}, "geometry": {"type": "LineString", "coordinates": [[135.10782, 34.6517], [135.10844, 34.65215]]}}, {"type": "Feature", "properties": {"l": 4, "c": 0, "t": 164, "e": 0}, "geometry": {"type": "LineString", "coordinates": [[135.10844, 34.65215], [135.11275, 34.6555]]}}, {"type": "Feature", "properties": {"l": 4, "c": 0, "t": 184, "e": 0}, "geometry": {"type": "LineString", "coordinates": [[135.10267, 34.69719], [135.10271, 34.69685]]}}, {"type": "Feature", "properties": {"l": 4, "c": 0, "t": 184, "e": 0}, "geometry": {"type": "LineString", "coordinates": [[135.10257, 34.69718], [135.10253, 34.6977]]}}, {"type": "Feature", "properties": {"l": 4, "c": 0, "t": 184, "e": 0}, "geometry": {"type": "LineString", "coordinates": [[135.10262, 34.6977], [135.10267, 34.69719]]}}, {"type": "Feature", "properties": {"l": 4, "c": 0, "t": 184, "e": 0}, "geometry": {"type": "LineString", "coordinates": [[135.10253, 34.6977], [135.1025, 34.69921]]}}, {"type": "Feature", "properties": {"l": 4, "c": 0, "t": 168, "e": 0}, "geometry": {"type": "LineString", "coordinates": [[135.0804, 34.69453], [135.07843, 34.69422]]}}, {"type": "Feature", "properties": {"l": 4, "c": 0, "t": 168, "e": 0}, "geometry": {"type": "LineString", "coordinates": [[135.09476, 34.70512], [135.10218, 34.70978]]}}, {"type": "Feature", "properties": {"l": 4, "c": 0, "t": 184, "e": 0}, "geometry": {"type": "LineString", "coordinates": [[135.10244, 34.70168], [135.10167, 34.70382]]}}, {"type": "Feature", "properties": {"l": 4, "c": 0, "t": 184, "e": 0}, "geometry": {"type": "LineString", "coordinates": [[135.1025, 34.69921], [135.10244, 34.70168]]}}, {"type": "Feature", "properties": {"l": 4, "c": 0, "t": 184, "e": 0}, "geometry": {"type": "LineString", "coordinates": [[135.10258, 34.69921], [135.10262, 34.6977]]}}, {"type": "Feature", "properties": {"l": 4, "c": 0, "t": 184, "e": 0}, "geometry": {"type": "LineString", "coordinates": [[135.10252, 34.70169], [135.10258, 34.69921]]}}, {"type": "Feature", "properties": {"l": 4, "c": 0, "t": 177, "e": 0}, "geometry": {"type": "LineString", "coordinates": [[135.03835, 34.65226], [135.04764, 34.64917], [135.05693, 34.64677], [135.05879, 34.64683], [135.06247, 34.6479], [135.06715, 34.64785]]}}, {"type": "Feature", "properties": {"l": 4, "c": 0, "t": 177, "e": 0}, "geometry": {"type": "LineString", "coordinates": [[135.07273, 34.64755], [135.07009, 34.64763]]}}, {"type": "Feature", "properties": {"l": 4, "c": 0, "t": 177, "e": 0}, "geometry": {"type": "LineString", "coordinates": [[135.08535, 34.65021], [135.08227, 34.64979]]}}, {"type": "Feature", "properties": {"l": 4, "c": 0, "t": 168, "e": 0}, "geometry": {"type": "LineString", "coordinates": [[135.07716, 34.69375], [135.07792, 34.69451], [135.08091, 34.69482]]}}, {"type": "Feature", "properties": {"l": 4, "c": 0, "t": 168, "e": 0}, "geometry": {"type": "LineString", "coordinates": [[135.07338, 34.69131], [135.07403, 34.69148]]}}, {"type": "Feature", "properties": {"l": 4, "c": 0, "t": 162, "e": 0}, "geometry": {"type": "LineString", "coordinates": [[135.07461, 34.69418], [135.07377, 34.69209], [135.07411, 34.69151], [135.07565, 34.6921], [135.07734, 34.69333]]}}, {"type": "Feature", "properties": {"l": 4, "c": 0, "t": 162, "e": 0}, "geometry": {"type": "LineString", "coordinates": [[135.07734, 34.69333], [135.07751, 34.69331]]}}, {"type": "Feature", "properties": {"l": 4, "c": 0, "t": 162, "e": 0}, "geometry": {"type": "LineString", "coordinates": [[135.07779, 34.69371], [135.07755, 34.69343]]}}, {"type": "Feature", "properties": {"l": 4, "c": 0, "t": 162, "e": 0}, "geometry": {"type": "LineString", "coordinates": [[135.07312, 34.69035], [135.07147, 34.68796]]}}, {"type": "Feature", "properties": {"l": 4, "c": 0, "t": 168, "e": 0}, "geometry": {"type": "LineString", "coordinates": [[135.07295, 34.69134], [135.07338, 34.69131]]}}, {"type": "Feature", "properties": {"l": 4, "c": 0, "t": 162, "e": 0}, "geometry": {"type": "LineString", "coordinates": [[135.07295, 34.69134], [135.07334, 34.69122]]}}, {"type": "Feature", "properties": {"l": 4, "c": 0, "t": 162, "e": 0}, "geometry": {"type": "LineString", "coordinates": [[135.08189, 34.69517], [135.08043, 34.69444]]}}, {"type": "Feature", "properties": {"l": 4, "c": 0, "t": 162, "e": 0}, "geometry": {"type": "LineString", "coordinates": [[135.08043, 34.69444], [135.07804, 34.69376]]}}, {"type": "Feature", "properties": {"l": 4, "c": 0, "t": 162, "e": 0}, "geometry": {"type": "LineString", "coordinates": [[135.07755, 34.6947], [135.07809, 34.69437], [135.07779, 34.69371]]}}, {"type": "Feature", "properties": {"l": 4, "c": 0, "t": 162, "e": 0}, "geometry": {"type": "LineString", "coordinates": [[135.07162, 34.68843], [135.0722, 34.68987], [135.07188, 34.69055]]}}, {"type": "Feature", "properties": {"l": 4, "c": 0, "t": 162, "e": 0}, "geometry": {"type": "LineString", "coordinates": [[135.07334, 34.69122], [135.07449, 34.69132], [135.07565, 34.6921]]}}, {"type": "Feature", "properties": {"l": 4, "c": 0, "t": 168, "e": 0}, "geometry": {"type": "LineString", "coordinates": [[135.09183, 34.70242], [135.08792, 34.69834], [135.0844, 34.69641]]}}, {"type": "Feature", "properties": {"l": 4, "c": 0, "t": 168, "e": 0}, "geometry": {"type": "LineString", "coordinates": [[135.08435, 34.69649], [135.08783, 34.6984], [135.09204, 34.70276]]}}, {"type": "Feature", "properties": {"l": 4, "c": 1, "t": 164, "e": 0}, "geometry": {"type": "LineString", "coordinates": [[135.23543, 34.83859], [135.23585, 34.83851]]}}, {"type": "Feature", "properties": {"l": 4, "c": 3, "t": 176, "e": 0}, "geometry": {"type": "LineString", "coordinates": [[135.38494, 34.69612], [135.38701, 34.69539], [135.38866, 34.69534], [135.39015, 34.69571], [135.39276, 34.69708], [135.39492, 34.69774], [135.39692, 34.69788], [135.40084, 34.69758], [135.40323, 34.6967], [135.40907, 34.69249]]}}, {"type": "Feature", "properties": {"l": 4, "c": 0, "t": 183, "e": 0}, "geometry": {"type": "LineString", "coordinates": [[135.27654, 34.69509], [135.27587, 34.69557], [135.27223, 34.69524], [135.27206, 34.69564], [135.27294, 34.69684], [135.27325, 34.69827]]}}, {"type": "Feature", "properties": {"l": 4, "c": 1, "t": 163, "e": 0}, "geometry": {"type": "LineString", "coordinates": [[135.36435, 34.74465], [135.36243, 34.7438], [135.36067, 34.74218], [135.35983, 34.7405], [135.35959, 34.73802]]}}, {"type": "Feature", "properties": {"l": 4, "c": 3, "t": 163, "e": 0}, "geometry": {"type": "LineString", "coordinates": [[135.40749, 34.74214], [135.41172, 34.74207]]}}, {"type": "Feature", "properties": {"l": 4, "c": 3, "t": 163, "e": 0}, "geometry": {"type": "LineString", "coordinates": [[135.41244, 34.7421], [135.41285, 34.74212]]}}, {"type": "Feature", "properties": {"l": 4, "c": 3, "t": 163, "e": 0}, "geometry": {"type": "LineString", "coordinates": [[135.41253, 34.74202], [135.41209, 34.742]]}}, {"type": "Feature", "properties": {"l": 4, "c": 3, "t": 163, "e": 0}, "geometry": {"type": "LineString", "coordinates": [[135.41285, 34.74212], [135.41507, 34.74231]]}}, {"type": "Feature", "properties": {"l": 4, "c": 3, "t": 163, "e": 0}, "geometry": {"type": "LineString", "coordinates": [[135.41296, 34.74204], [135.41253, 34.74202]]}}, {"type": "Feature", "properties": {"l": 4, "c": 3, "t": 163, "e": 0}, "geometry": {"type": "LineString", "coordinates": [[135.4155, 34.74226], [135.41507, 34.74222]]}}, {"type": "Feature", "properties": {"l": 4, "c": 3, "t": 163, "e": 0}, "geometry": {"type": "LineString", "coordinates": [[135.41507, 34.74222], [135.41296, 34.74204]]}}, {"type": "Feature", "properties": {"l": 4, "c": 3, "t": 163, "e": 0}, "geometry": {"type": "LineString", "coordinates": [[135.41507, 34.74231], [135.41549, 34.74235]]}}, {"type": "Feature", "properties": {"l": 4, "c": 3, "t": 163, "e": 0}, "geometry": {"type": "LineString", "coordinates": [[135.41549, 34.74235], [135.41837, 34.7426]]}}, {"type": "Feature", "properties": {"l": 4, "c": 3, "t": 163, "e": 0}, "geometry": {"type": "LineString", "coordinates": [[135.42053, 34.74278], [135.44518, 34.74488]]}}, {"type": "Feature", "properties": {"l": 4, "c": 3, "t": 163, "e": 0}, "geometry": {"type": "LineString", "coordinates": [[135.41901, 34.74255], [135.4155, 34.74226]]}}, {"type": "Feature", "properties": {"l": 4, "c": 3, "t": 163, "e": 0}, "geometry": {"type": "LineString", "coordinates": [[135.44517, 34.74478], [135.42052, 34.74268]]}}, {"type": "Feature", "properties": {"l": 4, "c": 3, "t": 163, "e": 0}, "geometry": {"type": "LineString", "coordinates": [[135.44518, 34.74488], [135.44861, 34.74529], [135.45141, 34.74607]]}}, {"type": "Feature", "properties": {"l": 4, "c": 3, "t": 163, "e": 0}, "geometry": {"type": "LineString", "coordinates": [[135.45151, 34.746], [135.44862, 34.7452], [135.44517, 34.74478]]}}, {"type": "Feature", "properties": {"l": 4, "c": 3, "t": 163, "e": 0}, "geometry": {"type": "LineString", "coordinates": [[135.45141, 34.74607], [135.45847, 34.74985]]}}, {"type": "Feature", "properties": {"l": 4, "c": 3, "t": 163, "e": 0}, "geometry": {"type": "LineString", "coordinates": [[135.45851, 34.74978], [135.45151, 34.746]]}}, {"type": "Feature", "properties": {"l": 4, "c": 3, "t": 163, "e": 0}, "geometry": {"type": "LineString", "coordinates": [[135.45847, 34.74985], [135.46104, 34.75137]]}}, {"type": "Feature", "properties": {"l": 4, "c": 3, "t": 163, "e": 0}, "geometry": {"type": "LineString", "coordinates": [[135.41239, 34.74215], [135.41276, 34.7422]]}}, {"type": "Feature", "properties": {"l": 4, "c": 0, "t": 162, "e": 0}, "geometry": {"type": "LineString", "coordinates": [[135.03638, 34.63582], [135.03557, 34.634]]}}, {"type": "Feature", "properties": {"l": 4, "c": 0, "t": 162, "e": 0}, "geometry": {"type": "LineString", "coordinates": [[135.03541, 34.63406], [135.03622, 34.63586]]}}, {"type": "Feature", "properties": {"l": 4, "c": 0, "t": 177, "e": 0}, "geometry": {"type": "LineString", "coordinates": [[135.05469, 34.6484], [135.05451, 34.64813]]}}, {"type": "Feature", "properties": {"l": 4, "c": 0, "t": 177, "e": 0}, "geometry": {"type": "LineString", "coordinates": [[135.05429, 34.64824], [135.05451, 34.64813]]}}, {"type": "Feature", "properties": {"l": 4, "c": 0, "t": 177, "e": 0}, "geometry": {"type": "LineString", "coordinates": [[135.05434, 34.64806], [135.0545, 34.64836]]}}, {"type": "Feature", "properties": {"l": 4, "c": 0, "t": 164, "e": 0}, "geometry": {"type": "LineString", "coordinates": [[135.08971, 34.65178], [135.08783, 34.65126]]}}, {"type": "Feature", "properties": {"l": 4, "c": 0, "t": 164, "e": 0}, "geometry": {"type": "LineString", "coordinates": [[135.09379, 34.65183], [135.09147, 34.65199]]}}, {"type": "Feature", "properties": {"l": 4, "c": 0, "t": 168, "e": 0}, "geometry": {"type": "LineString", "coordinates": [[135.06798, 34.70091], [135.07104, 34.70044]]}}, {"type": "Feature", "properties": {"l": 4, "c": 0, "t": 168, "e": 0}, "geometry": {"type": "LineString", "coordinates": [[135.07087, 34.7002], [135.06818, 34.7007]]}}, {"type": "Feature", "properties": {"l": 4, "c": 0, "t": 168, "e": 0}, "geometry": {"type": "LineString", "coordinates": [[135.07176, 34.69976], [135.07116, 34.70008]]}}, {"type": "Feature", "properties": {"l": 4, "c": 0, "t": 168, "e": 0}, "geometry": {"type": "LineString", "coordinates": [[135.07123, 34.70037], [135.07195, 34.69998]]}}, {"type": "Feature", "properties": {"l": 4, "c": 0, "t": 168, "e": 0}, "geometry": {"type": "LineString", "coordinates": [[135.07104, 34.70044], [135.07123, 34.70037]]}}, {"type": "Feature", "properties": {"l": 4, "c": 0, "t": 168, "e": 0}, "geometry": {"type": "LineString", "coordinates": [[135.07116, 34.70008], [135.07087, 34.7002]]}}, {"type": "Feature", "properties": {"l": 4, "c": 0, "t": 168, "e": 0}, "geometry": {"type": "LineString", "coordinates": [[135.0742, 34.69656], [135.07319, 34.69842], [135.07176, 34.69976]]}}, {"type": "Feature", "properties": {"l": 4, "c": 0, "t": 168, "e": 0}, "geometry": {"type": "LineString", "coordinates": [[135.07195, 34.69998], [135.07339, 34.69856], [135.07435, 34.69653]]}}, {"type": "Feature", "properties": {"l": 4, "c": 0, "t": 203, "e": 0}, "geometry": {"type": "LineString", "coordinates": [[135.21449, 34.80386], [135.21519, 34.8035]]}}, {"type": "Feature", "properties": {"l": 4, "c": 0, "t": 171, "e": 0}, "geometry": {"type": "LineString", "coordinates": [[135.22543, 34.84603], [135.22702, 34.84328]]}}, {"type": "Feature", "properties": {"l": 4, "c": 3, "t": 163, "e": 0}, "geometry": {"type": "LineString", "coordinates": [[135.41208, 34.74209], [135.41244, 34.7421]]}}, {"type": "Feature", "properties": {"l": 4, "c": 3, "t": 163, "e": 0}, "geometry": {"type": "LineString", "coordinates": [[135.41209, 34.742], [135.41171, 34.74196]]}}, {"type": "Feature", "properties": {"l": 4, "c": 3, "t": 163, "e": 0}, "geometry": {"type": "LineString", "coordinates": [[135.4121, 34.74195], [135.41182, 34.74197]]}}, {"type": "Feature", "properties": {"l": 4, "c": 3, "t": 163, "e": 0}, "geometry": {"type": "LineString", "coordinates": [[135.41209, 34.74213], [135.41239, 34.74215]]}}, {"type": "Feature", "properties": {"l": 4, "c": 0, "t": 164, "e": 0}, "geometry": {"type": "LineString", "coordinates": [[134.98238, 34.68394], [134.98113, 34.68437]]}}, {"type": "Feature", "properties": {"l": 4, "c": 0, "t": 177, "e": 0}, "geometry": {"type": "LineString", "coordinates": [[135.01245, 34.67767], [134.99484, 34.68253]]}}, {"type": "Feature", "properties": {"l": 4, "c": 0, "t": 177, "e": 0}, "geometry": {"type": "LineString", "coordinates": [[134.98117, 34.68453], [134.98294, 34.68384]]}}, {"type": "Feature", "properties": {"l": 4, "c": 0, "t": 177, "e": 0}, "geometry": {"type": "LineString", "coordinates": [[134.98289, 34.68376], [134.98115, 34.68445]]}}, {"type": "Feature", "properties": {"l": 4, "c": 0, "t": 177, "e": 0}, "geometry": {"type": "LineString", "coordinates": [[134.98688, 34.68305], [134.98905, 34.68296]]}}, {"type": "Feature", "properties": {"l": 4, "c": 0, "t": 176, "e": 0}, "geometry": {"type": "LineString", "coordinates": [[135.27356, 34.70159], [135.27376, 34.70406], [135.27422, 34.70543], [135.27534, 34.70671], [135.27685, 34.70751], [135.28523, 34.70863], [135.29671, 34.71102], [135.30313, 34.71201]]}}, {"type": "Feature", "properties": {"l": 4, "c": 0, "t": 164, "e": 0}, "geometry": {"type": "LineString", "coordinates": [[134.98182, 34.68577], [134.98259, 34.68572]]}}, {"type": "Feature", "properties": {"l": 4, "c": 0, "t": 207, "e": 0}, "geometry": {"type": "LineString", "coordinates": [[135.22285, 34.8499], [135.22581, 34.85049]]}}, {"type": "Feature", "properties": {"l": 4, "c": 0, "t": 177, "e": 0}, "geometry": {"type": "LineString", "coordinates": [[134.98115, 34.68445], [134.97789, 34.68604]]}}, {"type": "Feature", "properties": {"l": 4, "c": 0, "t": 177, "e": 0}, "geometry": {"type": "LineString", "coordinates": [[134.9735, 34.68825], [134.97112, 34.68976]]}}, {"type": "Feature", "properties": {"l": 4, "c": 0, "t": 177, "e": 0}, "geometry": {"type": "LineString", "coordinates": [[134.97349, 34.68835], [134.97737, 34.68641]]}}, {"type": "Feature", "properties": {"l": 4, "c": 0, "t": 177, "e": 0}, "geometry": {"type": "LineString", "coordinates": [[134.97117, 34.68985], [134.97349, 34.68835]]}}, {"type": "Feature", "properties": {"l": 4, "c": 0, "t": 172, "e": 0}, "geometry": {"type": "LineString", "coordinates": [[135.09206, 34.74908], [135.09196, 34.74658], [135.09091, 34.74367]]}}, {"type": "Feature", "properties": {"l": 4, "c": 0, "t": 172, "e": 0}, "geometry": {"type": "LineString", "coordinates": [[135.08978, 34.74212], [135.09081, 34.74375]]}}, {"type": "Feature", "properties": {"l": 4, "c": 0, "t": 172, "e": 0}, "geometry": {"type": "LineString", "coordinates": [[135.09091, 34.74367], [135.08988, 34.74205]]}}, {"type": "Feature", "properties": {"l": 4, "c": 0, "t": 172, "e": 0}, "geometry": {"type": "LineString", "coordinates": [[135.09081, 34.74375], [135.09172, 34.74627], [135.09175, 34.74895]]}}, {"type": "Feature", "properties": {"l": 4, "c": 0, "t": 168, "e": 0}, "geometry": {"type": "LineString", "coordinates": [[135.2255, 34.79266], [135.22637, 34.79398]]}}, {"type": "Feature", "properties": {"l": 4, "c": 0, "t": 164, "e": 0}, "geometry": {"type": "LineString", "coordinates": [[135.06823, 34.66415], [135.06794, 34.66622]]}}, {"type": "Feature", "properties": {"l": 4, "c": 0, "t": 164, "e": 0}, "geometry": {"type": "LineString", "coordinates": [[135.07217, 34.64945], [135.07127, 34.64998]]}}, {"type": "Feature", "properties": {"l": 4, "c": 0, "t": 164, "e": 0}, "geometry": {"type": "LineString", "coordinates": [[135.07178, 34.65018], [135.07338, 34.64989]]}}, {"type": "Feature", "properties": {"l": 4, "c": 0, "t": 164, "e": 0}, "geometry": {"type": "LineString", "coordinates": [[135.1711, 34.88545], [135.17311, 34.88488]]}}, {"type": "Feature", "properties": {"l": 4, "c": 1, "t": 164, "e": 0}, "geometry": {"type": "LineString", "coordinates": [[135.29664, 34.82828], [135.30234, 34.82759]]}}, {"type": "Feature", "properties": {"l": 4, "c": 0, "t": 164, "e": 0}, "geometry": {"type": "LineString", "coordinates": [[135.15339, 34.83002], [135.15165, 34.82918]]}}, {"type": "Feature", "properties": {"l": 4, "c": 0, "t": 164, "e": 0}, "geometry": {"type": "LineString", "coordinates": [[135.1558, 34.83153], [135.15837, 34.83183]]}}, {"type": "Feature", "properties": {"l": 4, "c": 0, "t": 164, "e": 0}, "geometry": {"type": "LineString", "coordinates": [[135.15096, 34.82883], [135.1534, 34.83056]]}}, {"type": "Feature", "properties": {"l": 4, "c": 1, "t": 164, "e": 0}, "geometry": {"type": "LineString", "coordinates": [[135.29471, 34.82845], [135.29179, 34.82968]]}}, {"type": "Feature", "properties": {"l": 4, "c": 1, "t": 168, "e": 0}, "geometry": {"type": "LineString", "coordinates": [[135.26422, 34.83513], [135.26656, 34.83537]]}}, {"type": "Feature", "properties": {"l": 4, "c": 1, "t": 168, "e": 0}, "geometry": {"type": "LineString", "coordinates": [[135.25808, 34.83242], [135.25914, 34.83387], [135.26133, 34.83503], [135.26207, 34.83526], [135.26422, 34.83513]]}}, {"type": "Feature", "properties": {"l": 4, "c": 1, "t": 164, "e": 0}, "geometry": {"type": "LineString", "coordinates": [[135.25804, 34.83252], [135.25952, 34.8331]]}}, {"type": "Feature", "properties": {"l": 4, "c": 0, "t": 164, "e": 0}, "geometry": {"type": "LineString", "coordinates": [[135.19957, 34.84238], [135.19781, 34.84311], [135.19734, 34.84266], [135.19735, 34.8419]]}}, {"type": "Feature", "properties": {"l": 4, "c": 0, "t": 192, "e": 0}, "geometry": {"type": "LineString", "coordinates": [[135.07724, 34.80716], [135.07633, 34.8096]]}}, {"type": "Feature", "properties": {"l": 4, "c": 6, "t": 207, "e": 0}, "geometry": {"type": "LineString", "coordinates": [[135.40936, 34.88105], [135.41531, 34.87765], [135.41956, 34.87607]]}}, {"type": "Feature", "properties": {"l": 4, "c": 0, "t": 191, "e": 1}, "geometry": {"type": "LineString", "coordinates": [[135.15141, 34.69618], [135.15291, 34.69631]]}}, {"type": "Feature", "properties": {"l": 4, "c": 0, "t": 191, "e": 1}, "geometry": {"type": "LineString", "coordinates": [[135.14936, 34.69637], [135.15141, 34.69618]]}}, {"type": "Feature", "properties": {"l": 4, "c": 1, "t": 170, "e": 0}, "geometry": {"type": "LineString", "coordinates": [[135.32837, 34.82252], [135.32949, 34.82253]]}}, {"type": "Feature", "properties": {"l": 4, "c": 1, "t": 170, "e": 0}, "geometry": {"type": "LineString", "coordinates": [[135.32808, 34.82229], [135.32565, 34.82203]]}}, {"type": "Feature", "properties": {"l": 4, "c": 1, "t": 170, "e": 0}, "geometry": {"type": "LineString", "coordinates": [[135.32949, 34.82253], [135.33154, 34.82225], [135.33359, 34.82154]]}}, {"type": "Feature", "properties": {"l": 4, "c": 0, "t": 164, "e": 0}, "geometry": {"type": "LineString", "coordinates": [[135.19858, 34.83996], [135.19902, 34.83957], [135.19968, 34.83952], [135.20004, 34.83999], [135.19944, 34.84033], [135.19674, 34.83936]]}}, {"type": "Feature", "properties": {"l": 4, "c": 0, "t": 192, "e": 0}, "geometry": {"type": "LineString", "coordinates": [[135.07724, 34.80716], [135.07622, 34.80919], [135.07558, 34.80974], [135.0744, 34.80988], [135.07307, 34.80905]]}}, {"type": "Feature", "properties": {"l": 4, "c": 0, "t": 172, "e": 0}, "geometry": {"type": "LineString", "coordinates": [[135.08258, 34.76986], [135.08297, 34.76564], [135.08405, 34.76249], [135.0859, 34.75935], [135.09047, 34.75319], [135.09206, 34.74908]]}}, {"type": "Feature", "properties": {"l": 4, "c": 0, "t": 170, "e": 0}, "geometry": {"type": "LineString", "coordinates": [[135.22649, 34.84388], [135.22696, 34.84324]]}}, {"type": "Feature", "properties": {"l": 4, "c": 0, "t": 168, "e": 0}, "geometry": {"type": "LineString", "coordinates": [[135.07425, 34.69156], [135.07612, 34.69264], [135.07716, 34.69375]]}}, {"type": "Feature", "properties": {"l": 4, "c": 0, "t": 168, "e": 0}, "geometry": {"type": "LineString", "coordinates": [[135.07403, 34.69148], [135.07425, 34.69156]]}}, {"type": "Feature", "properties": {"l": 4, "c": 0, "t": 167, "e": 0}, "geometry": {"type": "LineString", "coordinates": [[135.0864, 34.70762], [135.08987, 34.71074]]}}, {"type": "Feature", "properties": {"l": 4, "c": 0, "t": 167, "e": 0}, "geometry": {"type": "LineString", "coordinates": [[135.0866, 34.70751], [135.08539, 34.70634]]}}, {"type": "Feature", "properties": {"l": 4, "c": 0, "t": 167, "e": 0}, "geometry": {"type": "LineString", "coordinates": [[135.08987, 34.71074], [135.092, 34.71349], [135.09234, 34.71636], [135.0914, 34.71867], [135.08725, 34.72463]]}}, {"type": "Feature", "properties": {"l": 4, "c": 0, "t": 167, "e": 0}, "geometry": {"type": "LineString", "coordinates": [[135.08995, 34.71067], [135.0866, 34.70751]]}}, {"type": "Feature", "properties": {"l": 4, "c": 0, "t": 162, "e": 0}, "geometry": {"type": "LineString", "coordinates": [[135.03388, 34.63188], [135.03541, 34.63406]]}}, {"type": "Feature", "properties": {"l": 4, "c": 0, "t": 162, "e": 0}, "geometry": {"type": "LineString", "coordinates": [[135.03425, 34.6321], [135.00837, 34.60198], [135.00706, 34.59956]]}}, {"type": "Feature", "properties": {"l": 4, "c": 0, "t": 168, "e": 0}, "geometry": {"type": "LineString", "coordinates": [[135.09952, 34.70591], [135.09848, 34.7065], [135.0975, 34.70652]]}}, {"type": "Feature", "properties": {"l": 4, "c": 0, "t": 168, "e": 0}, "geometry": {"type": "LineString", "coordinates": [[135.0975, 34.70652], [135.0955, 34.70549]]}}, {"type": "Feature", "properties": {"l": 4, "c": 0, "t": 192, "e": 0}, "geometry": {"type": "LineString", "coordinates": [[135.21253, 34.84876], [135.20895, 34.84707]]}}, {"type": "Feature", "properties": {"l": 4, "c": 0, "t": 164, "e": 0}, "geometry": {"type": "LineString", "coordinates": [[134.98274, 34.68559], [134.98104, 34.6857]]}}, {"type": "Feature", "properties": {"l": 4, "c": 0, "t": 164, "e": 0}, "geometry": {"type": "LineString", "coordinates": [[134.98272, 34.68564], [134.98309, 34.68519], [134.98255, 34.68483]]}}, {"type": "Feature", "properties": {"l": 4, "c": 0, "t": 164, "e": 0}, "geometry": {"type": "LineString", "coordinates": [[134.98173, 34.68563], [134.98156, 34.68568]]}}, {"type": "Feature", "properties": {"l": 4, "c": 0, "t": 164, "e": 0}, "geometry": {"type": "LineString", "coordinates": [[134.98104, 34.6857], [134.98013, 34.6857], [134.9796, 34.68538]]}}, {"type": "Feature", "properties": {"l": 4, "c": 0, "t": 164, "e": 0}, "geometry": {"type": "LineString", "coordinates": [[134.98077, 34.68572], [134.98006, 34.68541], [134.98049, 34.68486]]}}, {"type": "Feature", "properties": {"l": 4, "c": 0, "t": 164, "e": 0}, "geometry": {"type": "LineString", "coordinates": [[134.98098, 34.68578], [134.98272, 34.68564]]}}, {"type": "Feature", "properties": {"l": 4, "c": 0, "t": 177, "e": 0}, "geometry": {"type": "LineString", "coordinates": [[134.98688, 34.68296], [134.98531, 34.68315]]}}, {"type": "Feature", "properties": {"l": 4, "c": 0, "t": 177, "e": 0}, "geometry": {"type": "LineString", "coordinates": [[134.98294, 34.68384], [134.98505, 34.68329]]}}, {"type": "Feature", "properties": {"l": 4, "c": 0, "t": 189, "e": 0}, "geometry": {"type": "LineString", "coordinates": [[135.15183, 34.65961], [135.15168, 34.65956]]}}, {"type": "Feature", "properties": {"l": 4, "c": 3, "t": 163, "e": 0}, "geometry": {"type": "LineString", "coordinates": [[135.41303, 34.74193], [135.41255, 34.74194]]}}, {"type": "Feature", "properties": {"l": 4, "c": 3, "t": 200, "e": 0}, "geometry": {"type": "LineString", "coordinates": [[135.41641, 34.74264], [135.41837, 34.7426]]}}, {"type": "Feature", "properties": {"l": 4, "c": 0, "t": 190, "e": 1}, "geometry": {"type": "LineString", "coordinates": [[135.19677, 34.70632], [135.1967, 34.70589]]}}, {"type": "Feature", "properties": {"l": 4, "c": 0, "t": 190, "e": 1}, "geometry": {"type": "LineString", "coordinates": [[135.1967, 34.70589], [135.19684, 34.70566]]}}, {"type": "Feature", "properties": {"l": 4, "c": 1, "t": 164, "e": 0}, "geometry": {"type": "LineString", "coordinates": [[135.2346, 34.83584], [135.23468, 34.83636]]}}, {"type": "Feature", "properties": {"l": 4, "c": 1, "t": 164, "e": 0}, "geometry": {"type": "LineString", "coordinates": [[135.23458, 34.8356], [135.2346, 34.83584]]}}, {"type": "Feature", "properties": {"l": 4, "c": 0, "t": 190, "e": 1}, "geometry": {"type": "LineString", "coordinates": [[135.1941, 34.70992], [135.19665, 34.70706], [135.19705, 34.70488], [135.20116, 34.69852]]}}, {"type": "Feature", "properties": {"l": 4, "c": 5, "t": 185, "e": 1}, "geometry": {"type": "LineString", "coordinates": [[135.28591, 34.77416], [135.28396, 34.77209]]}}, {"type": "Feature", "properties": {"l": 4, "c": 1, "t": 185, "e": 1}, "geometry": {"type": "LineString", "coordinates": [[135.28834, 34.7807], [135.28886, 34.78093], [135.289, 34.78158]]}}, {"type": "Feature", "properties": {"l": 4, "c": 1, "t": 185, "e": 1}, "geometry": {"type": "LineString", "coordinates": [[135.289, 34.78158], [135.2888, 34.78198], [135.28766, 34.78214], [135.28658, 34.78273], [135.28405, 34.78116], [135.28284, 34.78131], [135.28204, 34.78084], [135.27972, 34.78052], [135.2779, 34.78067]]}}, {"type": "Feature", "properties": {"l": 4, "c": 5, "t": 185, "e": 1}, "geometry": {"type": "LineString", "coordinates": [[135.2779, 34.78067], [135.27646, 34.78063]]}}, {"type": "Feature", "properties": {"l": 4, "c": 1, "t": 185, "e": 1}, "geometry": {"type": "LineString", "coordinates": [[135.27616, 34.78165], [135.27586, 34.78219]]}}, {"type": "Feature", "properties": {"l": 4, "c": 5, "t": 185, "e": 1}, "geometry": {"type": "LineString", "coordinates": [[135.2761, 34.78096], [135.27639, 34.78082]]}}, {"type": "Feature", "properties": {"l": 4, "c": 1, "t": 186, "e": 1}, "geometry": {"type": "LineString", "coordinates": [[135.27613, 34.78172], [135.27586, 34.78191], [135.27578, 34.78159]]}}, {"type": "Feature", "properties": {"l": 4, "c": 5, "t": 186, "e": 1}, "geometry": {"type": "LineString", "coordinates": [[135.2761, 34.78096], [135.27616, 34.78165]]}}, {"type": "Feature", "properties": {"l": 4, "c": 1, "t": 185, "e": 1}, "geometry": {"type": "LineString", "coordinates": [[135.27609, 34.78118], [135.2761, 34.78096]]}}, {"type": "Feature", "properties": {"l": 4, "c": 5, "t": 185, "e": 1}, "geometry": {"type": "LineString", "coordinates": [[135.27584, 34.78101], [135.27567, 34.78112]]}}, {"type": "Feature", "properties": {"l": 4, "c": 0, "t": 185, "e": 1}, "geometry": {"type": "LineString", "coordinates": [[135.25889, 34.79623], [135.2584, 34.79617], [135.25691, 34.79703], [135.25617, 34.79815], [135.25512, 34.79853], [135.25471, 34.80067], [135.25278, 34.80067]]}}, {"type": "Feature", "properties": {"l": 4, "c": 0, "t": 185, "e": 1}, "geometry": {"type": "LineString", "coordinates": [[135.25903, 34.79631], [135.25889, 34.79623]]}}, {"type": "Feature", "properties": {"l": 4, "c": 1, "t": 163, "e": 0}, "geometry": {"type": "LineString", "coordinates": [[135.35737, 34.72476], [135.35586, 34.72575]]}}, {"type": "Feature", "properties": {"l": 4, "c": 1, "t": 163, "e": 0}, "geometry": {"type": "LineString", "coordinates": [[135.35748, 34.7247], [135.35737, 34.72476]]}}, {"type": "Feature", "properties": {"l": 4, "c": 0, "t": 164, "e": 0}, "geometry": {"type": "LineString", "coordinates": [[135.07579, 34.64825], [135.07698, 34.6485]]}}, {"type": "Feature", "properties": {"l": 4, "c": 0, "t": 164, "e": 0}, "geometry": {"type": "LineString", "coordinates": [[135.00963, 34.67871], [135.01336, 34.6778]]}}, {"type": "Feature", "properties": {"l": 4, "c": 0, "t": 164, "e": 0}, "geometry": {"type": "LineString", "coordinates": [[135.05342, 34.69863], [135.05414, 34.69853], [135.05551, 34.69887]]}}, {"type": "Feature", "properties": {"l": 4, "c": 0, "t": 164, "e": 0}, "geometry": {"type": "LineString", "coordinates": [[135.05203, 34.69731], [135.0504, 34.69671]]}}, {"type": "Feature", "properties": {"l": 4, "c": 0, "t": 171, "e": 0}, "geometry": {"type": "LineString", "coordinates": [[135.22149, 34.85143], [135.22271, 34.85016]]}}, {"type": "Feature", "properties": {"l": 4, "c": 0, "t": 192, "e": 0}, "geometry": {"type": "LineString", "coordinates": [[135.22076, 34.85211], [135.22149, 34.85143]]}}, {"type": "Feature", "properties": {"l": 4, "c": 0, "t": 170, "e": 0}, "geometry": {"type": "LineString", "coordinates": [[135.22291, 34.84935], [135.22226, 34.85009]]}}, {"type": "Feature", "properties": {"l": 4, "c": 0, "t": 170, "e": 0}, "geometry": {"type": "LineString", "coordinates": [[135.22306, 34.84943], [135.22649, 34.84388]]}}, {"type": "Feature", "properties": {"l": 4, "c": 0, "t": 170, "e": 0}, "geometry": {"type": "LineString", "coordinates": [[135.22226, 34.85009], [135.22134, 34.85106]]}}, {"type": "Feature", "properties": {"l": 4, "c": 0, "t": 170, "e": 0}, "geometry": {"type": "LineString", "coordinates": [[135.22243, 34.85014], [135.22306, 34.84943]]}}, {"type": "Feature", "properties": {"l": 4, "c": 0, "t": 171, "e": 0}, "geometry": {"type": "LineString", "coordinates": [[135.22271, 34.85016], [135.22335, 34.84955]]}}, {"type": "Feature", "properties": {"l": 4, "c": 6, "t": 207, "e": 0}, "geometry": {"type": "LineString", "coordinates": [[135.40359, 34.8837], [135.39942, 34.88488]]}}, {"type": "Feature", "properties": {"l": 4, "c": 6, "t": 207, "e": 0}, "geometry": {"type": "LineString", "coordinates": [[135.40725, 34.88197], [135.40517, 34.88306]]}}, {"type": "Feature", "properties": {"l": 4, "c": 6, "t": 207, "e": 0}, "geometry": {"type": "LineString", "coordinates": [[135.40761, 34.88175], [135.40725, 34.88197]]}}, {"type": "Feature", "properties": {"l": 4, "c": 6, "t": 207, "e": 0}, "geometry": {"type": "LineString", "coordinates": [[135.40895, 34.88088], [135.40761, 34.88175]]}}, {"type": "Feature", "properties": {"l": 4, "c": 6, "t": 207, "e": 0}, "geometry": {"type": "LineString", "coordinates": [[135.41894, 34.87569], [135.41391, 34.87777], [135.40895, 34.88088]]}}, {"type": "Feature", "properties": {"l": 4, "c": 6, "t": 207, "e": 0}, "geometry": {"type": "LineString", "coordinates": [[135.42204, 34.8749], [135.41894, 34.87569]]}}, {"type": "Feature", "properties": {"l": 4, "c": 6, "t": 207, "e": 0}, "geometry": {"type": "LineString", "coordinates": [[135.42299, 34.8747], [135.42204, 34.8749]]}}, {"type": "Feature", "properties": {"l": 4, "c": 7, "t": 207, "e": 0}, "geometry": {"type": "LineString", "coordinates": [[135.44728, 34.87528], [135.42965, 34.8742], [135.42299, 34.8747]]}}, {"type": "Feature", "properties": {"l": 4, "c": 6, "t": 207, "e": 0}, "geometry": {"type": "LineString", "coordinates": [[135.42232, 34.87538], [135.4288, 34.87474], [135.4464, 34.87567]]}}, {"type": "Feature", "properties": {"l": 4, "c": 6, "t": 207, "e": 0}, "geometry": {"type": "LineString", "coordinates": [[135.42072, 34.87575], [135.42232, 34.87538]]}}, {"type": "Feature", "properties": {"l": 4, "c": 6, "t": 207, "e": 0}, "geometry": {"type": "LineString", "coordinates": [[135.41956, 34.87607], [135.42072, 34.87575]]}}, {"type": "Feature", "properties": {"l": 4, "c": 6, "t": 207, "e": 0}, "geometry": {"type": "LineString", "coordinates": [[135.40781, 34.8819], [135.40936, 34.88105]]}}, {"type": "Feature", "properties": {"l": 4, "c": 6, "t": 207, "e": 0}, "geometry": {"type": "LineString", "coordinates": [[135.40752, 34.88206], [135.40781, 34.8819]]}}, {"type": "Feature", "properties": {"l": 4, "c": 6, "t": 207, "e": 0}, "geometry": {"type": "LineString", "coordinates": [[135.4054, 34.88308], [135.40752, 34.88206]]}}, {"type": "Feature", "properties": {"l": 4, "c": 6, "t": 207, "e": 0}, "geometry": {"type": "LineString", "coordinates": [[135.39895, 34.88506], [135.40171, 34.88444], [135.4054, 34.88308]]}}, {"type": "Feature", "properties": {"l": 4, "c": 6, "t": 164, "e": 0}, "geometry": {"type": "LineString", "coordinates": [[135.3895, 34.88572], [135.38957, 34.88654], [135.39034, 34.8872], [135.39193, 34.88751], [135.39363, 34.88743]]}}, {"type": "Feature", "properties": {"l": 4, "c": 6, "t": 164, "e": 0}, "geometry": {"type": "LineString", "coordinates": [[135.39886, 34.88494], [135.39593, 34.88505]]}}, {"type": "Feature", "properties": {"l": 4, "c": 6, "t": 164, "e": 0}, "geometry": {"type": "LineString", "coordinates": [[135.39593, 34.88505], [135.3955, 34.88478]]}}, {"type": "Feature", "properties": {"l": 4, "c": 6, "t": 164, "e": 0}, "geometry": {"type": "LineString", "coordinates": [[135.3955, 34.88478], [135.39455, 34.88451], [135.39414, 34.88521]]}}, {"type": "Feature", "properties": {"l": 4, "c": 6, "t": 164, "e": 0}, "geometry": {"type": "LineString", "coordinates": [[135.39414, 34.88521], [135.39434, 34.88601]]}}, {"type": "Feature", "properties": {"l": 4, "c": 6, "t": 164, "e": 0}, "geometry": {"type": "LineString", "coordinates": [[135.39376, 34.88725], [135.39072, 34.88725], [135.38982, 34.88674], [135.38952, 34.88583]]}}, {"type": "Feature", "properties": {"l": 4, "c": 0, "t": 164, "e": 0}, "geometry": {"type": "LineString", "coordinates": [[135.20124, 34.8416], [135.20075, 34.84124]]}}, {"type": "Feature", "properties": {"l": 4, "c": 0, "t": 192, "e": 0}, "geometry": {"type": "LineString", "coordinates": [[135.20118, 34.84165], [135.20067, 34.84132]]}}, {"type": "Feature", "properties": {"l": 4, "c": 0, "t": 192, "e": 0}, "geometry": {"type": "LineString", "coordinates": [[135.20106, 34.84172], [135.2081, 34.84675]]}}, {"type": "Feature", "properties": {"l": 4, "c": 0, "t": 164, "e": 0}, "geometry": {"type": "LineString", "coordinates": [[135.20075, 34.84124], [135.20022, 34.84074], [135.19986, 34.83953], [135.19919, 34.83945], [135.1985, 34.83993]]}}, {"type": "Feature", "properties": {"l": 4, "c": 0, "t": 192, "e": 0}, "geometry": {"type": "LineString", "coordinates": [[135.20067, 34.84132], [135.19088, 34.83655], [135.18865, 34.83466], [135.18429, 34.82956], [135.182, 34.8279], [135.17995, 34.82706], [135.17718, 34.82667], [135.17416, 34.82707], [135.16588, 34.83079]]}}, {"type": "Feature", "properties": {"l": 4, "c": 0, "t": 192, "e": 0}, "geometry": {"type": "LineString", "coordinates": [[135.20058, 34.84141], [135.20106, 34.84172]]}}, {"type": "Feature", "properties": {"l": 4, "c": 0, "t": 164, "e": 0}, "geometry": {"type": "LineString", "coordinates": [[135.20051, 34.84145], [135.20106, 34.84172]]}}, {"type": "Feature", "properties": {"l": 4, "c": 5, "t": 176, "e": 0}, "geometry": {"type": "LineString", "coordinates": [[135.31714, 34.71461], [135.31424, 34.71403]]}}, {"type": "Feature", "properties": {"l": 4, "c": 5, "t": 176, "e": 0}, "geometry": {"type": "LineString", "coordinates": [[135.31711, 34.71472], [135.32884, 34.71692], [135.33218, 34.71687], [135.33509, 34.71626], [135.34276, 34.71396], [135.34542, 34.71267], [135.36216, 34.69871], [135.36377, 34.69773], [135.37256, 34.69671], [135.38223, 34.69679], [135.38494, 34.69612]]}}, {"type": "Feature", "properties": {"l": 4, "c": 5, "t": 176, "e": 0}, "geometry": {"type": "LineString", "coordinates": [[135.3142, 34.71415], [135.31711, 34.71472]]}}, {"type": "Feature", "properties": {"l": 4, "c": 5, "t": 176, "e": 0}, "geometry": {"type": "LineString", "coordinates": [[135.31424, 34.71403], [135.30015, 34.71139]]}}, {"type": "Feature", "properties": {"l": 4, "c": 0, "t": 192, "e": 0}, "geometry": {"type": "LineString", "coordinates": [[135.22273, 34.84969], [135.21943, 34.84944]]}}, {"type": "Feature", "properties": {"l": 4, "c": 7, "t": 170, "e": 0}, "geometry": {"type": "LineString", "coordinates": [[135.45105, 34.80077], [135.44479, 34.80012], [135.43894, 34.80084], [135.43523, 34.80254], [135.43089, 34.80646]]}}, {"type": "Feature", "properties": {"l": 4, "c": 6, "t": 170, "e": 0}, "geometry": {"type": "LineString", "coordinates": [[135.41022, 34.81119], [135.41869, 34.81076], [135.42462, 34.81005], [135.4279, 34.80885], [135.43049, 34.80699]]}}, {"type": "Feature", "properties": {"l": 4, "c": 4, "t": 170, "e": 0}, "geometry": {"type": "LineString", "coordinates": [[135.38699, 34.80955], [135.38411, 34.80864], [135.37823, 34.80607], [135.37429, 34.80531]]}}, {"type": "Feature", "properties": {"l": 4, "c": 7, "t": 164, "e": 0}, "geometry": {"type": "LineString", "coordinates": [[135.43337, 34.80391], [135.43238, 34.80478]]}}, {"type": "Feature", "properties": {"l": 4, "c": 0, "t": 170, "e": 0}, "geometry": {"type": "LineString", "coordinates": [[135.18683, 34.88199], [135.18659, 34.88212]]}}, {"type": "Feature", "properties": {"l": 4, "c": 0, "t": 170, "e": 0}, "geometry": {"type": "LineString", "coordinates": [[135.18657, 34.88228], [135.18679, 34.88216]]}}, {"type": "Feature", "properties": {"l": 4, "c": 0, "t": 164, "e": 0}, "geometry": {"type": "LineString", "coordinates": [[135.18686, 34.88186], [135.18653, 34.88201]]}}, {"type": "Feature", "properties": {"l": 4, "c": 0, "t": 170, "e": 0}, "geometry": {"type": "LineString", "coordinates": [[135.21244, 34.86388], [135.21005, 34.86569], [135.20749, 34.8668]]}}, {"type": "Feature", "properties": {"l": 4, "c": 0, "t": 170, "e": 0}, "geometry": {"type": "LineString", "coordinates": [[135.21278, 34.86353], [135.21244, 34.86388]]}}, {"type": "Feature", "properties": {"l": 4, "c": 1, "t": 164, "e": 0}, "geometry": {"type": "LineString", "coordinates": [[135.23585, 34.83851], [135.23626, 34.83835]]}}, {"type": "Feature", "properties": {"l": 4, "c": 1, "t": 170, "e": 0}, "geometry": {"type": "LineString", "coordinates": [[135.25586, 34.83731], [135.25866, 34.8366]]}}, {"type": "Feature", "properties": {"l": 4, "c": 1, "t": 170, "e": 0}, "geometry": {"type": "LineString", "coordinates": [[135.25585, 34.83718], [135.25136, 34.83722], [135.24576, 34.83816], [135.23974, 34.83801]]}}, {"type": "Feature", "properties": {"l": 4, "c": 1, "t": 170, "e": 0}, "geometry": {"type": "LineString", "coordinates": [[135.25866, 34.8366], [135.26125, 34.83513], [135.26239, 34.83484], [135.27242, 34.8359], [135.27631, 34.83539], [135.28031, 34.83426]]}}, {"type": "Feature", "properties": {"l": 4, "c": 1, "t": 170, "e": 0}, "geometry": {"type": "LineString", "coordinates": [[135.25859, 34.83648], [135.25585, 34.83718]]}}, {"type": "Feature", "properties": {"l": 4, "c": 1, "t": 168, "e": 0}, "geometry": {"type": "LineString", "coordinates": [[135.26106, 34.83465], [135.25931, 34.83386], [135.25835, 34.83233]]}}, {"type": "Feature", "properties": {"l": 4, "c": 2, "t": 170, "e": 0}, "geometry": {"type": "LineString", "coordinates": [[135.3335, 34.82115], [135.33192, 34.8218]]}}, {"type": "Feature", "properties": {"l": 4, "c": 2, "t": 170, "e": 0}, "geometry": {"type": "LineString", "coordinates": [[135.35084, 34.81785], [135.35195, 34.81768]]}}, {"type": "Feature", "properties": {"l": 4, "c": 2, "t": 170, "e": 0}, "geometry": {"type": "LineString", "coordinates": [[135.35014, 34.81766], [135.34215, 34.81841]]}}, {"type": "Feature", "properties": {"l": 4, "c": 2, "t": 170, "e": 0}, "geometry": {"type": "LineString", "coordinates": [[135.36349, 34.81043], [135.36731, 34.80751]]}}, {"type": "Feature", "properties": {"l": 4, "c": 2, "t": 170, "e": 0}, "geometry": {"type": "LineString", "coordinates": [[135.36339, 34.81033], [135.35798, 34.81467]]}}, {"type": "Feature", "properties": {"l": 4, "c": 7, "t": 170, "e": 0}, "geometry": {"type": "LineString", "coordinates": [[135.43099, 34.80652], [135.43531, 34.80261], [135.43891, 34.80095], [135.44483, 34.80021], [135.44762, 34.80032], [135.45102, 34.80086]]}}, {"type": "Feature", "properties": {"l": 4, "c": 7, "t": 164, "e": 0}, "geometry": {"type": "LineString", "coordinates": [[135.43169, 34.80548], [135.42877, 34.80817]]}}, {"type": "Feature", "properties": {"l": 4, "c": 0, "t": 171, "e": 0}, "geometry": {"type": "LineString", "coordinates": [[135.23197, 34.85176], [135.23016, 34.85124]]}}, {"type": "Feature", "properties": {"l": 4, "c": 0, "t": 171, "e": 0}, "geometry": {"type": "LineString", "coordinates": [[135.22746, 34.85049], [135.22579, 34.84976]]}}, {"type": "Feature", "properties": {"l": 4, "c": 0, "t": 171, "e": 0}, "geometry": {"type": "LineString", "coordinates": [[135.22149, 34.85143], [135.22307, 34.85039], [135.22573, 34.85062]]}}, {"type": "Feature", "properties": {"l": 4, "c": 0, "t": 171, "e": 0}, "geometry": {"type": "LineString", "coordinates": [[135.22267, 34.85071], [135.22573, 34.85062]]}}, {"type": "Feature", "properties": {"l": 4, "c": 6, "t": 164, "e": 0}, "geometry": {"type": "LineString", "coordinates": [[135.39363, 34.88743], [135.39447, 34.8869], [135.39442, 34.886]]}}, {"type": "Feature", "properties": {"l": 4, "c": 6, "t": 164, "e": 0}, "geometry": {"type": "LineString", "coordinates": [[135.39072, 34.88678], [135.39378, 34.88628], [135.39428, 34.88671], [135.39376, 34.88725]]}}, {"type": "Feature", "properties": {"l": 4, "c": 6, "t": 164, "e": 0}, "geometry": {"type": "LineString", "coordinates": [[135.39442, 34.886], [135.39422, 34.88519]]}}, {"type": "Feature", "properties": {"l": 4, "c": 6, "t": 164, "e": 0}, "geometry": {"type": "LineString", "coordinates": [[135.39422, 34.88519], [135.39455, 34.88459], [135.39531, 34.88488]]}}, {"type": "Feature", "properties": {"l": 4, "c": 6, "t": 164, "e": 0}, "geometry": {"type": "LineString", "coordinates": [[135.39531, 34.88488], [135.39524, 34.88524]]}}, {"type": "Feature", "properties": {"l": 4, "c": 0, "t": 177, "e": 0}, "geometry": {"type": "LineString", "coordinates": [[135.02309, 34.67121], [135.0244, 34.66889], [135.02644, 34.6628], [135.02781, 34.66133], [135.03011, 34.6598]]}}, {"type": "Feature", "properties": {"l": 4, "c": 0, "t": 177, "e": 0}, "geometry": {"type": "LineString", "coordinates": [[135.02291, 34.67147], [135.02309, 34.67121]]}}, {"type": "Feature", "properties": {"l": 4, "c": 0, "t": 177, "e": 0}, "geometry": {"type": "LineString", "coordinates": [[135.02296, 34.67123], [135.02277, 34.67148]]}}, {"type": "Feature", "properties": {"l": 4, "c": 0, "t": 177, "e": 0}, "geometry": {"type": "LineString", "coordinates": [[135.02277, 34.67148], [135.02139, 34.67304]]}}, {"type": "Feature", "properties": {"l": 4, "c": 0, "t": 177, "e": 0}, "geometry": {"type": "LineString", "coordinates": [[135.02147, 34.67309], [135.02291, 34.67147]]}}, {"type": "Feature", "properties": {"l": 4, "c": 0, "t": 177, "e": 0}, "geometry": {"type": "LineString", "coordinates": [[135.02139, 34.67304], [135.01873, 34.67514]]}}, {"type": "Feature", "properties": {"l": 4, "c": 0, "t": 177, "e": 0}, "geometry": {"type": "LineString", "coordinates": [[135.01873, 34.67514], [135.01387, 34.67726]]}}, {"type": "Feature", "properties": {"l": 4, "c": 0, "t": 177, "e": 0}, "geometry": {"type": "LineString", "coordinates": [[135.01879, 34.67521], [135.02147, 34.67309]]}}, {"type": "Feature", "properties": {"l": 4, "c": 0, "t": 168, "e": 0}, "geometry": {"type": "LineString", "coordinates": [[135.04531, 34.69401], [135.04657, 34.69473]]}}, {"type": "Feature", "properties": {"l": 4, "c": 0, "t": 168, "e": 0}, "geometry": {"type": "LineString", "coordinates": [[135.04537, 34.69393], [135.04242, 34.69214]]}}, {"type": "Feature", "properties": {"l": 4, "c": 0, "t": 168, "e": 0}, "geometry": {"type": "LineString", "coordinates": [[135.04657, 34.69473], [135.05142, 34.69734], [135.0555, 34.69884]]}}, {"type": "Feature", "properties": {"l": 4, "c": 0, "t": 168, "e": 0}, "geometry": {"type": "LineString", "coordinates": [[135.04663, 34.69466], [135.04537, 34.69393]]}}, {"type": "Feature", "properties": {"l": 4, "c": 0, "t": 168, "e": 0}, "geometry": {"type": "LineString", "coordinates": [[135.04242, 34.69214], [135.04122, 34.69136]]}}, {"type": "Feature", "properties": {"l": 4, "c": 0, "t": 168, "e": 0}, "geometry": {"type": "LineString", "coordinates": [[135.04236, 34.69221], [135.04531, 34.69401]]}}, {"type": "Feature", "properties": {"l": 4, "c": 0, "t": 168, "e": 0}, "geometry": {"type": "LineString", "coordinates": [[135.04122, 34.69136], [135.03788, 34.68908]]}}, {"type": "Feature", "properties": {"l": 4, "c": 0, "t": 168, "e": 0}, "geometry": {"type": "LineString", "coordinates": [[135.04115, 34.69143], [135.04236, 34.69221]]}}, {"type": "Feature", "properties": {"l": 4, "c": 0, "t": 168, "e": 0}, "geometry": {"type": "LineString", "coordinates": [[135.03833, 34.68953], [135.04115, 34.69143]]}}, {"type": "Feature", "properties": {"l": 4, "c": 0, "t": 168, "e": 0}, "geometry": {"type": "LineString", "coordinates": [[135.03788, 34.68908], [135.03585, 34.68771]]}}, {"type": "Feature", "properties": {"l": 4, "c": 0, "t": 168, "e": 0}, "geometry": {"type": "LineString", "coordinates": [[135.03585, 34.68771], [135.03383, 34.68693], [135.03099, 34.68675]]}}, {"type": "Feature", "properties": {"l": 4, "c": 0, "t": 168, "e": 0}, "geometry": {"type": "LineString", "coordinates": [[135.03579, 34.68779], [135.03833, 34.68953]]}}, {"type": "Feature", "properties": {"l": 4, "c": 0, "t": 168, "e": 0}, "geometry": {"type": "LineString", "coordinates": [[135.15606, 34.75619], [135.15782, 34.75743], [135.15712, 34.75887]]}}, {"type": "Feature", "properties": {"l": 4, "c": 0, "t": 168, "e": 0}, "geometry": {"type": "LineString", "coordinates": [[135.15613, 34.75612], [135.16097, 34.75869]]}}, {"type": "Feature", "properties": {"l": 4, "c": 0, "t": 168, "e": 0}, "geometry": {"type": "LineString", "coordinates": [[135.15616, 34.75603], [135.15573, 34.75584]]}}, {"type": "Feature", "properties": {"l": 4, "c": 0, "t": 191, "e": 1}, "geometry": {"type": "LineString", "coordinates": [[135.16464, 34.69909], [135.16595, 34.69936]]}}, {"type": "Feature", "properties": {"l": 4, "c": 0, "t": 191, "e": 1}, "geometry": {"type": "LineString", "coordinates": [[135.16458, 34.69901], [135.16379, 34.69895]]}}, {"type": "Feature", "properties": {"l": 4, "c": 0, "t": 191, "e": 1}, "geometry": {"type": "LineString", "coordinates": [[135.16317, 34.69891], [135.16336, 34.69892]]}}, {"type": "Feature", "properties": {"l": 4, "c": 0, "t": 191, "e": 1}, "geometry": {"type": "LineString", "coordinates": [[135.16336, 34.69892], [135.16379, 34.69895]]}}, {"type": "Feature", "properties": {"l": 4, "c": 2, "t": 170, "e": 0}, "geometry": {"type": "LineString", "coordinates": [[135.35568, 34.81641], [135.35813, 34.81478]]}}, {"type": "Feature", "properties": {"l": 4, "c": 2, "t": 170, "e": 0}, "geometry": {"type": "LineString", "coordinates": [[135.34217, 34.81862], [135.35084, 34.81785]]}}, {"type": "Feature", "properties": {"l": 4, "c": 1, "t": 170, "e": 0}, "geometry": {"type": "LineString", "coordinates": [[135.32396, 34.82197], [135.32505, 34.82215]]}}, {"type": "Feature", "properties": {"l": 4, "c": 1, "t": 164, "e": 0}, "geometry": {"type": "LineString", "coordinates": [[135.34852, 34.70989], [135.34696, 34.71117]]}}, {"type": "Feature", "properties": {"l": 4, "c": 0, "t": 168, "e": 0}, "geometry": {"type": "LineString", "coordinates": [[135.05549, 34.69871], [135.05149, 34.69724], [135.04663, 34.69466]]}}, {"type": "Feature", "properties": {"l": 4, "c": 0, "t": 168, "e": 0}, "geometry": {"type": "LineString", "coordinates": [[135.0555, 34.69884], [135.05638, 34.69908]]}}, {"type": "Feature", "properties": {"l": 4, "c": 0, "t": 164, "e": 0}, "geometry": {"type": "LineString", "coordinates": [[135.05551, 34.69887], [135.0559, 34.69896]]}}, {"type": "Feature", "properties": {"l": 4, "c": 0, "t": 168, "e": 0}, "geometry": {"type": "LineString", "coordinates": [[135.05621, 34.69892], [135.05549, 34.69871]]}}, {"type": "Feature", "properties": {"l": 4, "c": 0, "t": 168, "e": 0}, "geometry": {"type": "LineString", "coordinates": [[135.05638, 34.69908], [135.0591, 34.69972]]}}, {"type": "Feature", "properties": {"l": 4, "c": 0, "t": 164, "e": 0}, "geometry": {"type": "LineString", "coordinates": [[135.05913, 34.69951], [135.0556, 34.69858]]}}, {"type": "Feature", "properties": {"l": 4, "c": 0, "t": 168, "e": 0}, "geometry": {"type": "LineString", "coordinates": [[135.05914, 34.69955], [135.05621, 34.69892]]}}, {"type": "Feature", "properties": {"l": 4, "c": 0, "t": 168, "e": 0}, "geometry": {"type": "LineString", "coordinates": [[135.0591, 34.69972], [135.06129, 34.69997]]}}, {"type": "Feature", "properties": {"l": 4, "c": 0, "t": 168, "e": 0}, "geometry": {"type": "LineString", "coordinates": [[135.06131, 34.69987], [135.05914, 34.69955]]}}, {"type": "Feature", "properties": {"l": 4, "c": 0, "t": 168, "e": 0}, "geometry": {"type": "LineString", "coordinates": [[135.06129, 34.69997], [135.06263, 34.70016]]}}, {"type": "Feature", "properties": {"l": 4, "c": 0, "t": 168, "e": 0}, "geometry": {"type": "LineString", "coordinates": [[135.06263, 34.70016], [135.06505, 34.70051]]}}, {"type": "Feature", "properties": {"l": 4, "c": 0, "t": 168, "e": 0}, "geometry": {"type": "LineString", "coordinates": [[135.06266, 34.70007], [135.06131, 34.69987]]}}, {"type": "Feature", "properties": {"l": 4, "c": 0, "t": 168, "e": 0}, "geometry": {"type": "LineString", "coordinates": [[135.06505, 34.70051], [135.06798, 34.70091]]}}, {"type": "Feature", "properties": {"l": 4, "c": 0, "t": 168, "e": 0}, "geometry": {"type": "LineString", "coordinates": [[135.06508, 34.70042], [135.06266, 34.70007]]}}, {"type": "Feature", "properties": {"l": 4, "c": 0, "t": 177, "e": 0}, "geometry": {"type": "LineString", "coordinates": [[134.99371, 34.68273], [134.99103, 34.68288]]}}, {"type": "Feature", "properties": {"l": 4, "c": 0, "t": 177, "e": 0}, "geometry": {"type": "LineString", "coordinates": [[134.99101, 34.68297], [134.99373, 34.68281]]}}, {"type": "Feature", "properties": {"l": 4, "c": 0, "t": 177, "e": 0}, "geometry": {"type": "LineString", "coordinates": [[134.99103, 34.68288], [134.98905, 34.68287]]}}, {"type": "Feature", "properties": {"l": 4, "c": 0, "t": 177, "e": 0}, "geometry": {"type": "LineString", "coordinates": [[134.98905, 34.68296], [134.99101, 34.68297]]}}, {"type": "Feature", "properties": {"l": 4, "c": 0, "t": 177, "e": 0}, "geometry": {"type": "LineString", "coordinates": [[134.98905, 34.68287], [134.98688, 34.68296]]}}, {"type": "Feature", "properties": {"l": 4, "c": 0, "t": 177, "e": 0}, "geometry": {"type": "LineString", "coordinates": [[134.98534, 34.68324], [134.98688, 34.68305]]}}, {"type": "Feature", "properties": {"l": 4, "c": 0, "t": 177, "e": 0}, "geometry": {"type": "LineString", "coordinates": [[134.98531, 34.68315], [134.98503, 34.6832]]}}, {"type": "Feature", "properties": {"l": 4, "c": 0, "t": 177, "e": 0}, "geometry": {"type": "LineString", "coordinates": [[134.98505, 34.68329], [134.98534, 34.68324]]}}, {"type": "Feature", "properties": {"l": 4, "c": 0, "t": 177, "e": 0}, "geometry": {"type": "LineString", "coordinates": [[134.98503, 34.6832], [134.98289, 34.68376]]}}, {"type": "Feature", "properties": {"l": 4, "c": 0, "t": 192, "e": 0}, "geometry": {"type": "LineString", "coordinates": [[135.21943, 34.84944], [135.21575, 34.84942], [135.21296, 34.8489]]}}, {"type": "Feature", "properties": {"l": 4, "c": 0, "t": 192, "e": 0}, "geometry": {"type": "LineString", "coordinates": [[135.2129, 34.84906], [135.21667, 34.84977]]}}, {"type": "Feature", "properties": {"l": 4, "c": 0, "t": 192, "e": 0}, "geometry": {"type": "LineString", "coordinates": [[135.21243, 34.8489], [135.2129, 34.84906]]}}, {"type": "Feature", "properties": {"l": 4, "c": 0, "t": 192, "e": 0}, "geometry": {"type": "LineString", "coordinates": [[135.21944, 34.84962], [135.22258, 34.84986]]}}, {"type": "Feature", "properties": {"l": 4, "c": 6, "t": 207, "e": 0}, "geometry": {"type": "LineString", "coordinates": [[135.39887, 34.88497], [135.39045, 34.88658]]}}, {"type": "Feature", "properties": {"l": 4, "c": 0, "t": 192, "e": 0}, "geometry": {"type": "LineString", "coordinates": [[135.21296, 34.8489], [135.21253, 34.84876]]}}, {"type": "Feature", "properties": {"l": 4, "c": 0, "t": 171, "e": 0}, "geometry": {"type": "LineString", "coordinates": [[135.22746, 34.85049], [135.22587, 34.84965]]}}, {"type": "Feature", "properties": {"l": 4, "c": 0, "t": 171, "e": 0}, "geometry": {"type": "LineString", "coordinates": [[135.22387, 34.84725], [135.22204, 34.8487], [135.21942, 34.84925]]}}, {"type": "Feature", "properties": {"l": 4, "c": 0, "t": 207, "e": 0}, "geometry": {"type": "LineString", "coordinates": [[135.23197, 34.85176], [135.23014, 34.8513]]}}, {"type": "Feature", "properties": {"l": 4, "c": 0, "t": 207, "e": 0}, "geometry": {"type": "LineString", "coordinates": [[135.2299, 34.85147], [135.23338, 34.8523]]}}, {"type": "Feature", "properties": {"l": 4, "c": 0, "t": 207, "e": 0}, "geometry": {"type": "LineString", "coordinates": [[135.22591, 34.85029], [135.22349, 34.84981]]}}, {"type": "Feature", "properties": {"l": 4, "c": 0, "t": 207, "e": 0}, "geometry": {"type": "LineString", "coordinates": [[135.22581, 34.85049], [135.2299, 34.85147]]}}, {"type": "Feature", "properties": {"l": 4, "c": 0, "t": 171, "e": 0}, "geometry": {"type": "LineString", "coordinates": [[135.22573, 34.85062], [135.2299, 34.85147]]}}, {"type": "Feature", "properties": {"l": 4, "c": 0, "t": 207, "e": 0}, "geometry": {"type": "LineString", "coordinates": [[135.23338, 34.8523], [135.23855, 34.85361]]}}, {"type": "Feature", "properties": {"l": 4, "c": 0, "t": 207, "e": 0}, "geometry": {"type": "LineString", "coordinates": [[135.23343, 34.85212], [135.23197, 34.85176]]}}, {"type": "Feature", "properties": {"l": 4, "c": 0, "t": 207, "e": 0}, "geometry": {"type": "LineString", "coordinates": [[135.23868, 34.85316], [135.23343, 34.85212]]}}, {"type": "Feature", "properties": {"l": 4, "c": 0, "t": 207, "e": 0}, "geometry": {"type": "LineString", "coordinates": [[135.23855, 34.85361], [135.23988, 34.85395]]}}, {"type": "Feature", "properties": {"l": 4, "c": 0, "t": 207, "e": 0}, "geometry": {"type": "LineString", "coordinates": [[135.23988, 34.85395], [135.24522, 34.85546]]}}, {"type": "Feature", "properties": {"l": 4, "c": 0, "t": 207, "e": 0}, "geometry": {"type": "LineString", "coordinates": [[135.23999, 34.85341], [135.23868, 34.85316]]}}, {"type": "Feature", "properties": {"l": 4, "c": 0, "t": 207, "e": 0}, "geometry": {"type": "LineString", "coordinates": [[135.2468, 34.8554], [135.23999, 34.85341]]}}, {"type": "Feature", "properties": {"l": 4, "c": 0, "t": 207, "e": 0}, "geometry": {"type": "LineString", "coordinates": [[135.24522, 34.85546], [135.24776, 34.85635]]}}, {"type": "Feature", "properties": {"l": 4, "c": 0, "t": 207, "e": 0}, "geometry": {"type": "LineString", "coordinates": [[135.24776, 34.85635], [135.25139, 34.85817]]}}, {"type": "Feature", "properties": {"l": 4, "c": 0, "t": 207, "e": 0}, "geometry": {"type": "LineString", "coordinates": [[135.2479, 34.85585], [135.2468, 34.8554]]}}, {"type": "Feature", "properties": {"l": 4, "c": 0, "t": 207, "e": 0}, "geometry": {"type": "LineString", "coordinates": [[135.25139, 34.85817], [135.25787, 34.86231], [135.2633, 34.86427]]}}, {"type": "Feature", "properties": {"l": 4, "c": 0, "t": 207, "e": 0}, "geometry": {"type": "LineString", "coordinates": [[135.26334, 34.86417], [135.26018, 34.8632], [135.25736, 34.8619], [135.25007, 34.85694]]}}, {"type": "Feature", "properties": {"l": 4, "c": 0, "t": 207, "e": 0}, "geometry": {"type": "LineString", "coordinates": [[135.2633, 34.86427], [135.26804, 34.86494]]}}, {"type": "Feature", "properties": {"l": 4, "c": 0, "t": 207, "e": 0}, "geometry": {"type": "LineString", "coordinates": [[135.26804, 34.86494], [135.27266, 34.86485]]}}, {"type": "Feature", "properties": {"l": 4, "c": 0, "t": 207, "e": 0}, "geometry": {"type": "LineString", "coordinates": [[135.26806, 34.86482], [135.26334, 34.86417]]}}, {"type": "Feature", "properties": {"l": 4, "c": 0, "t": 207, "e": 0}, "geometry": {"type": "LineString", "coordinates": [[135.27266, 34.86485], [135.27929, 34.86451]]}}, {"type": "Feature", "properties": {"l": 4, "c": 0, "t": 207, "e": 0}, "geometry": {"type": "LineString", "coordinates": [[135.27266, 34.86472], [135.26806, 34.86482]]}}, {"type": "Feature", "properties": {"l": 4, "c": 0, "t": 207, "e": 0}, "geometry": {"type": "LineString", "coordinates": [[135.27929, 34.86451], [135.29009, 34.86395]]}}, {"type": "Feature", "properties": {"l": 4, "c": 0, "t": 207, "e": 0}, "geometry": {"type": "LineString", "coordinates": [[135.27927, 34.86439], [135.27266, 34.86472]]}}, {"type": "Feature", "properties": {"l": 4, "c": 0, "t": 207, "e": 0}, "geometry": {"type": "LineString", "coordinates": [[135.29009, 34.86395], [135.29356, 34.86384]]}}, {"type": "Feature", "properties": {"l": 4, "c": 0, "t": 207, "e": 0}, "geometry": {"type": "LineString", "coordinates": [[135.29009, 34.86384], [135.27927, 34.86439]]}}, {"type": "Feature", "properties": {"l": 4, "c": 2, "t": 207, "e": 0}, "geometry": {"type": "LineString", "coordinates": [[135.29356, 34.86384], [135.29777, 34.86406], [135.30133, 34.8646], [135.30532, 34.86563], [135.30897, 34.86702]]}}, {"type": "Feature", "properties": {"l": 4, "c": 2, "t": 207, "e": 0}, "geometry": {"type": "LineString", "coordinates": [[135.29355, 34.86372], [135.29009, 34.86384]]}}, {"type": "Feature", "properties": {"l": 4, "c": 2, "t": 207, "e": 0}, "geometry": {"type": "LineString", "coordinates": [[135.30905, 34.86688], [135.30539, 34.86553], [135.30135, 34.86449], [135.29724, 34.8639], [135.29355, 34.86372]]}}, {"type": "Feature", "properties": {"l": 4, "c": 2, "t": 207, "e": 0}, "geometry": {"type": "LineString", "coordinates": [[135.30897, 34.86702], [135.31505, 34.87018]]}}, {"type": "Feature", "properties": {"l": 4, "c": 2, "t": 207, "e": 0}, "geometry": {"type": "LineString", "coordinates": [[135.31505, 34.87018], [135.31648, 34.87089]]}}, {"type": "Feature", "properties": {"l": 4, "c": 2, "t": 207, "e": 0}, "geometry": {"type": "LineString", "coordinates": [[135.31509, 34.86986], [135.30905, 34.86688]]}}, {"type": "Feature", "properties": {"l": 4, "c": 2, "t": 207, "e": 0}, "geometry": {"type": "LineString", "coordinates": [[135.31648, 34.87089], [135.3186, 34.87187]]}}, {"type": "Feature", "properties": {"l": 4, "c": 2, "t": 207, "e": 0}, "geometry": {"type": "LineString", "coordinates": [[135.31714, 34.87078], [135.31509, 34.86986]]}}, {"type": "Feature", "properties": {"l": 4, "c": 2, "t": 207, "e": 0}, "geometry": {"type": "LineString", "coordinates": [[135.32043, 34.87207], [135.31714, 34.87078]]}}, {"type": "Feature", "properties": {"l": 4, "c": 2, "t": 207, "e": 0}, "geometry": {"type": "LineString", "coordinates": [[135.32121, 34.87293], [135.3234, 34.87371]]}}, {"type": "Feature", "properties": {"l": 4, "c": 2, "t": 207, "e": 0}, "geometry": {"type": "LineString", "coordinates": [[135.3234, 34.87371], [135.32941, 34.87636], [135.33733, 34.88187], [135.34102, 34.88386]]}}, {"type": "Feature", "properties": {"l": 4, "c": 2, "t": 207, "e": 0}, "geometry": {"type": "LineString", "coordinates": [[135.32383, 34.87331], [135.32043, 34.87207]]}}, {"type": "Feature", "properties": {"l": 4, "c": 2, "t": 207, "e": 0}, "geometry": {"type": "LineString", "coordinates": [[135.34164, 34.88368], [135.33846, 34.88192], [135.33052, 34.87629], [135.32383, 34.87331]]}}, {"type": "Feature", "properties": {"l": 4, "c": 6, "t": 207, "e": 0}, "geometry": {"type": "LineString", "coordinates": [[135.37639, 34.88972], [135.38263, 34.8891]]}}, {"type": "Feature", "properties": {"l": 4, "c": 6, "t": 207, "e": 0}, "geometry": {"type": "LineString", "coordinates": [[135.38255, 34.8886], [135.3763, 34.88926]]}}, {"type": "Feature", "properties": {"l": 4, "c": 6, "t": 207, "e": 0}, "geometry": {"type": "LineString", "coordinates": [[135.38263, 34.8891], [135.38292, 34.88904]]}}, {"type": "Feature", "properties": {"l": 4, "c": 6, "t": 207, "e": 0}, "geometry": {"type": "LineString", "coordinates": [[135.38292, 34.88904], [135.3907, 34.88675]]}}, {"type": "Feature", "properties": {"l": 4, "c": 6, "t": 207, "e": 0}, "geometry": {"type": "LineString", "coordinates": [[135.38413, 34.88824], [135.38255, 34.8886]]}}, {"type": "Feature", "properties": {"l": 4, "c": 6, "t": 207, "e": 0}, "geometry": {"type": "LineString", "coordinates": [[135.3907, 34.88675], [135.39895, 34.88506]]}}, {"type": "Feature", "properties": {"l": 4, "c": 6, "t": 207, "e": 0}, "geometry": {"type": "LineString", "coordinates": [[135.39045, 34.88658], [135.38413, 34.88824]]}}, {"type": "Feature", "properties": {"l": 4, "c": 2, "t": 164, "e": 0}, "geometry": {"type": "LineString", "coordinates": [[135.30905, 34.86688], [135.30536, 34.8653], [135.30528, 34.86471], [135.30592, 34.86456], [135.30624, 34.86488], [135.30607, 34.86551]]}}, {"type": "Feature", "properties": {"l": 4, "c": 2, "t": 164, "e": 0}, "geometry": {"type": "LineString", "coordinates": [[135.30607, 34.86551], [135.30579, 34.86602]]}}, {"type": "Feature", "properties": {"l": 4, "c": 2, "t": 164, "e": 0}, "geometry": {"type": "LineString", "coordinates": [[135.30579, 34.86602], [135.30504, 34.86755], [135.30459, 34.86736]]}}, {"type": "Feature", "properties": {"l": 4, "c": 2, "t": 164, "e": 0}, "geometry": {"type": "LineString", "coordinates": [[135.30587, 34.86604], [135.30612, 34.86553]]}}, {"type": "Feature", "properties": {"l": 4, "c": 2, "t": 164, "e": 0}, "geometry": {"type": "LineString", "coordinates": [[135.30612, 34.86553], [135.30633, 34.86487], [135.30588, 34.86447], [135.30424, 34.86497], [135.30219, 34.86466]]}}, {"type": "Feature", "properties": {"l": 4, "c": 2, "t": 164, "e": 0}, "geometry": {"type": "LineString", "coordinates": [[135.2983, 34.86412], [135.30229, 34.86515], [135.30245, 34.8656], [135.30184, 34.8667]]}}, {"type": "Feature", "properties": {"l": 4, "c": 2, "t": 164, "e": 0}, "geometry": {"type": "LineString", "coordinates": [[135.30184, 34.8667], [135.3016, 34.86812]]}}, {"type": "Feature", "properties": {"l": 4, "c": 2, "t": 164, "e": 0}, "geometry": {"type": "LineString", "coordinates": [[135.30201, 34.86808], [135.30178, 34.86796], [135.3021, 34.86707]]}}, {"type": "Feature", "properties": {"l": 4, "c": 2, "t": 164, "e": 0}, "geometry": {"type": "LineString", "coordinates": [[135.30393, 34.86744], [135.30422, 34.86774], [135.30297, 34.86763], [135.30258, 34.86798]]}}, {"type": "Feature", "properties": {"l": 4, "c": 2, "t": 164, "e": 0}, "geometry": {"type": "LineString", "coordinates": [[135.30275, 34.86803], [135.30464, 34.86767]]}}, {"type": "Feature", "properties": {"l": 4, "c": 0, "t": 171, "e": 0}, "geometry": {"type": "LineString", "coordinates": [[135.22387, 34.84725], [135.22172, 34.84932]]}}, {"type": "Feature", "properties": {"l": 4, "c": 0, "t": 171, "e": 0}, "geometry": {"type": "LineString", "coordinates": [[135.22172, 34.84932], [135.22185, 34.85021], [135.22267, 34.85071]]}}, {"type": "Feature", "properties": {"l": 4, "c": 0, "t": 171, "e": 0}, "geometry": {"type": "LineString", "coordinates": [[135.22579, 34.84976], [135.22389, 34.8487]]}}, {"type": "Feature", "properties": {"l": 4, "c": 0, "t": 171, "e": 0}, "geometry": {"type": "LineString", "coordinates": [[135.22587, 34.84965], [135.22498, 34.84822], [135.22543, 34.84603]]}}, {"type": "Feature", "properties": {"l": 4, "c": 0, "t": 171, "e": 0}, "geometry": {"type": "LineString", "coordinates": [[135.22335, 34.84955], [135.22425, 34.84897], [135.22479, 34.84927], [135.2245, 34.84982], [135.22213, 34.8496]]}}, {"type": "Feature", "properties": {"l": 4, "c": 0, "t": 192, "e": 0}, "geometry": {"type": "LineString", "coordinates": [[135.2129, 34.84906], [135.21535, 34.84955], [135.21944, 34.84962]]}}, {"type": "Feature", "properties": {"l": 4, "c": 0, "t": 171, "e": 0}, "geometry": {"type": "LineString", "coordinates": [[135.22209, 34.84938], [135.22185, 34.84993]]}}, {"type": "Feature", "properties": {"l": 4, "c": 0, "t": 171, "e": 0}, "geometry": {"type": "LineString", "coordinates": [[135.22185, 34.84993], [135.22116, 34.85103]]}}, {"type": "Feature", "properties": {"l": 4, "c": 0, "t": 171, "e": 0}, "geometry": {"type": "LineString", "coordinates": [[135.22116, 34.85103], [135.22016, 34.85204]]}}, {"type": "Feature", "properties": {"l": 4, "c": 0, "t": 171, "e": 0}, "geometry": {"type": "LineString", "coordinates": [[135.22011, 34.84987], [135.22139, 34.85014], [135.22116, 34.85103]]}}, {"type": "Feature", "properties": {"l": 4, "c": 0, "t": 207, "e": 0}, "geometry": {"type": "LineString", "coordinates": [[135.23014, 34.8513], [135.22591, 34.85029]]}}, {"type": "Feature", "properties": {"l": 4, "c": 0, "t": 171, "e": 0}, "geometry": {"type": "LineString", "coordinates": [[135.23016, 34.85124], [135.22746, 34.85049]]}}, {"type": "Feature", "properties": {"l": 4, "c": 0, "t": 207, "e": 0}, "geometry": {"type": "LineString", "coordinates": [[135.25007, 34.85694], [135.2479, 34.85585]]}}, {"type": "Feature", "properties": {"l": 4, "c": 2, "t": 207, "e": 0}, "geometry": {"type": "LineString", "coordinates": [[135.3186, 34.87187], [135.31921, 34.87213]]}}, {"type": "Feature", "properties": {"l": 4, "c": 2, "t": 207, "e": 0}, "geometry": {"type": "LineString", "coordinates": [[135.31921, 34.87213], [135.32121, 34.87293]]}}, {"type": "Feature", "properties": {"l": 4, "c": 6, "t": 164, "e": 0}, "geometry": {"type": "LineString", "coordinates": [[135.39524, 34.88524], [135.3925, 34.88612]]}}, {"type": "Feature", "properties": {"l": 4, "c": 0, "t": 171, "e": 0}, "geometry": {"type": "LineString", "coordinates": [[135.22324, 34.84871], [135.22209, 34.84938]]}}, {"type": "Feature", "properties": {"l": 4, "c": 0, "t": 171, "e": 0}, "geometry": {"type": "LineString", "coordinates": [[135.22389, 34.8487], [135.22324, 34.84871]]}}, {"type": "Feature", "properties": {"l": 4, "c": 1, "t": 168, "e": 0}, "geometry": {"type": "LineString", "coordinates": [[135.25815, 34.83195], [135.25767, 34.83089]]}}, {"type": "Feature", "properties": {"l": 4, "c": 1, "t": 164, "e": 0}, "geometry": {"type": "LineString", "coordinates": [[135.2583, 34.83189], [135.25767, 34.83089]]}}, {"type": "Feature", "properties": {"l": 4, "c": 1, "t": 168, "e": 0}, "geometry": {"type": "LineString", "coordinates": [[135.25835, 34.83233], [135.25815, 34.83195]]}}, {"type": "Feature", "properties": {"l": 4, "c": 1, "t": 164, "e": 0}, "geometry": {"type": "LineString", "coordinates": [[135.2585, 34.83226], [135.2583, 34.83189]]}}, {"type": "Feature", "properties": {"l": 4, "c": 1, "t": 163, "e": 0}, "geometry": {"type": "LineString", "coordinates": [[135.35648, 34.72769], [135.35664, 34.72783]]}}, {"type": "Feature", "properties": {"l": 4, "c": 0, "t": 203, "e": 0}, "geometry": {"type": "LineString", "coordinates": [[135.20362, 34.80584], [135.20302, 34.80594]]}}, {"type": "Feature", "properties": {"l": 4, "c": 0, "t": 203, "e": 0}, "geometry": {"type": "LineString", "coordinates": [[135.20301, 34.80591], [135.2025, 34.806]]}}, {"type": "Feature", "properties": {"l": 4, "c": 0, "t": 203, "e": 0}, "geometry": {"type": "LineString", "coordinates": [[135.20338, 34.80596], [135.20413, 34.80586]]}}, {"type": "Feature", "properties": {"l": 4, "c": 0, "t": 181, "e": 0}, "geometry": {"type": "LineString", "coordinates": [[135.20181, 34.8063], [135.2022, 34.80618]]}}, {"type": "Feature", "properties": {"l": 4, "c": 0, "t": 181, "e": 0}, "geometry": {"type": "LineString", "coordinates": [[135.20225, 34.80622], [135.20254, 34.80616]]}}, {"type": "Feature", "properties": {"l": 4, "c": 0, "t": 181, "e": 0}, "geometry": {"type": "LineString", "coordinates": [[135.20175, 34.80622], [135.20111, 34.80649]]}}, {"type": "Feature", "properties": {"l": 4, "c": 0, "t": 168, "e": 0}, "geometry": {"type": "LineString", "coordinates": [[135.21395, 34.78304], [135.21491, 34.78357]]}}, {"type": "Feature", "properties": {"l": 4, "c": 2, "t": 164, "e": 0}, "geometry": {"type": "LineString", "coordinates": [[135.36783, 34.80464], [135.3681, 34.80519]]}}, {"type": "Feature", "properties": {"l": 4, "c": 2, "t": 164, "e": 0}, "geometry": {"type": "LineString", "coordinates": [[135.36859, 34.80553], [135.36835, 34.80508]]}}, {"type": "Feature", "properties": {"l": 4, "c": 2, "t": 164, "e": 0}, "geometry": {"type": "LineString", "coordinates": [[135.30353, 34.86553], [135.30796, 34.86659]]}}, {"type": "Feature", "properties": {"l": 4, "c": 2, "t": 164, "e": 0}, "geometry": {"type": "LineString", "coordinates": [[135.30435, 34.86755], [135.3051, 34.86759], [135.30587, 34.86604]]}}, {"type": "Feature", "properties": {"l": 4, "c": 0, "t": 191, "e": 1}, "geometry": {"type": "LineString", "coordinates": [[135.13415, 34.69396], [135.13427, 34.69408]]}}, {"type": "Feature", "properties": {"l": 4, "c": 0, "t": 177, "e": 0}, "geometry": {"type": "LineString", "coordinates": [[134.9261, 34.71576], [134.92713, 34.71575]]}}, {"type": "Feature", "properties": {"l": 4, "c": 0, "t": 177, "e": 0}, "geometry": {"type": "LineString", "coordinates": [[134.92713, 34.71575], [134.93197, 34.71525], [134.9364, 34.71383], [134.95515, 34.70465]]}}, {"type": "Feature", "properties": {"l": 4, "c": 0, "t": 177, "e": 0}, "geometry": {"type": "LineString", "coordinates": [[134.92713, 34.71566], [134.92604, 34.71567]]}}, {"type": "Feature", "properties": {"l": 4, "c": 0, "t": 177, "e": 0}, "geometry": {"type": "LineString", "coordinates": [[134.92604, 34.71567], [134.90775, 34.71651]]}}, {"type": "Feature", "properties": {"l": 4, "c": 5, "t": 164, "e": 0}, "geometry": {"type": "LineString", "coordinates": [[135.32227, 34.71532], [135.32224, 34.71551], [135.31972, 34.71511]]}}, {"type": "Feature", "properties": {"l": 4, "c": 0, "t": 168, "e": 0}, "geometry": {"type": "LineString", "coordinates": [[135.07496, 34.69176], [135.07556, 34.69221]]}}, {"type": "Feature", "properties": {"l": 4, "c": 1, "t": 168, "e": 0}, "geometry": {"type": "LineString", "coordinates": [[135.25493, 34.8191], [135.25644, 34.81941]]}}, {"type": "Feature", "properties": {"l": 4, "c": 1, "t": 168, "e": 0}, "geometry": {"type": "LineString", "coordinates": [[135.25255, 34.81866], [135.25493, 34.8191]]}}, {"type": "Feature", "properties": {"l": 4, "c": 0, "t": 164, "e": 0}, "geometry": {"type": "LineString", "coordinates": [[135.10636, 34.68565], [135.10607, 34.68727]]}}, {"type": "Feature", "properties": {"l": 4, "c": 0, "t": 164, "e": 0}, "geometry": {"type": "LineString", "coordinates": [[135.10697, 34.6862], [135.10752, 34.68531]]}}, {"type": "Feature", "properties": {"l": 4, "c": 0, "t": 189, "e": 0}, "geometry": {"type": "LineString", "coordinates": [[135.10682, 34.68458], [135.10632, 34.68484], [135.10612, 34.68586]]}}, {"type": "Feature", "properties": {"l": 4, "c": 0, "t": 189, "e": 0}, "geometry": {"type": "LineString", "coordinates": [[135.10636, 34.68687], [135.10701, 34.68564]]}}, {"type": "Feature", "properties": {"l": 4, "c": 0, "t": 164, "e": 0}, "geometry": {"type": "LineString", "coordinates": [[135.29899, 34.71108], [135.29882, 34.71079]]}}, {"type": "Feature", "properties": {"l": 4, "c": 0, "t": 190, "e": 1}, "geometry": {"type": "LineString", "coordinates": [[135.20245, 34.69672], [135.20255, 34.69655]]}}, {"type": "Feature", "properties": {"l": 4, "c": 7, "t": 170, "e": 0}, "geometry": {"type": "LineString", "coordinates": [[135.43049, 34.80699], [135.43099, 34.80652]]}}, {"type": "Feature", "properties": {"l": 4, "c": 0, "t": 177, "e": 0}, "geometry": {"type": "LineString", "coordinates": [[135.03731, 34.65279], [135.03326, 34.6574]]}}, {"type": "Feature", "properties": {"l": 4, "c": 0, "t": 177, "e": 0}, "geometry": {"type": "LineString", "coordinates": [[135.0376, 34.65259], [135.03731, 34.65279]]}}, {"type": "Feature", "properties": {"l": 4, "c": 0, "t": 177, "e": 0}, "geometry": {"type": "LineString", "coordinates": [[135.03772, 34.65263], [135.03814, 34.65238]]}}, {"type": "Feature", "properties": {"l": 4, "c": 0, "t": 177, "e": 0}, "geometry": {"type": "LineString", "coordinates": [[135.03743, 34.65283], [135.03772, 34.65263]]}}, {"type": "Feature", "properties": {"l": 4, "c": 1, "t": 168, "e": 0}, "geometry": {"type": "LineString", "coordinates": [[135.26019, 34.82067], [135.26093, 34.82226], [135.26053, 34.82368]]}}, {"type": "Feature", "properties": {"l": 4, "c": 1, "t": 168, "e": 0}, "geometry": {"type": "LineString", "coordinates": [[135.26048, 34.82053], [135.26004, 34.82013]]}}, {"type": "Feature", "properties": {"l": 4, "c": 1, "t": 168, "e": 0}, "geometry": {"type": "LineString", "coordinates": [[135.25644, 34.81941], [135.25765, 34.8196]]}}, {"type": "Feature", "properties": {"l": 4, "c": 1, "t": 168, "e": 0}, "geometry": {"type": "LineString", "coordinates": [[135.25663, 34.81918], [135.2551, 34.81895]]}}, {"type": "Feature", "properties": {"l": 4, "c": 1, "t": 168, "e": 0}, "geometry": {"type": "LineString", "coordinates": [[135.2551, 34.81895], [135.25256, 34.81858]]}}, {"type": "Feature", "properties": {"l": 4, "c": 1, "t": 164, "e": 0}, "geometry": {"type": "LineString", "coordinates": [[135.25491, 34.81914], [135.25613, 34.81936]]}}, {"type": "Feature", "properties": {"l": 4, "c": 1, "t": 168, "e": 0}, "geometry": {"type": "LineString", "coordinates": [[135.25144, 34.8184], [135.24891, 34.81752], [135.24736, 34.81568]]}}, {"type": "Feature", "properties": {"l": 4, "c": 1, "t": 168, "e": 0}, "geometry": {"type": "LineString", "coordinates": [[135.25135, 34.81847], [135.25255, 34.81866]]}}, {"type": "Feature", "properties": {"l": 4, "c": 1, "t": 164, "e": 0}, "geometry": {"type": "LineString", "coordinates": [[135.24756, 34.81567], [135.24725, 34.81426], [135.24752, 34.81243], [135.24733, 34.81065]]}}, {"type": "Feature", "properties": {"l": 4, "c": 1, "t": 164, "e": 0}, "geometry": {"type": "LineString", "coordinates": [[135.24727, 34.81608], [135.2483, 34.81727], [135.24957, 34.818]]}}, {"type": "Feature", "properties": {"l": 4, "c": 1, "t": 168, "e": 0}, "geometry": {"type": "LineString", "coordinates": [[135.24726, 34.81572], [135.24746, 34.81611]]}}, {"type": "Feature", "properties": {"l": 4, "c": 1, "t": 168, "e": 0}, "geometry": {"type": "LineString", "coordinates": [[135.26053, 34.82368], [135.25998, 34.82446]]}}, {"type": "Feature", "properties": {"l": 4, "c": 1, "t": 168, "e": 0}, "geometry": {"type": "LineString", "coordinates": [[135.26091, 34.82366], [135.26123, 34.82193], [135.26048, 34.82053]]}}, {"type": "Feature", "properties": {"l": 4, "c": 0, "t": 168, "e": 0}, "geometry": {"type": "LineString", "coordinates": [[135.23109, 34.79868], [135.2306, 34.7983]]}}, {"type": "Feature", "properties": {"l": 4, "c": 0, "t": 168, "e": 0}, "geometry": {"type": "LineString", "coordinates": [[135.2306, 34.7983], [135.22934, 34.79724]]}}, {"type": "Feature", "properties": {"l": 4, "c": 0, "t": 168, "e": 0}, "geometry": {"type": "LineString", "coordinates": [[135.23053, 34.7984], [135.23101, 34.79878]]}}, {"type": "Feature", "properties": {"l": 4, "c": 0, "t": 168, "e": 0}, "geometry": {"type": "LineString", "coordinates": [[135.23101, 34.79878], [135.23234, 34.79969]]}}, {"type": "Feature", "properties": {"l": 4, "c": 0, "t": 168, "e": 0}, "geometry": {"type": "LineString", "coordinates": [[135.22764, 34.79575], [135.22926, 34.79731]]}}, {"type": "Feature", "properties": {"l": 4, "c": 0, "t": 168, "e": 0}, "geometry": {"type": "LineString", "coordinates": [[135.22718, 34.79504], [135.2266, 34.79419]]}}, {"type": "Feature", "properties": {"l": 4, "c": 0, "t": 168, "e": 0}, "geometry": {"type": "LineString", "coordinates": [[135.2266, 34.79419], [135.22483, 34.79146]]}}, {"type": "Feature", "properties": {"l": 4, "c": 0, "t": 168, "e": 0}, "geometry": {"type": "LineString", "coordinates": [[135.22467, 34.79155], [135.2255, 34.79266]]}}, {"type": "Feature", "properties": {"l": 4, "c": 0, "t": 168, "e": 0}, "geometry": {"type": "LineString", "coordinates": [[135.22483, 34.79146], [135.22391, 34.79063]]}}, {"type": "Feature", "properties": {"l": 4, "c": 0, "t": 181, "e": 0}, "geometry": {"type": "LineString", "coordinates": [[135.2249, 34.79142], [135.22397, 34.79057]]}}, {"type": "Feature", "properties": {"l": 4, "c": 0, "t": 168, "e": 0}, "geometry": {"type": "LineString", "coordinates": [[135.22353, 34.79052], [135.22467, 34.79155]]}}, {"type": "Feature", "properties": {"l": 4, "c": 0, "t": 181, "e": 0}, "geometry": {"type": "LineString", "coordinates": [[135.22397, 34.79057], [135.22147, 34.78945]]}}, {"type": "Feature", "properties": {"l": 4, "c": 0, "t": 168, "e": 0}, "geometry": {"type": "LineString", "coordinates": [[135.22391, 34.79063], [135.22147, 34.78945]]}}, {"type": "Feature", "properties": {"l": 4, "c": 1, "t": 164, "e": 0}, "geometry": {"type": "LineString", "coordinates": [[135.25046, 34.81798], [135.25084, 34.81843]]}}, {"type": "Feature", "properties": {"l": 4, "c": 1, "t": 164, "e": 0}, "geometry": {"type": "LineString", "coordinates": [[135.25084, 34.81843], [135.25491, 34.81914]]}}, {"type": "Feature", "properties": {"l": 4, "c": 1, "t": 164, "e": 0}, "geometry": {"type": "LineString", "coordinates": [[135.25494, 34.81893], [135.2515, 34.81829]]}}, {"type": "Feature", "properties": {"l": 4, "c": 1, "t": 164, "e": 0}, "geometry": {"type": "LineString", "coordinates": [[135.2515, 34.81829], [135.2506, 34.81802]]}}, {"type": "Feature", "properties": {"l": 4, "c": 0, "t": 177, "e": 0}, "geometry": {"type": "LineString", "coordinates": [[134.97737, 34.68641], [134.97794, 34.68612]]}}, {"type": "Feature", "properties": {"l": 4, "c": 0, "t": 177, "e": 0}, "geometry": {"type": "LineString", "coordinates": [[134.97732, 34.68633], [134.9735, 34.68825]]}}, {"type": "Feature", "properties": {"l": 4, "c": 0, "t": 177, "e": 0}, "geometry": {"type": "LineString", "coordinates": [[134.97789, 34.68604], [134.97732, 34.68633]]}}, {"type": "Feature", "properties": {"l": 4, "c": 0, "t": 177, "e": 0}, "geometry": {"type": "LineString", "coordinates": [[134.97794, 34.68612], [134.98117, 34.68453]]}}, {"type": "Feature", "properties": {"l": 4, "c": 0, "t": 181, "e": 0}, "geometry": {"type": "LineString", "coordinates": [[135.22729, 34.79839], [135.22733, 34.79812]]}}, {"type": "Feature", "properties": {"l": 4, "c": 0, "t": 181, "e": 0}, "geometry": {"type": "LineString", "coordinates": [[135.22733, 34.79812], [135.22728, 34.7959]]}}, {"type": "Feature", "properties": {"l": 4, "c": 0, "t": 181, "e": 0}, "geometry": {"type": "LineString", "coordinates": [[135.22728, 34.7959], [135.22723, 34.7957]]}}, {"type": "Feature", "properties": {"l": 4, "c": 0, "t": 181, "e": 0}, "geometry": {"type": "LineString", "coordinates": [[135.22723, 34.7957], [135.22633, 34.79347]]}}, {"type": "Feature", "properties": {"l": 4, "c": 0, "t": 203, "e": 0}, "geometry": {"type": "LineString", "coordinates": [[135.22706, 34.79796], [135.227, 34.79828]]}}, {"type": "Feature", "properties": {"l": 4, "c": 0, "t": 203, "e": 0}, "geometry": {"type": "LineString", "coordinates": [[135.227, 34.79828], [135.2269, 34.79867]]}}, {"type": "Feature", "properties": {"l": 4, "c": 0, "t": 203, "e": 0}, "geometry": {"type": "LineString", "coordinates": [[135.21519, 34.8035], [135.21551, 34.80406], [135.21474, 34.80466]]}}, {"type": "Feature", "properties": {"l": 4, "c": 0, "t": 203, "e": 0}, "geometry": {"type": "LineString", "coordinates": [[135.21523, 34.80344], [135.21442, 34.80377]]}}, {"type": "Feature", "properties": {"l": 4, "c": 0, "t": 203, "e": 0}, "geometry": {"type": "LineString", "coordinates": [[135.21474, 34.80466], [135.21446, 34.80481]]}}, {"type": "Feature", "properties": {"l": 4, "c": 0, "t": 203, "e": 0}, "geometry": {"type": "LineString", "coordinates": [[135.21479, 34.80473], [135.2156, 34.80409], [135.21523, 34.80344]]}}, {"type": "Feature", "properties": {"l": 4, "c": 0, "t": 203, "e": 0}, "geometry": {"type": "LineString", "coordinates": [[135.21451, 34.80488], [135.21479, 34.80473]]}}, {"type": "Feature", "properties": {"l": 4, "c": 0, "t": 203, "e": 0}, "geometry": {"type": "LineString", "coordinates": [[135.21446, 34.80481], [135.21437, 34.80489]]}}, {"type": "Feature", "properties": {"l": 4, "c": 0, "t": 181, "e": 0}, "geometry": {"type": "LineString", "coordinates": [[135.21178, 34.80523], [135.21126, 34.80526]]}}, {"type": "Feature", "properties": {"l": 4, "c": 0, "t": 181, "e": 0}, "geometry": {"type": "LineString", "coordinates": [[135.21126, 34.80526], [135.20824, 34.80535]]}}, {"type": "Feature", "properties": {"l": 4, "c": 0, "t": 181, "e": 0}, "geometry": {"type": "LineString", "coordinates": [[135.21137, 34.80533], [135.21181, 34.80531]]}}, {"type": "Feature", "properties": {"l": 4, "c": 0, "t": 181, "e": 0}, "geometry": {"type": "LineString", "coordinates": [[135.21181, 34.80531], [135.21331, 34.80524]]}}, {"type": "Feature", "properties": {"l": 4, "c": 0, "t": 181, "e": 0}, "geometry": {"type": "LineString", "coordinates": [[135.20104, 34.80661], [135.20181, 34.8063]]}}, {"type": "Feature", "properties": {"l": 4, "c": 0, "t": 181, "e": 0}, "geometry": {"type": "LineString", "coordinates": [[135.20111, 34.80649], [135.20023, 34.80705]]}}, {"type": "Feature", "properties": {"l": 4, "c": 0, "t": 181, "e": 0}, "geometry": {"type": "LineString", "coordinates": [[135.20023, 34.80705], [135.1999, 34.8073]]}}, {"type": "Feature", "properties": {"l": 4, "c": 0, "t": 181, "e": 0}, "geometry": {"type": "LineString", "coordinates": [[135.20031, 34.80708], [135.20104, 34.80661]]}}, {"type": "Feature", "properties": {"l": 4, "c": 3, "t": 163, "e": 0}, "geometry": {"type": "LineString", "coordinates": [[135.46105, 34.75127], [135.45851, 34.74978]]}}, {"type": "Feature", "properties": {"l": 4, "c": 0, "t": 164, "e": 0}, "geometry": {"type": "LineString", "coordinates": [[135.01356, 34.67694], [135.01347, 34.67698]]}}, {"type": "Feature", "properties": {"l": 4, "c": 0, "t": 164, "e": 0}, "geometry": {"type": "LineString", "coordinates": [[135.01347, 34.67698], [135.00917, 34.67848]]}}, {"type": "Feature", "properties": {"l": 4, "c": 0, "t": 164, "e": 0}, "geometry": {"type": "LineString", "coordinates": [[135.01352, 34.67776], [135.01365, 34.67773]]}}, {"type": "Feature", "properties": {"l": 4, "c": 0, "t": 164, "e": 0}, "geometry": {"type": "LineString", "coordinates": [[135.01336, 34.6778], [135.01352, 34.67776]]}}, {"type": "Feature", "properties": {"l": 4, "c": 0, "t": 164, "e": 0}, "geometry": {"type": "LineString", "coordinates": [[135.19775, 34.84114], [135.19823, 34.84038]]}}, {"type": "Feature", "properties": {"l": 4, "c": 0, "t": 164, "e": 0}, "geometry": {"type": "LineString", "coordinates": [[135.12708, 34.7306], [135.12744, 34.7306]]}}, {"type": "Feature", "properties": {"l": 4, "c": 0, "t": 164, "e": 0}, "geometry": {"type": "LineString", "coordinates": [[135.12757, 34.73046], [135.12755, 34.73018]]}}, {"type": "Feature", "properties": {"l": 4, "c": 0, "t": 193, "e": 0}, "geometry": {"type": "LineString", "coordinates": [[135.12744, 34.73035], [135.12741, 34.73034]]}}, {"type": "Feature", "properties": {"l": 4, "c": 0, "t": 193, "e": 0}, "geometry": {"type": "LineString", "coordinates": [[135.12744, 34.73035], [135.12745, 34.73156], [135.12783, 34.73218]]}}, {"type": "Feature", "properties": {"l": 4, "c": 0, "t": 193, "e": 0}, "geometry": {"type": "LineString", "coordinates": [[135.12741, 34.73034], [135.12734, 34.73034]]}}, {"type": "Feature", "properties": {"l": 4, "c": 0, "t": 164, "e": 0}, "geometry": {"type": "LineString", "coordinates": [[135.17584, 34.67236], [135.17548, 34.67202]]}}, {"type": "Feature", "properties": {"l": 4, "c": 0, "t": 180, "e": 0}, "geometry": {"type": "LineString", "coordinates": [[135.1787, 34.6782], [135.17932, 34.67908]]}}, {"type": "Feature", "properties": {"l": 4, "c": 0, "t": 165, "e": 0}, "geometry": {"type": "LineString", "coordinates": [[135.16391, 34.66494], [135.16564, 34.66613]]}}, {"type": "Feature", "properties": {"l": 4, "c": 0, "t": 165, "e": 0}, "geometry": {"type": "LineString", "coordinates": [[135.16955, 34.66854], [135.16856, 34.66807]]}}, {"type": "Feature", "properties": {"l": 4, "c": 0, "t": 165, "e": 0}, "geometry": {"type": "LineString", "coordinates": [[135.16971, 34.66872], [135.1713, 34.66963]]}}, {"type": "Feature", "properties": {"l": 4, "c": 0, "t": 165, "e": 0}, "geometry": {"type": "LineString", "coordinates": [[135.17437, 34.67138], [135.17303, 34.67064]]}}, {"type": "Feature", "properties": {"l": 4, "c": 0, "t": 180, "e": 0}, "geometry": {"type": "LineString", "coordinates": [[135.18163, 34.68085], [135.1811, 34.6804]]}}, {"type": "Feature", "properties": {"l": 4, "c": 0, "t": 180, "e": 0}, "geometry": {"type": "LineString", "coordinates": [[135.18231, 34.6815], [135.18163, 34.68085]]}}, {"type": "Feature", "properties": {"l": 4, "c": 0, "t": 165, "e": 0}, "geometry": {"type": "LineString", "coordinates": [[135.19247, 34.68541], [135.19377, 34.68548]]}}, {"type": "Feature", "properties": {"l": 4, "c": 0, "t": 165, "e": 0}, "geometry": {"type": "LineString", "coordinates": [[135.19364, 34.68526], [135.19247, 34.68534]]}}, {"type": "Feature", "properties": {"l": 4, "c": 0, "t": 179, "e": 0}, "geometry": {"type": "LineString", "coordinates": [[135.19793, 34.68589], [135.19709, 34.68564]]}}, {"type": "Feature", "properties": {"l": 4, "c": 0, "t": 164, "e": 0}, "geometry": {"type": "LineString", "coordinates": [[135.19642, 34.68561], [135.19545, 34.68541]]}}, {"type": "Feature", "properties": {"l": 4, "c": 0, "t": 165, "e": 0}, "geometry": {"type": "LineString", "coordinates": [[135.19654, 34.68578], [135.19787, 34.68604]]}}, {"type": "Feature", "properties": {"l": 4, "c": 0, "t": 180, "e": 0}, "geometry": {"type": "LineString", "coordinates": [[135.20225, 34.69091], [135.20196, 34.6903]]}}, {"type": "Feature", "properties": {"l": 4, "c": 0, "t": 180, "e": 0}, "geometry": {"type": "LineString", "coordinates": [[135.20188, 34.69075], [135.20223, 34.69138]]}}, {"type": "Feature", "properties": {"l": 4, "c": 0, "t": 180, "e": 0}, "geometry": {"type": "LineString", "coordinates": [[135.20223, 34.69138], [135.20267, 34.69205]]}}, {"type": "Feature", "properties": {"l": 4, "c": 0, "t": 197, "e": 0}, "geometry": {"type": "LineString", "coordinates": [[135.20282, 34.69192], [135.2025, 34.6915]]}}, {"type": "Feature", "properties": {"l": 4, "c": 0, "t": 197, "e": 0}, "geometry": {"type": "LineString", "coordinates": [[135.20285, 34.69231], [135.20304, 34.69281]]}}, {"type": "Feature", "properties": {"l": 4, "c": 0, "t": 197, "e": 0}, "geometry": {"type": "LineString", "coordinates": [[135.20353, 34.69401], [135.20314, 34.69475]]}}, {"type": "Feature", "properties": {"l": 4, "c": 0, "t": 197, "e": 0}, "geometry": {"type": "LineString", "coordinates": [[135.20501, 34.695], [135.20386, 34.69363]]}}, {"type": "Feature", "properties": {"l": 4, "c": 0, "t": 166, "e": 0}, "geometry": {"type": "LineString", "coordinates": [[135.19867, 34.68635], [135.1973, 34.68577], [135.19477, 34.68541], [135.18663, 34.68547], [135.185, 34.68499], [135.18381, 34.68413], [135.18245, 34.68184], [135.17907, 34.67847], [135.17683, 34.67281], [135.16955, 34.66854]]}}, {"type": "Feature", "properties": {"l": 4, "c": 0, "t": 165, "e": 0}, "geometry": {"type": "LineString", "coordinates": [[135.15344, 34.65618], [135.1534, 34.65614]]}}, {"type": "Feature", "properties": {"l": 4, "c": 0, "t": 165, "e": 0}, "geometry": {"type": "LineString", "coordinates": [[135.15339, 34.65619], [135.15344, 34.65618]]}}, {"type": "Feature", "properties": {"l": 4, "c": 0, "t": 184, "e": 0}, "geometry": {"type": "LineString", "coordinates": [[135.15139, 34.65989], [135.15173, 34.659]]}}, {"type": "Feature", "properties": {"l": 4, "c": 0, "t": 204, "e": 0}, "geometry": {"type": "LineString", "coordinates": [[135.13499, 34.64756], [135.13436, 34.64706]]}}, {"type": "Feature", "properties": {"l": 4, "c": 0, "t": 205, "e": 0}, "geometry": {"type": "LineString", "coordinates": [[135.13543, 34.64805], [135.1364, 34.64856]]}}, {"type": "Feature", "properties": {"l": 4, "c": 5, "t": 185, "e": 1}, "geometry": {"type": "LineString", "coordinates": [[135.2869, 34.77502], [135.28672, 34.77486]]}}, {"type": "Feature", "properties": {"l": 4, "c": 5, "t": 185, "e": 1}, "geometry": {"type": "LineString", "coordinates": [[135.28672, 34.77486], [135.28591, 34.77416]]}}, {"type": "Feature", "properties": {"l": 4, "c": 0, "t": 184, "e": 0}, "geometry": {"type": "LineString", "coordinates": [[135.15296, 34.65598], [135.15314, 34.6555]]}}, {"type": "Feature", "properties": {"l": 4, "c": 0, "t": 184, "e": 0}, "geometry": {"type": "LineString", "coordinates": [[135.1525, 34.65659], [135.151, 34.66045], [135.151, 34.66379], [135.15041, 34.66482], [135.14947, 34.66528], [135.14859, 34.66533], [135.14526, 34.66373], [135.14314, 34.66408]]}}, {"type": "Feature", "properties": {"l": 4, "c": 0, "t": 165, "e": 0}, "geometry": {"type": "LineString", "coordinates": [[135.15263, 34.6566], [135.15208, 34.65767], [135.15054, 34.65737]]}}, {"type": "Feature", "properties": {"l": 4, "c": 1, "t": 163, "e": 0}, "geometry": {"type": "LineString", "coordinates": [[135.35464, 34.72629], [135.3545, 34.72639]]}}, {"type": "Feature", "properties": {"l": 4, "c": 3, "t": 164, "e": 0}, "geometry": {"type": "LineString", "coordinates": [[135.41545, 34.71465], [135.41849, 34.71371], [135.42199, 34.71317]]}}, {"type": "Feature", "properties": {"l": 4, "c": 7, "t": 208, "e": 0}, "geometry": {"type": "LineString", "coordinates": [[135.44278, 34.79588], [135.44441, 34.79312], [135.44721, 34.7897]]}}, {"type": "Feature", "properties": {"l": 4, "c": 7, "t": 164, "e": 0}, "geometry": {"type": "LineString", "coordinates": [[135.44269, 34.79585], [135.44225, 34.79648]]}}, {"type": "Feature", "properties": {"l": 4, "c": 1, "t": 168, "e": 0}, "geometry": {"type": "LineString", "coordinates": [[135.2571, 34.83001], [135.25784, 34.83196]]}}, {"type": "Feature", "properties": {"l": 4, "c": 1, "t": 168, "e": 0}, "geometry": {"type": "LineString", "coordinates": [[135.25767, 34.83089], [135.25762, 34.83075]]}}, {"type": "Feature", "properties": {"l": 4, "c": 3, "t": 199, "e": 0}, "geometry": {"type": "LineString", "coordinates": [[135.40175, 34.69763], [135.40112, 34.69729], [135.39967, 34.69746]]}}, {"type": "Feature", "properties": {"l": 4, "c": 3, "t": 199, "e": 0}, "geometry": {"type": "LineString", "coordinates": [[135.3998, 34.69777], [135.40163, 34.6977]]}}, {"type": "Feature", "properties": {"l": 4, "c": 3, "t": 164, "e": 0}, "geometry": {"type": "LineString", "coordinates": [[135.40266, 34.69887], [135.40229, 34.69866]]}}, {"type": "Feature", "properties": {"l": 4, "c": 3, "t": 164, "e": 0}, "geometry": {"type": "LineString", "coordinates": [[135.40214, 34.69868], [135.40194, 34.69893]]}}, {"type": "Feature", "properties": {"l": 4, "c": 3, "t": 176, "e": 0}, "geometry": {"type": "LineString", "coordinates": [[135.38486, 34.69602], [135.3822, 34.69667], [135.37301, 34.69656], [135.36368, 34.69761], [135.36236, 34.69836], [135.34505, 34.71274], [135.34271, 34.71385], [135.33504, 34.71616], [135.33161, 34.71681], [135.32886, 34.7168], [135.31714, 34.71461]]}}, {"type": "Feature", "properties": {"l": 4, "c": 3, "t": 195, "e": 0}, "geometry": {"type": "LineString", "coordinates": [[135.39254, 34.6971], [135.39492, 34.69774]]}}, {"type": "Feature", "properties": {"l": 4, "c": 3, "t": 194, "e": 0}, "geometry": {"type": "LineString", "coordinates": [[135.39269, 34.6968], [135.3913, 34.69605], [135.39037, 34.69705]]}}, {"type": "Feature", "properties": {"l": 4, "c": 3, "t": 195, "e": 0}, "geometry": {"type": "LineString", "coordinates": [[135.38819, 34.69509], [135.38591, 34.69557]]}}, {"type": "Feature", "properties": {"l": 4, "c": 3, "t": 194, "e": 0}, "geometry": {"type": "LineString", "coordinates": [[135.38885, 34.69548], [135.39057, 34.69619], [135.38997, 34.69772]]}}, {"type": "Feature", "properties": {"l": 4, "c": 3, "t": 195, "e": 0}, "geometry": {"type": "LineString", "coordinates": [[135.38968, 34.69834], [135.39086, 34.69594], [135.38977, 34.69534], [135.38819, 34.69509]]}}, {"type": "Feature", "properties": {"l": 4, "c": 0, "t": 175, "e": 0}, "geometry": {"type": "LineString", "coordinates": [[135.27445, 34.70471], [135.27585, 34.70512]]}}, {"type": "Feature", "properties": {"l": 4, "c": 0, "t": 187, "e": 0}, "geometry": {"type": "LineString", "coordinates": [[135.27547, 34.70494], [135.27413, 34.70488]]}}, {"type": "Feature", "properties": {"l": 4, "c": 0, "t": 187, "e": 0}, "geometry": {"type": "LineString", "coordinates": [[135.27382, 34.70593], [135.27587, 34.70721]]}}, {"type": "Feature", "properties": {"l": 4, "c": 0, "t": 191, "e": 1}, "geometry": {"type": "LineString", "coordinates": [[135.12998, 34.69421], [135.13111, 34.69377]]}}, {"type": "Feature", "properties": {"l": 4, "c": 0, "t": 20, "e": 0}, "geometry": {"type": "LineString", "coordinates": [[135.26481, 34.70584], [135.26355, 34.70609]]}}, {"type": "Feature", "properties": {"l": 4, "c": 0, "t": 20, "e": 0}, "geometry": {"type": "LineString", "coordinates": [[135.26755, 34.70573], [135.2733, 34.70618], [135.27754, 34.7077]]}}, {"type": "Feature", "properties": {"l": 4, "c": 0, "t": 168, "e": 0}, "geometry": {"type": "LineString", "coordinates": [[135.00917, 34.67848], [135.0065, 34.67932]]}}, {"type": "Feature", "properties": {"l": 4, "c": 0, "t": 181, "e": 0}, "geometry": {"type": "LineString", "coordinates": [[135.20295, 34.80607], [135.20315, 34.80602]]}}, {"type": "Feature", "properties": {"l": 4, "c": 0, "t": 181, "e": 0}, "geometry": {"type": "LineString", "coordinates": [[135.20315, 34.80602], [135.20338, 34.80596]]}}, {"type": "Feature", "properties": {"l": 4, "c": 0, "t": 190, "e": 1}, "geometry": {"type": "LineString", "coordinates": [[135.19672, 34.70727], [135.19691, 34.70704]]}}, {"type": "Feature", "properties": {"l": 4, "c": 0, "t": 190, "e": 1}, "geometry": {"type": "LineString", "coordinates": [[135.19691, 34.70704], [135.1971, 34.70663], [135.19677, 34.70632]]}}, {"type": "Feature", "properties": {"l": 4, "c": 0, "t": 190, "e": 1}, "geometry": {"type": "LineString", "coordinates": [[135.19667, 34.70733], [135.1967, 34.7073]]}}, {"type": "Feature", "properties": {"l": 4, "c": 0, "t": 175, "e": 0}, "geometry": {"type": "LineString", "coordinates": [[135.30153, 34.71148], [135.29729, 34.71082]]}}, {"type": "Feature", "properties": {"l": 4, "c": 0, "t": 198, "e": 0}, "geometry": {"type": "LineString", "coordinates": [[135.30023, 34.7117], [135.30313, 34.71201]]}}, {"type": "Feature", "properties": {"l": 4, "c": 0, "t": 175, "e": 0}, "geometry": {"type": "LineString", "coordinates": [[135.29747, 34.71094], [135.29457, 34.71053]]}}, {"type": "Feature", "properties": {"l": 4, "c": 0, "t": 175, "e": 0}, "geometry": {"type": "LineString", "coordinates": [[135.29742, 34.71125], [135.29943, 34.71153]]}}, {"type": "Feature", "properties": {"l": 4, "c": 5, "t": 175, "e": 0}, "geometry": {"type": "LineString", "coordinates": [[135.31118, 34.71363], [135.31354, 34.71411]]}}, {"type": "Feature", "properties": {"l": 4, "c": 5, "t": 175, "e": 0}, "geometry": {"type": "LineString", "coordinates": [[135.31161, 34.71341], [135.30869, 34.71293]]}}, {"type": "Feature", "properties": {"l": 4, "c": 1, "t": 175, "e": 0}, "geometry": {"type": "LineString", "coordinates": [[135.33837, 34.71539], [135.34159, 34.71432]]}}, {"type": "Feature", "properties": {"l": 4, "c": 1, "t": 175, "e": 0}, "geometry": {"type": "LineString", "coordinates": [[135.3378, 34.71524], [135.3358, 34.71585]]}}, {"type": "Feature", "properties": {"l": 4, "c": 1, "t": 175, "e": 0}, "geometry": {"type": "LineString", "coordinates": [[135.36775, 34.69724], [135.36992, 34.69694]]}}, {"type": "Feature", "properties": {"l": 4, "c": 1, "t": 175, "e": 0}, "geometry": {"type": "LineString", "coordinates": [[135.36653, 34.69705], [135.363, 34.69772]]}}, {"type": "Feature", "properties": {"l": 4, "c": 1, "t": 164, "e": 0}, "geometry": {"type": "LineString", "coordinates": [[135.34696, 34.71117], [135.34505, 34.71274]]}}, {"type": "Feature", "properties": {"l": 4, "c": 1, "t": 164, "e": 0}, "geometry": {"type": "LineString", "coordinates": [[135.3479, 34.71084], [135.34942, 34.70958]]}}, {"type": "Feature", "properties": {"l": 4, "c": 0, "t": 177, "e": 0}, "geometry": {"type": "LineString", "coordinates": [[135.03814, 34.65238], [135.03835, 34.65226]]}}, {"type": "Feature", "properties": {"l": 4, "c": 0, "t": 177, "e": 0}, "geometry": {"type": "LineString", "coordinates": [[135.03808, 34.6523], [135.0376, 34.65259]]}}, {"type": "Feature", "properties": {"l": 4, "c": 0, "t": 177, "e": 0}, "geometry": {"type": "LineString", "coordinates": [[135.0383, 34.65218], [135.03808, 34.6523]]}}, {"type": "Feature", "properties": {"l": 4, "c": 0, "t": 164, "e": 0}, "geometry": {"type": "LineString", "coordinates": [[135.06875, 34.66323], [135.06895, 34.66142]]}}, {"type": "Feature", "properties": {"l": 4, "c": 0, "t": 191, "e": 1}, "geometry": {"type": "LineString", "coordinates": [[135.1976, 34.70341], [135.19625, 34.70526]]}}, {"type": "Feature", "properties": {"l": 4, "c": 0, "t": 191, "e": 1}, "geometry": {"type": "LineString", "coordinates": [[135.19921, 34.70064], [135.19834, 34.70193]]}}, {"type": "Feature", "properties": {"l": 4, "c": 0, "t": 191, "e": 1}, "geometry": {"type": "LineString", "coordinates": [[135.19834, 34.70193], [135.1976, 34.70341]]}}, {"type": "Feature", "properties": {"l": 4, "c": 2, "t": 164, "e": 0}, "geometry": {"type": "LineString", "coordinates": [[135.36759, 34.80379], [135.36747, 34.80354]]}}, {"type": "Feature", "properties": {"l": 4, "c": 2, "t": 164, "e": 0}, "geometry": {"type": "LineString", "coordinates": [[135.36736, 34.80357], [135.3675, 34.80382]]}}, {"type": "Feature", "properties": {"l": 4, "c": 6, "t": 164, "e": 0}, "geometry": {"type": "LineString", "coordinates": [[135.39942, 34.88488], [135.39886, 34.88494]]}}, {"type": "Feature", "properties": {"l": 4, "c": 6, "t": 207, "e": 0}, "geometry": {"type": "LineString", "coordinates": [[135.39942, 34.88488], [135.39887, 34.88497]]}}, {"type": "Feature", "properties": {"l": 4, "c": 6, "t": 164, "e": 0}, "geometry": {"type": "LineString", "coordinates": [[135.3903, 34.88688], [135.39072, 34.88678]]}}, {"type": "Feature", "properties": {"l": 4, "c": 1, "t": 186, "e": 1}, "geometry": {"type": "LineString", "coordinates": [[135.2759, 34.78119], [135.27607, 34.78132]]}}, {"type": "Feature", "properties": {"l": 4, "c": 0, "t": 184, "e": 0}, "geometry": {"type": "LineString", "coordinates": [[135.10167, 34.70382], [135.10055, 34.70507]]}}, {"type": "Feature", "properties": {"l": 4, "c": 0, "t": 184, "e": 0}, "geometry": {"type": "LineString", "coordinates": [[135.15314, 34.6555], [135.15392, 34.65377], [135.15349, 34.65338], [135.15293, 34.65357], [135.15262, 34.65624]]}}, {"type": "Feature", "properties": {"l": 4, "c": 0, "t": 184, "e": 0}, "geometry": {"type": "LineString", "coordinates": [[135.15116, 34.66053], [135.15139, 34.65989]]}}, {"type": "Feature", "properties": {"l": 4, "c": 0, "t": 164, "e": 0}, "geometry": {"type": "LineString", "coordinates": [[135.06852, 34.66289], [135.06868, 34.66096]]}}, {"type": "Feature", "properties": {"l": 4, "c": 0, "t": 164, "e": 0}, "geometry": {"type": "LineString", "coordinates": [[135.06872, 34.66323], [135.06875, 34.66274]]}}, {"type": "Feature", "properties": {"l": 4, "c": 0, "t": 164, "e": 0}, "geometry": {"type": "LineString", "coordinates": [[135.06647, 34.65799], [135.0658, 34.65909]]}}, {"type": "Feature", "properties": {"l": 4, "c": 0, "t": 171, "e": 0}, "geometry": {"type": "LineString", "coordinates": [[135.21667, 34.84977], [135.21854, 34.84977]]}}, {"type": "Feature", "properties": {"l": 4, "c": 0, "t": 164, "e": 0}, "geometry": {"type": "LineString", "coordinates": [[135.19638, 34.68522], [135.19649, 34.68501]]}}, {"type": "Feature", "properties": {"l": 4, "c": 0, "t": 164, "e": 0}, "geometry": {"type": "LineString", "coordinates": [[135.19646, 34.68522], [135.19636, 34.68499]]}}, {"type": "Feature", "properties": {"l": 4, "c": 0, "t": 165, "e": 0}, "geometry": {"type": "LineString", "coordinates": [[135.1963, 34.6849], [135.1962, 34.68481]]}}, {"type": "Feature", "properties": {"l": 4, "c": 0, "t": 165, "e": 0}, "geometry": {"type": "LineString", "coordinates": [[135.19636, 34.68499], [135.1963, 34.6849]]}}, {"type": "Feature", "properties": {"l": 4, "c": 5, "t": 185, "e": 1}, "geometry": {"type": "LineString", "coordinates": [[135.28374, 34.77185], [135.28216, 34.77093]]}}, {"type": "Feature", "properties": {"l": 4, "c": 5, "t": 185, "e": 1}, "geometry": {"type": "LineString", "coordinates": [[135.28216, 34.77093], [135.28209, 34.77084]]}}, {"type": "Feature", "properties": {"l": 4, "c": 5, "t": 185, "e": 1}, "geometry": {"type": "LineString", "coordinates": [[135.28842, 34.7609], [135.28847, 34.76083]]}}, {"type": "Feature", "properties": {"l": 4, "c": 5, "t": 185, "e": 1}, "geometry": {"type": "LineString", "coordinates": [[135.28847, 34.76083], [135.28849, 34.76078]]}}, {"type": "Feature", "properties": {"l": 4, "c": 5, "t": 185, "e": 1}, "geometry": {"type": "LineString", "coordinates": [[135.28607, 34.76305], [135.28713, 34.76108], [135.28842, 34.7609]]}}, {"type": "Feature", "properties": {"l": 4, "c": 5, "t": 185, "e": 1}, "geometry": {"type": "LineString", "coordinates": [[135.286, 34.76308], [135.28607, 34.76305]]}}, {"type": "Feature", "properties": {"l": 4, "c": 0, "t": 20, "e": 0}, "geometry": {"type": "LineString", "coordinates": [[135.26755, 34.70572], [135.26612, 34.70554], [135.26481, 34.70584]]}}, {"type": "Feature", "properties": {"l": 4, "c": 0, "t": 20, "e": 0}, "geometry": {"type": "LineString", "coordinates": [[135.2652, 34.70586], [135.26755, 34.70573]]}}, {"type": "Feature", "properties": {"l": 4, "c": 1, "t": 164, "e": 0}, "geometry": {"type": "LineString", "coordinates": [[135.23255, 34.83374], [135.2323, 34.83366]]}}, {"type": "Feature", "properties": {"l": 4, "c": 0, "t": 184, "e": 0}, "geometry": {"type": "LineString", "coordinates": [[135.14229, 34.6648], [135.14351, 34.66416]]}}, {"type": "Feature", "properties": {"l": 4, "c": 0, "t": 184, "e": 0}, "geometry": {"type": "LineString", "coordinates": [[135.15262, 34.65624], [135.1525, 34.65659]]}}, {"type": "Feature", "properties": {"l": 4, "c": 0, "t": 203, "e": 0}, "geometry": {"type": "LineString", "coordinates": [[135.20313, 34.806], [135.20338, 34.80596]]}}, {"type": "Feature", "properties": {"l": 4, "c": 0, "t": 164, "e": 0}, "geometry": {"type": "LineString", "coordinates": [[135.19545, 34.68541], [135.19528, 34.68535]]}}, {"type": "Feature", "properties": {"l": 4, "c": 0, "t": 164, "e": 0}, "geometry": {"type": "LineString", "coordinates": [[135.08637, 34.69754], [135.08826, 34.69899]]}}, {"type": "Feature", "properties": {"l": 4, "c": 0, "t": 184, "e": 0}, "geometry": {"type": "LineString", "coordinates": [[135.09808, 34.70706], [135.09837, 34.70702]]}}, {"type": "Feature", "properties": {"l": 4, "c": 0, "t": 184, "e": 0}, "geometry": {"type": "LineString", "coordinates": [[135.09837, 34.70702], [135.09866, 34.70694]]}}, {"type": "Feature", "properties": {"l": 4, "c": 0, "t": 189, "e": 0}, "geometry": {"type": "LineString", "coordinates": [[135.11117, 34.67555], [135.11067, 34.67585]]}}, {"type": "Feature", "properties": {"l": 4, "c": 0, "t": 189, "e": 0}, "geometry": {"type": "LineString", "coordinates": [[135.11114, 34.67584], [135.11165, 34.67545]]}}, {"type": "Feature", "properties": {"l": 4, "c": 0, "t": 164, "e": 0}, "geometry": {"type": "LineString", "coordinates": [[135.22176, 34.70282], [135.22251, 34.70295]]}}, {"type": "Feature", "properties": {"l": 4, "c": 5, "t": 164, "e": 0}, "geometry": {"type": "LineString", "coordinates": [[135.32155, 34.73198], [135.32095, 34.73188]]}}, {"type": "Feature", "properties": {"l": 4, "c": 1, "t": 164, "e": 0}, "geometry": {"type": "LineString", "coordinates": [[135.24957, 34.818], [135.24984, 34.81811]]}}, {"type": "Feature", "properties": {"l": 4, "c": 1, "t": 168, "e": 0}, "geometry": {"type": "LineString", "coordinates": [[135.24733, 34.81065], [135.24726, 34.8103]]}}, {"type": "Feature", "properties": {"l": 4, "c": 2, "t": 170, "e": 0}, "geometry": {"type": "LineString", "coordinates": [[135.34107, 34.81859], [135.33759, 34.81941]]}}, {"type": "Feature", "properties": {"l": 4, "c": 2, "t": 170, "e": 0}, "geometry": {"type": "LineString", "coordinates": [[135.34215, 34.81841], [135.34107, 34.81859]]}}, {"type": "Feature", "properties": {"l": 4, "c": 2, "t": 170, "e": 0}, "geometry": {"type": "LineString", "coordinates": [[135.3386, 34.81944], [135.34106, 34.81883]]}}, {"type": "Feature", "properties": {"l": 4, "c": 2, "t": 170, "e": 0}, "geometry": {"type": "LineString", "coordinates": [[135.34106, 34.81883], [135.34217, 34.81862]]}}, {"type": "Feature", "properties": {"l": 4, "c": 7, "t": 164, "e": 0}, "geometry": {"type": "LineString", "coordinates": [[135.43384, 34.80389], [135.43497, 34.803]]}}, {"type": "Feature", "properties": {"l": 4, "c": 7, "t": 178, "e": 0}, "geometry": {"type": "LineString", "coordinates": [[135.41801, 34.81616], [135.41849, 34.81537]]}}, {"type": "Feature", "properties": {"l": 4, "c": 7, "t": 178, "e": 0}, "geometry": {"type": "LineString", "coordinates": [[135.41829, 34.81518], [135.41775, 34.81646]]}}, {"type": "Feature", "properties": {"l": 4, "c": 6, "t": 164, "e": 0}, "geometry": {"type": "LineString", "coordinates": [[135.41788, 34.82367], [135.41669, 34.82268]]}}, {"type": "Feature", "properties": {"l": 4, "c": 6, "t": 164, "e": 0}, "geometry": {"type": "LineString", "coordinates": [[135.41691, 34.82302], [135.41765, 34.82378]]}}, {"type": "Feature", "properties": {"l": 4, "c": 6, "t": 164, "e": 0}, "geometry": {"type": "LineString", "coordinates": [[135.42004, 34.82577], [135.42048, 34.82615]]}}, {"type": "Feature", "properties": {"l": 4, "c": 6, "t": 164, "e": 0}, "geometry": {"type": "LineString", "coordinates": [[135.41964, 34.82531], [135.41939, 34.82496]]}}, {"type": "Feature", "properties": {"l": 4, "c": 7, "t": 164, "e": 0}, "geometry": {"type": "LineString", "coordinates": [[135.43287, 34.80498], [135.43384, 34.80389]]}}, {"type": "Feature", "properties": {"l": 4, "c": 7, "t": 164, "e": 0}, "geometry": {"type": "LineString", "coordinates": [[135.43352, 34.80455], [135.4337, 34.80435]]}}, {"type": "Feature", "properties": {"l": 4, "c": 7, "t": 178, "e": 0}, "geometry": {"type": "LineString", "coordinates": [[135.42018, 34.81158], [135.42148, 34.80948]]}}, {"type": "Feature", "properties": {"l": 4, "c": 7, "t": 178, "e": 0}, "geometry": {"type": "LineString", "coordinates": [[135.42139, 34.80944], [135.42009, 34.81155]]}}, {"type": "Feature", "properties": {"l": 4, "c": 7, "t": 178, "e": 0}, "geometry": {"type": "LineString", "coordinates": [[135.42595, 34.83682], [135.42526, 34.83469]]}}, {"type": "Feature", "properties": {"l": 4, "c": 7, "t": 164, "e": 0}, "geometry": {"type": "LineString", "coordinates": [[135.44234, 34.79652], [135.44278, 34.79588]]}}, {"type": "Feature", "properties": {"l": 4, "c": 7, "t": 164, "e": 0}, "geometry": {"type": "LineString", "coordinates": [[135.44225, 34.79648], [135.44184, 34.79696]]}}, {"type": "Feature", "properties": {"l": 4, "c": 0, "t": 189, "e": 0}, "geometry": {"type": "LineString", "coordinates": [[135.1519, 34.65962], [135.15183, 34.65961]]}}, {"type": "Feature", "properties": {"l": 4, "c": 0, "t": 164, "e": 0}, "geometry": {"type": "LineString", "coordinates": [[135.06856, 34.6647], [135.06872, 34.66323]]}}, {"type": "Feature", "properties": {"l": 4, "c": 0, "t": 164, "e": 0}, "geometry": {"type": "LineString", "coordinates": [[135.05143, 34.64748], [135.05159, 34.6475]]}}, {"type": "Feature", "properties": {"l": 4, "c": 0, "t": 164, "e": 0}, "geometry": {"type": "LineString", "coordinates": [[135.05155, 34.64744], [135.05135, 34.6474]]}}, {"type": "Feature", "properties": {"l": 4, "c": 0, "t": 168, "e": 0}, "geometry": {"type": "LineString", "coordinates": [[135.0155, 34.67754], [135.01639, 34.67829]]}}, {"type": "Feature", "properties": {"l": 4, "c": 0, "t": 168, "e": 0}, "geometry": {"type": "LineString", "coordinates": [[135.01711, 34.67928], [135.0165, 34.67826]]}}, {"type": "Feature", "properties": {"l": 4, "c": 0, "t": 171, "e": 0}, "geometry": {"type": "LineString", "coordinates": [[135.22819, 34.842], [135.23033, 34.84035]]}}, {"type": "Feature", "properties": {"l": 4, "c": 0, "t": 171, "e": 0}, "geometry": {"type": "LineString", "coordinates": [[135.23022, 34.84024], [135.22814, 34.84169]]}}, {"type": "Feature", "properties": {"l": 4, "c": 0, "t": 171, "e": 0}, "geometry": {"type": "LineString", "coordinates": [[135.22702, 34.84328], [135.22819, 34.842]]}}, {"type": "Feature", "properties": {"l": 4, "c": 0, "t": 171, "e": 0}, "geometry": {"type": "LineString", "coordinates": [[135.22814, 34.84169], [135.22678, 34.84312]]}}, {"type": "Feature", "properties": {"l": 4, "c": 2, "t": 164, "e": 0}, "geometry": {"type": "LineString", "coordinates": [[135.36715, 34.80134], [135.36672, 34.80214]]}}, {"type": "Feature", "properties": {"l": 4, "c": 2, "t": 164, "e": 0}, "geometry": {"type": "LineString", "coordinates": [[135.36716, 34.80301], [135.36692, 34.80196], [135.36801, 34.80082]]}}, {"type": "Feature", "properties": {"l": 4, "c": 4, "t": 178, "e": 0}, "geometry": {"type": "LineString", "coordinates": [[135.42527, 34.80216], [135.42565, 34.80078]]}}, {"type": "Feature", "properties": {"l": 4, "c": 4, "t": 178, "e": 0}, "geometry": {"type": "LineString", "coordinates": [[135.42553, 34.80078], [135.42518, 34.80214]]}}, {"type": "Feature", "properties": {"l": 4, "c": 0, "t": 164, "e": 0}, "geometry": {"type": "LineString", "coordinates": [[135.23121, 34.83987], [135.23304, 34.83925]]}}, {"type": "Feature", "properties": {"l": 4, "c": 1, "t": 164, "e": 0}, "geometry": {"type": "LineString", "coordinates": [[135.23851, 34.83801], [135.23683, 34.83804]]}}, {"type": "Feature", "properties": {"l": 4, "c": 0, "t": 164, "e": 0}, "geometry": {"type": "LineString", "coordinates": [[134.97751, 34.68634], [134.97796, 34.68616]]}}, {"type": "Feature", "properties": {"l": 4, "c": 0, "t": 177, "e": 0}, "geometry": {"type": "LineString", "coordinates": [[134.99373, 34.68281], [134.99466, 34.68266]]}}, {"type": "Feature", "properties": {"l": 4, "c": 0, "t": 177, "e": 0}, "geometry": {"type": "LineString", "coordinates": [[134.99461, 34.68258], [134.99371, 34.68273]]}}, {"type": "Feature", "properties": {"l": 4, "c": 0, "t": 177, "e": 0}, "geometry": {"type": "LineString", "coordinates": [[134.99466, 34.68266], [134.99489, 34.68261]]}}, {"type": "Feature", "properties": {"l": 4, "c": 0, "t": 177, "e": 0}, "geometry": {"type": "LineString", "coordinates": [[134.99484, 34.68253], [134.99461, 34.68258]]}}, {"type": "Feature", "properties": {"l": 4, "c": 2, "t": 170, "e": 0}, "geometry": {"type": "LineString", "coordinates": [[135.33505, 34.82084], [135.33527, 34.82074]]}}, {"type": "Feature", "properties": {"l": 4, "c": 2, "t": 170, "e": 0}, "geometry": {"type": "LineString", "coordinates": [[135.33522, 34.82035], [135.3349, 34.8205]]}}, {"type": "Feature", "properties": {"l": 4, "c": 0, "t": 172, "e": 0}, "geometry": {"type": "LineString", "coordinates": [[135.0853, 34.73298], [135.08527, 34.73055]]}}, {"type": "Feature", "properties": {"l": 4, "c": 0, "t": 172, "e": 0}, "geometry": {"type": "LineString", "coordinates": [[135.08534, 34.73327], [135.0853, 34.73298]]}}, {"type": "Feature", "properties": {"l": 4, "c": 0, "t": 167, "e": 0}, "geometry": {"type": "LineString", "coordinates": [[135.08556, 34.72822], [135.08517, 34.73002]]}}, {"type": "Feature", "properties": {"l": 4, "c": 0, "t": 172, "e": 0}, "geometry": {"type": "LineString", "coordinates": [[135.08517, 34.733], [135.08521, 34.73329]]}}, {"type": "Feature", "properties": {"l": 4, "c": 0, "t": 167, "e": 0}, "geometry": {"type": "LineString", "coordinates": [[135.07939, 34.70045], [135.07821, 34.6992]]}}, {"type": "Feature", "properties": {"l": 4, "c": 0, "t": 167, "e": 0}, "geometry": {"type": "LineString", "coordinates": [[135.07809, 34.69928], [135.0792, 34.70056]]}}, {"type": "Feature", "properties": {"l": 4, "c": 0, "t": 170, "e": 0}, "geometry": {"type": "LineString", "coordinates": [[135.19165, 34.87884], [135.19191, 34.87861]]}}, {"type": "Feature", "properties": {"l": 4, "c": 0, "t": 170, "e": 0}, "geometry": {"type": "LineString", "coordinates": [[135.19494, 34.87521], [135.19185, 34.87848]]}}, {"type": "Feature", "properties": {"l": 4, "c": 0, "t": 170, "e": 0}, "geometry": {"type": "LineString", "coordinates": [[135.19185, 34.87848], [135.19157, 34.87871]]}}, {"type": "Feature", "properties": {"l": 4, "c": 0, "t": 164, "e": 0}, "geometry": {"type": "LineString", "coordinates": [[135.07865, 34.64886], [135.07709, 34.64811]]}}, {"type": "Feature", "properties": {"l": 4, "c": 0, "t": 164, "e": 0}, "geometry": {"type": "LineString", "coordinates": [[135.07889, 34.64899], [135.07865, 34.64886]]}}, {"type": "Feature", "properties": {"l": 4, "c": 0, "t": 164, "e": 0}, "geometry": {"type": "LineString", "coordinates": [[135.07901, 34.64904], [135.07888, 34.649]]}}, {"type": "Feature", "properties": {"l": 4, "c": 0, "t": 164, "e": 0}, "geometry": {"type": "LineString", "coordinates": [[135.07888, 34.649], [135.07864, 34.64891]]}}, {"type": "Feature", "properties": {"l": 4, "c": 0, "t": 177, "e": 0}, "geometry": {"type": "LineString", "coordinates": [[135.08227, 34.64979], [135.07886, 34.64913]]}}, {"type": "Feature", "properties": {"l": 4, "c": 0, "t": 177, "e": 0}, "geometry": {"type": "LineString", "coordinates": [[135.07886, 34.64913], [135.0786, 34.64902]]}}, {"type": "Feature", "properties": {"l": 4, "c": 0, "t": 177, "e": 0}, "geometry": {"type": "LineString", "coordinates": [[135.07855, 34.64912], [135.07882, 34.64922]]}}, {"type": "Feature", "properties": {"l": 4, "c": 0, "t": 164, "e": 0}, "geometry": {"type": "LineString", "coordinates": [[135.07879, 34.6493], [135.08117, 34.64979]]}}, {"type": "Feature", "properties": {"l": 4, "c": 0, "t": 164, "e": 0}, "geometry": {"type": "LineString", "coordinates": [[135.07851, 34.6492], [135.07879, 34.6493]]}}, {"type": "Feature", "properties": {"l": 4, "c": 2, "t": 164, "e": 0}, "geometry": {"type": "LineString", "coordinates": [[135.36734, 34.80334], [135.36716, 34.80301]]}}, {"type": "Feature", "properties": {"l": 4, "c": 0, "t": 164, "e": 0}, "geometry": {"type": "LineString", "coordinates": [[135.10727, 34.71313], [135.10795, 34.71425]]}}, {"type": "Feature", "properties": {"l": 4, "c": 0, "t": 164, "e": 0}, "geometry": {"type": "LineString", "coordinates": [[135.10899, 34.71476], [135.10946, 34.71504]]}}, {"type": "Feature", "properties": {"l": 4, "c": 0, "t": 168, "e": 0}, "geometry": {"type": "LineString", "coordinates": [[135.11094, 34.71617], [135.1107, 34.71575]]}}, {"type": "Feature", "properties": {"l": 4, "c": 0, "t": 168, "e": 0}, "geometry": {"type": "LineString", "coordinates": [[135.11052, 34.71583], [135.11098, 34.71645]]}}, {"type": "Feature", "properties": {"l": 4, "c": 0, "t": 164, "e": 0}, "geometry": {"type": "LineString", "coordinates": [[135.10989, 34.71428], [135.10976, 34.714]]}}, {"type": "Feature", "properties": {"l": 4, "c": 2, "t": 164, "e": 0}, "geometry": {"type": "LineString", "coordinates": [[135.36709, 34.80303], [135.36727, 34.80336]]}}, {"type": "Feature", "properties": {"l": 4, "c": 2, "t": 164, "e": 0}, "geometry": {"type": "LineString", "coordinates": [[135.36821, 34.80044], [135.36715, 34.80134]]}}, {"type": "Feature", "properties": {"l": 4, "c": 2, "t": 164, "e": 0}, "geometry": {"type": "LineString", "coordinates": [[135.36672, 34.80214], [135.36709, 34.80303]]}}, {"type": "Feature", "properties": {"l": 4, "c": 7, "t": 178, "e": 0}, "geometry": {"type": "LineString", "coordinates": [[135.41893, 34.81372], [135.41829, 34.81518]]}}, {"type": "Feature", "properties": {"l": 4, "c": 7, "t": 178, "e": 0}, "geometry": {"type": "LineString", "coordinates": [[135.4202, 34.81129], [135.41893, 34.81372]]}}, {"type": "Feature", "properties": {"l": 4, "c": 7, "t": 178, "e": 0}, "geometry": {"type": "LineString", "coordinates": [[135.42047, 34.81084], [135.4202, 34.81129]]}}, {"type": "Feature", "properties": {"l": 4, "c": 7, "t": 178, "e": 0}, "geometry": {"type": "LineString", "coordinates": [[135.42122, 34.80998], [135.42094, 34.81015]]}}, {"type": "Feature", "properties": {"l": 4, "c": 7, "t": 178, "e": 0}, "geometry": {"type": "LineString", "coordinates": [[135.42233, 34.81001], [135.42122, 34.80998]]}}, {"type": "Feature", "properties": {"l": 4, "c": 6, "t": 207, "e": 0}, "geometry": {"type": "LineString", "coordinates": [[135.40517, 34.88306], [135.40398, 34.88355]]}}, {"type": "Feature", "properties": {"l": 4, "c": 6, "t": 207, "e": 0}, "geometry": {"type": "LineString", "coordinates": [[135.40398, 34.88355], [135.40359, 34.8837]]}}, {"type": "Feature", "properties": {"l": 4, "c": 0, "t": 164, "e": 0}, "geometry": {"type": "LineString", "coordinates": [[135.19088, 34.88002], [135.19007, 34.88125], [135.18886, 34.88129], [135.18841, 34.88159]]}}, {"type": "Feature", "properties": {"l": 4, "c": 0, "t": 164, "e": 0}, "geometry": {"type": "LineString", "coordinates": [[135.18834, 34.88187], [135.18897, 34.88144], [135.18993, 34.88195]]}}, {"type": "Feature", "properties": {"l": 4, "c": 0, "t": 170, "e": 0}, "geometry": {"type": "LineString", "coordinates": [[135.18397, 34.8833], [135.18238, 34.88375]]}}, {"type": "Feature", "properties": {"l": 4, "c": 0, "t": 170, "e": 0}, "geometry": {"type": "LineString", "coordinates": [[135.1824, 34.88388], [135.18347, 34.8836]]}}, {"type": "Feature", "properties": {"l": 4, "c": 0, "t": 166, "e": 0}, "geometry": {"type": "LineString", "coordinates": [[135.15004, 34.65718], [135.13645, 34.6485]]}}, {"type": "Feature", "properties": {"l": 4, "c": 0, "t": 166, "e": 0}, "geometry": {"type": "LineString", "coordinates": [[135.1364, 34.64856], [135.14999, 34.65724]]}}, {"type": "Feature", "properties": {"l": 4, "c": 0, "t": 191, "e": 1}, "geometry": {"type": "LineString", "coordinates": [[135.16595, 34.69936], [135.16661, 34.69958]]}}, {"type": "Feature", "properties": {"l": 4, "c": 0, "t": 191, "e": 1}, "geometry": {"type": "LineString", "coordinates": [[135.16496, 34.69907], [135.16458, 34.69901]]}}, {"type": "Feature", "properties": {"l": 4, "c": 0, "t": 168, "e": 0}, "geometry": {"type": "LineString", "coordinates": [[135.0844, 34.69641], [135.0804, 34.69453]]}}, {"type": "Feature", "properties": {"l": 4, "c": 0, "t": 168, "e": 0}, "geometry": {"type": "LineString", "coordinates": [[135.08091, 34.69482], [135.08435, 34.69649]]}}, {"type": "Feature", "properties": {"l": 4, "c": 0, "t": 168, "e": 0}, "geometry": {"type": "LineString", "coordinates": [[135.01701, 34.67932], [135.01751, 34.68015]]}}, {"type": "Feature", "properties": {"l": 4, "c": 0, "t": 168, "e": 0}, "geometry": {"type": "LineString", "coordinates": [[135.01759, 34.6801], [135.01711, 34.67928]]}}, {"type": "Feature", "properties": {"l": 4, "c": 0, "t": 164, "e": 0}, "geometry": {"type": "LineString", "coordinates": [[135.066, 34.66098], [135.06742, 34.66247]]}}, {"type": "Feature", "properties": {"l": 4, "c": 0, "t": 176, "e": 0}, "geometry": {"type": "LineString", "coordinates": [[135.06822, 34.65969], [135.06787, 34.6585]]}}, {"type": "Feature", "properties": {"l": 4, "c": 0, "t": 176, "e": 0}, "geometry": {"type": "LineString", "coordinates": [[135.06767, 34.65826], [135.06811, 34.65971]]}}, {"type": "Feature", "properties": {"l": 4, "c": 0, "t": 176, "e": 0}, "geometry": {"type": "LineString", "coordinates": [[135.06916, 34.65183], [135.07144, 34.65027]]}}, {"type": "Feature", "properties": {"l": 4, "c": 0, "t": 164, "e": 0}, "geometry": {"type": "LineString", "coordinates": [[135.08552, 34.72798], [135.08454, 34.72792], [135.08396, 34.72829]]}}, {"type": "Feature", "properties": {"l": 4, "c": 0, "t": 164, "e": 0}, "geometry": {"type": "LineString", "coordinates": [[135.08403, 34.72852], [135.08438, 34.72802], [135.08549, 34.72803]]}}, {"type": "Feature", "properties": {"l": 4, "c": 0, "t": 167, "e": 0}, "geometry": {"type": "LineString", "coordinates": [[135.08725, 34.72463], [135.08603, 34.7269]]}}, {"type": "Feature", "properties": {"l": 4, "c": 0, "t": 164, "e": 0}, "geometry": {"type": "LineString", "coordinates": [[135.18811, 34.88227], [135.18834, 34.88187]]}}, {"type": "Feature", "properties": {"l": 4, "c": 0, "t": 164, "e": 0}, "geometry": {"type": "LineString", "coordinates": [[135.18841, 34.88159], [135.18799, 34.88223]]}}, {"type": "Feature", "properties": {"l": 4, "c": 0, "t": 181, "e": 0}, "geometry": {"type": "LineString", "coordinates": [[135.1993, 34.80784], [135.2001, 34.80723]]}}, {"type": "Feature", "properties": {"l": 4, "c": 1, "t": 163, "e": 0}, "geometry": {"type": "LineString", "coordinates": [[135.35884, 34.73196], [135.35754, 34.72883], [135.35673, 34.72778]]}}, {"type": "Feature", "properties": {"l": 4, "c": 1, "t": 163, "e": 0}, "geometry": {"type": "LineString", "coordinates": [[135.35954, 34.73512], [135.35945, 34.7336], [135.35884, 34.73196]]}}, {"type": "Feature", "properties": {"l": 4, "c": 1, "t": 163, "e": 0}, "geometry": {"type": "LineString", "coordinates": [[135.35959, 34.73802], [135.35954, 34.73512]]}}, {"type": "Feature", "properties": {"l": 4, "c": 3, "t": 163, "e": 0}, "geometry": {"type": "LineString", "coordinates": [[135.4075, 34.74206], [135.37406, 34.74493]]}}, {"type": "Feature", "properties": {"l": 4, "c": 1, "t": 163, "e": 0}, "geometry": {"type": "LineString", "coordinates": [[135.37269, 34.7451], [135.40749, 34.74214]]}}, {"type": "Feature", "properties": {"l": 4, "c": 1, "t": 163, "e": 0}, "geometry": {"type": "LineString", "coordinates": [[135.35664, 34.72783], [135.35744, 34.72887], [135.35939, 34.73409]]}}, {"type": "Feature", "properties": {"l": 4, "c": 5, "t": 166, "e": 0}, "geometry": {"type": "LineString", "coordinates": [[135.32262, 34.73239], [135.31864, 34.73135]]}}, {"type": "Feature", "properties": {"l": 4, "c": 1, "t": 166, "e": 0}, "geometry": {"type": "LineString", "coordinates": [[135.3814, 34.71669], [135.37042, 34.71898], [135.36055, 34.72296], [135.34713, 34.7319], [135.34457, 34.73304], [135.33285, 34.73389], [135.32681, 34.73338], [135.3244, 34.73286]]}}, {"type": "Feature", "properties": {"l": 4, "c": 0, "t": 172, "e": 0}, "geometry": {"type": "LineString", "coordinates": [[135.07862, 34.80514], [135.07958, 34.80385]]}}, {"type": "Feature", "properties": {"l": 4, "c": 0, "t": 172, "e": 0}, "geometry": {"type": "LineString", "coordinates": [[135.07761, 34.80645], [135.07724, 34.80716]]}}, {"type": "Feature", "properties": {"l": 4, "c": 0, "t": 176, "e": 0}, "geometry": {"type": "LineString", "coordinates": [[135.27377, 34.70376], [135.27336, 34.69826]]}}, {"type": "Feature", "properties": {"l": 4, "c": 0, "t": 176, "e": 0}, "geometry": {"type": "LineString", "coordinates": [[135.30015, 34.71139], [135.29457, 34.71053]]}}, {"type": "Feature", "properties": {"l": 4, "c": 0, "t": 176, "e": 0}, "geometry": {"type": "LineString", "coordinates": [[135.27325, 34.69827], [135.27356, 34.70159]]}}, {"type": "Feature", "properties": {"l": 4, "c": 1, "t": 164, "e": 0}, "geometry": {"type": "LineString", "coordinates": [[135.23536, 34.83627], [135.23525, 34.83584]]}}, {"type": "Feature", "properties": {"l": 4, "c": 1, "t": 164, "e": 0}, "geometry": {"type": "LineString", "coordinates": [[135.23468, 34.83636], [135.23482, 34.83685]]}}, {"type": "Feature", "properties": {"l": 4, "c": 3, "t": 166, "e": 0}, "geometry": {"type": "LineString", "coordinates": [[135.43115, 34.71016], [135.42921, 34.71132], [135.42648, 34.71229], [135.41726, 34.71385]]}}, {"type": "Feature", "properties": {"l": 4, "c": 3, "t": 166, "e": 0}, "geometry": {"type": "LineString", "coordinates": [[135.38866, 34.7149], [135.39039, 34.71492]]}}, {"type": "Feature", "properties": {"l": 4, "c": 1, "t": 163, "e": 0}, "geometry": {"type": "LineString", "coordinates": [[135.35598, 34.72712], [135.35579, 34.7268]]}}, {"type": "Feature", "properties": {"l": 4, "c": 1, "t": 166, "e": 0}, "geometry": {"type": "LineString", "coordinates": [[135.32966, 34.73372], [135.33355, 34.73397], [135.34417, 34.73323], [135.3472, 34.73198], [135.35261, 34.72828]]}}, {"type": "Feature", "properties": {"l": 4, "c": 1, "t": 166, "e": 0}, "geometry": {"type": "LineString", "coordinates": [[135.3244, 34.73286], [135.32262, 34.73239]]}}, {"type": "Feature", "properties": {"l": 4, "c": 0, "t": 166, "e": 0}, "geometry": {"type": "LineString", "coordinates": [[135.28481, 34.71739], [135.29108, 34.72067]]}}, {"type": "Feature", "properties": {"l": 4, "c": 5, "t": 166, "e": 0}, "geometry": {"type": "LineString", "coordinates": [[135.31864, 34.73135], [135.31666, 34.73072], [135.31026, 34.72775], [135.30195, 34.72505], [135.29269, 34.7213], [135.27965, 34.71454], [135.27386, 34.71225]]}}, {"type": "Feature", "properties": {"l": 4, "c": 0, "t": 166, "e": 0}, "geometry": {"type": "LineString", "coordinates": [[135.22931, 34.704], [135.22725, 34.70295], [135.22237, 34.70281], [135.21763, 34.70192], [135.21017, 34.69853], [135.20581, 34.69572]]}}, {"type": "Feature", "properties": {"l": 4, "c": 0, "t": 166, "e": 0}, "geometry": {"type": "LineString", "coordinates": [[135.20285, 34.69231], [135.20534, 34.69548], [135.20991, 34.69849], [135.21759, 34.70199], [135.22176, 34.70282]]}}, {"type": "Feature", "properties": {"l": 4, "c": 0, "t": 166, "e": 0}, "geometry": {"type": "LineString", "coordinates": [[135.20581, 34.69572], [135.20553, 34.6955]]}}, {"type": "Feature", "properties": {"l": 4, "c": 0, "t": 166, "e": 0}, "geometry": {"type": "LineString", "coordinates": [[135.19247, 34.68541], [135.19696, 34.68577], [135.19861, 34.68641], [135.20118, 34.68931], [135.20285, 34.69231]]}}, {"type": "Feature", "properties": {"l": 4, "c": 0, "t": 166, "e": 0}, "geometry": {"type": "LineString", "coordinates": [[135.20553, 34.6955], [135.20323, 34.69273], [135.20109, 34.68903], [135.19867, 34.68635]]}}, {"type": "Feature", "properties": {"l": 4, "c": 0, "t": 166, "e": 0}, "geometry": {"type": "LineString", "coordinates": [[135.16955, 34.66854], [135.15993, 34.66218]]}}, {"type": "Feature", "properties": {"l": 4, "c": 0, "t": 166, "e": 0}, "geometry": {"type": "LineString", "coordinates": [[135.1546, 34.65911], [135.1631, 34.66452]]}}, {"type": "Feature", "properties": {"l": 4, "c": 0, "t": 166, "e": 0}, "geometry": {"type": "LineString", "coordinates": [[135.13645, 34.6485], [135.13499, 34.64756]]}}, {"type": "Feature", "properties": {"l": 4, "c": 0, "t": 166, "e": 0}, "geometry": {"type": "LineString", "coordinates": [[135.12507, 34.65158], [135.12119, 34.65242]]}}, {"type": "Feature", "properties": {"l": 4, "c": 0, "t": 168, "e": 0}, "geometry": {"type": "LineString", "coordinates": [[135.09204, 34.70276], [135.09476, 34.70512]]}}, {"type": "Feature", "properties": {"l": 4, "c": 0, "t": 184, "e": 0}, "geometry": {"type": "LineString", "coordinates": [[135.10771, 34.68336], [135.10611, 34.68729]]}}, {"type": "Feature", "properties": {"l": 4, "c": 0, "t": 184, "e": 0}, "geometry": {"type": "LineString", "coordinates": [[135.11206, 34.67466], [135.11117, 34.67555]]}}, {"type": "Feature", "properties": {"l": 4, "c": 0, "t": 166, "e": 0}, "geometry": {"type": "LineString", "coordinates": [[135.14999, 34.65724], [135.15055, 34.65746]]}}, {"type": "Feature", "properties": {"l": 4, "c": 0, "t": 166, "e": 0}, "geometry": {"type": "LineString", "coordinates": [[135.15464, 34.65903], [135.15425, 34.65881]]}}, {"type": "Feature", "properties": {"l": 4, "c": 2, "t": 164, "e": 0}, "geometry": {"type": "LineString", "coordinates": [[135.36835, 34.80508], [135.36808, 34.80457]]}}, {"type": "Feature", "properties": {"l": 4, "c": 2, "t": 164, "e": 0}, "geometry": {"type": "LineString", "coordinates": [[135.3681, 34.80519], [135.36835, 34.80562]]}}, {"type": "Feature", "properties": {"l": 4, "c": 0, "t": 164, "e": 0}, "geometry": {"type": "LineString", "coordinates": [[135.0833, 34.73019], [135.08389, 34.72973]]}}, {"type": "Feature", "properties": {"l": 4, "c": 0, "t": 164, "e": 0}, "geometry": {"type": "LineString", "coordinates": [[134.98146, 34.68575], [134.98182, 34.68577]]}}, {"type": "Feature", "properties": {"l": 4, "c": 0, "t": 167, "e": 0}, "geometry": {"type": "LineString", "coordinates": [[135.08593, 34.72713], [135.08566, 34.72793]]}}, {"type": "Feature", "properties": {"l": 4, "c": 0, "t": 167, "e": 0}, "geometry": {"type": "LineString", "coordinates": [[135.08563, 34.72803], [135.08556, 34.72822]]}}, {"type": "Feature", "properties": {"l": 4, "c": 0, "t": 167, "e": 0}, "geometry": {"type": "LineString", "coordinates": [[135.08579, 34.72794], [135.08607, 34.72714]]}}, {"type": "Feature", "properties": {"l": 4, "c": 0, "t": 167, "e": 0}, "geometry": {"type": "LineString", "coordinates": [[135.08568, 34.72825], [135.08575, 34.72805]]}}, {"type": "Feature", "properties": {"l": 4, "c": 0, "t": 164, "e": 0}, "geometry": {"type": "LineString", "coordinates": [[135.08576, 34.72835], [135.08579, 34.72818]]}}, {"type": "Feature", "properties": {"l": 4, "c": 0, "t": 164, "e": 0}, "geometry": {"type": "LineString", "coordinates": [[135.08579, 34.72818], [135.08583, 34.72799]]}}, {"type": "Feature", "properties": {"l": 4, "c": 0, "t": 172, "e": 0}, "geometry": {"type": "LineString", "coordinates": [[135.0851, 34.73229], [135.08517, 34.733]]}}, {"type": "Feature", "properties": {"l": 4, "c": 4, "t": 178, "e": 0}, "geometry": {"type": "LineString", "coordinates": [[135.42593, 34.79873], [135.42553, 34.80078]]}}, {"type": "Feature", "properties": {"l": 4, "c": 4, "t": 178, "e": 0}, "geometry": {"type": "LineString", "coordinates": [[135.42594, 34.79871], [135.42593, 34.79873]]}}, {"type": "Feature", "properties": {"l": 4, "c": 4, "t": 178, "e": 0}, "geometry": {"type": "LineString", "coordinates": [[135.42602, 34.79883], [135.42603, 34.79881]]}}, {"type": "Feature", "properties": {"l": 4, "c": 4, "t": 178, "e": 0}, "geometry": {"type": "LineString", "coordinates": [[135.42565, 34.80078], [135.42602, 34.79883]]}}, {"type": "Feature", "properties": {"l": 4, "c": 0, "t": 172, "e": 0}, "geometry": {"type": "LineString", "coordinates": [[135.08517, 34.73002], [135.0851, 34.73229]]}}, {"type": "Feature", "properties": {"l": 4, "c": 0, "t": 167, "e": 0}, "geometry": {"type": "LineString", "coordinates": [[135.08527, 34.73055], [135.08568, 34.72825]]}}, {"type": "Feature", "properties": {"l": 4, "c": 0, "t": 164, "e": 0}, "geometry": {"type": "LineString", "coordinates": [[135.08389, 34.72973], [135.08403, 34.72852]]}}, {"type": "Feature", "properties": {"l": 4, "c": 0, "t": 164, "e": 0}, "geometry": {"type": "LineString", "coordinates": [[135.08376, 34.72946], [135.08377, 34.7298]]}}, {"type": "Feature", "properties": {"l": 4, "c": 0, "t": 164, "e": 0}, "geometry": {"type": "LineString", "coordinates": [[135.08377, 34.7298], [135.0833, 34.73019]]}}, {"type": "Feature", "properties": {"l": 4, "c": 0, "t": 164, "e": 0}, "geometry": {"type": "LineString", "coordinates": [[135.08574, 34.72712], [135.08396, 34.72829]]}}, {"type": "Feature", "properties": {"l": 4, "c": 0, "t": 177, "e": 0}, "geometry": {"type": "LineString", "coordinates": [[135.09213, 34.65218], [135.09723, 34.65113]]}}, {"type": "Feature", "properties": {"l": 4, "c": 0, "t": 190, "e": 1}, "geometry": {"type": "LineString", "coordinates": [[135.15576, 34.76103], [135.15561, 34.76103]]}}, {"type": "Feature", "properties": {"l": 4, "c": 0, "t": 190, "e": 1}, "geometry": {"type": "LineString", "coordinates": [[135.15561, 34.76103], [135.1557, 34.76113]]}}, {"type": "Feature", "properties": {"l": 4, "c": 4, "t": 170, "e": 0}, "geometry": {"type": "LineString", "coordinates": [[135.38854, 34.80997], [135.39647, 34.81082]]}}, {"type": "Feature", "properties": {"l": 4, "c": 2, "t": 170, "e": 0}, "geometry": {"type": "LineString", "coordinates": [[135.39649, 34.81069], [135.38857, 34.80985]]}}, {"type": "Feature", "properties": {"l": 4, "c": 4, "t": 170, "e": 0}, "geometry": {"type": "LineString", "coordinates": [[135.38694, 34.80966], [135.38854, 34.80997]]}}, {"type": "Feature", "properties": {"l": 4, "c": 4, "t": 170, "e": 0}, "geometry": {"type": "LineString", "coordinates": [[135.38857, 34.80985], [135.38699, 34.80955]]}}, {"type": "Feature", "properties": {"l": 4, "c": 0, "t": 164, "e": 0}, "geometry": {"type": "LineString", "coordinates": [[135.04413, 34.67256], [135.04335, 34.67267]]}}, {"type": "Feature", "properties": {"l": 4, "c": 0, "t": 164, "e": 0}, "geometry": {"type": "LineString", "coordinates": [[135.0739, 34.64778], [135.07454, 34.64779]]}}, {"type": "Feature", "properties": {"l": 4, "c": 0, "t": 177, "e": 0}, "geometry": {"type": "LineString", "coordinates": [[135.07008, 34.64775], [135.07113, 34.64772]]}}, {"type": "Feature", "properties": {"l": 4, "c": 0, "t": 177, "e": 0}, "geometry": {"type": "LineString", "coordinates": [[135.03235, 34.65818], [135.02944, 34.6601]]}}, {"type": "Feature", "properties": {"l": 4, "c": 0, "t": 177, "e": 0}, "geometry": {"type": "LineString", "coordinates": [[135.03011, 34.6598], [135.03243, 34.65825]]}}, {"type": "Feature", "properties": {"l": 4, "c": 0, "t": 164, "e": 0}, "geometry": {"type": "LineString", "coordinates": [[135.19493, 34.84505], [135.19627, 34.84432], [135.1976, 34.84457], [135.19789, 34.84419], [135.19765, 34.84362]]}}, {"type": "Feature", "properties": {"l": 4, "c": 0, "t": 164, "e": 0}, "geometry": {"type": "LineString", "coordinates": [[135.19765, 34.84362], [135.19751, 34.84341]]}}, {"type": "Feature", "properties": {"l": 4, "c": 0, "t": 164, "e": 0}, "geometry": {"type": "LineString", "coordinates": [[135.19714, 34.84206], [135.19742, 34.84345]]}}, {"type": "Feature", "properties": {"l": 4, "c": 0, "t": 164, "e": 0}, "geometry": {"type": "LineString", "coordinates": [[135.19742, 34.84345], [135.19758, 34.84366]]}}, {"type": "Feature", "properties": {"l": 4, "c": 0, "t": 164, "e": 0}, "geometry": {"type": "LineString", "coordinates": [[135.22528, 34.70301], [135.22545, 34.70301]]}}, {"type": "Feature", "properties": {"l": 4, "c": 0, "t": 164, "e": 0}, "geometry": {"type": "LineString", "coordinates": [[135.22509, 34.70301], [135.22528, 34.70301]]}}, {"type": "Feature", "properties": {"l": 4, "c": 0, "t": 164, "e": 0}, "geometry": {"type": "LineString", "coordinates": [[135.2254, 34.70281], [135.22518, 34.70281]]}}, {"type": "Feature", "properties": {"l": 4, "c": 0, "t": 164, "e": 0}, "geometry": {"type": "LineString", "coordinates": [[135.22554, 34.70281], [135.2254, 34.70281]]}}, {"type": "Feature", "properties": {"l": 4, "c": 0, "t": 190, "e": 1}, "geometry": {"type": "LineString", "coordinates": [[135.20116, 34.69852], [135.20201, 34.69733]]}}, {"type": "Feature", "properties": {"l": 4, "c": 3, "t": 176, "e": 0}, "geometry": {"type": "LineString", "coordinates": [[135.40897, 34.69243], [135.40305, 34.69664], [135.40065, 34.69748], [135.39504, 34.69763], [135.3931, 34.69709], [135.39022, 34.6956], [135.38868, 34.69522], [135.38698, 34.69527], [135.38486, 34.69602]]}}, {"type": "Feature", "properties": {"l": 4, "c": 0, "t": 192, "e": 0}, "geometry": {"type": "LineString", "coordinates": [[135.09965, 34.8202], [135.09563, 34.8193], [135.08977, 34.81945], [135.08703, 34.81913], [135.08426, 34.81814], [135.08094, 34.8162]]}}, {"type": "Feature", "properties": {"l": 4, "c": 0, "t": 192, "e": 0}, "geometry": {"type": "LineString", "coordinates": [[135.07072, 34.80663], [135.07721, 34.81347], [135.08085, 34.81631], [135.08418, 34.81825], [135.08805, 34.81943], [135.09501, 34.81936], [135.0998, 34.82035]]}}, {"type": "Feature", "properties": {"l": 4, "c": 3, "t": 163, "e": 0}, "geometry": {"type": "LineString", "coordinates": [[135.41527, 34.74253], [135.41641, 34.74264]]}}, {"type": "Feature", "properties": {"l": 4, "c": 3, "t": 163, "e": 0}, "geometry": {"type": "LineString", "coordinates": [[135.42052, 34.74268], [135.41901, 34.74255]]}}, {"type": "Feature", "properties": {"l": 4, "c": 3, "t": 163, "e": 0}, "geometry": {"type": "LineString", "coordinates": [[135.41837, 34.7426], [135.42053, 34.74278]]}}, {"type": "Feature", "properties": {"l": 4, "c": 5, "t": 185, "e": 1}, "geometry": {"type": "LineString", "coordinates": [[135.27631, 34.7807], [135.27584, 34.78101]]}}, {"type": "Feature", "properties": {"l": 4, "c": 5, "t": 185, "e": 1}, "geometry": {"type": "LineString", "coordinates": [[135.27646, 34.78063], [135.27631, 34.7807]]}}, {"type": "Feature", "properties": {"l": 4, "c": 1, "t": 185, "e": 1}, "geometry": {"type": "LineString", "coordinates": [[135.27567, 34.78112], [135.27565, 34.78114]]}}, {"type": "Feature", "properties": {"l": 4, "c": 1, "t": 163, "e": 0}, "geometry": {"type": "LineString", "coordinates": [[135.37406, 34.74493], [135.36659, 34.74506]]}}, {"type": "Feature", "properties": {"l": 4, "c": 1, "t": 163, "e": 0}, "geometry": {"type": "LineString", "coordinates": [[135.36658, 34.74515], [135.37269, 34.7451]]}}, {"type": "Feature", "properties": {"l": 4, "c": 1, "t": 163, "e": 0}, "geometry": {"type": "LineString", "coordinates": [[135.36436, 34.74475], [135.36658, 34.74515]]}}, {"type": "Feature", "properties": {"l": 4, "c": 1, "t": 163, "e": 0}, "geometry": {"type": "LineString", "coordinates": [[135.36659, 34.74506], [135.36435, 34.74465]]}}, {"type": "Feature", "properties": {"l": 4, "c": 3, "t": 195, "e": 0}, "geometry": {"type": "LineString", "coordinates": [[135.38965, 34.69849], [135.38968, 34.69834]]}}, {"type": "Feature", "properties": {"l": 4, "c": 3, "t": 195, "e": 0}, "geometry": {"type": "LineString", "coordinates": [[135.38965, 34.69849], [135.38975, 34.69837]]}}, {"type": "Feature", "properties": {"l": 4, "c": 3, "t": 195, "e": 0}, "geometry": {"type": "LineString", "coordinates": [[135.38975, 34.69837], [135.39012, 34.69775]]}}, {"type": "Feature", "properties": {"l": 4, "c": 6, "t": 164, "e": 0}, "geometry": {"type": "LineString", "coordinates": [[135.39434, 34.88601], [135.39441, 34.88685], [135.39376, 34.88725]]}}, {"type": "Feature", "properties": {"l": 4, "c": 6, "t": 164, "e": 0}, "geometry": {"type": "LineString", "coordinates": [[135.38952, 34.88583], [135.3895, 34.88572]]}}, {"type": "Feature", "properties": {"l": 4, "c": 6, "t": 164, "e": 0}, "geometry": {"type": "LineString", "coordinates": [[135.39363, 34.88743], [135.39452, 34.88704], [135.39514, 34.88595], [135.39674, 34.88544]]}}, {"type": "Feature", "properties": {"l": 4, "c": 2, "t": 164, "e": 0}, "geometry": {"type": "LineString", "coordinates": [[135.30184, 34.8667], [135.3021, 34.86707]]}}, {"type": "Feature", "properties": {"l": 4, "c": 0, "t": 170, "e": 0}, "geometry": {"type": "LineString", "coordinates": [[135.23093, 34.83985], [135.23022, 34.84024]]}}, {"type": "Feature", "properties": {"l": 4, "c": 0, "t": 171, "e": 0}, "geometry": {"type": "LineString", "coordinates": [[135.22394, 34.84855], [135.22471, 34.84766], [135.22543, 34.84603]]}}, {"type": "Feature", "properties": {"l": 4, "c": 0, "t": 170, "e": 0}, "geometry": {"type": "LineString", "coordinates": [[135.21858, 34.85413], [135.22032, 34.85229]]}}, {"type": "Feature", "properties": {"l": 4, "c": 0, "t": 164, "e": 0}, "geometry": {"type": "LineString", "coordinates": [[135.19714, 34.84206], [135.19686, 34.84335], [135.19594, 34.84418]]}}, {"type": "Feature", "properties": {"l": 4, "c": 0, "t": 164, "e": 0}, "geometry": {"type": "LineString", "coordinates": [[135.19751, 34.84341], [135.19721, 34.84278], [135.19735, 34.8419]]}}, {"type": "Feature", "properties": {"l": 4, "c": 0, "t": 164, "e": 0}, "geometry": {"type": "LineString", "coordinates": [[135.19735, 34.8419], [135.19775, 34.84114]]}}, {"type": "Feature", "properties": {"l": 4, "c": 0, "t": 192, "e": 0}, "geometry": {"type": "LineString", "coordinates": [[135.08094, 34.8162], [135.07818, 34.81415], [135.07462, 34.81082], [135.06884, 34.80412]]}}, {"type": "Feature", "properties": {"l": 4, "c": 7, "t": 164, "e": 0}, "geometry": {"type": "LineString", "coordinates": [[135.43262, 34.80522], [135.43269, 34.80515]]}}, {"type": "Feature", "properties": {"l": 4, "c": 1, "t": 170, "e": 0}, "geometry": {"type": "LineString", "coordinates": [[135.26658, 34.83525], [135.26218, 34.83473], [135.26096, 34.83511], [135.25859, 34.83648]]}}, {"type": "Feature", "properties": {"l": 4, "c": 1, "t": 164, "e": 0}, "geometry": {"type": "LineString", "coordinates": [[135.23548, 34.83684], [135.23536, 34.83627]]}}, {"type": "Feature", "properties": {"l": 4, "c": 7, "t": 164, "e": 0}, "geometry": {"type": "LineString", "coordinates": [[135.43237, 34.80479], [135.43235, 34.80481]]}}, {"type": "Feature", "properties": {"l": 4, "c": 7, "t": 164, "e": 0}, "geometry": {"type": "LineString", "coordinates": [[135.43238, 34.80478], [135.43237, 34.80479]]}}, {"type": "Feature", "properties": {"l": 4, "c": 7, "t": 164, "e": 0}, "geometry": {"type": "LineString", "coordinates": [[135.43235, 34.80481], [135.43234, 34.80482]]}}, {"type": "Feature", "properties": {"l": 4, "c": 7, "t": 164, "e": 0}, "geometry": {"type": "LineString", "coordinates": [[135.43234, 34.80482], [135.43228, 34.80487]]}}, {"type": "Feature", "properties": {"l": 4, "c": 7, "t": 164, "e": 0}, "geometry": {"type": "LineString", "coordinates": [[135.43221, 34.80494], [135.43169, 34.80548]]}}, {"type": "Feature", "properties": {"l": 4, "c": 7, "t": 164, "e": 0}, "geometry": {"type": "LineString", "coordinates": [[135.43228, 34.80487], [135.43221, 34.80494]]}}, {"type": "Feature", "properties": {"l": 4, "c": 7, "t": 164, "e": 0}, "geometry": {"type": "LineString", "coordinates": [[135.43269, 34.80515], [135.43287, 34.80498]]}}, {"type": "Feature", "properties": {"l": 4, "c": 7, "t": 164, "e": 0}, "geometry": {"type": "LineString", "coordinates": [[135.43193, 34.80585], [135.43262, 34.80522]]}}, {"type": "Feature", "properties": {"l": 4, "c": 1, "t": 163, "e": 0}, "geometry": {"type": "LineString", "coordinates": [[135.35354, 34.72743], [135.35253, 34.72821]]}}, {"type": "Feature", "properties": {"l": 4, "c": 1, "t": 163, "e": 0}, "geometry": {"type": "LineString", "coordinates": [[135.35768, 34.7249], [135.35784, 34.72477]]}}, {"type": "Feature", "properties": {"l": 4, "c": 1, "t": 163, "e": 0}, "geometry": {"type": "LineString", "coordinates": [[135.35758, 34.72497], [135.35768, 34.7249]]}}, {"type": "Feature", "properties": {"l": 4, "c": 1, "t": 163, "e": 0}, "geometry": {"type": "LineString", "coordinates": [[135.35598, 34.72712], [135.35554, 34.72656]]}}, {"type": "Feature", "properties": {"l": 4, "c": 0, "t": 190, "e": 1}, "geometry": {"type": "LineString", "coordinates": [[135.19684, 34.70566], [135.1969, 34.70551]]}}, {"type": "Feature", "properties": {"l": 4, "c": 0, "t": 207, "e": 0}, "geometry": {"type": "LineString", "coordinates": [[135.22258, 34.84986], [135.22285, 34.8499]]}}, {"type": "Feature", "properties": {"l": 4, "c": 0, "t": 207, "e": 0}, "geometry": {"type": "LineString", "coordinates": [[135.22349, 34.84981], [135.22273, 34.84969]]}}, {"type": "Feature", "properties": {"l": 4, "c": 0, "t": 167, "e": 0}, "geometry": {"type": "LineString", "coordinates": [[135.08575, 34.72805], [135.08579, 34.72794]]}}, {"type": "Feature", "properties": {"l": 4, "c": 0, "t": 167, "e": 0}, "geometry": {"type": "LineString", "coordinates": [[135.08566, 34.72793], [135.08563, 34.72803]]}}, {"type": "Feature", "properties": {"l": 4, "c": 0, "t": 176, "e": 0}, "geometry": {"type": "LineString", "coordinates": [[135.06825, 34.65982], [135.06822, 34.65969]]}}, {"type": "Feature", "properties": {"l": 4, "c": 0, "t": 176, "e": 0}, "geometry": {"type": "LineString", "coordinates": [[135.06811, 34.65971], [135.06815, 34.65984]]}}, {"type": "Feature", "properties": {"l": 4, "c": 0, "t": 164, "e": 0}, "geometry": {"type": "LineString", "coordinates": [[135.10607, 34.68727], [135.10587, 34.68792]]}}, {"type": "Feature", "properties": {"l": 4, "c": 0, "t": 190, "e": 1}, "geometry": {"type": "LineString", "coordinates": [[135.15869, 34.76095], [135.15838, 34.76132]]}}, {"type": "Feature", "properties": {"l": 4, "c": 0, "t": 190, "e": 1}, "geometry": {"type": "LineString", "coordinates": [[135.15849, 34.76144], [135.15884, 34.761]]}}, {"type": "Feature", "properties": {"l": 4, "c": 0, "t": 191, "e": 1}, "geometry": {"type": "LineString", "coordinates": [[135.13137, 34.69386], [135.13282, 34.69351]]}}, {"type": "Feature", "properties": {"l": 4, "c": 0, "t": 191, "e": 1}, "geometry": {"type": "LineString", "coordinates": [[135.13111, 34.69377], [135.13195, 34.69352]]}}, {"type": "Feature", "properties": {"l": 6, "c": 0, "t": 209, "x": "軽車両", "h": "7:30-9:00", "d": "日曜日、休日を除く。", "a": 0}, "geometry": {"type": "LineString", "coordinates": [[135.25093, 34.71451], [135.25001, 34.71424], [135.24986, 34.7144], [135.24951, 34.71432]]}}, {"type": "Feature", "properties": {"l": 6, "c": 0, "t": 209, "x": "軽車両", "h": "7:30-9:30", "d": "日曜、休日を除く。", "a": 0}, "geometry": {"type": "LineString", "coordinates": [[135.29457, 34.72571], [135.29233, 34.72491]]}}, {"type": "Feature", "properties": {"l": 6, "c": 0, "t": 209, "x": "軽車両", "h": "7:30-9:00", "a": 0}, "geometry": {"type": "LineString", "coordinates": [[135.27383, 34.71488], [135.27243, 34.71446]]}}, {"type": "Feature", "properties": {"l": 6, "c": 0, "t": 209, "x": "軽車両", "h": "7:30-9:00", "a": 0}, "geometry": {"type": "LineString", "coordinates": [[135.28691, 34.72844], [135.28672, 34.72885]]}}, {"type": "Feature", "properties": {"l": 6, "c": 0, "t": 209, "x": "軽車両", "h": "7:30-9:00", "d": "日曜日、休日を除く。", "a": 0}, "geometry": {"type": "LineString", "coordinates": [[135.27369, 34.72337], [135.27055, 34.7225]]}}, {"type": "Feature", "properties": {"l": 6, "c": 0, "t": 209, "x": "軽車両", "h": "7:30-9:00", "a": 0}, "geometry": {"type": "LineString", "coordinates": [[135.29243, 34.72147], [135.29162, 34.72109]]}}, {"type": "Feature", "properties": {"l": 6, "c": 0, "t": 209, "x": "軽車両", "h": "7:30-8:30", "d": "土曜日、日曜日、休日を除く。", "a": 0}, "geometry": {"type": "LineString", "coordinates": [[135.2485, 34.72704], [135.2492, 34.72628], [135.24927, 34.72588], [135.24827, 34.72454], [135.24814, 34.72386]]}}, {"type": "Feature", "properties": {"l": 6, "c": 0, "t": 209, "x": "軽車両", "h": "7:30-8:30", "d": "土曜日、日曜日、休日を除く。", "a": 0}, "geometry": {"type": "LineString", "coordinates": [[135.2844, 34.72563], [135.28527, 34.72371]]}}, {"type": "Feature", "properties": {"l": 6, "c": 0, "t": 209, "x": "軽車両", "h": "7:30-8:30", "d": "土曜、日曜、休日を除く", "a": 0}, "geometry": {"type": "LineString", "coordinates": [[135.2784, 34.72815], [135.28009, 34.72859]]}}, {"type": "Feature", "properties": {"l": 6, "c": 0, "t": 209, "h": "7:00-9:00", "a": 0}, "geometry": {"type": "LineString", "coordinates": [[135.22502, 34.71241], [135.22292, 34.71165]]}}, {"type": "Feature", "properties": {"l": 6, "c": 0, "t": 209, "x": "軽車両", "h": "7:30-8:30", "d": "土曜日、日曜日、休日を除く。", "a": 0}, "geometry": {"type": "LineString", "coordinates": [[135.22, 34.71594], [135.22047, 34.71514]]}}, {"type": "Feature", "properties": {"l": 6, "c": 0, "t": 209, "h": "7:00-9:00", "a": 0}, "geometry": {"type": "LineString", "coordinates": [[135.23225, 34.70699], [135.23275, 34.70601]]}}, {"type": "Feature", "properties": {"l": 6, "c": 0, "t": 209, "h": "7:00-9:00", "a": 0}, "geometry": {"type": "LineString", "coordinates": [[135.22832, 34.70809], [135.22863, 34.7073]]}}, {"type": "Feature", "properties": {"l": 6, "c": 0, "t": 209, "h": "7:30-8:30", "a": 0}, "geometry": {"type": "LineString", "coordinates": [[135.22095, 34.72289], [135.2224, 34.7198]]}}, {"type": "Feature", "properties": {"l": 6, "c": 0, "t": 209, "h": "7:30-8:30", "a": 0}, "geometry": {"type": "LineString", "coordinates": [[135.22294, 34.72082], [135.22129, 34.7202]]}}, {"type": "Feature", "properties": {"l": 6, "c": 0, "t": 209, "x": "軽車両", "h": "7:30-8:30", "d": "土曜日、日曜日、休日を除く。", "a": 0}, "geometry": {"type": "LineString", "coordinates": [[135.22116, 34.71558], [135.22468, 34.71696]]}}, {"type": "Feature", "properties": {"l": 6, "c": 0, "t": 209, "x": "軽車両", "h": "8:00-9:00", "a": 0}, "geometry": {"type": "LineString", "coordinates": [[135.23372, 34.72155], [135.23466, 34.72042]]}}, {"type": "Feature", "properties": {"l": 6, "c": 0, "t": 209, "h": "8:00-9:00", "a": 0}, "geometry": {"type": "LineString", "coordinates": [[135.21859, 34.71361], [135.21905, 34.71278]]}}, {"type": "Feature", "properties": {"l": 6, "c": 0, "t": 209, "h": "8:00-9:00", "a": 0}, "geometry": {"type": "LineString", "coordinates": [[135.21777, 34.71329], [135.21826, 34.71252]]}}, {"type": "Feature", "properties": {"l": 6, "c": 0, "t": 209, "h": "7:00-9:00", "a": 0}, "geometry": {"type": "LineString", "coordinates": [[135.23975, 34.72453], [135.24002, 34.72467]]}}, {"type": "Feature", "properties": {"l": 6, "c": 0, "t": 209, "x": "軽車両", "h": "7:30-8:30", "d": "土曜日、日曜日、休日を除く。", "a": 0}, "geometry": {"type": "LineString", "coordinates": [[135.22229, 34.716], [135.22256, 34.71521]]}}, {"type": "Feature", "properties": {"l": 6, "c": 0, "t": 209, "x": "軽車両", "h": "7:30-8:30", "d": "土曜、日曜、休日を除く。", "a": 0}, "geometry": {"type": "LineString", "coordinates": [[135.23774, 34.73467], [135.23589, 34.73341]]}}, {"type": "Feature", "properties": {"l": 6, "c": 0, "t": 209, "x": "軽車両", "h": "7:00-8:30", "d": "日曜日、休日を除く。", "a": 0}, "geometry": {"type": "LineString", "coordinates": [[135.21129, 34.71168], [135.21, 34.71371]]}}, {"type": "Feature", "properties": {"l": 6, "c": 0, "t": 209, "x": "軽車両", "h": "7:30-9:00", "d": "日曜日、休日を除く。", "a": 0}, "geometry": {"type": "LineString", "coordinates": [[135.20878, 34.71064], [135.20973, 34.7081]]}}, {"type": "Feature", "properties": {"l": 6, "c": 0, "t": 209, "x": "軽車両", "h": "7:30-9:00", "d": "日曜日、休日を除く。", "a": 0}, "geometry": {"type": "LineString", "coordinates": [[135.19998, 34.7077], [135.20101, 34.70577]]}}, {"type": "Feature", "properties": {"l": 6, "c": 0, "t": 209, "x": "軽車両", "h": "7:30-9:00", "d": "日曜日、休日を除く。", "a": 0}, "geometry": {"type": "LineString", "coordinates": [[135.20068, 34.70535], [135.20198, 34.70267]]}}, {"type": "Feature", "properties": {"l": 6, "c": 0, "t": 209, "x": "軽車両", "h": "7:30-9:00", "d": "日曜日、休日を除く。", "a": 0}, "geometry": {"type": "LineString", "coordinates": [[135.19827, 34.70547], [135.19946, 34.7058]]}}, {"type": "Feature", "properties": {"l": 6, "c": 0, "t": 209, "x": "軽車両", "h": "7:30-9:00", "d": "日曜日、休日を除く。", "a": 0}, "geometry": {"type": "LineString", "coordinates": [[135.19931, 34.70607], [135.20067, 34.70654]]}}, {"type": "Feature", "properties": {"l": 6, "c": 0, "t": 209, "x": "軽車両", "h": "7:30-9:00", "d": "日曜日、休日を除く。", "a": 0}, "geometry": {"type": "LineString", "coordinates": [[135.20905, 34.71215], [135.20959, 34.71108]]}}, {"type": "Feature", "properties": {"l": 6, "c": 0, "t": 209, "x": "軽車両", "h": "7:30-9:00", "a": 0}, "geometry": {"type": "LineString", "coordinates": [[135.20923, 34.71325], [135.20775, 34.71272]]}}, {"type": "Feature", "properties": {"l": 6, "c": 0, "t": 209, "h": "7:00-9:00", "a": 0}, "geometry": {"type": "LineString", "coordinates": [[135.17938, 34.68772], [135.17701, 34.68724]]}}, {"type": "Feature", "properties": {"l": 6, "c": 0, "t": 209, "h": "7:00-9:00", "a": 0}, "geometry": {"type": "LineString", "coordinates": [[135.18292, 34.69389], [135.18381, 34.69286]]}}, {"type": "Feature", "properties": {"l": 6, "c": 0, "t": 209, "h": "7:00-19:00", "a": 0}, "geometry": {"type": "LineString", "coordinates": [[135.18582, 34.69528], [135.18631, 34.69401]]}}, {"type": "Feature", "properties": {"l": 6, "c": 0, "t": 209, "x": "軽車両", "h": "7:30-8:30", "d": "土曜日、日曜日、休日を除く。", "a": 0}, "geometry": {"type": "LineString", "coordinates": [[135.17664, 34.68996], [135.17649, 34.69025], [135.1761, 34.69004]]}}, {"type": "Feature", "properties": {"l": 6, "c": 0, "t": 209, "x": "軽車両", "h": "7:30-8:30", "d": "日曜日、休日を除く。", "a": 0}, "geometry": {"type": "LineString", "coordinates": [[135.18047, 34.67625], [135.1806, 34.67477], [135.18028, 34.67436]]}}, {"type": "Feature", "properties": {"l": 6, "c": 0, "t": 209, "x": "軽車両", "h": "7:30-9:00", "a": 0}, "geometry": {"type": "LineString", "coordinates": [[135.17383, 34.6549], [135.17584, 34.65552]]}}, {"type": "Feature", "properties": {"l": 6, "c": 0, "t": 209, "x": "軽車両", "h": "7:30-9:00", "a": 0}, "geometry": {"type": "LineString", "coordinates": [[135.17524, 34.65428], [135.17484, 34.65518]]}}, {"type": "Feature", "properties": {"l": 6, "c": 0, "t": 209, "x": "軽車両", "h": "7:30-9:00", "a": 0}, "geometry": {"type": "LineString", "coordinates": [[135.15151, 34.68529], [135.15179, 34.6853], [135.15294, 34.68395], [135.154, 34.68352]]}}, {"type": "Feature", "properties": {"l": 6, "c": 0, "t": 209, "x": "軽車両", "a": 1}, "geometry": {"type": "LineString", "coordinates": [[135.16823, 34.68606], [135.16826, 34.68585], [135.1677, 34.68547], [135.16751, 34.68494], [135.16765, 34.68447]]}}, {"type": "Feature", "properties": {"l": 6, "c": 0, "t": 209, "h": "7:30-9:00", "a": 0}, "geometry": {"type": "LineString", "coordinates": [[135.16556, 34.67971], [135.1646, 34.67889]]}}, {"type": "Feature", "properties": {"l": 6, "c": 0, "t": 209, "h": "7:30-9:00", "a": 0}, "geometry": {"type": "LineString", "coordinates": [[135.16547, 34.65561], [135.16256, 34.65481]]}}, {"type": "Feature", "properties": {"l": 6, "c": 0, "t": 209, "x": "軽車両", "a": 1}, "geometry": {"type": "LineString", "coordinates": [[135.16742, 34.68473], [135.16695, 34.68467], [135.16722, 34.68417]]}}, {"type": "Feature", "properties": {"l": 6, "c": 0, "t": 209, "x": "軽車両", "a": 1}, "geometry": {"type": "LineString", "coordinates": [[135.16658, 34.66501], [135.16744, 34.66494]]}}, {"type": "Feature", "properties": {"l": 6, "c": 0, "t": 209, "x": "軽車両", "a": 1}, "geometry": {"type": "LineString", "coordinates": [[135.15692, 34.68349], [135.15732, 34.68366]]}}, {"type": "Feature", "properties": {"l": 6, "c": 0, "t": 209, "x": "軽車両", "h": "終日", "a": 1}, "geometry": {"type": "LineString", "coordinates": [[135.16661, 34.66603], [135.16596, 34.66609]]}}, {"type": "Feature", "properties": {"l": 6, "c": 0, "t": 209, "x": "軽車両", "h": "7:30-8:30", "a": 0}, "geometry": {"type": "LineString", "coordinates": [[135.14449, 34.67315], [135.14264, 34.67276], [135.14277, 34.67207]]}}, {"type": "Feature", "properties": {"l": 6, "c": 0, "t": 209, "x": "軽車両", "h": "7:30-8:30", "d": "土曜日、日曜日、休日を除く。", "a": 0}, "geometry": {"type": "LineString", "coordinates": [[135.15388, 34.67274], [135.15405, 34.67262], [135.15455, 34.67304], [135.1559, 34.67165]]}}, {"type": "Feature", "properties": {"l": 6, "c": 0, "t": 209, "x": "軽車両", "h": "7:30-8:30", "a": 0}, "geometry": {"type": "LineString", "coordinates": [[135.14654, 34.6685], [135.14598, 34.66808], [135.14551, 34.66796], [135.14445, 34.66671]]}}, {"type": "Feature", "properties": {"l": 6, "c": 0, "t": 209, "h": "7:30-8:30", "a": 0}, "geometry": {"type": "LineString", "coordinates": [[135.14614, 34.67274], [135.14643, 34.672], [135.14721, 34.67161], [135.14771, 34.67093]]}}, {"type": "Feature", "properties": {"l": 6, "c": 0, "t": 209, "x": "軽車両", "h": "7:30-8:30", "a": 0}, "geometry": {"type": "LineString", "coordinates": [[135.13928, 34.6665], [135.14162, 34.66466], [135.14178, 34.66313]]}}, {"type": "Feature", "properties": {"l": 6, "c": 0, "t": 209, "x": "軽車両", "h": "7:30-8:30", "a": 0}, "geometry": {"type": "LineString", "coordinates": [[135.14703, 34.67027], [135.14679, 34.67045], [135.14652, 34.67032], [135.14605, 34.67087], [135.14598, 34.67128], [135.14559, 34.67133], [135.14495, 34.67274]]}}, {"type": "Feature", "properties": {"l": 6, "c": 0, "t": 209, "x": "軽車両", "h": "7:30-8:30", "a": 0}, "geometry": {"type": "LineString", "coordinates": [[135.13403, 34.66864], [135.13427, 34.6683], [135.13408, 34.66786]]}}, {"type": "Feature", "properties": {"l": 6, "c": 0, "t": 209, "x": "軽車両", "h": "7:30-8:30", "d": "土曜日、日曜日、休日を除く。", "a": 0}, "geometry": {"type": "LineString", "coordinates": [[135.13777, 34.6874], [135.13748, 34.68741], [135.13734, 34.68708], [135.13693, 34.68709], [135.13673, 34.6869], [135.13577, 34.68692], [135.13521, 34.68645]]}}, {"type": "Feature", "properties": {"l": 6, "c": 0, "t": 209, "x": "軽車両", "h": "7:30-8:30", "a": 0}, "geometry": {"type": "LineString", "coordinates": [[135.13173, 34.68307], [135.13233, 34.68353], [135.13277, 34.68339], [135.13204, 34.6824]]}}, {"type": "Feature", "properties": {"l": 6, "c": 0, "t": 209, "x": "軽車両", "h": "7:30-8:30", "d": "土曜日、日曜日、休日を除く。", "a": 0}, "geometry": {"type": "LineString", "coordinates": [[135.14865, 34.6723], [135.14774, 34.67205]]}}, {"type": "Feature", "properties": {"l": 6, "c": 0, "t": 209, "h": "7:30-8:30", "d": "土曜日、日曜日、休日を除く。", "a": 0}, "geometry": {"type": "LineString", "coordinates": [[135.1373, 34.68568], [135.13626, 34.6853]]}}, {"type": "Feature", "properties": {"l": 6, "c": 0, "t": 209, "x": "軽車両", "h": "7:30-8:30", "d": "土曜日、日曜日、休日を除く。", "a": 0}, "geometry": {"type": "LineString", "coordinates": [[135.14869, 34.65623], [135.15093, 34.65391]]}}, {"type": "Feature", "properties": {"l": 6, "c": 0, "t": 209, "h": "7:30-8:30", "a": 0}, "geometry": {"type": "LineString", "coordinates": [[135.12028, 34.64775], [135.12167, 34.64639]]}}, {"type": "Feature", "properties": {"l": 6, "c": 0, "t": 209, "x": "軽車両", "h": "7:30-8:30", "a": 0}, "geometry": {"type": "LineString", "coordinates": [[135.11608, 34.64674], [135.11631, 34.64714], [135.11621, 34.64764], [135.11654, 34.64935], [135.11654, 34.65028], [135.11636, 34.65062]]}}, {"type": "Feature", "properties": {"l": 6, "c": 0, "t": 209, "h": "7:30-9:00", "a": 0}, "geometry": {"type": "LineString", "coordinates": [[135.13177, 34.64671], [135.13096, 34.64616]]}}, {"type": "Feature", "properties": {"l": 6, "c": 0, "t": 209, "h": "8:00-9:00", "a": 0}, "geometry": {"type": "LineString", "coordinates": [[135.11319, 34.64494], [135.11024, 34.64717]]}}, {"type": "Feature", "properties": {"l": 6, "c": 0, "t": 209, "a": 1}, "geometry": {"type": "LineString", "coordinates": [[135.12793, 34.65881], [135.12738, 34.65848]]}}, {"type": "Feature", "properties": {"l": 6, "c": 0, "t": 209, "x": "軽車両", "h": "8:30-9:30", "a": 0}, "geometry": {"type": "LineString", "coordinates": [[135.1163, 34.6478], [135.11718, 34.64782], [135.11841, 34.64829]]}}, {"type": "Feature", "properties": {"l": 6, "c": 0, "t": 209, "h": "8:00-9:00", "a": 0}, "geometry": {"type": "LineString", "coordinates": [[135.13263, 34.66249], [135.13308, 34.66277]]}}, {"type": "Feature", "properties": {"l": 6, "c": 0, "t": 209, "h": "7:30-8:30", "a": 0}, "geometry": {"type": "LineString", "coordinates": [[135.1321, 34.64809], [135.13278, 34.6474]]}}, {"type": "Feature", "properties": {"l": 6, "c": 0, "t": 209, "x": "軽車両", "a": 1}, "geometry": {"type": "LineString", "coordinates": [[135.11794, 34.67976], [135.11792, 34.6795], [135.11851, 34.67952], [135.11883, 34.6792], [135.11885, 34.67878], [135.11855, 34.67808], [135.1188, 34.67788]]}}, {"type": "Feature", "properties": {"l": 6, "c": 0, "t": 209, "x": "軽車両", "h": "7:30-8:30", "d": "日曜日、休日を除く。", "a": 0}, "geometry": {"type": "LineString", "coordinates": [[135.11524, 34.68862], [135.11532, 34.68837], [135.11421, 34.68807]]}}, {"type": "Feature", "properties": {"l": 6, "c": 0, "t": 209, "x": "軽車両", "h": "7:30-8:30", "d": "日曜日、休日を除く。", "a": 0}, "geometry": {"type": "LineString", "coordinates": [[135.11419, 34.68801], [135.11449, 34.68723]]}}, {"type": "Feature", "properties": {"l": 6, "c": 0, "t": 209, "h": "終日", "a": 1}, "geometry": {"type": "LineString", "coordinates": [[135.1323, 34.64691], [135.13295, 34.64675]]}}, {"type": "Feature", "properties": {"l": 6, "c": 0, "t": 209, "x": "軽車両", "h": "7:30-8:30", "d": "土曜、日曜、休日を除く。", "a": 0}, "geometry": {"type": "LineString", "coordinates": [[135.1124, 34.67676], [135.11256, 34.67667], [135.11245, 34.67645]]}}, {"type": "Feature", "properties": {"l": 6, "c": 0, "t": 209, "x": "軽車両", "h": "7:30-8:30", "d": "土曜日、日曜日、休日を除く。", "a": 0}, "geometry": {"type": "LineString", "coordinates": [[135.11437, 34.64788], [135.11649, 34.6464]]}}, {"type": "Feature", "properties": {"l": 6, "c": 0, "t": 209, "h": "7:30-9:00", "a": 0}, "geometry": {"type": "LineString", "coordinates": [[135.07276, 34.64123], [135.07165, 34.64096]]}}, {"type": "Feature", "properties": {"l": 6, "c": 0, "t": 209, "x": "軽車両", "h": "7:30-9:30 / 14:00-16:30", "a": 0}, "geometry": {"type": "LineString", "coordinates": [[135.05644, 34.64365], [135.05674, 34.64343]]}}, {"type": "Feature", "properties": {"l": 6, "c": 0, "t": 209, "x": "軽車両", "h": "7:30-9:30 / 14:00-16:30", "a": 0}, "geometry": {"type": "LineString", "coordinates": [[135.05654, 34.64323], [135.05629, 34.64336]]}}, {"type": "Feature", "properties": {"l": 6, "c": 0, "t": 209, "x": "軽車両", "h": "7:00-9:00", "a": 0}, "geometry": {"type": "LineString", "coordinates": [[135.02832, 34.64864], [135.02808, 34.64822]]}}, {"type": "Feature", "properties": {"l": 6, "c": 0, "t": 209, "h": "7:30-9:00", "a": 0}, "geometry": {"type": "LineString", "coordinates": [[135.03551, 34.63877], [135.03671, 34.63806], [135.03739, 34.63803]]}}, {"type": "Feature", "properties": {"l": 6, "c": 0, "t": 209, "x": "軽車両", "h": "7:30-19:00", "a": 0}, "geometry": {"type": "LineString", "coordinates": [[135.03994, 34.66069], [135.03952, 34.65991]]}}, {"type": "Feature", "properties": {"l": 6, "c": 0, "t": 209, "h": "7:30-9:00", "a": 0}, "geometry": {"type": "LineString", "coordinates": [[135.03963, 34.66167], [135.04053, 34.66133]]}}, {"type": "Feature", "properties": {"l": 6, "c": 0, "t": 209, "a": 1}, "geometry": {"type": "LineString", "coordinates": [[135.05222, 34.63132], [135.05253, 34.63084], [135.05305, 34.63044]]}}, {"type": "Feature", "properties": {"l": 6, "c": 0, "t": 209, "h": "7:00-9:00 / 13:00-16:00", "a": 0}, "geometry": {"type": "LineString", "coordinates": [[135.03793, 34.66784], [135.03765, 34.66716]]}}, {"type": "Feature", "properties": {"l": 6, "c": 0, "t": 209, "x": "軽車両", "h": "7:30-8:30", "a": 0}, "geometry": {"type": "LineString", "coordinates": [[135.05154, 34.63881], [135.05214, 34.63892], [135.05284, 34.63841]]}}, {"type": "Feature", "properties": {"l": 6, "c": 0, "t": 209, "x": "軽車両", "a": 1}, "geometry": {"type": "LineString", "coordinates": [[135.07162, 34.66341], [135.07186, 34.66318]]}}, {"type": "Feature", "properties": {"l": 6, "c": 0, "t": 209, "x": "軽車両", "h": "終日", "a": 1}, "geometry": {"type": "LineString", "coordinates": [[135.03578, 34.65143], [135.03541, 34.65093], [135.03485, 34.65062], [135.03385, 34.65038], [135.0326, 34.64981]]}}, {"type": "Feature", "properties": {"l": 6, "c": 0, "t": 209, "x": "軽車両", "h": "7:00-9:00", "a": 0}, "geometry": {"type": "LineString", "coordinates": [[135.05103, 34.64422], [135.05096, 34.64343]]}}, {"type": "Feature", "properties": {"l": 6, "c": 0, "t": 209, "h": "7:30-9:00", "a": 0}, "geometry": {"type": "LineString", "coordinates": [[135.0732, 34.64021], [135.07221, 34.64281]]}}, {"type": "Feature", "properties": {"l": 6, "c": 0, "t": 209, "h": "7:30-9:00", "a": 0}, "geometry": {"type": "LineString", "coordinates": [[135.07101, 34.64049], [135.07163, 34.64063]]}}, {"type": "Feature", "properties": {"l": 6, "c": 0, "t": 209, "h": "7:30-8:30", "d": "土曜日、日曜日、休日を除く。", "a": 0}, "geometry": {"type": "LineString", "coordinates": [[135.06751, 34.63361], [135.06963, 34.63365], [135.06965, 34.63383]]}}, {"type": "Feature", "properties": {"l": 6, "c": 0, "t": 209, "h": "7:30-8:30", "d": "土曜日、日曜日、休日を除く。", "a": 0}, "geometry": {"type": "LineString", "coordinates": [[135.06872, 34.63261], [135.06869, 34.63363]]}}, {"type": "Feature", "properties": {"l": 6, "c": 0, "t": 209, "h": "8:00-9:30", "a": 0}, "geometry": {"type": "LineString", "coordinates": [[135.06056, 34.63692], [135.06061, 34.63826]]}}, {"type": "Feature", "properties": {"l": 6, "c": 0, "t": 209, "h": "8:00-9:30", "a": 0}, "geometry": {"type": "LineString", "coordinates": [[135.06192, 34.63825], [135.06035, 34.63828]]}}, {"type": "Feature", "properties": {"l": 6, "c": 0, "t": 209, "x": "軽車両", "h": "8:00-17:00", "a": 0}, "geometry": {"type": "LineString", "coordinates": [[135.03033, 34.64283], [135.02996, 34.643], [135.02986, 34.64286], [135.02903, 34.64331]]}}, {"type": "Feature", "properties": {"l": 6, "c": 0, "t": 209, "x": "軽車両", "h": "7:30-9:30 / 14:00-16:30", "a": 0}, "geometry": {"type": "LineString", "coordinates": [[135.0577, 34.64312], [135.05658, 34.64388]]}}, {"type": "Feature", "properties": {"l": 6, "c": 0, "t": 209, "x": "軽車両", "h": "7:30-9:30 / 14:00-16:30", "a": 0}, "geometry": {"type": "LineString", "coordinates": [[135.05846, 34.64394], [135.057, 34.64457]]}}, {"type": "Feature", "properties": {"l": 6, "c": 0, "t": 209, "x": "軽車両", "h": "7:30-9:30 / 14:00-16:30", "a": 0}, "geometry": {"type": "LineString", "coordinates": [[135.05851, 34.64391], [135.05763, 34.64302], [135.0579, 34.64263], [135.05719, 34.6419], [135.05707, 34.64158]]}}, {"type": "Feature", "properties": {"l": 6, "c": 0, "t": 209, "x": "軽車両", "h": "7:30-9:00", "d": "日曜日、休日を除く。", "a": 0}, "geometry": {"type": "LineString", "coordinates": [[135.01829, 34.67603], [135.01891, 34.67634], [135.01914, 34.67688]]}}, {"type": "Feature", "properties": {"l": 6, "c": 0, "t": 209, "h": "7:00-9:00 / 13:00-16:00", "a": 0}, "geometry": {"type": "LineString", "coordinates": [[135.03805, 34.66818], [135.03793, 34.66782]]}}, {"type": "Feature", "properties": {"l": 6, "c": 0, "t": 209, "x": "軽車両", "h": "7:30-8:30", "a": 0}, "geometry": {"type": "LineString", "coordinates": [[135.00782, 34.66215], [135.00903, 34.66124], [135.00947, 34.6616], [135.01021, 34.66188], [135.01124, 34.66186]]}}, {"type": "Feature", "properties": {"l": 6, "c": 0, "t": 209, "x": "軽車両", "h": "7:30-8:30", "d": "日曜日、休日を除く。", "a": 0}, "geometry": {"type": "LineString", "coordinates": [[134.94381, 34.71512], [134.94261, 34.71462]]}}, {"type": "Feature", "properties": {"l": 6, "c": 0, "t": 209, "x": "軽車両", "h": "7:30-8:30", "a": 0}, "geometry": {"type": "LineString", "coordinates": [[134.98915, 34.68421], [134.98884, 34.68426]]}}, {"type": "Feature", "properties": {"l": 6, "c": 0, "t": 209, "x": "軽車両", "h": "7:30-9:00", "d": "日曜日、休日を除く。", "a": 0}, "geometry": {"type": "LineString", "coordinates": [[134.98876, 34.74666], [134.98771, 34.74671], [134.9863, 34.74733], [134.98372, 34.74669], [134.98231, 34.74652], [134.98086, 34.74577], [134.98043, 34.74571], [134.98003, 34.74542], [134.977, 34.74467], [134.97482, 34.74475], [134.97334, 34.74446], [134.97231, 34.74457], [134.97026, 34.7441], [134.96921, 34.74416], [134.96847, 34.74394]]}}, {"type": "Feature", "properties": {"l": 6, "c": 0, "t": 209, "x": "軽車両", "h": "7:00-8:00", "d": "土曜・日曜・休日を除く。", "a": 0}, "geometry": {"type": "LineString", "coordinates": [[134.9871, 34.75643], [134.98637, 34.758], [134.98212, 34.76015]]}}, {"type": "Feature", "properties": {"l": 6, "c": 0, "t": 209, "x": "軽車両", "h": "7:00-8:00", "d": "土曜日、日曜日、休日を除く。", "a": 0}, "geometry": {"type": "LineString", "coordinates": [[134.98738, 34.71506], [134.98569, 34.71332], [134.98409, 34.71131], [134.98332, 34.71079]]}}, {"type": "Feature", "properties": {"l": 6, "c": 0, "t": 209, "x": "軽車両", "h": "7:00-8:00", "d": "土曜日、日曜日、休日を除く。", "a": 0}, "geometry": {"type": "LineString", "coordinates": [[135.01012, 34.72784], [135.00937, 34.72757], [135.00889, 34.72772], [135.00801, 34.72726]]}}, {"type": "Feature", "properties": {"l": 6, "c": 0, "t": 209, "x": "軽車両", "h": "終日", "a": 1}, "geometry": {"type": "LineString", "coordinates": [[135.2249, 34.81214], [135.2256, 34.8114], [135.22647, 34.81109], [135.22876, 34.81052], [135.23087, 34.81055]]}}, {"type": "Feature", "properties": {"l": 6, "c": 0, "t": 209, "x": "軽車両", "a": 1}, "geometry": {"type": "LineString", "coordinates": [[135.22566, 34.81135], [135.22694, 34.81099]]}}, {"type": "Feature", "properties": {"l": 6, "c": 0, "t": 209, "x": "軽車両", "h": "終日", "a": 1}, "geometry": {"type": "LineString", "coordinates": [[135.22583, 34.81126], [135.22538, 34.80975]]}}, {"type": "Feature", "properties": {"l": 6, "c": 0, "t": 209, "x": "軽車両", "a": 1}, "geometry": {"type": "LineString", "coordinates": [[135.22041, 34.79697], [135.22012, 34.79712], [135.22055, 34.79791], [135.22049, 34.79876], [135.21975, 34.79903]]}}, {"type": "Feature", "properties": {"l": 6, "c": 0, "t": 209, "x": "軽車両", "a": 1}, "geometry": {"type": "LineString", "coordinates": [[135.21692, 34.80663], [135.21655, 34.80642], [135.21607, 34.80574]]}}, {"type": "Feature", "properties": {"l": 6, "c": 0, "t": 209, "x": "軽車両", "h": "7:00-9:00", "d": "日曜日、休日を除く。", "a": 0}, "geometry": {"type": "LineString", "coordinates": [[135.20084, 34.77504], [135.20037, 34.77509], [135.1995, 34.77471], [135.19919, 34.77419]]}}, {"type": "Feature", "properties": {"l": 6, "c": 0, "t": 209, "x": "軽車両", "h": "7:30-9:30", "a": 0}, "geometry": {"type": "LineString", "coordinates": [[135.21389, 34.79038], [135.2145, 34.79023], [135.21476, 34.78945], [135.21414, 34.7878]]}}, {"type": "Feature", "properties": {"l": 6, "c": 0, "t": 209, "x": "軽車両", "h": "8:00-10:00", "a": 0}, "geometry": {"type": "LineString", "coordinates": [[135.21406, 34.79068], [135.21471, 34.79057], [135.2146, 34.7902]]}}, {"type": "Feature", "properties": {"l": 6, "c": 0, "t": 209, "x": "軽車両", "h": "7:00-9:00", "a": 0}, "geometry": {"type": "LineString", "coordinates": [[135.21999, 34.79586], [135.22025, 34.79545], [135.22024, 34.794]]}}, {"type": "Feature", "properties": {"l": 6, "c": 0, "t": 209, "x": "軽車両", "h": "7:00-9:00", "d": "日曜日、休日を除く。", "a": 0}, "geometry": {"type": "LineString", "coordinates": [[135.20056, 34.77321], [135.20011, 34.77321], [135.20002, 34.77338], [135.19906, 34.77336]]}}, {"type": "Feature", "properties": {"l": 6, "c": 0, "t": 209, "x": "軽車両", "h": "7:00-9:00", "d": "土曜日、日曜日、休日を除く。", "a": 0}, "geometry": {"type": "LineString", "coordinates": [[135.23046, 34.86199], [135.22981, 34.86192], [135.22654, 34.86044], [135.22556, 34.8606]]}}, {"type": "Feature", "properties": {"l": 6, "c": 0, "t": 209, "x": "軽車両", "h": "8:00-10:00", "a": 0}, "geometry": {"type": "LineString", "coordinates": [[135.21187, 34.78833], [135.21057, 34.78784], [135.21033, 34.78729], [135.20935, 34.78713], [135.20919, 34.78731]]}}, {"type": "Feature", "properties": {"l": 6, "c": 0, "t": 209, "x": "軽車両", "h": "7:30-8:30", "d": "日曜日、休日を除く。", "a": 0}, "geometry": {"type": "LineString", "coordinates": [[135.23087, 34.86627], [135.23222, 34.86214]]}}, {"type": "Feature", "properties": {"l": 6, "c": 0, "t": 209, "x": "軽車両", "h": "終日", "a": 1}, "geometry": {"type": "LineString", "coordinates": [[135.22877, 34.81497], [135.22811, 34.81354]]}}, {"type": "Feature", "properties": {"l": 6, "c": 0, "t": 209, "x": "軽車両", "h": "7:30-8:30", "d": "日曜日、休日を除く。", "a": 0}, "geometry": {"type": "LineString", "coordinates": [[135.14943, 34.82121], [135.15036, 34.8216], [135.15188, 34.82108], [135.15254, 34.82125], [135.15027, 34.8216], [135.14943, 34.82123]]}}, {"type": "Feature", "properties": {"l": 6, "c": 0, "t": 209, "x": "軽車両", "a": 1}, "geometry": {"type": "LineString", "coordinates": [[135.21782, 34.82755], [135.22168, 34.82615]]}}, {"type": "Feature", "properties": {"l": 6, "c": 0, "t": 209, "x": "軽車両", "a": 1}, "geometry": {"type": "LineString", "coordinates": [[135.2244, 34.82908], [135.22265, 34.82921]]}}, {"type": "Feature", "properties": {"l": 6, "c": 0, "t": 209, "x": "軽車両", "a": 1}, "geometry": {"type": "LineString", "coordinates": [[135.22478, 34.83295], [135.22264, 34.83307]]}}, {"type": "Feature", "properties": {"l": 6, "c": 0, "t": 209, "x": "軽車両", "a": 1}, "geometry": {"type": "LineString", "coordinates": [[135.22265, 34.83405], [135.22245, 34.83113], [135.22269, 34.83077], [135.22249, 34.82833], [135.22156, 34.82577], [135.22033, 34.82386], [135.22017, 34.82308], [135.21945, 34.82173], [135.21817, 34.81819]]}}, {"type": "Feature", "properties": {"l": 6, "c": 0, "t": 209, "x": "軽車両", "a": 1}, "geometry": {"type": "LineString", "coordinates": [[135.21912, 34.82093], [135.21721, 34.82117], [135.21501, 34.82191]]}}, {"type": "Feature", "properties": {"l": 6, "c": 0, "t": 209, "x": "軽車両", "a": 1}, "geometry": {"type": "LineString", "coordinates": [[135.21695, 34.82123], [135.21545, 34.81849], [135.21236, 34.81557], [135.21195, 34.81475], [135.20968, 34.81245], [135.20957, 34.81203]]}}, {"type": "Feature", "properties": {"l": 6, "c": 0, "t": 209, "x": "軽車両", "a": 1}, "geometry": {"type": "LineString", "coordinates": [[135.23176, 34.86205], [135.23216, 34.86214]]}}, {"type": "Feature", "properties": {"l": 6, "c": 0, "t": 209, "x": "軽車両", "a": 1}, "geometry": {"type": "LineString", "coordinates": [[135.20968, 34.81247], [135.20719, 34.8141], [135.20253, 34.8142]]}}, {"type": "Feature", "properties": {"l": 6, "c": 0, "t": 209, "x": "軽車両", "a": 1}, "geometry": {"type": "LineString", "coordinates": [[135.21568, 34.81396], [135.21076, 34.8173]]}}, {"type": "Feature", "properties": {"l": 6, "c": 0, "t": 209, "x": "軽車両", "h": "7:00-9:00 / 17:00-19:00", "a": 0}, "geometry": {"type": "LineString", "coordinates": [[135.21312, 34.80853], [135.21335, 34.80841], [135.21343, 34.80767]]}}, {"type": "Feature", "properties": {"l": 6, "c": 0, "t": 209, "x": "軽車両", "h": "終日", "a": 1}, "geometry": {"type": "LineString", "coordinates": [[135.2296, 34.81464], [135.22902, 34.81331]]}}, {"type": "Feature", "properties": {"l": 6, "c": 0, "t": 209, "x": "軽車両", "h": "終日", "a": 1}, "geometry": {"type": "LineString", "coordinates": [[135.22952, 34.81604], [135.22904, 34.81498]]}}, {"type": "Feature", "properties": {"l": 6, "c": 0, "t": 209, "x": "軽車両", "h": "終日", "a": 1}, "geometry": {"type": "LineString", "coordinates": [[135.23059, 34.81441], [135.22995, 34.81299]]}}, {"type": "Feature", "properties": {"l": 6, "c": 0, "t": 209, "x": "軽車両", "h": "7:30-9:00", "d": "本規制の効力は、道路標識等の設置（撤去）をもって発生（消滅）するものとする。;土曜日、日曜日、休日を除く。", "a": 0}, "geometry": {"type": "LineString", "coordinates": [[135.1539, 34.73983], [135.15543, 34.73959]]}}, {"type": "Feature", "properties": {"l": 6, "c": 0, "t": 209, "x": "軽車両", "h": "7:30-9:00", "d": "土曜日、日曜日、休日を除く。", "a": 0}, "geometry": {"type": "LineString", "coordinates": [[135.15402, 34.74144], [135.15385, 34.73955]]}}, {"type": "Feature", "properties": {"l": 6, "c": 0, "t": 209, "h": "7:30-9:00", "a": 0}, "geometry": {"type": "LineString", "coordinates": [[135.14599, 34.72818], [135.14586, 34.72786], [135.14599, 34.72617]]}}, {"type": "Feature", "properties": {"l": 6, "c": 0, "t": 209, "h": "7:30-9:00", "d": "土曜、日曜、休日を除く。", "a": 0}, "geometry": {"type": "LineString", "coordinates": [[135.14714, 34.72987], [135.14739, 34.72963], [135.14696, 34.72902], [135.1472, 34.72872], [135.14832, 34.72861], [135.14888, 34.72831]]}}, {"type": "Feature", "properties": {"l": 6, "c": 0, "t": 209, "x": "軽車両", "h": "7:30-9:00", "d": "土曜日、日曜日、休日を除く。", "a": 0}, "geometry": {"type": "LineString", "coordinates": [[135.13778, 34.73047], [135.13576, 34.73083]]}}, {"type": "Feature", "properties": {"l": 6, "c": 0, "t": 209, "x": "軽車両", "h": "7:30-8:30", "d": "土曜日、日曜日、休日を除く", "a": 0}, "geometry": {"type": "LineString", "coordinates": [[135.1653, 34.74911], [135.16439, 34.74892]]}}, {"type": "Feature", "properties": {"l": 6, "c": 0, "t": 209, "x": "軽車両", "h": "7:30-8:30", "d": "土曜日、日曜日、休日を除く。", "a": 0}, "geometry": {"type": "LineString", "coordinates": [[135.16437, 34.74908], [135.16457, 34.74788]]}}, {"type": "Feature", "properties": {"l": 6, "c": 0, "t": 209, "x": "軽車両", "h": "7:30-17:30", "d": "土曜日、日曜日、休日を除く", "a": 0}, "geometry": {"type": "LineString", "coordinates": [[135.13655, 34.7386], [135.13815, 34.73854]]}}, {"type": "Feature", "properties": {"l": 6, "c": 0, "t": 209, "x": "軽車両", "h": "7:30-17:30", "d": "土曜日、日曜日、休日を除く。", "a": 0}, "geometry": {"type": "LineString", "coordinates": [[135.13818, 34.73895], [135.13814, 34.7381]]}}, {"type": "Feature", "properties": {"l": 6, "c": 0, "t": 209, "x": "軽車両", "h": "7:30-9:00", "d": "土曜日、日曜日、休日を除く。", "a": 0}, "geometry": {"type": "LineString", "coordinates": [[135.14994, 34.74552], [135.15074, 34.74548], [135.15145, 34.74579], [135.1514, 34.74599], [135.15161, 34.74627], [135.15223, 34.74635], [135.15262, 34.74657]]}}, {"type": "Feature", "properties": {"l": 6, "c": 5, "t": 209, "h": "7:00-9:00", "a": 0}, "geometry": {"type": "LineString", "coordinates": [[135.31345, 34.73107], [135.31401, 34.7298]]}}, {"type": "Feature", "properties": {"l": 6, "c": 5, "t": 209, "x": "軽車両", "h": "7:30-9:00", "d": "日曜日、休日を除く。", "a": 0}, "geometry": {"type": "LineString", "coordinates": [[135.29992, 34.73834], [135.29931, 34.73845], [135.29857, 34.7383], [135.29773, 34.73713], [135.29705, 34.73683]]}}, {"type": "Feature", "properties": {"l": 6, "c": 5, "t": 209, "x": "軽車両", "h": "7:30-9:00", "d": "日曜日、休日を除く。", "a": 0}, "geometry": {"type": "LineString", "coordinates": [[135.31693, 34.72743], [135.31526, 34.72987]]}}, {"type": "Feature", "properties": {"l": 6, "c": 5, "t": 209, "x": "軽車両", "h": "7:30-9:00", "d": "日曜日、休日を除く。", "a": 0}, "geometry": {"type": "LineString", "coordinates": [[135.3153, 34.72787], [135.31621, 34.7284]]}}, {"type": "Feature", "properties": {"l": 6, "c": 5, "t": 209, "x": "軽車両", "h": "7:30-9:00 / 14:00-16:00", "d": "土曜日、日曜日、休日を除く。", "a": 0}, "geometry": {"type": "LineString", "coordinates": [[135.30139, 34.74078], [135.30127, 34.74122], [135.3007, 34.7419]]}}, {"type": "Feature", "properties": {"l": 6, "c": 5, "t": 209, "x": "軽車両", "h": "7:30-9:00", "d": "日曜日、休日を除く。", "a": 0}, "geometry": {"type": "LineString", "coordinates": [[135.30234, 34.72936], [135.30272, 34.72752]]}}, {"type": "Feature", "properties": {"l": 6, "c": 5, "t": 209, "x": "軽車両", "h": "7:30-9:00", "d": "日曜日、休日を除く。", "a": 0}, "geometry": {"type": "LineString", "coordinates": [[135.30187, 34.72928], [135.30215, 34.72813]]}}, {"type": "Feature", "properties": {"l": 6, "c": 5, "t": 209, "x": "軽車両", "h": "終日", "a": 1}, "geometry": {"type": "LineString", "coordinates": [[135.31146, 34.74424], [135.31068, 34.74386]]}}, {"type": "Feature", "properties": {"l": 6, "c": 5, "t": 209, "x": "軽車両", "h": "7:30-9:00", "d": "土曜日、日曜日、休日を除く。", "a": 0}, "geometry": {"type": "LineString", "coordinates": [[135.30326, 34.74577], [135.30504, 34.74508]]}}, {"type": "Feature", "properties": {"l": 6, "c": 5, "t": 209, "x": "軽車両", "h": "7:30-9:00", "d": "土曜日、日曜日、休日を除く。", "a": 0}, "geometry": {"type": "LineString", "coordinates": [[135.30328, 34.74424], [135.30413, 34.74538]]}}, {"type": "Feature", "properties": {"l": 6, "c": 5, "t": 209, "x": "軽車両", "h": "7:30-9:00", "d": "日曜日、休日を除く。", "a": 0}, "geometry": {"type": "LineString", "coordinates": [[135.31418, 34.73376], [135.31448, 34.73268]]}}, {"type": "Feature", "properties": {"l": 6, "c": 5, "t": 209, "x": "軽車両", "h": "7:00-9:00", "d": "日曜日、休日を除く。", "a": 0}, "geometry": {"type": "LineString", "coordinates": [[135.30066, 34.73654], [135.29797, 34.7354]]}}, {"type": "Feature", "properties": {"l": 6, "c": 5, "t": 209, "x": "軽車両", "h": "7:00-9:00", "d": "日曜日、休日を除く。", "a": 0}, "geometry": {"type": "LineString", "coordinates": [[135.30206, 34.72384], [135.30249, 34.72391]]}}, {"type": "Feature", "properties": {"l": 6, "c": 5, "t": 209, "x": "軽車両", "h": "7:00-9:00", "d": "日曜日、休日を除く。", "a": 0}, "geometry": {"type": "LineString", "coordinates": [[135.30293, 34.72132], [135.30378, 34.72157]]}}, {"type": "Feature", "properties": {"l": 6, "c": 5, "t": 209, "x": "軽車両", "h": "7:30-9:00 / 14:00-16:00", "d": "日曜日、休日を除く。", "a": 0}, "geometry": {"type": "LineString", "coordinates": [[135.3125, 34.74058], [135.31257, 34.74025]]}}, {"type": "Feature", "properties": {"l": 6, "c": 5, "t": 209, "x": "軽車両", "h": "7:30-8:30", "d": "土曜日、日曜日、休日を除く。", "a": 0}, "geometry": {"type": "LineString", "coordinates": [[135.31834, 34.73109], [135.31923, 34.72959]]}}, {"type": "Feature", "properties": {"l": 6, "c": 5, "t": 209, "x": "軽車両", "h": "7:30-8:30", "d": "土曜日、日曜日、休日を除く。", "a": 0}, "geometry": {"type": "LineString", "coordinates": [[135.30031, 34.7372], [135.30013, 34.73762]]}}, {"type": "Feature", "properties": {"l": 6, "c": 5, "t": 209, "x": "軽車両", "h": "7:30-8:30", "d": "土曜日、日曜日、休日を除く。", "a": 0}, "geometry": {"type": "LineString", "coordinates": [[135.30226, 34.73887], [135.30195, 34.73802]]}}, {"type": "Feature", "properties": {"l": 6, "c": 1, "t": 209, "x": "軽車両", "h": "7:00-9:00", "a": 0}, "geometry": {"type": "LineString", "coordinates": [[135.32606, 34.75216], [135.32586, 34.75129]]}}, {"type": "Feature", "properties": {"l": 6, "c": 1, "t": 209, "x": "軽車両", "h": "7:30-8:30", "d": "土曜日、日曜日、休日を除く。", "a": 0}, "geometry": {"type": "LineString", "coordinates": [[135.34918, 34.75316], [135.34941, 34.75259]]}}, {"type": "Feature", "properties": {"l": 6, "c": 1, "t": 209, "x": "軽車両", "h": "7:00-9:00", "a": 0}, "geometry": {"type": "LineString", "coordinates": [[135.3502, 34.75004], [135.35026, 34.7475]]}}, {"type": "Feature", "properties": {"l": 6, "c": 1, "t": 209, "x": "軽車両", "h": "7:00-9:00", "a": 0}, "geometry": {"type": "LineString", "coordinates": [[135.35147, 34.75024], [135.35057, 34.75021]]}}, {"type": "Feature", "properties": {"l": 6, "c": 1, "t": 209, "x": "軽車両", "h": "7:00-9:00", "a": 0}, "geometry": {"type": "LineString", "coordinates": [[135.35111, 34.74096], [135.3512, 34.74279]]}}, {"type": "Feature", "properties": {"l": 6, "c": 1, "t": 209, "x": "軽車両", "h": "7:00-9:00", "a": 0}, "geometry": {"type": "LineString", "coordinates": [[135.35616, 34.7349], [135.35546, 34.73293]]}}, {"type": "Feature", "properties": {"l": 6, "c": 1, "t": 209, "x": "軽車両", "h": "7:30-9:00", "a": 0}, "geometry": {"type": "LineString", "coordinates": [[135.35969, 34.75433], [135.35976, 34.75238]]}}, {"type": "Feature", "properties": {"l": 6, "c": 1, "t": 209, "x": "軽車両", "h": "7:00-9:00", "a": 0}, "geometry": {"type": "LineString", "coordinates": [[135.35276, 34.7498], [135.35025, 34.74971]]}}, {"type": "Feature", "properties": {"l": 6, "c": 1, "t": 209, "x": "軽車両", "h": "7:30-9:00", "a": 0}, "geometry": {"type": "LineString", "coordinates": [[135.3659, 34.74477], [135.36701, 34.74479]]}}, {"type": "Feature", "properties": {"l": 6, "c": 1, "t": 209, "x": "軽車両", "h": "7:00-9:00", "a": 0}, "geometry": {"type": "LineString", "coordinates": [[135.35833, 34.76037], [135.36026, 34.75959]]}}, {"type": "Feature", "properties": {"l": 6, "c": 1, "t": 209, "x": "軽車両", "h": "7:30-8:30", "d": "土曜日、日曜日、休日を除く。", "a": 0}, "geometry": {"type": "LineString", "coordinates": [[135.35892, 34.76234], [135.35543, 34.76239]]}}, {"type": "Feature", "properties": {"l": 6, "c": 1, "t": 209, "x": "軽車両", "h": "7:00-9:00", "a": 0}, "geometry": {"type": "LineString", "coordinates": [[135.32603, 34.75152], [135.32731, 34.7513], [135.32807, 34.7509]]}}, {"type": "Feature", "properties": {"l": 6, "c": 1, "t": 209, "x": "軽車両", "h": "7:00-9:00", "d": "日曜日、休日を除く。", "a": 0}, "geometry": {"type": "LineString", "coordinates": [[135.35214, 34.72762], [135.3499, 34.72905]]}}, {"type": "Feature", "properties": {"l": 6, "c": 1, "t": 209, "x": "軽車両", "h": "7:00-9:00", "a": 0}, "geometry": {"type": "LineString", "coordinates": [[135.35143, 34.72694], [135.35248, 34.72789]]}}, {"type": "Feature", "properties": {"l": 6, "c": 1, "t": 209, "x": "軽車両", "h": "7:30-8:30", "d": "日曜日、休日を除く。", "a": 0}, "geometry": {"type": "LineString", "coordinates": [[135.3348, 34.81775], [135.3357, 34.81757], [135.3366, 34.81706]]}}, {"type": "Feature", "properties": {"l": 6, "c": 1, "t": 209, "x": "軽車両", "h": "7:30-9:00", "a": 0}, "geometry": {"type": "LineString", "coordinates": [[135.36688, 34.77081], [135.36573, 34.76916], [135.36628, 34.7687]]}}, {"type": "Feature", "properties": {"l": 6, "c": 1, "t": 209, "x": "軽車両", "h": "7:00-9:00 / 15:00-17:00", "a": 0}, "geometry": {"type": "LineString", "coordinates": [[135.3429, 34.75215], [135.3435, 34.75144], [135.34461, 34.75115]]}}, {"type": "Feature", "properties": {"l": 6, "c": 1, "t": 209, "x": "軽車両", "h": "7:00-9:00", "a": 0}, "geometry": {"type": "LineString", "coordinates": [[135.32654, 34.73329], [135.32737, 34.73336]]}}, {"type": "Feature", "properties": {"l": 6, "c": 1, "t": 209, "x": "軽車両", "h": "7:30-9:00", "a": 0}, "geometry": {"type": "LineString", "coordinates": [[135.32864, 34.73745], [135.32874, 34.73556]]}}, {"type": "Feature", "properties": {"l": 6, "c": 1, "t": 209, "x": "軽車両", "h": "7:00-9:00", "a": 0}, "geometry": {"type": "LineString", "coordinates": [[135.35593, 34.75836], [135.35707, 34.75833]]}}, {"type": "Feature", "properties": {"l": 6, "c": 1, "t": 209, "x": "軽車両", "h": "7:30-9:00", "d": "日曜日、休日を除く。", "a": 0}, "geometry": {"type": "LineString", "coordinates": [[135.33774, 34.75161], [135.33653, 34.75115], [135.33654, 34.75097]]}}, {"type": "Feature", "properties": {"l": 6, "c": 1, "t": 209, "x": "軽車両", "h": "7:00-8:00", "d": "日曜日、休日を除く。", "a": 0}, "geometry": {"type": "LineString", "coordinates": [[135.2796, 34.80474], [135.27951, 34.805], [135.27743, 34.80624], [135.27689, 34.80735], [135.2766, 34.80734]]}}, {"type": "Feature", "properties": {"l": 6, "c": 1, "t": 209, "x": "軽車両", "h": "7:30-9:00", "a": 0}, "geometry": {"type": "LineString", "coordinates": [[135.34221, 34.75209], [135.34253, 34.75214]]}}, {"type": "Feature", "properties": {"l": 6, "c": 1, "t": 209, "x": "軽車両", "h": "7:30-8:30", "a": 0}, "geometry": {"type": "LineString", "coordinates": [[135.34282, 34.73157], [135.34442, 34.73137]]}}, {"type": "Feature", "properties": {"l": 6, "c": 1, "t": 209, "x": "軽車両", "h": "7:30-8:30", "d": "土曜日、日曜日、休日を除く。", "a": 0}, "geometry": {"type": "LineString", "coordinates": [[135.28455, 34.83358], [135.2857, 34.83343], [135.28707, 34.83265], [135.28745, 34.83212], [135.28799, 34.83172], [135.28994, 34.83158], [135.29086, 34.83137], [135.29138, 34.83107], [135.29188, 34.83105], [135.29207, 34.8312], [135.29256, 34.83234], [135.29356, 34.83207], [135.29454, 34.83217], [135.29559, 34.83165]]}}, {"type": "Feature", "properties": {"l": 6, "c": 1, "t": 209, "x": "軽車両", "h": "7:30-8:30", "a": 0}, "geometry": {"type": "LineString", "coordinates": [[135.35978, 34.75219], [135.35991, 34.75043]]}}, {"type": "Feature", "properties": {"l": 6, "c": 1, "t": 209, "x": "軽車両", "h": "7:30-8:30", "a": 0}, "geometry": {"type": "LineString", "coordinates": [[135.35057, 34.76663], [135.34899, 34.76451]]}}, {"type": "Feature", "properties": {"l": 6, "c": 1, "t": 209, "x": "軽車両", "h": "7:00-8:00", "d": "日曜日、休日を除く。", "a": 0}, "geometry": {"type": "LineString", "coordinates": [[135.28173, 34.80377], [135.28061, 34.80419], [135.28021, 34.8046]]}}, {"type": "Feature", "properties": {"l": 6, "c": 1, "t": 209, "x": "軽車両", "h": "7:30-9:00", "a": 0}, "geometry": {"type": "LineString", "coordinates": [[135.36827, 34.75778], [135.36797, 34.7588], [135.36895, 34.76035]]}}, {"type": "Feature", "properties": {"l": 6, "c": 1, "t": 209, "x": "軽車両", "h": "7:30-8:30", "d": "土曜日、日曜日、休日を除く。", "a": 0}, "geometry": {"type": "LineString", "coordinates": [[135.35096, 34.76642], [135.3521, 34.76919], [135.35228, 34.77014]]}}, {"type": "Feature", "properties": {"l": 6, "c": 1, "t": 209, "x": "軽車両", "h": "7:30-8:30 / 14:00-17:00", "a": 0}, "geometry": {"type": "LineString", "coordinates": [[135.36078, 34.75534], [135.36162, 34.75534]]}}, {"type": "Feature", "properties": {"l": 6, "c": 1, "t": 209, "x": "軽車両", "h": "7:30-8:30 / 14:00-17:00", "a": 0}, "geometry": {"type": "LineString", "coordinates": [[135.36081, 34.75638], [135.36152, 34.75636]]}}, {"type": "Feature", "properties": {"l": 6, "c": 1, "t": 209, "x": "軽車両", "h": "7:30-8:30", "d": "土曜日、日曜日、休日を除く。", "a": 0}, "geometry": {"type": "LineString", "coordinates": [[135.33462, 34.74024], [135.33365, 34.74025]]}}, {"type": "Feature", "properties": {"l": 6, "c": 1, "t": 209, "x": "軽車両", "h": "7:30-9:00", "a": 0}, "geometry": {"type": "LineString", "coordinates": [[135.3743, 34.73707], [135.37123, 34.7371]]}}, {"type": "Feature", "properties": {"l": 6, "c": 1, "t": 209, "x": "軽車両", "h": "7:30-9:00", "d": "日曜日、休日を除く。", "a": 0}, "geometry": {"type": "LineString", "coordinates": [[135.37407, 34.72455], [135.37316, 34.72488]]}}, {"type": "Feature", "properties": {"l": 6, "c": 1, "t": 209, "x": "軽車両", "h": "7:30-8:30", "a": 0}, "geometry": {"type": "LineString", "coordinates": [[135.37663, 34.72522], [135.37959, 34.72513]]}}, {"type": "Feature", "properties": {"l": 6, "c": 1, "t": 209, "x": "軽車両", "h": "7:30-9:00", "a": 0}, "geometry": {"type": "LineString", "coordinates": [[135.38086, 34.72153], [135.38059, 34.71918]]}}, {"type": "Feature", "properties": {"l": 6, "c": 1, "t": 209, "x": "軽車両", "h": "7:30-9:00", "a": 0}, "geometry": {"type": "LineString", "coordinates": [[135.35314, 34.71839], [135.35561, 34.71668]]}}, {"type": "Feature", "properties": {"l": 6, "c": 1, "t": 209, "x": "軽車両", "h": "7:30-9:00", "a": 0}, "geometry": {"type": "LineString", "coordinates": [[135.35561, 34.71668], [135.35426, 34.71573]]}}, {"type": "Feature", "properties": {"l": 6, "c": 1, "t": 209, "x": "軽車両", "h": "7:30-9:00", "a": 0}, "geometry": {"type": "LineString", "coordinates": [[135.37989, 34.72164], [135.37963, 34.71921]]}}, {"type": "Feature", "properties": {"l": 6, "c": 1, "t": 209, "x": "軽車両", "h": "7:30-9:00", "d": "日曜日、休日を除く。", "a": 0}, "geometry": {"type": "LineString", "coordinates": [[135.37408, 34.72452], [135.37363, 34.72308]]}}, {"type": "Feature", "properties": {"l": 6, "c": 1, "t": 209, "x": "軽車両", "h": "7:30-9:00", "d": "日曜日、休日を除く。", "a": 0}, "geometry": {"type": "LineString", "coordinates": [[135.37375, 34.72355], [135.37254, 34.72396]]}}, {"type": "Feature", "properties": {"l": 6, "c": 1, "t": 209, "x": "軽車両", "h": "7:30-9:00", "d": "日曜日、休日を除く。", "a": 0}, "geometry": {"type": "LineString", "coordinates": [[135.37334, 34.72367], [135.37283, 34.72262]]}}, {"type": "Feature", "properties": {"l": 6, "c": 1, "t": 209, "x": "軽車両", "h": "7:30-9:00", "d": "日曜日、休日を除く。", "a": 0}, "geometry": {"type": "LineString", "coordinates": [[135.37392, 34.72406], [135.37303, 34.72436]]}}, {"type": "Feature", "properties": {"l": 6, "c": 1, "t": 209, "x": "軽車両", "h": "7:30-8:30", "d": "禁止道路に進入する右折、左折、直進を禁止する。;土曜日、日曜日、休日を除く。", "a": 0}, "geometry": {"type": "LineString", "coordinates": [[135.36905, 34.73666], [135.36902, 34.73539]]}}, {"type": "Feature", "properties": {"l": 6, "c": 3, "t": 209, "h": "7:30-9:00", "a": 0}, "geometry": {"type": "LineString", "coordinates": [[135.42172, 34.71505], [135.42145, 34.71415]]}}, {"type": "Feature", "properties": {"l": 6, "c": 3, "t": 209, "x": "軽車両", "h": "7:30-8:30", "d": "日曜日、休日を除く。", "a": 0}, "geometry": {"type": "LineString", "coordinates": [[135.40593, 34.7313], [135.40714, 34.73135]]}}, {"type": "Feature", "properties": {"l": 6, "c": 3, "t": 209, "x": "軽車両", "h": "7:30-8:30", "d": "日曜日、休日を除く。", "a": 0}, "geometry": {"type": "LineString", "coordinates": [[135.40716, 34.73216], [135.40738, 34.72914]]}}, {"type": "Feature", "properties": {"l": 6, "c": 3, "t": 209, "x": "軽車両", "h": "7:30-8:30", "d": "禁止道路に進入する右折、左折、直進を禁止する。;土曜、日曜、休日を除く。", "a": 0}, "geometry": {"type": "LineString", "coordinates": [[135.41795, 34.71605], [135.42237, 34.71495]]}}, {"type": "Feature", "properties": {"l": 6, "c": 3, "t": 209, "x": "軽車両", "h": "7:30-9:00", "d": "日曜日、休日を除く。", "a": 0}, "geometry": {"type": "LineString", "coordinates": [[135.42559, 34.71373], [135.42553, 34.71357]]}}, {"type": "Feature", "properties": {"l": 6, "c": 3, "t": 209, "x": "軽車両", "h": "7:30-8:30", "d": "土曜日・日曜日・休日を除く", "a": 0}, "geometry": {"type": "LineString", "coordinates": [[135.41925, 34.71564], [135.41875, 34.71422]]}}, {"type": "Feature", "properties": {"l": 6, "c": 3, "t": 209, "x": "軽車両", "h": "7:30-9:00", "a": 0}, "geometry": {"type": "LineString", "coordinates": [[135.39586, 34.73172], [135.39576, 34.72808]]}}, {"type": "Feature", "properties": {"l": 6, "c": 3, "t": 209, "x": "軽車両", "h": "7:30-9:00", "a": 0}, "geometry": {"type": "LineString", "coordinates": [[135.39765, 34.72865], [135.39726, 34.72865]]}}, {"type": "Feature", "properties": {"l": 6, "c": 3, "t": 209, "x": "軽車両", "h": "7:30-9:00", "a": 0}, "geometry": {"type": "LineString", "coordinates": [[135.39908, 34.72272], [135.39915, 34.72125]]}}, {"type": "Feature", "properties": {"l": 6, "c": 3, "t": 209, "x": "軽車両", "h": "7:30-9:00", "a": 0}, "geometry": {"type": "LineString", "coordinates": [[135.40204, 34.73452], [135.40201, 34.73332]]}}, {"type": "Feature", "properties": {"l": 6, "c": 3, "t": 209, "x": "軽車両", "h": "7:30-9:00", "a": 0}, "geometry": {"type": "LineString", "coordinates": [[135.402, 34.73372], [135.40103, 34.7339]]}}, {"type": "Feature", "properties": {"l": 6, "c": 3, "t": 209, "x": "軽車両", "h": "7:30-9:00", "a": 0}, "geometry": {"type": "LineString", "coordinates": [[135.39969, 34.73363], [135.3995, 34.73292]]}}, {"type": "Feature", "properties": {"l": 6, "c": 3, "t": 209, "x": "軽車両", "h": "7:30-9:00", "a": 0}, "geometry": {"type": "LineString", "coordinates": [[135.40067, 34.73269], [135.40083, 34.73341]]}}, {"type": "Feature", "properties": {"l": 6, "c": 3, "t": 209, "x": "軽車両", "h": "7:30-9:00", "a": 0}, "geometry": {"type": "LineString", "coordinates": [[135.402, 34.7332], [135.40183, 34.73248]]}}, {"type": "Feature", "properties": {"l": 6, "c": 3, "t": 209, "x": "軽車両", "h": "7:30-9:00", "a": 0}, "geometry": {"type": "LineString", "coordinates": [[135.39819, 34.73351], [135.40185, 34.73283]]}}, {"type": "Feature", "properties": {"l": 6, "c": 3, "t": 209, "x": "軽車両", "h": "7:30-9:00", "d": "本規制の効力は、道路標識等の設置（撤去）をもって発生（消滅）するものとする。", "a": 0}, "geometry": {"type": "LineString", "coordinates": [[135.38665, 34.73302], [135.38496, 34.7329]]}}, {"type": "Feature", "properties": {"l": 6, "c": 3, "t": 209, "x": "軽車両", "h": "7:30-9:00", "a": 0}, "geometry": {"type": "LineString", "coordinates": [[135.38746, 34.7282], [135.3862, 34.7281]]}}, {"type": "Feature", "properties": {"l": 6, "c": 3, "t": 209, "x": "軽車両", "h": "7:30-9:00", "a": 0}, "geometry": {"type": "LineString", "coordinates": [[135.39083, 34.72169], [135.3905, 34.72165], [135.38999, 34.72122]]}}, {"type": "Feature", "properties": {"l": 6, "c": 3, "t": 209, "x": "軽車両", "h": "7:30-9:00", "a": 0}, "geometry": {"type": "LineString", "coordinates": [[135.38843, 34.71561], [135.38784, 34.7156]]}}, {"type": "Feature", "properties": {"l": 6, "c": 3, "t": 209, "x": "軽車両", "a": 1}, "geometry": {"type": "LineString", "coordinates": [[135.38839, 34.71504], [135.38862, 34.71657]]}}, {"type": "Feature", "properties": {"l": 6, "c": 3, "t": 209, "x": "軽車両", "h": "7:30-8:30", "a": 0}, "geometry": {"type": "LineString", "coordinates": [[135.40931, 34.7355], [135.40848, 34.73262]]}}, {"type": "Feature", "properties": {"l": 6, "c": 3, "t": 209, "x": "軽車両", "a": 1}, "geometry": {"type": "LineString", "coordinates": [[135.38713, 34.71522], [135.38545, 34.71574]]}}, {"type": "Feature", "properties": {"l": 6, "c": 3, "t": 209, "x": "軽車両", "h": "7:30-9:00", "d": "日曜日、休日を除く。", "a": 0}, "geometry": {"type": "LineString", "coordinates": [[135.39217, 34.736], [135.39078, 34.736]]}}, {"type": "Feature", "properties": {"l": 6, "c": 3, "t": 209, "x": "軽車両", "h": "7:30-8:30", "d": "土曜日、日曜日、休日を除く。", "a": 0}, "geometry": {"type": "LineString", "coordinates": [[135.38417, 34.73773], [135.38473, 34.73402]]}}, {"type": "Feature", "properties": {"l": 6, "c": 3, "t": 209, "x": "軽車両", "h": "7:30-8:30", "d": "土曜日、日曜日、休日を除く", "a": 0}, "geometry": {"type": "LineString", "coordinates": [[135.41134, 34.72374], [135.40949, 34.72356]]}}, {"type": "Feature", "properties": {"l": 6, "c": 3, "t": 209, "x": "軽車両", "h": "8:00-9:00", "a": 0}, "geometry": {"type": "LineString", "coordinates": [[135.39775, 34.73677], [135.39676, 34.73674]]}}, {"type": "Feature", "properties": {"l": 6, "c": 3, "t": 209, "x": "軽車両", "h": "7:30-8:30", "d": "土曜日、日曜日、休日を除く。", "a": 0}, "geometry": {"type": "LineString", "coordinates": [[135.40985, 34.72356], [135.40975, 34.72286]]}}, {"type": "Feature", "properties": {"l": 6, "c": 3, "t": 209, "x": "軽車両", "h": "7:30-8:30", "d": "土曜日、日曜日、休日を除く。", "a": 0}, "geometry": {"type": "LineString", "coordinates": [[135.4102, 34.72358], [135.4101, 34.72276]]}}, {"type": "Feature", "properties": {"l": 6, "c": 3, "t": 209, "x": "軽車両", "h": "7:30-8:30", "d": "土曜日、日曜日、休日を除く。", "a": 0}, "geometry": {"type": "LineString", "coordinates": [[135.41057, 34.72361], [135.41049, 34.72268]]}}, {"type": "Feature", "properties": {"l": 6, "c": 3, "t": 209, "x": "軽車両", "h": "7:30-9:00", "d": "日曜日、休日を除く。", "a": 0}, "geometry": {"type": "LineString", "coordinates": [[135.42562, 34.72627], [135.42797, 34.72608]]}}, {"type": "Feature", "properties": {"l": 6, "c": 3, "t": 209, "x": "軽車両", "h": "8:00-10:00", "a": 0}, "geometry": {"type": "LineString", "coordinates": [[135.43138, 34.72936], [135.43106, 34.7281]]}}, {"type": "Feature", "properties": {"l": 6, "c": 3, "t": 209, "x": "軽車両", "h": "7:30-9:00", "a": 0}, "geometry": {"type": "LineString", "coordinates": [[135.43992, 34.73384], [135.43981, 34.73266]]}}, {"type": "Feature", "properties": {"l": 6, "c": 3, "t": 209, "x": "軽車両", "h": "7:30-9:00", "a": 0}, "geometry": {"type": "LineString", "coordinates": [[135.4421, 34.73464], [135.44189, 34.73379], [135.44126, 34.73378]]}}, {"type": "Feature", "properties": {"l": 6, "c": 3, "t": 209, "x": "軽車両", "h": "7:30-9:00", "a": 0}, "geometry": {"type": "LineString", "coordinates": [[135.43409, 34.7395], [135.43379, 34.73934]]}}, {"type": "Feature", "properties": {"l": 6, "c": 3, "t": 209, "x": "軽車両", "h": "7:30-9:00", "a": 0}, "geometry": {"type": "LineString", "coordinates": [[135.43436, 34.74112], [135.43528, 34.73959], [135.43674, 34.7387]]}}, {"type": "Feature", "properties": {"l": 6, "c": 3, "t": 209, "x": "軽車両", "h": "7:30-9:00", "a": 0}, "geometry": {"type": "LineString", "coordinates": [[135.43811, 34.72341], [135.43902, 34.72335]]}}, {"type": "Feature", "properties": {"l": 6, "c": 3, "t": 209, "x": "軽車両", "h": "7:30-9:00", "a": 0}, "geometry": {"type": "LineString", "coordinates": [[135.43908, 34.72362], [135.43906, 34.72226], [135.43937, 34.72224], [135.43921, 34.72151]]}}, {"type": "Feature", "properties": {"l": 6, "c": 3, "t": 209, "x": "軽車両", "a": 1}, "geometry": {"type": "LineString", "coordinates": [[135.4357, 34.71867], [135.43641, 34.71829]]}}, {"type": "Feature", "properties": {"l": 6, "c": 3, "t": 209, "x": "軽車両", "a": 1}, "geometry": {"type": "LineString", "coordinates": [[135.4306, 34.73607], [135.43064, 34.73628], [135.43168, 34.73626]]}}, {"type": "Feature", "properties": {"l": 6, "c": 3, "t": 209, "x": "軽車両", "a": 1}, "geometry": {"type": "LineString", "coordinates": [[135.42897, 34.74332], [135.43388, 34.74374]]}}, {"type": "Feature", "properties": {"l": 6, "c": 3, "t": 209, "x": "軽車両", "a": 1}, "geometry": {"type": "LineString", "coordinates": [[135.43086, 34.72144], [135.43202, 34.72127]]}}, {"type": "Feature", "properties": {"l": 6, "c": 3, "t": 209, "x": "軽車両", "a": 1}, "geometry": {"type": "LineString", "coordinates": [[135.43083, 34.72104], [135.43194, 34.72093]]}}, {"type": "Feature", "properties": {"l": 6, "c": 3, "t": 209, "x": "軽車両", "h": "7:30-9:00", "a": 0}, "geometry": {"type": "LineString", "coordinates": [[135.43539, 34.73388], [135.43565, 34.7336], [135.43561, 34.73297]]}}, {"type": "Feature", "properties": {"l": 6, "c": 3, "t": 209, "x": "軽車両", "h": "7:30-9:00", "a": 0}, "geometry": {"type": "LineString", "coordinates": [[135.43948, 34.7236], [135.43942, 34.72266], [135.43914, 34.72266]]}}, {"type": "Feature", "properties": {"l": 6, "c": 3, "t": 209, "x": "軽車両", "h": "7:30-9:00", "d": "日曜日、休日を除く。", "a": 0}, "geometry": {"type": "LineString", "coordinates": [[135.42289, 34.72297], [135.42242, 34.72139]]}}, {"type": "Feature", "properties": {"l": 6, "c": 3, "t": 209, "x": "軽車両", "h": "7:30-9:00", "d": "日曜日、休日を除く。", "a": 0}, "geometry": {"type": "LineString", "coordinates": [[135.42267, 34.72216], [135.42308, 34.72209]]}}, {"type": "Feature", "properties": {"l": 6, "c": 3, "t": 209, "x": "軽車両", "h": "7:30-9:00", "d": "日曜日、休日を除く。", "a": 0}, "geometry": {"type": "LineString", "coordinates": [[135.42256, 34.72178], [135.42298, 34.72169]]}}, {"type": "Feature", "properties": {"l": 6, "c": 3, "t": 209, "x": "軽車両", "h": "7:30-9:00", "a": 0}, "geometry": {"type": "LineString", "coordinates": [[135.44952, 34.74522], [135.4463, 34.74473]]}}, {"type": "Feature", "properties": {"l": 6, "c": 3, "t": 209, "x": "軽車両", "h": "7:30-9:00", "a": 0}, "geometry": {"type": "LineString", "coordinates": [[135.44049, 34.73759], [135.44057, 34.73671]]}}, {"type": "Feature", "properties": {"l": 6, "c": 3, "t": 209, "x": "軽車両", "h": "7:30-9:00", "d": "日曜日、休日を除く。", "a": 0}, "geometry": {"type": "LineString", "coordinates": [[135.44005, 34.73928], [135.44115, 34.73929]]}}, {"type": "Feature", "properties": {"l": 6, "c": 3, "t": 209, "x": "軽車両", "h": "7:30-9:00", "d": "日曜日、休日を除く。", "a": 0}, "geometry": {"type": "LineString", "coordinates": [[135.44135, 34.7352], [135.44272, 34.73542]]}}, {"type": "Feature", "properties": {"l": 6, "c": 3, "t": 209, "x": "軽車両", "h": "7:30-9:00", "d": "日曜日、休日を除く。", "a": 0}, "geometry": {"type": "LineString", "coordinates": [[135.44144, 34.73777], [135.44232, 34.73779]]}}, {"type": "Feature", "properties": {"l": 6, "c": 3, "t": 209, "x": "軽車両", "h": "7:30-8:30", "d": "日曜日、休日を除く。", "a": 0}, "geometry": {"type": "LineString", "coordinates": [[135.44593, 34.73632], [135.44579, 34.73544]]}}, {"type": "Feature", "properties": {"l": 6, "c": 3, "t": 209, "x": "軽車両", "h": "7:30-8:30", "d": "日曜日、休日を除く。", "a": 0}, "geometry": {"type": "LineString", "coordinates": [[135.44467, 34.73515], [135.44572, 34.73537]]}}, {"type": "Feature", "properties": {"l": 6, "c": 3, "t": 209, "x": "軽車両", "h": "7:30-20:00", "a": 0}, "geometry": {"type": "LineString", "coordinates": [[135.44795, 34.76159], [135.44776, 34.75269]]}}, {"type": "Feature", "properties": {"l": 6, "c": 3, "t": 209, "x": "軽車両", "a": 1}, "geometry": {"type": "LineString", "coordinates": [[135.44681, 34.75891], [135.44755, 34.75889]]}}, {"type": "Feature", "properties": {"l": 6, "c": 3, "t": 209, "x": "軽車両", "h": "7:30-9:00", "a": 0}, "geometry": {"type": "LineString", "coordinates": [[135.43125, 34.75804], [135.43141, 34.7565], [135.43124, 34.75595]]}}, {"type": "Feature", "properties": {"l": 6, "c": 3, "t": 209, "x": "軽車両", "h": "7:30-9:00", "a": 0}, "geometry": {"type": "LineString", "coordinates": [[135.43109, 34.76049], [135.43224, 34.76053]]}}, {"type": "Feature", "properties": {"l": 6, "c": 3, "t": 209, "x": "軽車両", "a": 1}, "geometry": {"type": "LineString", "coordinates": [[135.44058, 34.74818], [135.44153, 34.74817]]}}, {"type": "Feature", "properties": {"l": 6, "c": 3, "t": 209, "x": "軽車両", "h": "7:30-16:00", "d": "日曜日、休日を除く。", "a": 0}, "geometry": {"type": "LineString", "coordinates": [[135.4378, 34.74546], [135.43775, 34.74476]]}}, {"type": "Feature", "properties": {"l": 6, "c": 3, "t": 209, "x": "軽車両", "a": 1}, "geometry": {"type": "LineString", "coordinates": [[135.43665, 34.74889], [135.43747, 34.7489]]}}, {"type": "Feature", "properties": {"l": 6, "c": 3, "t": 209, "x": "軽車両", "a": 1}, "geometry": {"type": "LineString", "coordinates": [[135.45329, 34.75187], [135.45331, 34.75087]]}}, {"type": "Feature", "properties": {"l": 6, "c": 3, "t": 209, "x": "軽車両", "h": "7:30-9:00", "a": 0}, "geometry": {"type": "LineString", "coordinates": [[135.44324, 34.76463], [135.44282, 34.76459], [135.44217, 34.76476], [135.44105, 34.76559], [135.441, 34.76605]]}}, {"type": "Feature", "properties": {"l": 6, "c": 3, "t": 209, "x": "軽車両", "h": "7:30-9:00", "d": "日曜日、休日を除く。", "a": 0}, "geometry": {"type": "LineString", "coordinates": [[135.42676, 34.76699], [135.42591, 34.767]]}}, {"type": "Feature", "properties": {"l": 6, "c": 3, "t": 209, "x": "軽車両", "h": "7:30-8:30 / 15:00-18:00", "a": 0}, "geometry": {"type": "LineString", "coordinates": [[135.44572, 34.76355], [135.44561, 34.76166]]}}, {"type": "Feature", "properties": {"l": 6, "c": 3, "t": 209, "x": "軽車両", "h": "7:30-9:00", "d": "土曜・日曜・休日を除く", "a": 0}, "geometry": {"type": "LineString", "coordinates": [[135.42389, 34.75143], [135.42388, 34.75058]]}}, {"type": "Feature", "properties": {"l": 6, "c": 3, "t": 209, "x": "軽車両", "h": "7:30-9:00", "d": "日曜日、休日を除く。", "a": 0}, "geometry": {"type": "LineString", "coordinates": [[135.42297, 34.72658], [135.42407, 34.72647]]}}, {"type": "Feature", "properties": {"l": 6, "c": 3, "t": 209, "x": "軽車両", "h": "7:00-9:00", "a": 0}, "geometry": {"type": "LineString", "coordinates": [[135.44267, 34.71896], [135.44288, 34.71853]]}}, {"type": "Feature", "properties": {"l": 6, "c": 3, "t": 209, "x": "軽車両", "h": "7:30-9:00", "a": 0}, "geometry": {"type": "LineString", "coordinates": [[135.43937, 34.72224], [135.43967, 34.72222]]}}, {"type": "Feature", "properties": {"l": 6, "c": 3, "t": 209, "x": "軽車両", "h": "7:30-9:00", "a": 0}, "geometry": {"type": "LineString", "coordinates": [[135.43945, 34.72309], [135.43906, 34.72311]]}}, {"type": "Feature", "properties": {"l": 6, "c": 3, "t": 209, "x": "軽車両", "h": "7:30-8:30", "d": "土曜日、日曜日、休日を除く。", "a": 0}, "geometry": {"type": "LineString", "coordinates": [[135.42698, 34.75013], [135.427, 34.74856]]}}, {"type": "Feature", "properties": {"l": 6, "c": 3, "t": 209, "x": "軽車両", "h": "7:30-9:00", "a": 0}, "geometry": {"type": "LineString", "coordinates": [[135.41192, 34.75879], [135.41407, 34.75856], [135.41474, 34.75753], [135.41476, 34.75515]]}}, {"type": "Feature", "properties": {"l": 6, "c": 3, "t": 209, "x": "軽車両", "h": "7:30-9:00", "d": "日曜日、休日を除く。", "a": 0}, "geometry": {"type": "LineString", "coordinates": [[135.37833, 34.76035], [135.3817, 34.76034]]}}, {"type": "Feature", "properties": {"l": 6, "c": 3, "t": 209, "x": "軽車両", "h": "7:30-9:00", "d": "日曜日、休日を除く。", "a": 0}, "geometry": {"type": "LineString", "coordinates": [[135.38027, 34.76313], [135.38034, 34.76042]]}}, {"type": "Feature", "properties": {"l": 6, "c": 3, "t": 209, "x": "軽車両", "h": "7:30-9:00", "a": 0}, "geometry": {"type": "LineString", "coordinates": [[135.41476, 34.75751], [135.41565, 34.75676], [135.41602, 34.75667]]}}, {"type": "Feature", "properties": {"l": 6, "c": 3, "t": 209, "x": "軽車両", "h": "8:00-9:00", "a": 0}, "geometry": {"type": "LineString", "coordinates": [[135.41107, 34.75833], [135.41162, 34.75828]]}}, {"type": "Feature", "properties": {"l": 6, "c": 3, "t": 209, "x": "軽車両", "h": "7:30-9:00", "d": "日曜日、休日を除く。", "a": 0}, "geometry": {"type": "LineString", "coordinates": [[135.40445, 34.74536], [135.40735, 34.74547]]}}, {"type": "Feature", "properties": {"l": 6, "c": 3, "t": 209, "x": "軽車両", "a": 1}, "geometry": {"type": "LineString", "coordinates": [[135.39045, 34.75123], [135.39242, 34.75154], [135.3927, 34.75171]]}}, {"type": "Feature", "properties": {"l": 6, "c": 3, "t": 209, "x": "軽車両", "h": "7:30-9:00", "d": "土曜日曜休日を除く", "a": 0}, "geometry": {"type": "LineString", "coordinates": [[135.37869, 34.74947], [135.38087, 34.74976]]}}, {"type": "Feature", "properties": {"l": 6, "c": 3, "t": 209, "x": "軽車両", "h": "7:30-9:00", "d": "土曜日曜休日を除く", "a": 0}, "geometry": {"type": "LineString", "coordinates": [[135.37917, 34.75337], [135.37919, 34.75249], [135.37847, 34.75103], [135.37861, 34.74951]]}}, {"type": "Feature", "properties": {"l": 6, "c": 3, "t": 209, "x": "軽車両", "h": "7:30-9:00", "a": 0}, "geometry": {"type": "LineString", "coordinates": [[135.41385, 34.75235], [135.41384, 34.74869]]}}, {"type": "Feature", "properties": {"l": 6, "c": 3, "t": 209, "x": "軽車両", "h": "7:30-16:00", "a": 0}, "geometry": {"type": "LineString", "coordinates": [[135.39507, 34.75087], [135.39509, 34.74923]]}}, {"type": "Feature", "properties": {"l": 6, "c": 3, "t": 209, "x": "軽車両", "h": "8:00-9:00 / 12:00-15:00", "d": "日曜日、休日を除く。", "a": 0}, "geometry": {"type": "LineString", "coordinates": [[135.40093, 34.74294], [135.4023, 34.74282]]}}, {"type": "Feature", "properties": {"l": 6, "c": 3, "t": 209, "x": "軽車両", "a": 1}, "geometry": {"type": "LineString", "coordinates": [[135.41686, 34.75286], [135.41741, 34.75288]]}}, {"type": "Feature", "properties": {"l": 6, "c": 3, "t": 209, "x": "軽車両", "h": "7:30-9:00", "a": 0}, "geometry": {"type": "LineString", "coordinates": [[135.41114, 34.75797], [135.41122, 34.75654]]}}, {"type": "Feature", "properties": {"l": 6, "c": 3, "t": 209, "x": "軽車両", "h": "7:30-8:30", "d": "日曜日、休日を除く。", "a": 0}, "geometry": {"type": "LineString", "coordinates": [[135.40516, 34.75923], [135.40519, 34.7578]]}}, {"type": "Feature", "properties": {"l": 6, "c": 3, "t": 209, "x": "軽車両", "h": "7:30-9:00", "a": 0}, "geometry": {"type": "LineString", "coordinates": [[135.39709, 34.75941], [135.39709, 34.75763]]}}, {"type": "Feature", "properties": {"l": 6, "c": 3, "t": 209, "x": "軽車両", "h": "7:30-9:00", "a": 0}, "geometry": {"type": "LineString", "coordinates": [[135.39549, 34.75824], [135.39584, 34.75824]]}}, {"type": "Feature", "properties": {"l": 6, "c": 3, "t": 209, "x": "軽車両", "h": "7:30-9:00", "a": 0}, "geometry": {"type": "LineString", "coordinates": [[135.39593, 34.75942], [135.39595, 34.75732]]}}, {"type": "Feature", "properties": {"l": 6, "c": 3, "t": 209, "x": "軽車両", "a": 1}, "geometry": {"type": "LineString", "coordinates": [[135.39246, 34.76332], [135.39334, 34.76332]]}}, {"type": "Feature", "properties": {"l": 6, "c": 3, "t": 209, "x": "軽車両", "a": 1}, "geometry": {"type": "LineString", "coordinates": [[135.39287, 34.75994], [135.39287, 34.75941]]}}, {"type": "Feature", "properties": {"l": 6, "c": 3, "t": 209, "x": "軽車両", "h": "7:30-9:00", "a": 0}, "geometry": {"type": "LineString", "coordinates": [[135.39605, 34.75782], [135.39698, 34.75782]]}}, {"type": "Feature", "properties": {"l": 6, "c": 3, "t": 209, "x": "軽車両", "h": "7:30-9:00", "a": 0}, "geometry": {"type": "LineString", "coordinates": [[135.38728, 34.75535], [135.38728, 34.75788]]}}, {"type": "Feature", "properties": {"l": 6, "c": 3, "t": 209, "x": "軽車両", "h": "7:30-9:00", "d": "土曜日曜休日を除く", "a": 0}, "geometry": {"type": "LineString", "coordinates": [[135.37894, 34.74878], [135.38106, 34.74919]]}}, {"type": "Feature", "properties": {"l": 6, "c": 3, "t": 209, "x": "軽車両", "h": "7:30-9:00 / 12:00-16:00", "d": "日曜日、休日を除く。", "a": 0}, "geometry": {"type": "LineString", "coordinates": [[135.38292, 34.75991], [135.38292, 34.76027], [135.38412, 34.76029], [135.38414, 34.7599]]}}, {"type": "Feature", "properties": {"l": 6, "c": 3, "t": 209, "x": "軽車両", "h": "7:30-9:00 / 12:00-16:00", "d": "日曜日、休日を除く。", "a": 0}, "geometry": {"type": "LineString", "coordinates": [[135.38391, 34.76079], [135.38384, 34.76036]]}}, {"type": "Feature", "properties": {"l": 6, "c": 3, "t": 209, "x": "軽車両", "a": 1}, "geometry": {"type": "LineString", "coordinates": [[135.38805, 34.76276], [135.38861, 34.76289]]}}, {"type": "Feature", "properties": {"l": 6, "c": 3, "t": 209, "x": "軽車両", "h": "7:30-17:00", "d": "日曜日、休日を除く。", "a": 0}, "geometry": {"type": "LineString", "coordinates": [[135.38048, 34.75849], [135.38044, 34.7603]]}}, {"type": "Feature", "properties": {"l": 6, "c": 3, "t": 209, "x": "軽車両", "h": "終日", "a": 1}, "geometry": {"type": "LineString", "coordinates": [[135.37949, 34.74934], [135.37943, 34.74955]]}}, {"type": "Feature", "properties": {"l": 6, "c": 3, "t": 209, "x": "軽車両", "h": "7:30-8:30", "d": "土曜・日曜・休日を除く", "a": 0}, "geometry": {"type": "LineString", "coordinates": [[135.39894, 34.74721], [135.40084, 34.74723]]}}, {"type": "Feature", "properties": {"l": 6, "c": 3, "t": 209, "x": "軽車両", "h": "7:30-8:30", "d": "土曜日、日曜日、休日を除く", "a": 0}, "geometry": {"type": "LineString", "coordinates": [[135.37887, 34.77059], [135.37898, 34.77032], [135.37863, 34.76935]]}}, {"type": "Feature", "properties": {"l": 6, "c": 3, "t": 209, "x": "軽車両", "h": "7:30-9:00", "a": 0}, "geometry": {"type": "LineString", "coordinates": [[135.39407, 34.74313], [135.39411, 34.74204]]}}, {"type": "Feature", "properties": {"l": 6, "c": 3, "t": 209, "x": "軽車両", "h": "7:30-8:30", "d": "土曜・日曜・休日を除く", "a": 0}, "geometry": {"type": "LineString", "coordinates": [[135.39881, 34.74619], [135.3965, 34.74612]]}}, {"type": "Feature", "properties": {"l": 6, "c": 3, "t": 209, "x": "軽車両", "h": "7:30-9:00", "a": 0}, "geometry": {"type": "LineString", "coordinates": [[135.40898, 34.74086], [135.40899, 34.74039]]}}, {"type": "Feature", "properties": {"l": 6, "c": 3, "t": 209, "x": "軽車両", "h": "7:30-9:00", "a": 0}, "geometry": {"type": "LineString", "coordinates": [[135.40835, 34.73953], [135.40513, 34.73942]]}}, {"type": "Feature", "properties": {"l": 6, "c": 3, "t": 209, "x": "軽車両", "h": "7:30-9:00", "a": 0}, "geometry": {"type": "LineString", "coordinates": [[135.40978, 34.74026], [135.40977, 34.73908], [135.40949, 34.73906], [135.4095, 34.73867]]}}, {"type": "Feature", "properties": {"l": 6, "c": 3, "t": 209, "x": "軽車両", "h": "7:00-19:00", "a": 0}, "geometry": {"type": "LineString", "coordinates": [[135.41118, 34.7392], [135.41053, 34.7392]]}}, {"type": "Feature", "properties": {"l": 6, "c": 3, "t": 209, "x": "軽車両", "h": "7:30-8:30", "d": "土曜・日曜・休日を除く", "a": 0}, "geometry": {"type": "LineString", "coordinates": [[135.3951, 34.74654], [135.39348, 34.74659]]}}, {"type": "Feature", "properties": {"l": 6, "c": 3, "t": 209, "h": "7:30-9:00", "d": "土曜日、日曜日、休日を除く。", "a": 0}, "geometry": {"type": "LineString", "coordinates": [[135.41037, 34.74644], [135.41176, 34.74666]]}}, {"type": "Feature", "properties": {"l": 6, "c": 3, "t": 209, "x": "軽車両", "h": "7:30-9:00", "d": "土曜日、日曜日、休日を除く。", "a": 0}, "geometry": {"type": "LineString", "coordinates": [[135.41365, 34.74683], [135.41186, 34.74667]]}}, {"type": "Feature", "properties": {"l": 6, "c": 3, "t": 209, "x": "軽車両", "h": "7:30-9:00", "d": "本規制に逆行する右折、左折、直進を禁止する。;日曜日、休日を除く。", "a": 0}, "geometry": {"type": "LineString", "coordinates": [[135.4074, 34.74549], [135.40741, 34.74427]]}}, {"type": "Feature", "properties": {"l": 6, "c": 4, "t": 209, "x": "軽車両", "h": "7:30-9:00", "d": "日曜日、休日を除く。", "a": 0}, "geometry": {"type": "LineString", "coordinates": [[135.41187, 34.78295], [135.41344, 34.78309]]}}, {"type": "Feature", "properties": {"l": 6, "c": 4, "t": 209, "x": "軽車両", "h": "7:30-9:00", "d": "日曜日、休日を除く。", "a": 0}, "geometry": {"type": "LineString", "coordinates": [[135.41719, 34.78373], [135.41624, 34.78378], [135.41419, 34.78318]]}}, {"type": "Feature", "properties": {"l": 6, "c": 4, "t": 209, "x": "軽車両", "h": "7:30-9:00", "d": "日曜日、休日を除く。", "a": 0}, "geometry": {"type": "LineString", "coordinates": [[135.41548, 34.76931], [135.41472, 34.76957], [135.41123, 34.76951]]}}, {"type": "Feature", "properties": {"l": 6, "c": 4, "t": 209, "x": "軽車両", "h": "7:30-9:00", "d": "日曜日、休日を除く。", "a": 0}, "geometry": {"type": "LineString", "coordinates": [[135.41292, 34.77222], [135.41302, 34.76957]]}}, {"type": "Feature", "properties": {"l": 6, "c": 4, "t": 209, "x": "軽車両", "h": "7:30-9:00", "d": "日曜日、休日を除く。", "a": 0}, "geometry": {"type": "LineString", "coordinates": [[135.41135, 34.77575], [135.41146, 34.77488]]}}, {"type": "Feature", "properties": {"l": 6, "c": 4, "t": 209, "x": "軽車両", "h": "7:30-9:00", "d": "禁止道路に進入する右折、左折、直進を禁止する。;日曜日、休日を除く。", "a": 0}, "geometry": {"type": "LineString", "coordinates": [[135.40093, 34.78202], [135.39793, 34.78043]]}}, {"type": "Feature", "properties": {"l": 6, "c": 4, "t": 209, "x": "軽車両", "h": "7:30-9:00", "d": "日曜日、休日を除く。", "a": 0}, "geometry": {"type": "LineString", "coordinates": [[135.41393, 34.79146], [135.41294, 34.79127]]}}, {"type": "Feature", "properties": {"l": 6, "c": 4, "t": 209, "x": "軽車両", "h": "7:30-9:00", "d": "禁止道路に進入する右折、左折、直進を禁止する。;日曜日、休日を除く。", "a": 0}, "geometry": {"type": "LineString", "coordinates": [[135.40472, 34.7927], [135.40323, 34.79141]]}}, {"type": "Feature", "properties": {"l": 6, "c": 4, "t": 209, "x": "軽車両", "h": "7:30-9:00", "d": "禁止道路に進入する右折、左折、直進を禁止する。;日曜日、休日を除く。", "a": 0}, "geometry": {"type": "LineString", "coordinates": [[135.4064, 34.79389], [135.40543, 34.7936]]}}, {"type": "Feature", "properties": {"l": 6, "c": 4, "t": 209, "x": "軽車両", "h": "7:30-9:00", "d": "禁止道路に進入する右折、左折、直進を禁止する。;日曜日、休日を除く。", "a": 0}, "geometry": {"type": "LineString", "coordinates": [[135.40516, 34.79383], [135.40617, 34.79247]]}}, {"type": "Feature", "properties": {"l": 6, "c": 4, "t": 209, "x": "軽車両", "h": "7:30-9:00", "d": "日曜日、休日を除く。", "a": 0}, "geometry": {"type": "LineString", "coordinates": [[135.38249, 34.79127], [135.38384, 34.78955]]}}, {"type": "Feature", "properties": {"l": 6, "c": 4, "t": 209, "x": "軽車両", "h": "7:30-9:00", "d": "日曜日、休日を除く。", "a": 0}, "geometry": {"type": "LineString", "coordinates": [[135.38381, 34.78948], [135.38143, 34.7891]]}}, {"type": "Feature", "properties": {"l": 6, "c": 4, "t": 209, "x": "軽車両", "h": "7:30-9:00", "d": "禁止道路に進入する右折、左折、直進を禁止する。;日曜日、休日を除く。", "a": 0}, "geometry": {"type": "LineString", "coordinates": [[135.38503, 34.80794], [135.3863, 34.80564]]}}, {"type": "Feature", "properties": {"l": 6, "c": 4, "t": 209, "x": "軽車両", "h": "7:30-9:00", "d": "禁止道路に進入する右折、左折、直進を禁止する。;日曜日、休日を除く。", "a": 0}, "geometry": {"type": "LineString", "coordinates": [[135.39708, 34.78237], [135.39761, 34.78187], [135.39863, 34.78213]]}}, {"type": "Feature", "properties": {"l": 6, "c": 4, "t": 209, "x": "軽車両", "h": "7:30-9:00", "d": "禁止道路に進入する右折、左折、直進を禁止する。;日曜日、休日を除く。", "a": 0}, "geometry": {"type": "LineString", "coordinates": [[135.39924, 34.78103], [135.39796, 34.78305]]}}, {"type": "Feature", "properties": {"l": 6, "c": 4, "t": 209, "x": "軽車両", "h": "7:30-9:00", "d": "禁止道路に進入する右折、左折、直進を禁止する。;日曜日、休日を除く。", "a": 0}, "geometry": {"type": "LineString", "coordinates": [[135.40126, 34.76644], [135.40006, 34.76646], [135.39882, 34.76624], [135.39865, 34.76681]]}}, {"type": "Feature", "properties": {"l": 6, "c": 4, "t": 209, "x": "軽車両", "h": "7:30-9:00", "d": "土曜日、日曜日、休日を除く。", "a": 0}, "geometry": {"type": "LineString", "coordinates": [[135.38824, 34.78225], [135.38828, 34.78189], [135.38745, 34.78029], [135.38694, 34.77876]]}}, {"type": "Feature", "properties": {"l": 6, "c": 4, "t": 209, "x": "軽車両", "h": "7:30-9:00", "d": "禁止道路に進入する右折、左折、直進を禁止する。;日曜日、休日を除く。", "a": 0}, "geometry": {"type": "LineString", "coordinates": [[135.42074, 34.77528], [135.42004, 34.77509]]}}, {"type": "Feature", "properties": {"l": 6, "c": 4, "t": 209, "x": "軽車両", "h": "7:30-9:00", "d": "禁止道路に進入する右折、左折、直進を禁止する。;日曜日、休日を除く。", "a": 0}, "geometry": {"type": "LineString", "coordinates": [[135.42164, 34.77641], [135.42101, 34.77651], [135.42067, 34.7759], [135.42074, 34.77528], [135.4214, 34.77397], [135.42185, 34.77395]]}}, {"type": "Feature", "properties": {"l": 6, "c": 4, "t": 209, "x": "軽車両", "h": "7:30-9:00", "d": "日曜日、休日を除く。", "a": 0}, "geometry": {"type": "LineString", "coordinates": [[135.40821, 34.781], [135.40951, 34.77351], [135.40981, 34.76667], [135.40963, 34.76615], [135.40931, 34.76582]]}}, {"type": "Feature", "properties": {"l": 6, "c": 4, "t": 209, "x": "軽車両", "h": "7:30-9:00", "d": "日曜日、休日を除く。", "a": 0}, "geometry": {"type": "LineString", "coordinates": [[135.41578, 34.76219], [135.41574, 34.76627]]}}, {"type": "Feature", "properties": {"l": 6, "c": 4, "t": 209, "x": "軽車両", "h": "7:30-9:00", "d": "日曜日、休日を除く。", "a": 0}, "geometry": {"type": "LineString", "coordinates": [[135.41873, 34.78661], [135.41774, 34.78628]]}}, {"type": "Feature", "properties": {"l": 6, "c": 4, "t": 209, "x": "軽車両", "h": "7:30-9:00", "d": "禁止道路に進入する右折、左折、直進を禁止する。;日曜日、休日を除く。", "a": 0}, "geometry": {"type": "LineString", "coordinates": [[135.41162, 34.79312], [135.41206, 34.79164], [135.41286, 34.79129]]}}, {"type": "Feature", "properties": {"l": 6, "c": 4, "t": 209, "x": "軽車両", "h": "7:30-9:00", "d": "禁止道路に進入する右折、左折、直進を禁止する。;日曜日、休日を除く。", "a": 0}, "geometry": {"type": "LineString", "coordinates": [[135.38995, 34.77187], [135.39022, 34.77224], [135.38955, 34.77296]]}}, {"type": "Feature", "properties": {"l": 6, "c": 4, "t": 209, "x": "軽車両", "h": "7:30-9:00", "d": "日曜日、休日を除く。", "a": 0}, "geometry": {"type": "LineString", "coordinates": [[135.41174, 34.76945], [135.41184, 34.76745], [135.41211, 34.76614]]}}, {"type": "Feature", "properties": {"l": 6, "c": 4, "t": 209, "x": "軽車両", "h": "7:30-9:00", "d": "禁止道路に進入する右折、左折、直進を禁止する。;日曜日、休日を除く。", "a": 0}, "geometry": {"type": "LineString", "coordinates": [[135.39616, 34.77611], [135.39652, 34.77558], [135.39702, 34.77566], [135.39733, 34.7746], [135.39575, 34.77431]]}}, {"type": "Feature", "properties": {"l": 6, "c": 4, "t": 209, "x": "軽車両", "h": "7:30-9:00", "d": "禁止道路に進入する右折、左折、直進を禁止する。;日曜日、休日を除く。", "a": 0}, "geometry": {"type": "LineString", "coordinates": [[135.39898, 34.78384], [135.40035, 34.78266], [135.40091, 34.78311]]}}, {"type": "Feature", "properties": {"l": 6, "c": 4, "t": 209, "x": "軽車両", "h": "7:30-9:00", "d": "日曜日、休日を除く。", "a": 0}, "geometry": {"type": "LineString", "coordinates": [[135.39486, 34.80547], [135.3962, 34.80363], [135.39701, 34.80197], [135.3975, 34.80131]]}}, {"type": "Feature", "properties": {"l": 6, "c": 4, "t": 209, "x": "軽車両", "h": "7:30-9:00", "d": "日曜日、休日を除く。", "a": 0}, "geometry": {"type": "LineString", "coordinates": [[135.39246, 34.80286], [135.39582, 34.8039]]}}, {"type": "Feature", "properties": {"l": 6, "c": 4, "t": 209, "x": "軽車両", "h": "7:30-9:00", "d": "日曜日、休日を除く。", "a": 0}, "geometry": {"type": "LineString", "coordinates": [[135.41385, 34.76563], [135.41433, 34.76481], [135.41468, 34.76469]]}}, {"type": "Feature", "properties": {"l": 6, "c": 4, "t": 209, "x": "軽車両", "h": "7:30-9:00", "d": "日曜日、休日を除く。", "a": 0}, "geometry": {"type": "LineString", "coordinates": [[135.41365, 34.76619], [135.41445, 34.76528], [135.41449, 34.76477]]}}, {"type": "Feature", "properties": {"l": 6, "c": 4, "t": 209, "x": "軽車両", "h": "7:30-9:00", "d": "日曜日、休日を除く。", "a": 0}, "geometry": {"type": "LineString", "coordinates": [[135.4139, 34.76567], [135.41413, 34.76571]]}}, {"type": "Feature", "properties": {"l": 6, "c": 4, "t": 209, "x": "軽車両", "h": "7:30-9:00", "d": "禁止道路に進入する右折、左折、直進を禁止する。;日曜日、休日を除く。", "a": 0}, "geometry": {"type": "LineString", "coordinates": [[135.39023, 34.7731], [135.39069, 34.77234], [135.39167, 34.77157]]}}, {"type": "Feature", "properties": {"l": 6, "c": 4, "t": 209, "x": "軽車両", "h": "7:30-9:00", "d": "禁止道路に進入する右折、左折、直進を禁止する。;日曜日、休日を除く。", "a": 0}, "geometry": {"type": "LineString", "coordinates": [[135.37764, 34.78136], [135.37875, 34.78177], [135.37975, 34.78138]]}}, {"type": "Feature", "properties": {"l": 6, "c": 4, "t": 209, "x": "軽車両", "h": "7:30-9:00", "d": "禁止道路に進入する右折、左折、直進を禁止する。;日曜日、休日を除く。", "a": 0}, "geometry": {"type": "LineString", "coordinates": [[135.39822, 34.76673], [135.39725, 34.76649], [135.3961, 34.7671], [135.39608, 34.76727]]}}, {"type": "Feature", "properties": {"l": 6, "c": 6, "t": 209, "x": "軽車両", "h": "7:30-9:00", "d": "禁止道路に進入する右折、左折、直進を禁止する。;日曜日、休日を除く。", "a": 0}, "geometry": {"type": "LineString", "coordinates": [[135.41089, 34.80171], [135.41039, 34.8003], [135.40986, 34.80014], [135.40989, 34.79895]]}}, {"type": "Feature", "properties": {"l": 6, "c": 4, "t": 209, "x": "軽車両", "h": "7:30-9:00", "d": "禁止道路に進入する右折、左折、直進を禁止する。;日曜日、休日を除く。", "a": 0}, "geometry": {"type": "LineString", "coordinates": [[135.39408, 34.80423], [135.39252, 34.80406]]}}, {"type": "Feature", "properties": {"l": 6, "c": 4, "t": 209, "x": "軽車両", "h": "7:30-9:00", "d": "禁止道路に進入する右折、左折、直進を禁止する。;日曜日、休日を除く。", "a": 0}, "geometry": {"type": "LineString", "coordinates": [[135.392, 34.79904], [135.39323, 34.79941], [135.39379, 34.79863], [135.39412, 34.79877]]}}, {"type": "Feature", "properties": {"l": 6, "c": 4, "t": 209, "x": "軽車両", "h": "7:30-9:00", "d": "禁止道路に進入する右折、左折、直進を禁止する。;日曜日、休日を除く。", "a": 0}, "geometry": {"type": "LineString", "coordinates": [[135.39195, 34.79908], [135.39124, 34.80064]]}}, {"type": "Feature", "properties": {"l": 6, "c": 4, "t": 209, "x": "軽車両", "h": "7:30-8:30", "d": "禁止道路に進入する右折、左折、直進を禁止する。;日曜日、休日を除く。", "a": 0}, "geometry": {"type": "LineString", "coordinates": [[135.38486, 34.79583], [135.38545, 34.79513]]}}, {"type": "Feature", "properties": {"l": 6, "c": 4, "t": 209, "x": "軽車両", "h": "7:30-8:30", "d": "禁止道路に進入する右折、左折、直進を禁止する。;日曜日、休日を除く。", "a": 0}, "geometry": {"type": "LineString", "coordinates": [[135.38551, 34.79516], [135.38729, 34.79572]]}}, {"type": "Feature", "properties": {"l": 6, "c": 4, "t": 209, "x": "軽車両", "h": "7:30-8:30", "d": "禁止道路に進入する右折、左折、直進を禁止する。;日曜日、休日を除く。", "a": 0}, "geometry": {"type": "LineString", "coordinates": [[135.38589, 34.79526], [135.38693, 34.79416]]}}, {"type": "Feature", "properties": {"l": 6, "c": 4, "t": 209, "x": "軽車両", "h": "7:30-8:30", "d": "禁止道路に進入する右折、左折、直進を禁止する。;日曜日、休日を除く。", "a": 0}, "geometry": {"type": "LineString", "coordinates": [[135.38351, 34.79557], [135.38384, 34.79562], [135.38446, 34.7953]]}}, {"type": "Feature", "properties": {"l": 6, "c": 4, "t": 209, "x": "軽車両", "h": "7:30-8:30", "d": "本規制に逆行する右折、左折、直進を禁止する。;日曜日、休日を除く。", "a": 0}, "geometry": {"type": "LineString", "coordinates": [[135.38505, 34.79559], [135.38394, 34.79502]]}}, {"type": "Feature", "properties": {"l": 6, "c": 4, "t": 209, "x": "軽車両", "h": "7:30-9:00", "d": "禁止道路に進入する右折、左折、直進を禁止する。;日曜日、休日を除く。", "a": 0}, "geometry": {"type": "LineString", "coordinates": [[135.37839, 34.78303], [135.37841, 34.78241], [135.37873, 34.7818]]}}, {"type": "Feature", "properties": {"l": 6, "c": 4, "t": 209, "x": "軽車両", "h": "終日", "a": 1}, "geometry": {"type": "LineString", "coordinates": [[135.42047, 34.79448], [135.42084, 34.79199]]}}, {"type": "Feature", "properties": {"l": 6, "c": 4, "t": 209, "x": "軽車両", "h": "終日", "d": "禁止道路に進入する右折、左折、直進を禁止する。", "a": 1}, "geometry": {"type": "LineString", "coordinates": [[135.38922, 34.80517], [135.38661, 34.80926]]}}, {"type": "Feature", "properties": {"l": 6, "c": 4, "t": 209, "x": "軽車両", "h": "7:30-9:00", "d": "土曜日、日曜日、休日を除く。", "a": 0}, "geometry": {"type": "LineString", "coordinates": [[135.3847, 34.77948], [135.38603, 34.77917], [135.38917, 34.77762]]}}, {"type": "Feature", "properties": {"l": 6, "c": 4, "t": 209, "x": "軽車両", "h": "7:30-9:00", "d": "土曜日、日曜日、休日を除く。", "a": 0}, "geometry": {"type": "LineString", "coordinates": [[135.38548, 34.77932], [135.38921, 34.77756], [135.38996, 34.77687]]}}, {"type": "Feature", "properties": {"l": 6, "c": 4, "t": 209, "x": "軽車両", "h": "7:30-9:00", "d": "日曜日、休日を除く。", "a": 0}, "geometry": {"type": "LineString", "coordinates": [[135.40857, 34.77291], [135.40948, 34.77282]]}}, {"type": "Feature", "properties": {"l": 6, "c": 4, "t": 209, "x": "軽車両", "h": "7:30-9:00", "d": "日曜日、休日を除く。", "a": 0}, "geometry": {"type": "LineString", "coordinates": [[135.40758, 34.7742], [135.40928, 34.77416]]}}, {"type": "Feature", "properties": {"l": 6, "c": 4, "t": 209, "x": "軽車両", "h": "7:30-9:00", "d": "日曜日、休日を除く。", "a": 0}, "geometry": {"type": "LineString", "coordinates": [[135.41418, 34.78314], [135.41459, 34.78207]]}}, {"type": "Feature", "properties": {"l": 6, "c": 4, "t": 209, "x": "軽車両", "h": "7:30-9:00", "d": "禁止道路に進入する右折、左折、直進を禁止する。;日曜日、休日を除く。", "a": 0}, "geometry": {"type": "LineString", "coordinates": [[135.41141, 34.77221], [135.41115, 34.77175]]}}, {"type": "Feature", "properties": {"l": 6, "c": 4, "t": 209, "x": "軽車両", "h": "7:30-9:00", "d": "禁止道路に進入する右折、左折、直進を禁止する。;日曜日、休日を除く。", "a": 0}, "geometry": {"type": "LineString", "coordinates": [[135.40431, 34.79307], [135.40512, 34.7938]]}}, {"type": "Feature", "properties": {"l": 6, "c": 4, "t": 209, "x": "軽車両", "h": "7:30-9:00", "d": "日曜日、休日を除く。", "a": 0}, "geometry": {"type": "LineString", "coordinates": [[135.4112, 34.78969], [135.41081, 34.78911], [135.40962, 34.78829]]}}, {"type": "Feature", "properties": {"l": 6, "c": 6, "t": 209, "x": "軽車両", "h": "7:30-8:30", "d": "土曜日、日曜日、休日を除く。", "a": 0}, "geometry": {"type": "LineString", "coordinates": [[135.41029, 34.80722], [135.40992, 34.8074], [135.40947, 34.80726], [135.40883, 34.80637]]}}, {"type": "Feature", "properties": {"l": 6, "c": 6, "t": 209, "x": "軽車両", "h": "7:00-9:00", "a": 0}, "geometry": {"type": "LineString", "coordinates": [[135.42243, 34.84028], [135.42171, 34.84029], [135.42175, 34.83982], [135.42211, 34.83933], [135.42207, 34.83868], [135.42288, 34.83861], [135.42261, 34.8369], [135.42282, 34.83657], [135.42263, 34.83654], [135.42252, 34.83586]]}}, {"type": "Feature", "properties": {"l": 6, "c": 6, "t": 209, "x": "軽車両", "h": "7:30-8:30", "a": 0}, "geometry": {"type": "LineString", "coordinates": [[135.40304, 34.8249], [135.4021, 34.82468], [135.40221, 34.82428], [135.40291, 34.82337], [135.40333, 34.822], [135.40346, 34.82149], [135.40286, 34.82136], [135.40312, 34.82055], [135.4031, 34.81945], [135.40366, 34.81921], [135.40379, 34.81864]]}}, {"type": "Feature", "properties": {"l": 6, "c": 6, "t": 209, "x": "軽車両", "h": "7:30-8:30", "a": 0}, "geometry": {"type": "LineString", "coordinates": [[135.40008, 34.86411], [135.40062, 34.86232], [135.40097, 34.8596], [135.4021, 34.85951], [135.40596, 34.86111], [135.40779, 34.86145], [135.41139, 34.86145], [135.41352, 34.86093], [135.41563, 34.86087]]}}, {"type": "Feature", "properties": {"l": 6, "c": 6, "t": 209, "x": "軽車両", "h": "7:30-8:30", "a": 0}, "geometry": {"type": "LineString", "coordinates": [[135.40967, 34.89467], [135.40952, 34.89178]]}}, {"type": "Feature", "properties": {"l": 6, "c": 6, "t": 209, "x": "軽車両", "h": "7:00-9:00", "a": 0}, "geometry": {"type": "LineString", "coordinates": [[135.42072, 34.83583], [135.42221, 34.8357], [135.4225, 34.8358], [135.42372, 34.8356]]}}, {"type": "Feature", "properties": {"l": 6, "c": 6, "t": 209, "x": "自転車", "h": "7:30-8:30", "d": "日曜日、休日を除く。", "a": 0}, "geometry": {"type": "LineString", "coordinates": [[135.41714, 34.85963], [135.41963, 34.85986]]}}, {"type": "Feature", "properties": {"l": 6, "c": 6, "t": 209, "x": "軽車両", "h": "7:30-8:30", "a": 0}, "geometry": {"type": "LineString", "coordinates": [[135.41464, 34.83259], [135.41657, 34.83236]]}}, {"type": "Feature", "properties": {"l": 6, "c": 6, "t": 209, "x": "軽車両", "h": "7:00-9:00", "a": 0}, "geometry": {"type": "LineString", "coordinates": [[135.41976, 34.83446], [135.41985, 34.83434]]}}, {"type": "Feature", "properties": {"l": 6, "c": 6, "t": 209, "x": "軽車両", "a": 1}, "geometry": {"type": "LineString", "coordinates": [[135.41642, 34.84001], [135.4168, 34.8402], [135.41727, 34.8401], [135.41828, 34.84025]]}}, {"type": "Feature", "properties": {"l": 6, "c": 6, "t": 209, "x": "軽車両", "h": "7:30-8:30", "d": "日曜日、休日を除く。", "a": 0}, "geometry": {"type": "LineString", "coordinates": [[135.4136, 34.8422], [135.41448, 34.84121], [135.41473, 34.8406]]}}, {"type": "Feature", "properties": {"l": 6, "c": 6, "t": 209, "x": "軽車両", "h": "7:00-9:00", "a": 0}, "geometry": {"type": "LineString", "coordinates": [[135.41246, 34.82573], [135.41232, 34.82494], [135.41104, 34.82326], [135.41118, 34.8205], [135.4108, 34.82073], [135.41072, 34.82119], [135.41104, 34.82327]]}}, {"type": "Feature", "properties": {"l": 6, "c": 6, "t": 209, "x": "軽車両", "h": "7:30-8:30", "a": 0}, "geometry": {"type": "LineString", "coordinates": [[135.41335, 34.8333], [135.4137, 34.83314], [135.41441, 34.83326]]}}, {"type": "Feature", "properties": {"l": 6, "c": 6, "t": 209, "x": "軽車両", "h": "7:30-8:30", "a": 0}, "geometry": {"type": "LineString", "coordinates": [[135.40288, 34.82427], [135.40516, 34.82488]]}}, {"type": "Feature", "properties": {"l": 6, "c": 2, "t": 209, "x": "軽車両", "h": "7:30-8:30", "d": "日曜日、休日を除く。", "a": 0}, "geometry": {"type": "LineString", "coordinates": [[135.41152, 34.84189], [135.41184, 34.84161], [135.41228, 34.84158], [135.41275, 34.84131], [135.41294, 34.84106], [135.41474, 34.84055]]}}, {"type": "Feature", "properties": {"l": 6, "c": 6, "t": 209, "x": "軽車両", "h": "7:30-8:30", "a": 0}, "geometry": {"type": "LineString", "coordinates": [[135.40303, 34.85979], [135.4035, 34.85889]]}}, {"type": "Feature", "properties": {"l": 6, "c": 6, "t": 209, "x": "軽車両", "h": "7:30-8:30", "a": 0}, "geometry": {"type": "LineString", "coordinates": [[135.4178, 34.80554], [135.41653, 34.80555], [135.41591, 34.80521], [135.41551, 34.80549], [135.41482, 34.80567]]}}, {"type": "Feature", "properties": {"l": 6, "c": 6, "t": 209, "x": "軽車両", "h": "7:30-8:30", "a": 0}, "geometry": {"type": "LineString", "coordinates": [[135.42002, 34.8319], [135.42021, 34.83125]]}}, {"type": "Feature", "properties": {"l": 6, "c": 6, "t": 209, "x": "軽車両", "h": "7:30-8:30", "a": 0}, "geometry": {"type": "LineString", "coordinates": [[135.42017, 34.83122], [135.41913, 34.83132]]}}, {"type": "Feature", "properties": {"l": 6, "c": 6, "t": 209, "x": "軽車両", "h": "7:30-9:00", "d": "緑台幼稚園園児４０名が通行する。新田自治会長から要望あり。", "a": 0}, "geometry": {"type": "LineString", "coordinates": [[135.40831, 34.86527], [135.40914, 34.86526], [135.40932, 34.8651], [135.40851, 34.86402]]}}, {"type": "Feature", "properties": {"l": 6, "c": 6, "t": 209, "x": "軽車両", "h": "7:30-8:30", "a": 0}, "geometry": {"type": "LineString", "coordinates": [[135.42101, 34.84252], [135.42092, 34.84223], [135.42036, 34.84166], [135.42017, 34.84105]]}}, {"type": "Feature", "properties": {"l": 6, "c": 6, "t": 209, "x": "軽車両", "h": "7:30-8:30", "d": "日曜日、休日を除く。", "a": 0}, "geometry": {"type": "LineString", "coordinates": [[135.41606, 34.84407], [135.41612, 34.84352]]}}, {"type": "Feature", "properties": {"l": 6, "c": 6, "t": 209, "x": "軽車両", "h": "7:00-8:30", "d": "日曜日、休日を除く。", "a": 0}, "geometry": {"type": "LineString", "coordinates": [[135.41188, 34.83582], [135.41253, 34.8354], [135.41305, 34.83551]]}}, {"type": "Feature", "properties": {"l": 6, "c": 6, "t": 209, "x": "軽車両", "h": "7:30-8:30", "d": "日曜日、休日を除く。", "a": 0}, "geometry": {"type": "LineString", "coordinates": [[135.41211, 34.81142], [135.41232, 34.81267], [135.41205, 34.81291], [135.41187, 34.81393]]}}, {"type": "Feature", "properties": {"l": 6, "c": 6, "t": 209, "x": "軽車両", "h": "7:30-9:00", "d": "日曜日、休日を除く。", "a": 0}, "geometry": {"type": "LineString", "coordinates": [[135.41183, 34.83689], [135.41243, 34.83647]]}}, {"type": "Feature", "properties": {"l": 6, "c": 6, "t": 209, "x": "軽車両", "h": "7:30-9:00", "d": "日曜日、休日を除く。", "a": 0}, "geometry": {"type": "LineString", "coordinates": [[135.41182, 34.83594], [135.41243, 34.83642]]}}, {"type": "Feature", "properties": {"l": 6, "c": 6, "t": 209, "x": "軽車両", "h": "6:30-8:30 / 16:30-18:30", "a": 0}, "geometry": {"type": "LineString", "coordinates": [[135.41233, 34.83418], [135.41197, 34.8347], [135.41235, 34.83497]]}}, {"type": "Feature", "properties": {"l": 6, "c": 6, "t": 209, "x": "軽車両", "h": "7:00-9:00", "a": 0}, "geometry": {"type": "LineString", "coordinates": [[135.41313, 34.82512], [135.41244, 34.8255]]}}, {"type": "Feature", "properties": {"l": 6, "c": 6, "t": 209, "x": "軽車両", "h": "7:30-9:00", "d": "日曜日、休日を除く。", "a": 0}, "geometry": {"type": "LineString", "coordinates": [[135.41561, 34.82615], [135.41604, 34.8235]]}}, {"type": "Feature", "properties": {"l": 6, "c": 6, "t": 209, "x": "軽車両", "h": "7:30-8:30", "d": "土曜日、日曜日、休日を除く。", "a": 0}, "geometry": {"type": "LineString", "coordinates": [[135.40924, 34.80403], [135.40693, 34.80415]]}}, {"type": "Feature", "properties": {"l": 6, "c": 6, "t": 209, "x": "軽車両", "h": "7:30-8:30", "d": "土曜日、日曜日、休日を除く。", "a": 0}, "geometry": {"type": "LineString", "coordinates": [[135.40878, 34.80631], [135.40896, 34.80504], [135.40866, 34.80502], [135.40865, 34.8049], [135.40891, 34.80436], [135.40924, 34.80438], [135.40926, 34.80407]]}}, {"type": "Feature", "properties": {"l": 6, "c": 6, "t": 209, "x": "軽車両", "h": "7:30-8:30", "d": "土曜日、日曜日、休日を除く。", "a": 0}, "geometry": {"type": "LineString", "coordinates": [[135.39106, 34.86964], [135.392, 34.86879]]}}, {"type": "Feature", "properties": {"l": 6, "c": 2, "t": 209, "x": "軽車両", "h": "7:30-8:30", "d": "日曜日、休日を除く。", "a": 0}, "geometry": {"type": "LineString", "coordinates": [[135.34884, 34.79857], [135.34562, 34.799]]}}, {"type": "Feature", "properties": {"l": 6, "c": 2, "t": 209, "x": "軽車両", "h": "7:30-8:30", "d": "日曜日、休日を除く。", "a": 0}, "geometry": {"type": "LineString", "coordinates": [[135.34031, 34.79252], [135.34079, 34.79178], [135.34113, 34.7919]]}}, {"type": "Feature", "properties": {"l": 6, "c": 2, "t": 209, "x": "軽車両", "h": "7:30-8:30", "d": "日曜日、休日を除く。", "a": 0}, "geometry": {"type": "LineString", "coordinates": [[135.34238, 34.79077], [135.3412, 34.79138], [135.34118, 34.79192], [135.34141, 34.79217], [135.34099, 34.79286]]}}, {"type": "Feature", "properties": {"l": 6, "c": 2, "t": 209, "x": "軽車両", "h": "7:30-8:30", "d": "日曜日、休日を除く。", "a": 0}, "geometry": {"type": "LineString", "coordinates": [[135.35848, 34.8129], [135.35813, 34.81403], [135.35821, 34.81434], [135.35806, 34.81446], [135.3599, 34.81571], [135.36074, 34.81656]]}}, {"type": "Feature", "properties": {"l": 6, "c": 2, "t": 209, "x": "軽車両", "h": "7:30-8:30", "d": "日曜日、休日を除く。", "a": 0}, "geometry": {"type": "LineString", "coordinates": [[135.35689, 34.81341], [135.35735, 34.81357], [135.35799, 34.81441]]}}, {"type": "Feature", "properties": {"l": 6, "c": 2, "t": 209, "x": "軽車両", "h": "7:30-8:30", "d": "日曜日、休日を除く。", "a": 0}, "geometry": {"type": "LineString", "coordinates": [[135.35243, 34.81271], [135.35179, 34.81287], [135.34981, 34.81239], [135.34882, 34.81249], [135.34459, 34.81192], [135.34334, 34.81195], [135.34201, 34.81238], [135.33971, 34.81438], [135.3386, 34.81509]]}}, {"type": "Feature", "properties": {"l": 6, "c": 2, "t": 209, "x": "軽車両", "h": "7:30-8:30", "a": 0}, "geometry": {"type": "LineString", "coordinates": [[135.36118, 34.79173], [135.36117, 34.78796]]}}, {"type": "Feature", "properties": {"l": 6, "c": 2, "t": 209, "x": "軽車両", "h": "7:30-9:00", "d": "日曜日、休日を除く。", "a": 0}, "geometry": {"type": "LineString", "coordinates": [[135.35417, 34.79003], [135.35629, 34.78949], [135.3565, 34.78888]]}}, {"type": "Feature", "properties": {"l": 6, "c": 2, "t": 209, "x": "軽車両", "h": "7:30-9:00", "a": 0}, "geometry": {"type": "LineString", "coordinates": [[135.36298, 34.80516], [135.36321, 34.80594], [135.3635, 34.80601], [135.36402, 34.80583]]}}, {"type": "Feature", "properties": {"l": 6, "c": 2, "t": 209, "x": "軽車両", "h": "7:30-9:00", "a": 0}, "geometry": {"type": "LineString", "coordinates": [[135.36515, 34.80731], [135.36537, 34.80686], [135.36494, 34.80674]]}}, {"type": "Feature", "properties": {"l": 6, "c": 2, "t": 209, "x": "軽車両", "h": "7:30-9:00", "a": 0}, "geometry": {"type": "LineString", "coordinates": [[135.36455, 34.80747], [135.36503, 34.80645], [135.36403, 34.80625]]}}, {"type": "Feature", "properties": {"l": 6, "c": 2, "t": 209, "x": "軽車両", "h": "7:30-9:00", "d": "日曜日、休日を除く。", "a": 0}, "geometry": {"type": "LineString", "coordinates": [[135.38915, 34.82239], [135.38736, 34.82172]]}}, {"type": "Feature", "properties": {"l": 6, "c": 2, "t": 209, "x": "軽車両", "h": "7:30-8:30", "d": "日曜日、休日を除く。", "a": 0}, "geometry": {"type": "LineString", "coordinates": [[135.37699, 34.82152], [135.37673, 34.82175], [135.37651, 34.82174], [135.37375, 34.82099], [135.37258, 34.82089], [135.37028, 34.82039]]}}, {"type": "Feature", "properties": {"l": 6, "c": 2, "t": 209, "x": "軽車両", "h": "7:30-9:00", "d": "日曜日、休日を除く。", "a": 0}, "geometry": {"type": "LineString", "coordinates": [[135.35169, 34.81122], [135.35072, 34.81121], [135.35058, 34.81106], [135.35007, 34.81112], [135.35006, 34.81125], [135.34828, 34.81127]]}}, {"type": "Feature", "properties": {"l": 6, "c": 2, "t": 209, "x": "軽車両", "h": "7:30-9:00", "d": "日曜日、休日を除く。", "a": 0}, "geometry": {"type": "LineString", "coordinates": [[135.37403, 34.80333], [135.37253, 34.80337]]}}, {"type": "Feature", "properties": {"l": 6, "c": 2, "t": 209, "x": "軽車両", "h": "7:30-9:00", "d": "日曜日、休日を除く。", "a": 0}, "geometry": {"type": "LineString", "coordinates": [[135.39204, 34.82296], [135.39061, 34.82299], [135.38978, 34.82257]]}}, {"type": "Feature", "properties": {"l": 6, "c": 2, "t": 209, "x": "軽車両", "h": "7:00-9:00", "a": 0}, "geometry": {"type": "LineString", "coordinates": [[135.35268, 34.78884], [135.35279, 34.78793], [135.35258, 34.78731], [135.35231, 34.78711], [135.35181, 34.78704]]}}, {"type": "Feature", "properties": {"l": 6, "c": 2, "t": 209, "x": "軽車両", "h": "7:30-8:30", "a": 0}, "geometry": {"type": "LineString", "coordinates": [[135.35849, 34.77481], [135.36064, 34.77533], [135.36232, 34.77595], [135.36235, 34.77615]]}}, {"type": "Feature", "properties": {"l": 6, "c": 2, "t": 209, "x": "軽車両", "h": "7:30-8:30", "d": "日曜日、休日を除く。", "a": 0}, "geometry": {"type": "LineString", "coordinates": [[135.39716, 34.82009], [135.39736, 34.81983], [135.39707, 34.81951], [135.39703, 34.81903], [135.39811, 34.81783]]}}, {"type": "Feature", "properties": {"l": 6, "c": 2, "t": 209, "x": "軽車両", "h": "7:00-8:30", "d": "日曜日、休日を除く。", "a": 0}, "geometry": {"type": "LineString", "coordinates": [[135.36821, 34.82012], [135.36878, 34.82025], [135.36888, 34.81963], [135.36963, 34.81999], [135.36987, 34.82027]]}}, {"type": "Feature", "properties": {"l": 6, "c": 2, "t": 209, "x": "軽車両", "h": "7:00-8:30", "d": "日曜日、休日を除く。", "a": 0}, "geometry": {"type": "LineString", "coordinates": [[135.36881, 34.82027], [135.36957, 34.82051], [135.36984, 34.82033]]}}, {"type": "Feature", "properties": {"l": 6, "c": 2, "t": 209, "x": "軽車両", "h": "7:30-9:00", "d": "日曜日、休日を除く。", "a": 0}, "geometry": {"type": "LineString", "coordinates": [[135.36739, 34.79314], [135.36659, 34.79287]]}}, {"type": "Feature", "properties": {"l": 6, "c": 2, "t": 209, "x": "軽車両", "h": "7:30-8:30", "d": "日曜日、休日を除く。", "a": 0}, "geometry": {"type": "LineString", "coordinates": [[135.41003, 34.83559], [135.41076, 34.83493], [135.41087, 34.83443]]}}, {"type": "Feature", "properties": {"l": 6, "c": 2, "t": 209, "x": "軽車両", "h": "7:30-8:30", "a": 0}, "geometry": {"type": "LineString", "coordinates": [[135.34351, 34.8037], [135.34329, 34.80302]]}}, {"type": "Feature", "properties": {"l": 6, "c": 2, "t": 209, "x": "軽車両", "h": "7:30-8:30", "a": 0}, "geometry": {"type": "LineString", "coordinates": [[135.34662, 34.80185], [135.34494, 34.80195], [135.34327, 34.80276]]}}, {"type": "Feature", "properties": {"l": 6, "c": 2, "t": 209, "x": "軽車両", "h": "7:30-9:00", "d": "日曜日、休日を除く。", "a": 0}, "geometry": {"type": "LineString", "coordinates": [[135.35607, 34.80111], [135.35559, 34.80093], [135.35554, 34.8007]]}}, {"type": "Feature", "properties": {"l": 6, "c": 2, "t": 209, "x": "軽車両", "h": "7:30-8:30", "a": 0}, "geometry": {"type": "LineString", "coordinates": [[135.35716, 34.80205], [135.35503, 34.80298], [135.35418, 34.80287], [135.35314, 34.80218]]}}, {"type": "Feature", "properties": {"l": 6, "c": 2, "t": 209, "x": "軽車両", "h": "7:30-8:30", "a": 0}, "geometry": {"type": "LineString", "coordinates": [[135.35718, 34.80197], [135.35667, 34.80134], [135.35655, 34.80091]]}}, {"type": "Feature", "properties": {"l": 6, "c": 2, "t": 209, "x": "軽車両", "h": "7:30-8:30", "d": "日曜日、休日を除く。", "a": 0}, "geometry": {"type": "LineString", "coordinates": [[135.33144, 34.79194], [135.33129, 34.79053], [135.33169, 34.78985], [135.33077, 34.78957]]}}, {"type": "Feature", "properties": {"l": 6, "c": 2, "t": 209, "x": "軽車両", "h": "7:30-8:30", "d": "日曜日、休日を除く。", "a": 0}, "geometry": {"type": "LineString", "coordinates": [[135.35832, 34.7919], [135.35782, 34.79059]]}}, {"type": "Feature", "properties": {"l": 6, "c": 2, "t": 209, "x": "軽車両", "h": "7:30-9:00", "d": "土曜日、日曜日、休日を除く。", "a": 0}, "geometry": {"type": "LineString", "coordinates": [[135.37502, 34.80138], [135.37709, 34.79851]]}}, {"type": "Feature", "properties": {"l": 6, "c": 2, "t": 209, "x": "軽車両", "h": "7:30-9:00", "a": 0}, "geometry": {"type": "LineString", "coordinates": [[135.35846, 34.79382], [135.35859, 34.79192]]}}, {"type": "Feature", "properties": {"l": 6, "c": 2, "t": 209, "x": "軽車両", "h": "7:30-8:30", "d": "日曜日、休日を除く。", "a": 0}, "geometry": {"type": "LineString", "coordinates": [[135.41081, 34.83442], [135.41045, 34.83423]]}}, {"type": "Feature", "properties": {"l": 6, "c": 2, "t": 209, "x": "軽車両", "h": "7:30-9:00", "d": "日曜日、休日を除く。", "a": 0}, "geometry": {"type": "LineString", "coordinates": [[135.37818, 34.8202], [135.377, 34.81993]]}}, {"type": "Feature", "properties": {"l": 6, "c": 2, "t": 209, "x": "軽車両", "h": "7:30-8:30", "d": "日曜日、休日を除く。", "a": 0}, "geometry": {"type": "LineString", "coordinates": [[135.36637, 34.80509], [135.3641, 34.8058]]}}, {"type": "Feature", "properties": {"l": 6, "c": 2, "t": 209, "x": "軽車両", "h": "7:30-9:00", "d": "日曜日、休日を除く。", "a": 0}, "geometry": {"type": "LineString", "coordinates": [[135.3782, 34.79885], [135.37848, 34.79852]]}}, {"type": "Feature", "properties": {"l": 6, "c": 2, "t": 209, "x": "軽車両", "h": "7:00-8:30", "d": "日曜日、休日を除く。", "a": 0}, "geometry": {"type": "LineString", "coordinates": [[135.36972, 34.82097], [135.36883, 34.82245], [135.36907, 34.82283]]}}, {"type": "Feature", "properties": {"l": 6, "c": 2, "t": 209, "x": "軽車両", "h": "7:00-8:30", "d": "日曜日、休日を除く。", "a": 0}, "geometry": {"type": "LineString", "coordinates": [[135.36957, 34.8221], [135.3693, 34.82191]]}}, {"type": "Feature", "properties": {"l": 6, "c": 2, "t": 209, "x": "軽車両", "h": "7:30-8:30", "d": "日曜日、休日を除く。", "a": 0}, "geometry": {"type": "LineString", "coordinates": [[135.34213, 34.79043], [135.34129, 34.78929]]}}, {"type": "Feature", "properties": {"l": 6, "c": 2, "t": 209, "x": "軽車両", "h": "7:30-8:30", "d": "日曜日、休日を除く。", "a": 0}, "geometry": {"type": "LineString", "coordinates": [[135.41063, 34.84162], [135.41144, 34.84142], [135.41178, 34.84153]]}}, {"type": "Feature", "properties": {"l": 6, "c": 2, "t": 209, "x": "軽車両", "h": "7:30-8:30", "d": "日曜日、休日を除く。", "a": 0}, "geometry": {"type": "LineString", "coordinates": [[135.34797, 34.79872], [135.3473, 34.79965], [135.34817, 34.80008], [135.34748, 34.80093]]}}, {"type": "Feature", "properties": {"l": 6, "c": 2, "t": 209, "x": "軽車両", "h": "7:00-8:30", "d": "日曜日、休日を除く。", "a": 0}, "geometry": {"type": "LineString", "coordinates": [[135.29746, 34.91137], [135.29637, 34.9114], [135.29517, 34.91219], [135.29463, 34.91314]]}}, {"type": "Feature", "properties": {"l": 6, "c": 2, "t": 209, "x": "軽車両", "h": "終日", "a": 1}, "geometry": {"type": "LineString", "coordinates": [[135.35923, 34.80105], [135.35731, 34.80199]]}}, {"type": "Feature", "properties": {"l": 6, "c": 2, "t": 209, "x": "軽車両", "h": "7:30-9:00", "d": "土曜日、日曜日、休日を除く。", "a": 0}, "geometry": {"type": "LineString", "coordinates": [[135.37529, 34.80157], [135.37459, 34.80127], [135.37254, 34.80098]]}}, {"type": "Feature", "properties": {"l": 6, "c": 2, "t": 209, "x": "軽車両", "h": "7:30-9:00", "d": "土曜日、日曜日、休日を除く。", "a": 0}, "geometry": {"type": "LineString", "coordinates": [[135.3763, 34.80028], [135.37595, 34.8001]]}}, {"type": "Feature", "properties": {"l": 6, "c": 2, "t": 209, "x": "軽車両", "h": "7:00-8:30", "d": "土曜、日曜、休日を除く。", "a": 0}, "geometry": {"type": "LineString", "coordinates": [[135.2921, 34.91201], [135.29243, 34.91174], [135.29285, 34.91172], [135.29398, 34.91122], [135.29438, 34.9107], [135.29535, 34.91012], [135.29608, 34.91024], [135.29884, 34.90994], [135.29946, 34.91013]]}}, {"type": "Feature", "properties": {"l": 6, "c": 2, "t": 209, "x": "軽車両", "h": "7:30-8:30", "d": "土曜日、日曜日、休日を除く。", "a": 0}, "geometry": {"type": "LineString", "coordinates": [[135.3816, 34.81841], [135.38163, 34.8174], [135.38204, 34.8163]]}}, {"type": "Feature", "properties": {"l": 6, "c": 0, "t": 210, "x": "軽車両", "h": "9:00-22:00", "a": 0}, "geometry": {"type": "LineString", "coordinates": [[135.27306, 34.72208], [135.2739, 34.72036]]}}, {"type": "Feature", "properties": {"l": 6, "c": 0, "t": 210, "x": "軽車両", "h": "7:30-9:00", "d": "日曜日、休日を除く。", "a": 0}, "geometry": {"type": "LineString", "coordinates": [[135.25224, 34.71489], [135.25322, 34.71511]]}}, {"type": "Feature", "properties": {"l": 6, "c": 0, "t": 210, "x": "軽車両", "h": "日曜・休日　9:00-19:00", "d": "日曜日、休日に限る。", "a": 0}, "geometry": {"type": "LineString", "coordinates": [[135.27316, 34.71783], [135.2739, 34.71631]]}}, {"type": "Feature", "properties": {"l": 6, "c": 0, "t": 210, "x": "軽車両", "h": "日曜・休日　9:00-19:00", "d": "日曜日、休日に限る。", "a": 0}, "geometry": {"type": "LineString", "coordinates": [[135.27429, 34.71818], [135.27462, 34.71729]]}}, {"type": "Feature", "properties": {"l": 6, "c": 0, "t": 210, "x": "軽車両", "h": "7:00-19:00", "a": 0}, "geometry": {"type": "LineString", "coordinates": [[135.25645, 34.71371], [135.25555, 34.71339]]}}, {"type": "Feature", "properties": {"l": 6, "c": 0, "t": 210, "h": "8:00-17:00", "a": 0}, "geometry": {"type": "LineString", "coordinates": [[135.26997, 34.73039], [135.27044, 34.72938]]}}, {"type": "Feature", "properties": {"l": 6, "c": 0, "t": 210, "x": "軽車両", "h": "7:00-19:00", "a": 0}, "geometry": {"type": "LineString", "coordinates": [[135.27751, 34.7279], [135.27821, 34.72785]]}}, {"type": "Feature", "properties": {"l": 6, "c": 0, "t": 210, "x": "軽車両", "h": "11:00-18:00", "a": 0}, "geometry": {"type": "LineString", "coordinates": [[135.27469, 34.72725], [135.27575, 34.7275]]}}, {"type": "Feature", "properties": {"l": 6, "c": 0, "t": 210, "h": "8:30-9:30", "a": 0}, "geometry": {"type": "LineString", "coordinates": [[135.24327, 34.72497], [135.24311, 34.72374]]}}, {"type": "Feature", "properties": {"l": 6, "c": 0, "t": 210, "x": "軽車両", "h": "終日", "a": 1}, "geometry": {"type": "LineString", "coordinates": [[135.25254, 34.72437], [135.25256, 34.72451], [135.25333, 34.72471]]}}, {"type": "Feature", "properties": {"l": 6, "c": 0, "t": 210, "x": "軽車両", "h": "終日", "a": 1}, "geometry": {"type": "LineString", "coordinates": [[135.27476, 34.72679], [135.27499, 34.72631]]}}, {"type": "Feature", "properties": {"l": 6, "c": 0, "t": 210, "x": "軽車両", "h": "終日", "a": 1}, "geometry": {"type": "LineString", "coordinates": [[135.27617, 34.72377], [135.27513, 34.72599]]}}, {"type": "Feature", "properties": {"l": 6, "c": 0, "t": 210, "h": "終日", "a": 1}, "geometry": {"type": "LineString", "coordinates": [[135.2751, 34.72606], [135.27501, 34.72627]]}}, {"type": "Feature", "properties": {"l": 6, "c": 0, "t": 210, "x": "軽車両", "h": "終日", "a": 1}, "geometry": {"type": "LineString", "coordinates": [[135.24951, 34.71575], [135.24905, 34.71745], [135.24882, 34.71754], [135.24836, 34.71888]]}}, {"type": "Feature", "properties": {"l": 6, "c": 0, "t": 210, "x": "軽車両", "h": "終日", "a": 1}, "geometry": {"type": "LineString", "coordinates": [[135.24907, 34.71745], [135.24957, 34.71758]]}}, {"type": "Feature", "properties": {"l": 6, "c": 0, "t": 210, "x": "軽車両", "h": "終日", "a": 1}, "geometry": {"type": "LineString", "coordinates": [[135.24944, 34.71615], [135.25013, 34.71632]]}}, {"type": "Feature", "properties": {"l": 6, "c": 0, "t": 210, "x": "軽車両", "h": "終日", "a": 1}, "geometry": {"type": "LineString", "coordinates": [[135.25665, 34.71483], [135.25727, 34.7146]]}}, {"type": "Feature", "properties": {"l": 6, "c": 0, "t": 210, "h": "終日", "a": 1}, "geometry": {"type": "LineString", "coordinates": [[135.25915, 34.71208], [135.25946, 34.71142]]}}, {"type": "Feature", "properties": {"l": 6, "c": 0, "t": 210, "x": "軽車両", "h": "終日", "d": "土曜日、日曜日、休日を除く。", "a": 1}, "geometry": {"type": "LineString", "coordinates": [[135.25078, 34.71519], [135.25176, 34.71545]]}}, {"type": "Feature", "properties": {"l": 6, "c": 0, "t": 210, "h": "終日", "a": 1}, "geometry": {"type": "LineString", "coordinates": [[135.27683, 34.72799], [135.27717, 34.72806]]}}, {"type": "Feature", "properties": {"l": 6, "c": 0, "t": 210, "x": "軽車両", "h": "終日", "a": 1}, "geometry": {"type": "LineString", "coordinates": [[135.29651, 34.72193], [135.29686, 34.72205]]}}, {"type": "Feature", "properties": {"l": 6, "c": 0, "t": 210, "x": "軽車両", "h": "終日", "a": 1}, "geometry": {"type": "LineString", "coordinates": [[135.26167, 34.71644], [135.26208, 34.71552]]}}, {"type": "Feature", "properties": {"l": 6, "c": 0, "t": 210, "x": "軽車両", "h": "終日", "a": 1}, "geometry": {"type": "LineString", "coordinates": [[135.27633, 34.721], [135.27653, 34.72014]]}}, {"type": "Feature", "properties": {"l": 6, "c": 0, "t": 210, "h": "終日", "a": 1}, "geometry": {"type": "LineString", "coordinates": [[135.27771, 34.71712], [135.27823, 34.7163]]}}, {"type": "Feature", "properties": {"l": 6, "c": 0, "t": 210, "x": "軽車両", "h": "7:30-9:00", "d": "日曜日、休日を除く。", "a": 0}, "geometry": {"type": "LineString", "coordinates": [[135.27195, 34.72462], [135.27215, 34.72419]]}}, {"type": "Feature", "properties": {"l": 6, "c": 0, "t": 210, "x": "軽車両", "h": "終日", "a": 1}, "geometry": {"type": "LineString", "coordinates": [[135.2531, 34.71892], [135.25358, 34.71905]]}}, {"type": "Feature", "properties": {"l": 6, "c": 0, "t": 210, "x": "軽車両", "h": "終日", "a": 1}, "geometry": {"type": "LineString", "coordinates": [[135.25422, 34.72691], [135.25533, 34.72716]]}}, {"type": "Feature", "properties": {"l": 6, "c": 0, "t": 210, "x": "軽車両", "h": "終日", "a": 1}, "geometry": {"type": "LineString", "coordinates": [[135.25505, 34.72277], [135.25524, 34.72245], [135.2555, 34.72245], [135.25562, 34.72216]]}}, {"type": "Feature", "properties": {"l": 6, "c": 0, "t": 210, "x": "軽車両", "h": "終日", "a": 1}, "geometry": {"type": "LineString", "coordinates": [[135.25747, 34.71453], [135.25803, 34.71433]]}}, {"type": "Feature", "properties": {"l": 6, "c": 0, "t": 210, "x": "自転車", "h": "7:30-22:00", "a": 0}, "geometry": {"type": "LineString", "coordinates": [[135.23725, 34.71679], [135.23766, 34.71573]]}}, {"type": "Feature", "properties": {"l": 6, "c": 0, "t": 210, "x": "自転車", "h": "10:00-22:00", "a": 0}, "geometry": {"type": "LineString", "coordinates": [[135.22571, 34.71373], [135.22737, 34.71449]]}}, {"type": "Feature", "properties": {"l": 6, "c": 0, "t": 210, "h": "12:00-22:00", "a": 0}, "geometry": {"type": "LineString", "coordinates": [[135.22458, 34.71318], [135.2241, 34.71419]]}}, {"type": "Feature", "properties": {"l": 6, "c": 0, "t": 210, "h": "7:00-9:00", "a": 0}, "geometry": {"type": "LineString", "coordinates": [[135.2221, 34.71059], [135.2232, 34.71098]]}}, {"type": "Feature", "properties": {"l": 6, "c": 0, "t": 210, "x": "自転車", "h": "終日", "a": 1}, "geometry": {"type": "LineString", "coordinates": [[135.2229, 34.70859], [135.22346, 34.70744]]}}, {"type": "Feature", "properties": {"l": 6, "c": 0, "t": 210, "a": 1}, "geometry": {"type": "LineString", "coordinates": [[135.23367, 34.70617], [135.2338, 34.70583]]}}, {"type": "Feature", "properties": {"l": 6, "c": 0, "t": 210, "a": 1}, "geometry": {"type": "LineString", "coordinates": [[135.23226, 34.70687], [135.23198, 34.70676]]}}, {"type": "Feature", "properties": {"l": 6, "c": 0, "t": 210, "a": 1}, "geometry": {"type": "LineString", "coordinates": [[135.2323, 34.70578], [135.2324, 34.70549]]}}, {"type": "Feature", "properties": {"l": 6, "c": 0, "t": 210, "h": "8:00-17:00", "a": 0}, "geometry": {"type": "LineString", "coordinates": [[135.23859, 34.72339], [135.23878, 34.72296]]}}, {"type": "Feature", "properties": {"l": 6, "c": 0, "t": 210, "x": "軽車両", "h": "8:00-16:00", "a": 0}, "geometry": {"type": "LineString", "coordinates": [[135.23143, 34.71493], [135.23168, 34.71447]]}}, {"type": "Feature", "properties": {"l": 6, "c": 0, "t": 210, "h": "10:00-22:00", "a": 0}, "geometry": {"type": "LineString", "coordinates": [[135.22567, 34.7137], [135.21981, 34.71083]]}}, {"type": "Feature", "properties": {"l": 6, "c": 0, "t": 210, "x": "軽車両", "h": "7:30-17:00", "a": 0}, "geometry": {"type": "LineString", "coordinates": [[135.21109, 34.70698], [135.21295, 34.70741]]}}, {"type": "Feature", "properties": {"l": 6, "c": 0, "t": 210, "x": "軽車両", "h": "7:00-17:00", "a": 0}, "geometry": {"type": "LineString", "coordinates": [[135.19972, 34.70529], [135.19885, 34.70724]]}}, {"type": "Feature", "properties": {"l": 6, "c": 0, "t": 210, "x": "軽車両", "a": 1}, "geometry": {"type": "LineString", "coordinates": [[135.20791, 34.70992], [135.20893, 34.71015]]}}, {"type": "Feature", "properties": {"l": 6, "c": 0, "t": 210, "x": "軽車両", "a": 1}, "geometry": {"type": "LineString", "coordinates": [[135.20602, 34.70938], [135.20675, 34.70958]]}}, {"type": "Feature", "properties": {"l": 6, "c": 0, "t": 210, "x": "軽車両", "h": "7:00-19:00", "a": 0}, "geometry": {"type": "LineString", "coordinates": [[135.21431, 34.70391], [135.21539, 34.70434]]}}, {"type": "Feature", "properties": {"l": 6, "c": 0, "t": 210, "x": "軽車両", "h": "終日", "a": 1}, "geometry": {"type": "LineString", "coordinates": [[135.19598, 34.69524], [135.19754, 34.69588]]}}, {"type": "Feature", "properties": {"l": 6, "c": 0, "t": 210, "x": "軽車両", "h": "終日", "a": 1}, "geometry": {"type": "LineString", "coordinates": [[135.19587, 34.70334], [135.19624, 34.7032], [135.19635, 34.70278]]}}, {"type": "Feature", "properties": {"l": 6, "c": 0, "t": 210, "x": "軽車両", "h": "終日", "a": 1}, "geometry": {"type": "LineString", "coordinates": [[135.20372, 34.69837], [135.20422, 34.69755]]}}, {"type": "Feature", "properties": {"l": 6, "c": 0, "t": 210, "x": "軽車両", "h": "終日", "a": 1}, "geometry": {"type": "LineString", "coordinates": [[135.20901, 34.7099], [135.20795, 34.70965]]}}, {"type": "Feature", "properties": {"l": 6, "c": 0, "t": 210, "x": "軽車両", "h": "終日", "a": 1}, "geometry": {"type": "LineString", "coordinates": [[135.2007, 34.69979], [135.20091, 34.69958]]}}, {"type": "Feature", "properties": {"l": 6, "c": 0, "t": 210, "x": "軽車両", "h": "終日", "a": 1}, "geometry": {"type": "LineString", "coordinates": [[135.20337, 34.6974], [135.20253, 34.69705]]}}, {"type": "Feature", "properties": {"l": 6, "c": 0, "t": 210, "x": "軽車両", "h": "終日", "a": 1}, "geometry": {"type": "LineString", "coordinates": [[135.20396, 34.69653], [135.20504, 34.69694]]}}, {"type": "Feature", "properties": {"l": 6, "c": 0, "t": 210, "x": "軽車両", "h": "8:00-24:00", "a": 0}, "geometry": {"type": "LineString", "coordinates": [[135.20723, 34.70446], [135.20952, 34.7051]]}}, {"type": "Feature", "properties": {"l": 6, "c": 0, "t": 210, "x": "軽車両", "h": "8:00-21:00", "a": 0}, "geometry": {"type": "LineString", "coordinates": [[135.20713, 34.70444], [135.20616, 34.70414]]}}, {"type": "Feature", "properties": {"l": 6, "c": 0, "t": 210, "x": "軽車両", "h": "終日", "d": "禁止道路に進入する右折、左折、直進を禁止する。", "a": 1}, "geometry": {"type": "LineString", "coordinates": [[135.20293, 34.70077], [135.20415, 34.69864], [135.202, 34.70263]]}}, {"type": "Feature", "properties": {"l": 6, "c": 0, "t": 210, "x": "軽車両", "h": "終日", "d": "禁止道路に進入する右折、左折、直進を禁止する。", "a": 1}, "geometry": {"type": "LineString", "coordinates": [[135.19583, 34.69696], [135.19535, 34.69775]]}}, {"type": "Feature", "properties": {"l": 6, "c": 0, "t": 210, "x": "軽車両", "h": "終日", "d": "禁止道路に進入する右折、左折、直進を禁止する。", "a": 1}, "geometry": {"type": "LineString", "coordinates": [[135.20867, 34.69982], [135.20643, 34.70361]]}}, {"type": "Feature", "properties": {"l": 6, "c": 0, "t": 210, "h": "終日", "a": 1}, "geometry": {"type": "LineString", "coordinates": [[135.19325, 34.69368], [135.19373, 34.69335]]}}, {"type": "Feature", "properties": {"l": 6, "c": 0, "t": 210, "h": "終日", "a": 1}, "geometry": {"type": "LineString", "coordinates": [[135.19338, 34.69296], [135.19407, 34.69359]]}}, {"type": "Feature", "properties": {"l": 6, "c": 0, "t": 210, "h": "7:00-9:00 / 17:00-19:00", "a": 0}, "geometry": {"type": "LineString", "coordinates": [[135.19483, 34.69122], [135.19491, 34.69092]]}}, {"type": "Feature", "properties": {"l": 6, "c": 0, "t": 210, "x": "軽車両", "h": "20:00-4:00", "a": 0}, "geometry": {"type": "LineString", "coordinates": [[135.19213, 34.6951], [135.19243, 34.69406]]}}, {"type": "Feature", "properties": {"l": 6, "c": 0, "t": 210, "x": "軽車両", "h": "20:00-4:00", "a": 0}, "geometry": {"type": "LineString", "coordinates": [[135.19195, 34.69544], [135.19131, 34.69527]]}}, {"type": "Feature", "properties": {"l": 6, "c": 0, "t": 210, "x": "軽車両", "h": "20:00-4:00", "d": "禁止道路に進入する右折、左折、直進を禁止する。", "a": 0}, "geometry": {"type": "LineString", "coordinates": [[135.19172, 34.69535], [135.19198, 34.69434], [135.1919, 34.69378]]}}, {"type": "Feature", "properties": {"l": 6, "c": 0, "t": 210, "h": "終日", "d": "禁止道路に進入する右折、左折、直進を禁止する。", "a": 1}, "geometry": {"type": "LineString", "coordinates": [[135.19359, 34.69267], [135.19394, 34.69203]]}}, {"type": "Feature", "properties": {"l": 6, "c": 0, "t": 210, "h": "終日", "d": "禁止道路に進入する右折、左折、直進を禁止する。", "a": 1}, "geometry": {"type": "LineString", "coordinates": [[135.19309, 34.69157], [135.19341, 34.69094]]}}, {"type": "Feature", "properties": {"l": 6, "c": 0, "t": 210, "h": "13:00-19:00 / 15:00-19:00", "d": "日曜・休日の１３：００～１９：００　土曜日の１５：００～１９：００　禁止道路に進入する右折、左折、直", "a": 0}, "geometry": {"type": "LineString", "coordinates": [[135.19201, 34.69089], [135.19215, 34.69049]]}}, {"type": "Feature", "properties": {"l": 6, "c": 0, "t": 210, "h": "終日", "d": "禁止道路に進入する右折、左折、直進を禁止する。", "a": 1}, "geometry": {"type": "LineString", "coordinates": [[135.19031, 34.69043], [135.18928, 34.68975]]}}, {"type": "Feature", "properties": {"l": 6, "c": 0, "t": 210, "h": "終日", "a": 1}, "geometry": {"type": "LineString", "coordinates": [[135.19053, 34.69007], [135.18947, 34.68953]]}}, {"type": "Feature", "properties": {"l": 6, "c": 0, "t": 210, "h": "終日", "a": 1}, "geometry": {"type": "LineString", "coordinates": [[135.19065, 34.68984], [135.18956, 34.6894]]}}, {"type": "Feature", "properties": {"l": 6, "c": 0, "t": 210, "h": "終日", "d": "禁止道路に進入する右折、左折、直進を禁止する。", "a": 1}, "geometry": {"type": "LineString", "coordinates": [[135.18974, 34.69001], [135.19016, 34.68947]]}}, {"type": "Feature", "properties": {"l": 6, "c": 0, "t": 210, "h": "終日", "d": "禁止道路に進入する右折、左折、直進を禁止する。", "a": 1}, "geometry": {"type": "LineString", "coordinates": [[135.18947, 34.68888], [135.18647, 34.68822], [135.18213, 34.68585], [135.1802, 34.68403], [135.17982, 34.68318]]}}, {"type": "Feature", "properties": {"l": 6, "c": 0, "t": 210, "h": "終日", "d": "禁止道路に進入する右折、左折、直進を禁止する。", "a": 1}, "geometry": {"type": "LineString", "coordinates": [[135.18875, 34.68982], [135.18912, 34.68886]]}}, {"type": "Feature", "properties": {"l": 6, "c": 0, "t": 210, "h": "終日", "d": "禁止道路に進入する右折、左折、直進を禁止する。", "a": 1}, "geometry": {"type": "LineString", "coordinates": [[135.18129, 34.69536], [135.18161, 34.69522], [135.18227, 34.69442]]}}, {"type": "Feature", "properties": {"l": 6, "c": 0, "t": 210, "x": "軽車両", "h": "終日", "d": "禁止道路に進入する右折、左折、直進を禁止する。", "a": 1}, "geometry": {"type": "LineString", "coordinates": [[135.18054, 34.67475], [135.17951, 34.67507]]}}, {"type": "Feature", "properties": {"l": 6, "c": 0, "t": 210, "x": "軽車両", "h": "20:00-4:00", "d": "禁止道路に進入する右折、左折、直進を禁止する。", "a": 0}, "geometry": {"type": "LineString", "coordinates": [[135.19298, 34.6955], [135.19296, 34.69496]]}}, {"type": "Feature", "properties": {"l": 6, "c": 0, "t": 210, "x": "軽車両", "h": "20:00-4:00", "d": "禁止道路に進入する右折、左折、直進を禁止する。", "a": 0}, "geometry": {"type": "LineString", "coordinates": [[135.19333, 34.6955], [135.19331, 34.69492]]}}, {"type": "Feature", "properties": {"l": 6, "c": 0, "t": 210, "x": "軽車両", "h": "20:00-4:00", "d": "禁止道路に進入する右折、左折、直進を禁止する。", "a": 0}, "geometry": {"type": "LineString", "coordinates": [[135.19368, 34.69488], [135.193, 34.69489]]}}, {"type": "Feature", "properties": {"l": 6, "c": 0, "t": 210, "x": "軽車両", "h": "終日", "a": 1}, "geometry": {"type": "LineString", "coordinates": [[135.19247, 34.69393], [135.19268, 34.69326]]}}, {"type": "Feature", "properties": {"l": 6, "c": 0, "t": 210, "h": "終日", "a": 1}, "geometry": {"type": "LineString", "coordinates": [[135.19173, 34.69167], [135.19196, 34.69097]]}}, {"type": "Feature", "properties": {"l": 6, "c": 0, "t": 210, "x": "軽車両", "h": "終日", "a": 1}, "geometry": {"type": "LineString", "coordinates": [[135.19183, 34.69315], [135.19138, 34.69303]]}}, {"type": "Feature", "properties": {"l": 6, "c": 0, "t": 210, "x": "軽車両", "h": "終日", "d": "禁止道路に進入する右折、左折、直進を禁止する。", "a": 1}, "geometry": {"type": "LineString", "coordinates": [[135.19173, 34.69345], [135.19199, 34.69278]]}}, {"type": "Feature", "properties": {"l": 6, "c": 0, "t": 210, "x": "軽車両", "h": "終日", "d": "禁止道路に進入する右折、左折、直進を禁止する。", "a": 1}, "geometry": {"type": "LineString", "coordinates": [[135.19272, 34.69462], [135.19286, 34.69426]]}}, {"type": "Feature", "properties": {"l": 6, "c": 0, "t": 210, "x": "軽車両", "h": "終日", "a": 1}, "geometry": {"type": "LineString", "coordinates": [[135.19208, 34.69363], [135.19228, 34.69308]]}}, {"type": "Feature", "properties": {"l": 6, "c": 0, "t": 210, "x": "軽車両", "h": "終日", "d": "禁止道路に進入する右折、左折、直進を禁止する。", "a": 1}, "geometry": {"type": "LineString", "coordinates": [[135.19277, 34.69398], [135.19291, 34.69357]]}}, {"type": "Feature", "properties": {"l": 6, "c": 0, "t": 210, "x": "軽車両", "h": "20:00-4:00", "d": "禁止道路に進入する右折、左折、直進を禁止する。", "a": 0}, "geometry": {"type": "LineString", "coordinates": [[135.19286, 34.69467], [135.19161, 34.69447]]}}, {"type": "Feature", "properties": {"l": 6, "c": 0, "t": 210, "x": "軽車両", "h": "20:00-4:00", "d": "禁止道路に進入する右折、左折、直進を禁止する。", "a": 0}, "geometry": {"type": "LineString", "coordinates": [[135.19235, 34.69549], [135.19259, 34.69464]]}}, {"type": "Feature", "properties": {"l": 6, "c": 0, "t": 210, "x": "軽車両", "h": "終日", "d": "禁止道路に進入する右折、左折、直進を禁止する。", "a": 1}, "geometry": {"type": "LineString", "coordinates": [[135.18471, 34.6882], [135.18492, 34.68793]]}}, {"type": "Feature", "properties": {"l": 6, "c": 0, "t": 210, "x": "軽車両", "h": "終日", "d": "禁止道路に進入する右折、左折、直進を禁止する。", "a": 1}, "geometry": {"type": "LineString", "coordinates": [[135.18423, 34.6879], [135.18441, 34.68765]]}}, {"type": "Feature", "properties": {"l": 6, "c": 0, "t": 210, "x": "軽車両", "h": "終日", "d": "禁止道路に進入する右折、左折、直進を禁止する。", "a": 1}, "geometry": {"type": "LineString", "coordinates": [[135.1846, 34.68717], [135.18499, 34.68655]]}}, {"type": "Feature", "properties": {"l": 6, "c": 0, "t": 210, "x": "軽車両", "h": "終日", "d": "禁止道路に進入する右折、左折、直進を禁止する。", "a": 1}, "geometry": {"type": "LineString", "coordinates": [[135.18484, 34.68733], [135.18509, 34.68703]]}}, {"type": "Feature", "properties": {"l": 6, "c": 0, "t": 210, "x": "軽車両", "h": "終日", "d": "禁止道路に進入する右折、左折、直進を禁止する。", "a": 1}, "geometry": {"type": "LineString", "coordinates": [[135.18516, 34.68753], [135.18556, 34.68673]]}}, {"type": "Feature", "properties": {"l": 6, "c": 0, "t": 210, "x": "軽車両", "h": "終日", "d": "禁止道路に進入する右折、左折、直進を禁止する。", "a": 1}, "geometry": {"type": "LineString", "coordinates": [[135.18554, 34.68774], [135.18598, 34.68685]]}}, {"type": "Feature", "properties": {"l": 6, "c": 0, "t": 210, "x": "軽車両", "h": "終日", "d": "禁止道路に進入する右折、左折、直進を禁止する。", "a": 1}, "geometry": {"type": "LineString", "coordinates": [[135.18585, 34.6879], [135.18618, 34.68717]]}}, {"type": "Feature", "properties": {"l": 6, "c": 0, "t": 210, "x": "軽車両", "h": "終日", "d": "禁止道路に進入する右折、左折、直進を禁止する。", "a": 1}, "geometry": {"type": "LineString", "coordinates": [[135.18606, 34.688], [135.18658, 34.68705]]}}, {"type": "Feature", "properties": {"l": 6, "c": 0, "t": 210, "x": "軽車両", "h": "終日", "d": "禁止道路に進入する右折、左折、直進を禁止する。", "a": 1}, "geometry": {"type": "LineString", "coordinates": [[135.18736, 34.68785], [135.1875, 34.68732]]}}, {"type": "Feature", "properties": {"l": 6, "c": 0, "t": 210, "x": "軽車両", "h": "終日", "d": "禁止道路に進入する右折、左折、直進を禁止する。", "a": 1}, "geometry": {"type": "LineString", "coordinates": [[135.18701, 34.68776], [135.18719, 34.68722]]}}, {"type": "Feature", "properties": {"l": 6, "c": 0, "t": 210, "x": "軽車両", "h": "終日", "d": "禁止道路に進入する右折、左折、直進を禁止する。", "a": 1}, "geometry": {"type": "LineString", "coordinates": [[135.18704, 34.68748], [135.18682, 34.68744]]}}, {"type": "Feature", "properties": {"l": 6, "c": 0, "t": 210, "x": "軽車両", "h": "終日", "d": "禁止道路に進入する右折、左折、直進を禁止する。", "a": 1}, "geometry": {"type": "LineString", "coordinates": [[135.18804, 34.68775], [135.1871, 34.68757]]}}, {"type": "Feature", "properties": {"l": 6, "c": 0, "t": 210, "x": "軽車両", "h": "終日", "d": "禁止道路に進入する右折、左折、直進を禁止する。", "a": 1}, "geometry": {"type": "LineString", "coordinates": [[135.18674, 34.68732], [135.18589, 34.68706]]}}, {"type": "Feature", "properties": {"l": 6, "c": 0, "t": 210, "x": "軽車両", "h": "終日", "d": "禁止道路に進入する右折、左折、直進を禁止する。", "a": 1}, "geometry": {"type": "LineString", "coordinates": [[135.19347, 34.69861], [135.19346, 34.69817]]}}, {"type": "Feature", "properties": {"l": 6, "c": 0, "t": 210, "h": "終日", "d": "禁止道路に進入する右折、左折、直進を禁止する。", "a": 1}, "geometry": {"type": "LineString", "coordinates": [[135.1915, 34.68989], [135.1916, 34.68956]]}}, {"type": "Feature", "properties": {"l": 6, "c": 0, "t": 210, "h": "終日", "d": "禁止道路に進入する右折、左折、直進を禁止する。", "a": 1}, "geometry": {"type": "LineString", "coordinates": [[135.17525, 34.68886], [135.17499, 34.6888], [135.17453, 34.68916], [135.174, 34.68878]]}}, {"type": "Feature", "properties": {"l": 6, "c": 0, "t": 210, "x": "軽車両", "h": "終日", "d": "禁止道路に進入する右折、左折、直進を禁止する。", "a": 1}, "geometry": {"type": "LineString", "coordinates": [[135.17816, 34.69145], [135.17843, 34.69104]]}}, {"type": "Feature", "properties": {"l": 6, "c": 0, "t": 210, "x": "軽車両", "h": "終日", "d": "禁止道路に進入する右折、左折、直進を禁止する。", "a": 1}, "geometry": {"type": "LineString", "coordinates": [[135.17906, 34.68913], [135.17727, 34.68874]]}}, {"type": "Feature", "properties": {"l": 6, "c": 0, "t": 210, "x": "軽車両", "h": "終日", "d": "禁止道路に進入する右折、左折、直進を禁止する。", "a": 1}, "geometry": {"type": "LineString", "coordinates": [[135.17673, 34.68819], [135.17687, 34.68756]]}}, {"type": "Feature", "properties": {"l": 6, "c": 0, "t": 210, "x": "軽車両", "h": "20:00-4:00", "d": "禁止道路に進入する右折、左折、直進を禁止する。", "a": 0}, "geometry": {"type": "LineString", "coordinates": [[135.19136, 34.69589], [135.19107, 34.69564]]}}, {"type": "Feature", "properties": {"l": 6, "c": 0, "t": 210, "x": "軽車両", "h": "終日", "d": "禁止道路に進入する右折、左折、直進を禁止する。", "a": 1}, "geometry": {"type": "LineString", "coordinates": [[135.1915, 34.69617], [135.19138, 34.69594]]}}, {"type": "Feature", "properties": {"l": 6, "c": 0, "t": 210, "x": "軽車両", "h": "終日", "d": "禁止道路に進入する右折、左折、直進を禁止する。", "a": 1}, "geometry": {"type": "LineString", "coordinates": [[135.1922, 34.69629], [135.19208, 34.69602]]}}, {"type": "Feature", "properties": {"l": 6, "c": 0, "t": 210, "x": "軽車両", "h": "20:00-4:00", "d": "禁止道路に進入する右折、左折、直進を禁止する。", "a": 0}, "geometry": {"type": "LineString", "coordinates": [[135.19233, 34.69601], [135.19187, 34.69607]]}}, {"type": "Feature", "properties": {"l": 6, "c": 0, "t": 210, "x": "軽車両", "h": "終日", "d": "禁止道路に進入する右折、左折、直進を禁止する。", "a": 1}, "geometry": {"type": "LineString", "coordinates": [[135.19183, 34.69609], [135.19127, 34.69629]]}}, {"type": "Feature", "properties": {"l": 6, "c": 0, "t": 210, "x": "軽車両", "h": "終日", "d": "禁止道路に進入する右折、左折、直進を禁止する。", "a": 1}, "geometry": {"type": "LineString", "coordinates": [[135.19214, 34.69649], [135.1918, 34.69661]]}}, {"type": "Feature", "properties": {"l": 6, "c": 0, "t": 210, "x": "軽車両", "h": "20:00-4:00", "d": "禁止道路に進入する右折、左折、直進を禁止する。", "a": 0}, "geometry": {"type": "LineString", "coordinates": [[135.19176, 34.69578], [135.1914, 34.69591]]}}, {"type": "Feature", "properties": {"l": 6, "c": 0, "t": 210, "x": "軽車両", "h": "20:00-4:00", "d": "禁止道路に進入する右折、左折、直進を禁止する。", "a": 0}, "geometry": {"type": "LineString", "coordinates": [[135.19166, 34.69556], [135.1913, 34.6957]]}}, {"type": "Feature", "properties": {"l": 6, "c": 0, "t": 210, "x": "軽車両", "h": "20:00-4:00", "d": "禁止道路に進入する右折、左折、直進を禁止する。", "a": 0}, "geometry": {"type": "LineString", "coordinates": [[135.19191, 34.696], [135.19172, 34.69544]]}}, {"type": "Feature", "properties": {"l": 6, "c": 0, "t": 210, "x": "軽車両", "h": "終日", "d": "禁止道路に進入する右折、左折、直進を禁止する。", "a": 1}, "geometry": {"type": "LineString", "coordinates": [[135.19192, 34.69654], [135.19186, 34.69612]]}}, {"type": "Feature", "properties": {"l": 6, "c": 0, "t": 210, "x": "軽車両", "h": "終日", "d": "禁止道路に進入する右折、左折、直進を禁止する。", "a": 1}, "geometry": {"type": "LineString", "coordinates": [[135.18716, 34.69203], [135.18529, 34.69122]]}}, {"type": "Feature", "properties": {"l": 6, "c": 0, "t": 210, "x": "軽車両", "h": "終日", "d": "禁止道路に進入する右折、左折、直進を禁止する。", "a": 1}, "geometry": {"type": "LineString", "coordinates": [[135.18708, 34.69156], [135.18741, 34.69106]]}}, {"type": "Feature", "properties": {"l": 6, "c": 0, "t": 210, "x": "軽車両", "h": "終日", "d": "禁止道路に進入する右折、左折、直進を禁止する。", "a": 1}, "geometry": {"type": "LineString", "coordinates": [[135.18791, 34.69093], [135.18753, 34.69047]]}}, {"type": "Feature", "properties": {"l": 6, "c": 0, "t": 210, "x": "軽車両", "h": "終日", "d": "禁止道路に進入する右折、左折、直進を禁止する。", "a": 1}, "geometry": {"type": "LineString", "coordinates": [[135.18298, 34.68899], [135.18329, 34.6886]]}}, {"type": "Feature", "properties": {"l": 6, "c": 0, "t": 210, "x": "軽車両", "h": "終日", "d": "禁止道路に進入する右折、左折、直進を禁止する。", "a": 1}, "geometry": {"type": "LineString", "coordinates": [[135.19254, 34.69459], [135.19268, 34.69417]]}}, {"type": "Feature", "properties": {"l": 6, "c": 0, "t": 210, "x": "軽車両", "h": "22:00-4:00", "d": "禁止道路に進入する右折、左折、直進を禁止する。", "a": 0}, "geometry": {"type": "LineString", "coordinates": [[135.19002, 34.69294], [135.19068, 34.69187]]}}, {"type": "Feature", "properties": {"l": 6, "c": 0, "t": 210, "h": "10:00-5:00", "a": 0}, "geometry": {"type": "LineString", "coordinates": [[135.18794, 34.68855], [135.18812, 34.68752]]}}, {"type": "Feature", "properties": {"l": 6, "c": 0, "t": 210, "x": "軽車両", "h": "22:00-4:00", "d": "禁止道路に進入する右折、左折、直進を禁止する。", "a": 0}, "geometry": {"type": "LineString", "coordinates": [[135.19137, 34.69255], [135.18965, 34.69189]]}}, {"type": "Feature", "properties": {"l": 6, "c": 0, "t": 210, "h": "10:00-5:00", "a": 0}, "geometry": {"type": "LineString", "coordinates": [[135.18952, 34.68836], [135.18673, 34.68774]]}}, {"type": "Feature", "properties": {"l": 6, "c": 0, "t": 210, "x": "軽車両", "h": "終日", "d": "禁止道路に進入する右折、左折、直進を禁止する。", "a": 1}, "geometry": {"type": "LineString", "coordinates": [[135.18896, 34.68818], [135.18906, 34.68796], [135.18811, 34.68783]]}}, {"type": "Feature", "properties": {"l": 6, "c": 0, "t": 210, "x": "軽車両", "h": "終日", "d": "禁止道路に進入する右折、左折、直進を禁止する。", "a": 1}, "geometry": {"type": "LineString", "coordinates": [[135.1887, 34.6881], [135.18871, 34.68793]]}}, {"type": "Feature", "properties": {"l": 6, "c": 0, "t": 210, "x": "軽車両", "h": "終日", "d": "禁止道路に進入する右折、左折、直進を禁止する。", "a": 1}, "geometry": {"type": "LineString", "coordinates": [[135.1881, 34.68834], [135.18931, 34.68852]]}}, {"type": "Feature", "properties": {"l": 6, "c": 0, "t": 210, "x": "軽車両", "h": "終日", "d": "禁止道路に進入する右折、左折、直進を禁止する。", "a": 1}, "geometry": {"type": "LineString", "coordinates": [[135.18878, 34.6887], [135.18885, 34.68821]]}}, {"type": "Feature", "properties": {"l": 6, "c": 0, "t": 210, "x": "軽車両", "h": "終日", "d": "禁止道路に進入する右折、左折、直進を禁止する。", "a": 1}, "geometry": {"type": "LineString", "coordinates": [[135.18856, 34.68866], [135.18865, 34.68816]]}}, {"type": "Feature", "properties": {"l": 6, "c": 0, "t": 210, "x": "軽車両", "h": "終日", "d": "禁止道路に進入する右折、左折、直進を禁止する。", "a": 1}, "geometry": {"type": "LineString", "coordinates": [[135.18769, 34.6885], [135.1878, 34.68802]]}}, {"type": "Feature", "properties": {"l": 6, "c": 0, "t": 210, "x": "軽車両", "h": "終日", "d": "禁止道路に進入する右折、左折、直進を禁止する。", "a": 1}, "geometry": {"type": "LineString", "coordinates": [[135.18746, 34.68846], [135.18757, 34.68797]]}}, {"type": "Feature", "properties": {"l": 6, "c": 0, "t": 210, "x": "軽車両", "h": "終日", "d": "禁止道路に進入する右折、左折、直進を禁止する。", "a": 1}, "geometry": {"type": "LineString", "coordinates": [[135.18714, 34.68839], [135.18726, 34.68789]]}}, {"type": "Feature", "properties": {"l": 6, "c": 0, "t": 210, "x": "軽車両", "h": "終日", "d": "禁止道路に進入する右折、左折、直進を禁止する。", "a": 1}, "geometry": {"type": "LineString", "coordinates": [[135.18689, 34.68831], [135.187, 34.68783]]}}, {"type": "Feature", "properties": {"l": 6, "c": 0, "t": 210, "x": "軽車両", "h": "終日", "d": "禁止道路に進入する右折、左折、直進を禁止する。", "a": 1}, "geometry": {"type": "LineString", "coordinates": [[135.18844, 34.68913], [135.18856, 34.68877]]}}, {"type": "Feature", "properties": {"l": 6, "c": 0, "t": 210, "x": "軽車両", "h": "終日", "d": "禁止道路に進入する右折、左折、直進を禁止する。", "a": 1}, "geometry": {"type": "LineString", "coordinates": [[135.18822, 34.68951], [135.1884, 34.68918]]}}, {"type": "Feature", "properties": {"l": 6, "c": 0, "t": 210, "x": "軽車両", "h": "終日", "d": "禁止道路に進入する右折、左折、直進を禁止する。", "a": 1}, "geometry": {"type": "LineString", "coordinates": [[135.19191, 34.69354], [135.19202, 34.69326]]}}, {"type": "Feature", "properties": {"l": 6, "c": 0, "t": 210, "x": "軽車両", "h": "終日", "d": "禁止道路に進入する右折、左折、直進を禁止する。", "a": 1}, "geometry": {"type": "LineString", "coordinates": [[135.19279, 34.69379], [135.19256, 34.69373]]}}, {"type": "Feature", "properties": {"l": 6, "c": 0, "t": 210, "x": "軽車両", "h": "終日", "a": 1}, "geometry": {"type": "LineString", "coordinates": [[135.19258, 34.69345], [135.19223, 34.69337]]}}, {"type": "Feature", "properties": {"l": 6, "c": 0, "t": 210, "x": "軽車両", "h": "8:00-22:00", "d": "禁止道路に進入する右折、左折、直進を禁止する。", "a": 0}, "geometry": {"type": "LineString", "coordinates": [[135.18996, 34.70152], [135.1898, 34.70081]]}}, {"type": "Feature", "properties": {"l": 6, "c": 0, "t": 210, "h": "終日", "a": 1}, "geometry": {"type": "LineString", "coordinates": [[135.19465, 34.69223], [135.19036, 34.69062]]}}, {"type": "Feature", "properties": {"l": 6, "c": 0, "t": 210, "h": "終日", "a": 1}, "geometry": {"type": "LineString", "coordinates": [[135.19052, 34.69035], [135.19488, 34.69181]]}}, {"type": "Feature", "properties": {"l": 6, "c": 0, "t": 210, "x": "軽車両", "h": "20:00-4:00", "d": "禁止道路に進入する右折、左折、直進を禁止する。", "a": 0}, "geometry": {"type": "LineString", "coordinates": [[135.19096, 34.69614], [135.19095, 34.69578], [135.19155, 34.69453], [135.19147, 34.69353]]}}, {"type": "Feature", "properties": {"l": 6, "c": 0, "t": 210, "x": "軽車両", "a": 1}, "geometry": {"type": "LineString", "coordinates": [[135.16717, 34.69231], [135.17026, 34.69132]]}}, {"type": "Feature", "properties": {"l": 6, "c": 0, "t": 210, "x": "軽車両", "a": 1}, "geometry": {"type": "LineString", "coordinates": [[135.16706, 34.68034], [135.16738, 34.68003]]}}, {"type": "Feature", "properties": {"l": 6, "c": 0, "t": 210, "x": "軽車両", "h": "終日", "a": 1}, "geometry": {"type": "LineString", "coordinates": [[135.16725, 34.6799], [135.16768, 34.68022]]}}, {"type": "Feature", "properties": {"l": 6, "c": 0, "t": 210, "x": "軽車両", "a": 1}, "geometry": {"type": "LineString", "coordinates": [[135.16629, 34.68058], [135.16692, 34.68101]]}}, {"type": "Feature", "properties": {"l": 6, "c": 0, "t": 210, "x": "軽車両", "a": 1}, "geometry": {"type": "LineString", "coordinates": [[135.17198, 34.67683], [135.17072, 34.67715], [135.1681, 34.67869]]}}, {"type": "Feature", "properties": {"l": 6, "c": 0, "t": 210, "h": "10:00-21:00", "a": 0}, "geometry": {"type": "LineString", "coordinates": [[135.1646, 34.68073], [135.16533, 34.68101], [135.16559, 34.68096]]}}, {"type": "Feature", "properties": {"l": 6, "c": 0, "t": 210, "h": "10:00-21:00", "a": 0}, "geometry": {"type": "LineString", "coordinates": [[135.16459, 34.6816], [135.16495, 34.68089]]}}, {"type": "Feature", "properties": {"l": 6, "c": 0, "t": 210, "x": "軽車両", "a": 1}, "geometry": {"type": "LineString", "coordinates": [[135.16826, 34.68517], [135.16832, 34.68469]]}}, {"type": "Feature", "properties": {"l": 6, "c": 0, "t": 210, "x": "軽車両", "a": 1}, "geometry": {"type": "LineString", "coordinates": [[135.1677, 34.68532], [135.16798, 34.68517], [135.16869, 34.68525]]}}, {"type": "Feature", "properties": {"l": 6, "c": 0, "t": 210, "x": "軽車両", "a": 1}, "geometry": {"type": "LineString", "coordinates": [[135.16939, 34.69029], [135.1707, 34.69106]]}}, {"type": "Feature", "properties": {"l": 6, "c": 0, "t": 210, "x": "軽車両", "h": "8:00-20:00", "a": 0}, "geometry": {"type": "LineString", "coordinates": [[135.16368, 34.67994], [135.16252, 34.67955]]}}, {"type": "Feature", "properties": {"l": 6, "c": 0, "t": 210, "x": "軽車両", "h": "8:00-20:00", "a": 0}, "geometry": {"type": "LineString", "coordinates": [[135.16433, 34.68063], [135.16377, 34.68012]]}}, {"type": "Feature", "properties": {"l": 6, "c": 0, "t": 210, "x": "軽車両", "a": 1}, "geometry": {"type": "LineString", "coordinates": [[135.16682, 34.65658], [135.16754, 34.65677]]}}, {"type": "Feature", "properties": {"l": 6, "c": 0, "t": 210, "x": "軽車両", "a": 1}, "geometry": {"type": "LineString", "coordinates": [[135.17098, 34.6876], [135.1713, 34.68777]]}}, {"type": "Feature", "properties": {"l": 6, "c": 0, "t": 210, "x": "軽車両", "a": 1}, "geometry": {"type": "LineString", "coordinates": [[135.1712, 34.68799], [135.17156, 34.68743]]}}, {"type": "Feature", "properties": {"l": 6, "c": 0, "t": 210, "x": "軽車両", "a": 1}, "geometry": {"type": "LineString", "coordinates": [[135.16496, 34.68193], [135.16517, 34.68271]]}}, {"type": "Feature", "properties": {"l": 6, "c": 0, "t": 210, "x": "軽車両", "h": "14:00-9:00", "a": 0}, "geometry": {"type": "LineString", "coordinates": [[135.17252, 34.65781], [135.17334, 34.65588]]}}, {"type": "Feature", "properties": {"l": 6, "c": 0, "t": 210, "x": "軽車両", "a": 1}, "geometry": {"type": "LineString", "coordinates": [[135.17422, 34.6759], [135.17544, 34.67555]]}}, {"type": "Feature", "properties": {"l": 6, "c": 0, "t": 210, "x": "軽車両", "a": 1}, "geometry": {"type": "LineString", "coordinates": [[135.17684, 34.67384], [135.17742, 34.67525]]}}, {"type": "Feature", "properties": {"l": 6, "c": 0, "t": 210, "x": "軽車両", "a": 1}, "geometry": {"type": "LineString", "coordinates": [[135.17641, 34.67429], [135.17711, 34.67414]]}}, {"type": "Feature", "properties": {"l": 6, "c": 0, "t": 210, "x": "軽車両", "a": 1}, "geometry": {"type": "LineString", "coordinates": [[135.16704, 34.69257], [135.16824, 34.69261], [135.16885, 34.69228], [135.16927, 34.69168]]}}, {"type": "Feature", "properties": {"l": 6, "c": 0, "t": 210, "x": "軽車両", "a": 1}, "geometry": {"type": "LineString", "coordinates": [[135.17501, 34.69204], [135.17524, 34.69177], [135.17478, 34.69147]]}}, {"type": "Feature", "properties": {"l": 6, "c": 0, "t": 210, "x": "軽車両", "a": 1}, "geometry": {"type": "LineString", "coordinates": [[135.17495, 34.69131], [135.17567, 34.69196]]}}, {"type": "Feature", "properties": {"l": 6, "c": 0, "t": 210, "x": "軽車両", "a": 1}, "geometry": {"type": "LineString", "coordinates": [[135.16588, 34.68478], [135.16706, 34.68551]]}}, {"type": "Feature", "properties": {"l": 6, "c": 0, "t": 210, "x": "軽車両", "a": 1}, "geometry": {"type": "LineString", "coordinates": [[135.16593, 34.68342], [135.16577, 34.68358], [135.16575, 34.68418]]}}, {"type": "Feature", "properties": {"l": 6, "c": 0, "t": 210, "x": "軽車両", "h": "終日", "a": 1}, "geometry": {"type": "LineString", "coordinates": [[135.18145, 34.67378], [135.1815, 34.67313]]}}, {"type": "Feature", "properties": {"l": 6, "c": 0, "t": 210, "x": "軽車両", "a": 1}, "geometry": {"type": "LineString", "coordinates": [[135.1655, 34.68308], [135.16591, 34.68265]]}}, {"type": "Feature", "properties": {"l": 6, "c": 0, "t": 210, "x": "軽車両", "a": 1}, "geometry": {"type": "LineString", "coordinates": [[135.16566, 34.681], [135.16746, 34.67974]]}}, {"type": "Feature", "properties": {"l": 6, "c": 0, "t": 210, "x": "軽車両", "a": 1}, "geometry": {"type": "LineString", "coordinates": [[135.16737, 34.68735], [135.16821, 34.68627]]}}, {"type": "Feature", "properties": {"l": 6, "c": 0, "t": 210, "x": "軽車両", "a": 1}, "geometry": {"type": "LineString", "coordinates": [[135.16727, 34.68673], [135.16757, 34.68685]]}}, {"type": "Feature", "properties": {"l": 6, "c": 0, "t": 210, "x": "軽車両", "a": 1}, "geometry": {"type": "LineString", "coordinates": [[135.1762, 34.65781], [135.17662, 34.65739]]}}, {"type": "Feature", "properties": {"l": 6, "c": 0, "t": 210, "x": "軽車両", "a": 1}, "geometry": {"type": "LineString", "coordinates": [[135.16706, 34.65855], [135.16722, 34.65791]]}}, {"type": "Feature", "properties": {"l": 6, "c": 0, "t": 210, "h": "10:00-21:00", "a": 0}, "geometry": {"type": "LineString", "coordinates": [[135.16331, 34.68372], [135.16388, 34.68277], [135.16458, 34.68077]]}}, {"type": "Feature", "properties": {"l": 6, "c": 0, "t": 210, "x": "軽車両", "a": 1}, "geometry": {"type": "LineString", "coordinates": [[135.17112, 34.68857], [135.17141, 34.68816]]}}, {"type": "Feature", "properties": {"l": 6, "c": 0, "t": 210, "x": "軽車両", "a": 1}, "geometry": {"type": "LineString", "coordinates": [[135.16973, 34.6869], [135.17092, 34.68757]]}}, {"type": "Feature", "properties": {"l": 6, "c": 0, "t": 210, "x": "軽車両", "h": "6:00-20:00", "a": 0}, "geometry": {"type": "LineString", "coordinates": [[135.16603, 34.69026], [135.16623, 34.69184], [135.16678, 34.69252], [135.16653, 34.69171], [135.16668, 34.69109], [135.16707, 34.69046]]}}, {"type": "Feature", "properties": {"l": 6, "c": 0, "t": 210, "x": "軽車両", "a": 1}, "geometry": {"type": "LineString", "coordinates": [[135.17067, 34.68808], [135.17187, 34.68869]]}}, {"type": "Feature", "properties": {"l": 6, "c": 0, "t": 210, "x": "軽車両", "a": 1}, "geometry": {"type": "LineString", "coordinates": [[135.17312, 34.6578], [135.17422, 34.65735], [135.17494, 34.65754]]}}, {"type": "Feature", "properties": {"l": 6, "c": 0, "t": 210, "x": "軽車両", "a": 1}, "geometry": {"type": "LineString", "coordinates": [[135.1588, 34.68471], [135.15935, 34.68414]]}}, {"type": "Feature", "properties": {"l": 6, "c": 0, "t": 210, "x": "軽車両", "h": "終日", "a": 1}, "geometry": {"type": "LineString", "coordinates": [[135.16116, 34.68277], [135.16074, 34.68282], [135.15949, 34.68388], [135.15904, 34.68388]]}}, {"type": "Feature", "properties": {"l": 6, "c": 0, "t": 210, "x": "軽車両", "a": 1}, "geometry": {"type": "LineString", "coordinates": [[135.15602, 34.68333], [135.15632, 34.68258]]}}, {"type": "Feature", "properties": {"l": 6, "c": 0, "t": 210, "x": "軽車両", "a": 1}, "geometry": {"type": "LineString", "coordinates": [[135.16753, 34.68789], [135.16817, 34.68828]]}}, {"type": "Feature", "properties": {"l": 6, "c": 0, "t": 210, "x": "軽車両", "h": "終日", "a": 1}, "geometry": {"type": "LineString", "coordinates": [[135.16192, 34.68322], [135.16247, 34.68358]]}}, {"type": "Feature", "properties": {"l": 6, "c": 0, "t": 210, "a": 1}, "geometry": {"type": "LineString", "coordinates": [[135.16338, 34.6889], [135.16399, 34.68887]]}}, {"type": "Feature", "properties": {"l": 6, "c": 0, "t": 210, "a": 1}, "geometry": {"type": "LineString", "coordinates": [[135.16423, 34.68583], [135.1644, 34.68586]]}}, {"type": "Feature", "properties": {"l": 6, "c": 0, "t": 210, "x": "軽車両", "h": "7:30-9:00", "a": 0}, "geometry": {"type": "LineString", "coordinates": [[135.15646, 34.67643], [135.15625, 34.67604]]}}, {"type": "Feature", "properties": {"l": 6, "c": 0, "t": 210, "x": "軽車両", "h": "8:00-24:00", "a": 0}, "geometry": {"type": "LineString", "coordinates": [[135.17217, 34.67682], [135.1766, 34.67569]]}}, {"type": "Feature", "properties": {"l": 6, "c": 0, "t": 210, "x": "軽車両", "h": "7:00-19:00", "a": 0}, "geometry": {"type": "LineString", "coordinates": [[135.167, 34.68564], [135.1662, 34.68516]]}}, {"type": "Feature", "properties": {"l": 6, "c": 0, "t": 210, "x": "軽車両", "h": "7:30-9:00", "a": 0}, "geometry": {"type": "LineString", "coordinates": [[135.16662, 34.6915], [135.16712, 34.69165]]}}, {"type": "Feature", "properties": {"l": 6, "c": 0, "t": 210, "x": "軽車両", "h": "7:30-9:00", "a": 0}, "geometry": {"type": "LineString", "coordinates": [[135.16715, 34.69134], [135.16669, 34.69112]]}}, {"type": "Feature", "properties": {"l": 6, "c": 0, "t": 210, "x": "軽車両", "h": "終日", "a": 1}, "geometry": {"type": "LineString", "coordinates": [[135.16711, 34.69028], [135.16742, 34.6895]]}}, {"type": "Feature", "properties": {"l": 6, "c": 0, "t": 210, "x": "軽車両", "h": "7:00-19:00", "a": 0}, "geometry": {"type": "LineString", "coordinates": [[135.14134, 34.68353], [135.14085, 34.68356], [135.14044, 34.68339]]}}, {"type": "Feature", "properties": {"l": 6, "c": 0, "t": 210, "x": "軽車両", "h": "7:00-19:00", "a": 0}, "geometry": {"type": "LineString", "coordinates": [[135.14206, 34.67267], [135.14214, 34.67253], [135.14267, 34.67255]]}}, {"type": "Feature", "properties": {"l": 6, "c": 0, "t": 210, "h": "終日", "a": 1}, "geometry": {"type": "LineString", "coordinates": [[135.14642, 34.67197], [135.14666, 34.67081], [135.14694, 34.67056]]}}, {"type": "Feature", "properties": {"l": 6, "c": 0, "t": 210, "x": "軽車両", "h": "終日", "a": 1}, "geometry": {"type": "LineString", "coordinates": [[135.1427, 34.67227], [135.14175, 34.67208]]}}, {"type": "Feature", "properties": {"l": 6, "c": 0, "t": 210, "x": "軽車両", "h": "終日", "a": 1}, "geometry": {"type": "LineString", "coordinates": [[135.13427, 34.6683], [135.13324, 34.6682]]}}, {"type": "Feature", "properties": {"l": 6, "c": 0, "t": 210, "x": "軽車両", "h": "8:00-17:00", "a": 0}, "geometry": {"type": "LineString", "coordinates": [[135.14637, 34.66772], [135.14565, 34.66832], [135.14558, 34.66915], [135.14507, 34.66933], [135.14501, 34.66964]]}}, {"type": "Feature", "properties": {"l": 6, "c": 0, "t": 210, "x": "軽車両", "h": "終日", "a": 1}, "geometry": {"type": "LineString", "coordinates": [[135.15097, 34.65385], [135.14874, 34.65241], [135.15096, 34.65384]]}}, {"type": "Feature", "properties": {"l": 6, "c": 0, "t": 210, "x": "軽車両", "h": "7:30-9:00", "a": 0}, "geometry": {"type": "LineString", "coordinates": [[135.15547, 34.67522], [135.1562, 34.67602]]}}, {"type": "Feature", "properties": {"l": 6, "c": 0, "t": 210, "x": "軽車両", "h": "終日", "a": 1}, "geometry": {"type": "LineString", "coordinates": [[135.14385, 34.67761], [135.14431, 34.67695]]}}, {"type": "Feature", "properties": {"l": 6, "c": 0, "t": 210, "x": "軽車両", "h": "終日", "a": 1}, "geometry": {"type": "LineString", "coordinates": [[135.14848, 34.67053], [135.14775, 34.67091]]}}, {"type": "Feature", "properties": {"l": 6, "c": 0, "t": 210, "x": "軽車両", "h": "終日", "a": 1}, "geometry": {"type": "LineString", "coordinates": [[135.14581, 34.65449], [135.14815, 34.65201]]}}, {"type": "Feature", "properties": {"l": 6, "c": 0, "t": 210, "x": "軽車両", "h": "10:00-24:00", "a": 0}, "geometry": {"type": "LineString", "coordinates": [[135.14865, 34.65621], [135.15093, 34.65389]]}}, {"type": "Feature", "properties": {"l": 6, "c": 0, "t": 210, "x": "軽車両", "h": "終日", "a": 1}, "geometry": {"type": "LineString", "coordinates": [[135.14465, 34.6557], [135.14548, 34.6563]]}}, {"type": "Feature", "properties": {"l": 6, "c": 0, "t": 210, "x": "軽車両", "h": "終日", "a": 1}, "geometry": {"type": "LineString", "coordinates": [[135.14383, 34.65659], [135.14552, 34.65477]]}}, {"type": "Feature", "properties": {"l": 6, "c": 0, "t": 210, "x": "軽車両", "h": "7:00-17:00", "a": 0}, "geometry": {"type": "LineString", "coordinates": [[135.11277, 34.64905], [135.11413, 34.64805]]}}, {"type": "Feature", "properties": {"l": 6, "c": 0, "t": 210, "h": "日曜・休日　9:00-18:00 / 日曜・休日", "d": "日曜日、休日に限る。", "a": 0}, "geometry": {"type": "LineString", "coordinates": [[135.12509, 34.67028], [135.1247, 34.67036], [135.1237, 34.67022], [135.1236, 34.67039]]}}, {"type": "Feature", "properties": {"l": 6, "c": 0, "t": 210, "x": "軽車両", "a": 1}, "geometry": {"type": "LineString", "coordinates": [[135.13286, 34.66304], [135.1322, 34.66261]]}}, {"type": "Feature", "properties": {"l": 6, "c": 0, "t": 210, "x": "軽車両", "a": 1}, "geometry": {"type": "LineString", "coordinates": [[135.1322, 34.66291], [135.1326, 34.6625]]}}, {"type": "Feature", "properties": {"l": 6, "c": 0, "t": 210, "x": "自転車", "a": 1}, "geometry": {"type": "LineString", "coordinates": [[135.08435, 34.67371], [135.0844, 34.67393]]}}, {"type": "Feature", "properties": {"l": 6, "c": 0, "t": 210, "x": "自転車", "a": 1}, "geometry": {"type": "LineString", "coordinates": [[135.08601, 34.67362], [135.08503, 34.67353], [135.08365, 34.67381], [135.08313, 34.67369]]}}, {"type": "Feature", "properties": {"l": 6, "c": 0, "t": 210, "x": "自転車", "a": 1}, "geometry": {"type": "LineString", "coordinates": [[135.08537, 34.67347], [135.08539, 34.67334]]}}, {"type": "Feature", "properties": {"l": 6, "c": 0, "t": 210, "x": "軽車両", "a": 1}, "geometry": {"type": "LineString", "coordinates": [[135.08572, 34.67243], [135.08434, 34.67173], [135.08407, 34.67072], [135.08412, 34.66971], [135.08334, 34.66889], [135.08295, 34.66872], [135.08082, 34.66841], [135.08009, 34.668]]}}, {"type": "Feature", "properties": {"l": 6, "c": 0, "t": 210, "x": "自転車", "a": 1}, "geometry": {"type": "LineString", "coordinates": [[135.08357, 34.67355], [135.08479, 34.67172]]}}, {"type": "Feature", "properties": {"l": 6, "c": 0, "t": 210, "x": "自転車", "a": 1}, "geometry": {"type": "LineString", "coordinates": [[135.08556, 34.67273], [135.08488, 34.67244], [135.08432, 34.67242]]}}, {"type": "Feature", "properties": {"l": 6, "c": 0, "t": 210, "x": "自転車", "a": 1}, "geometry": {"type": "LineString", "coordinates": [[135.08413, 34.67256], [135.08358, 34.67239], [135.08249, 34.67238]]}}, {"type": "Feature", "properties": {"l": 6, "c": 0, "t": 210, "x": "自転車", "a": 1}, "geometry": {"type": "LineString", "coordinates": [[135.08183, 34.66856], [135.08196, 34.66817]]}}, {"type": "Feature", "properties": {"l": 6, "c": 0, "t": 210, "x": "自転車", "h": "終日", "a": 1}, "geometry": {"type": "LineString", "coordinates": [[135.09332, 34.67657], [135.09453, 34.67487]]}}, {"type": "Feature", "properties": {"l": 6, "c": 0, "t": 210, "x": "自転車", "h": "終日", "a": 1}, "geometry": {"type": "LineString", "coordinates": [[135.09389, 34.67554], [135.09379, 34.67569]]}}, {"type": "Feature", "properties": {"l": 6, "c": 0, "t": 210, "x": "自転車", "h": "終日", "a": 1}, "geometry": {"type": "LineString", "coordinates": [[135.09133, 34.67507], [135.0907, 34.67617]]}}, {"type": "Feature", "properties": {"l": 6, "c": 0, "t": 210, "x": "自転車", "h": "終日", "a": 1}, "geometry": {"type": "LineString", "coordinates": [[135.08858, 34.67751], [135.08756, 34.67699], [135.08752, 34.67679], [135.08936, 34.67525], [135.0897, 34.67473], [135.0913, 34.67386]]}}, {"type": "Feature", "properties": {"l": 6, "c": 0, "t": 210, "x": "自転車", "h": "終日", "a": 1}, "geometry": {"type": "LineString", "coordinates": [[135.08897, 34.67548], [135.08879, 34.67509], [135.08667, 34.67509]]}}, {"type": "Feature", "properties": {"l": 6, "c": 0, "t": 210, "x": "自転車", "h": "終日", "a": 1}, "geometry": {"type": "LineString", "coordinates": [[135.08981, 34.67229], [135.08957, 34.67311], [135.08918, 34.67358]]}}, {"type": "Feature", "properties": {"l": 6, "c": 0, "t": 210, "x": "自転車", "h": "終日", "a": 1}, "geometry": {"type": "LineString", "coordinates": [[135.08821, 34.67316], [135.08768, 34.67404]]}}, {"type": "Feature", "properties": {"l": 6, "c": 0, "t": 210, "x": "自転車", "h": "終日", "a": 1}, "geometry": {"type": "LineString", "coordinates": [[135.09103, 34.67284], [135.08978, 34.67253]]}}, {"type": "Feature", "properties": {"l": 6, "c": 0, "t": 210, "x": "軽車両", "h": "終日", "a": 1}, "geometry": {"type": "LineString", "coordinates": [[135.09786, 34.67526], [135.10038, 34.67551], [135.10178, 34.67619], [135.10207, 34.67653], [135.10332, 34.6759], [135.1029, 34.67525], [135.1023, 34.67479]]}}, {"type": "Feature", "properties": {"l": 6, "c": 0, "t": 210, "x": "自転車", "h": "終日", "a": 1}, "geometry": {"type": "LineString", "coordinates": [[135.09443, 34.67641], [135.09384, 34.67575], [135.09177, 34.67523], [135.08979, 34.67387], [135.08817, 34.67334]]}}, {"type": "Feature", "properties": {"l": 6, "c": 0, "t": 210, "x": "自転車", "a": 1}, "geometry": {"type": "LineString", "coordinates": [[135.09102, 34.6852], [135.09173, 34.68554], [135.09136, 34.68658], [135.09097, 34.68709], [135.09094, 34.68892]]}}, {"type": "Feature", "properties": {"l": 6, "c": 0, "t": 210, "x": "自転車", "a": 1}, "geometry": {"type": "LineString", "coordinates": [[135.10018, 34.68564], [135.10094, 34.68349]]}}, {"type": "Feature", "properties": {"l": 6, "c": 0, "t": 210, "x": "自転車", "a": 1}, "geometry": {"type": "LineString", "coordinates": [[135.09673, 34.67889], [135.09734, 34.67932], [135.09955, 34.6793], [135.10135, 34.67903], [135.1036, 34.67985], [135.10375, 34.68025], [135.10426, 34.68031]]}}, {"type": "Feature", "properties": {"l": 6, "c": 0, "t": 210, "x": "自転車", "a": 1}, "geometry": {"type": "LineString", "coordinates": [[135.10053, 34.68308], [135.10123, 34.67906], [135.10178, 34.67796]]}}, {"type": "Feature", "properties": {"l": 6, "c": 0, "t": 210, "x": "自転車", "a": 1}, "geometry": {"type": "LineString", "coordinates": [[135.10266, 34.68398], [135.10077, 34.68336], [135.10049, 34.68312], [135.09822, 34.68261], [135.0973, 34.68265], [135.09619, 34.68248]]}}, {"type": "Feature", "properties": {"l": 6, "c": 0, "t": 210, "x": "軽車両", "a": 1}, "geometry": {"type": "LineString", "coordinates": [[135.09889, 34.68596], [135.09998, 34.68603], [135.1002, 34.68558], [135.09778, 34.68606], [135.09891, 34.68596]]}}, {"type": "Feature", "properties": {"l": 6, "c": 0, "t": 210, "x": "軽車両", "a": 1}, "geometry": {"type": "LineString", "coordinates": [[135.09732, 34.68367], [135.09729, 34.684], [135.09766, 34.68459], [135.09741, 34.6853], [135.09759, 34.68637], [135.09731, 34.68689], [135.09698, 34.68709], [135.09568, 34.68739], [135.09777, 34.68179], [135.09754, 34.68195], [135.09757, 34.68339], [135.09386, 34.68759], [135.09387, 34.68772], [135.09446, 34.68768], [135.09446, 34.68747], [135.09568, 34.68737]]}}, {"type": "Feature", "properties": {"l": 6, "c": 0, "t": 210, "x": "軽車両", "h": "7:30-8:30", "d": "土曜日、日曜日、休日を除く。", "a": 0}, "geometry": {"type": "LineString", "coordinates": [[135.11156, 34.67701], [135.11172, 34.67663], [135.11231, 34.67644]]}}, {"type": "Feature", "properties": {"l": 6, "c": 0, "t": 210, "h": "7:00-9:00", "a": 0}, "geometry": {"type": "LineString", "coordinates": [[135.0978, 34.69607], [135.09767, 34.69592], [135.09784, 34.6958], [135.09778, 34.69539], [135.0983, 34.69479]]}}, {"type": "Feature", "properties": {"l": 6, "c": 0, "t": 210, "x": "自転車", "a": 1}, "geometry": {"type": "LineString", "coordinates": [[135.09268, 34.68454], [135.09238, 34.68427], [135.09155, 34.68402], [135.09115, 34.68328], [135.08888, 34.68263], [135.0885, 34.68231], [135.08814, 34.68158]]}}, {"type": "Feature", "properties": {"l": 6, "c": 0, "t": 210, "x": "自転車", "a": 1}, "geometry": {"type": "LineString", "coordinates": [[135.08929, 34.68135], [135.08821, 34.68147], [135.09317, 34.68029], [135.09252, 34.68133], [135.09072, 34.68122], [135.0893, 34.68135]]}}, {"type": "Feature", "properties": {"l": 6, "c": 0, "t": 210, "x": "自転車", "a": 1}, "geometry": {"type": "LineString", "coordinates": [[135.08998, 34.68182], [135.08985, 34.68133]]}}, {"type": "Feature", "properties": {"l": 6, "c": 0, "t": 210, "x": "自転車", "a": 1}, "geometry": {"type": "LineString", "coordinates": [[135.08925, 34.68277], [135.08973, 34.6822]]}}, {"type": "Feature", "properties": {"l": 6, "c": 0, "t": 210, "x": "自転車", "a": 1}, "geometry": {"type": "LineString", "coordinates": [[135.08922, 34.68428], [135.08707, 34.6836]]}}, {"type": "Feature", "properties": {"l": 6, "c": 0, "t": 210, "x": "自転車", "a": 1}, "geometry": {"type": "LineString", "coordinates": [[135.08766, 34.68616], [135.08723, 34.68598], [135.08565, 34.68581]]}}, {"type": "Feature", "properties": {"l": 6, "c": 0, "t": 210, "x": "自転車", "a": 1}, "geometry": {"type": "LineString", "coordinates": [[135.08683, 34.68808], [135.08474, 34.68778]]}}, {"type": "Feature", "properties": {"l": 6, "c": 0, "t": 210, "x": "自転車", "a": 1}, "geometry": {"type": "LineString", "coordinates": [[135.0855, 34.68925], [135.08444, 34.68874]]}}, {"type": "Feature", "properties": {"l": 6, "c": 0, "t": 210, "x": "自転車", "a": 1}, "geometry": {"type": "LineString", "coordinates": [[135.08404, 34.68931], [135.08439, 34.68877], [135.08464, 34.68778], [135.08517, 34.68694], [135.08551, 34.68576], [135.08639, 34.68461], [135.08813, 34.68146], [135.08808, 34.68108]]}}, {"type": "Feature", "properties": {"l": 6, "c": 0, "t": 210, "x": "自転車", "a": 1}, "geometry": {"type": "LineString", "coordinates": [[135.08621, 34.6834], [135.08651, 34.68312], [135.08717, 34.68305]]}}, {"type": "Feature", "properties": {"l": 6, "c": 0, "t": 210, "x": "自転車", "a": 1}, "geometry": {"type": "LineString", "coordinates": [[135.08367, 34.6848], [135.08539, 34.68585]]}}, {"type": "Feature", "properties": {"l": 6, "c": 0, "t": 210, "x": "自転車", "a": 1}, "geometry": {"type": "LineString", "coordinates": [[135.08451, 34.688], [135.08288, 34.68725], [135.0818, 34.68619]]}}, {"type": "Feature", "properties": {"l": 6, "c": 0, "t": 210, "x": "自転車", "a": 1}, "geometry": {"type": "LineString", "coordinates": [[135.0853, 34.68208], [135.08397, 34.68176], [135.08371, 34.68252], [135.08307, 34.6827], [135.08291, 34.68339], [135.08256, 34.6836], [135.08351, 34.68466]]}}, {"type": "Feature", "properties": {"l": 6, "c": 0, "t": 210, "x": "自転車", "a": 1}, "geometry": {"type": "LineString", "coordinates": [[135.0869, 34.68805], [135.08922, 34.68821], [135.08947, 34.68787]]}}, {"type": "Feature", "properties": {"l": 6, "c": 0, "t": 210, "x": "自転車", "a": 1}, "geometry": {"type": "LineString", "coordinates": [[135.08811, 34.68927], [135.08864, 34.68868], [135.08901, 34.68866]]}}, {"type": "Feature", "properties": {"l": 6, "c": 0, "t": 210, "x": "自転車", "a": 1}, "geometry": {"type": "LineString", "coordinates": [[135.11134, 34.67458], [135.11171, 34.67446], [135.11174, 34.67396], [135.11198, 34.67389], [135.11194, 34.67345], [135.11249, 34.67321], [135.11235, 34.673], [135.11255, 34.67236], [135.1124, 34.67221]]}}, {"type": "Feature", "properties": {"l": 6, "c": 0, "t": 210, "x": "自転車", "a": 1}, "geometry": {"type": "LineString", "coordinates": [[135.10979, 34.67403], [135.10919, 34.67204], [135.10864, 34.67184]]}}, {"type": "Feature", "properties": {"l": 6, "c": 0, "t": 210, "x": "自転車", "a": 1}, "geometry": {"type": "LineString", "coordinates": [[135.11331, 34.67158], [135.11334, 34.67123]]}}, {"type": "Feature", "properties": {"l": 6, "c": 0, "t": 210, "x": "自転車", "a": 1}, "geometry": {"type": "LineString", "coordinates": [[135.11404, 34.67114], [135.11429, 34.6714]]}}, {"type": "Feature", "properties": {"l": 6, "c": 0, "t": 210, "x": "自転車", "a": 1}, "geometry": {"type": "LineString", "coordinates": [[135.11491, 34.67064], [135.11515, 34.67091]]}}, {"type": "Feature", "properties": {"l": 6, "c": 0, "t": 210, "x": "自転車", "a": 1}, "geometry": {"type": "LineString", "coordinates": [[135.11619, 34.67058], [135.11618, 34.67025]]}}, {"type": "Feature", "properties": {"l": 6, "c": 0, "t": 210, "x": "自転車", "a": 1}, "geometry": {"type": "LineString", "coordinates": [[135.11619, 34.67153], [135.1162, 34.67066]]}}, {"type": "Feature", "properties": {"l": 6, "c": 0, "t": 210, "x": "自転車", "a": 1}, "geometry": {"type": "LineString", "coordinates": [[135.11286, 34.67178], [135.11328, 34.67131], [135.1134, 34.67093], [135.1132, 34.67032]]}}, {"type": "Feature", "properties": {"l": 6, "c": 0, "t": 210, "x": "自転車", "a": 1}, "geometry": {"type": "LineString", "coordinates": [[135.10879, 34.67171], [135.10881, 34.67138]]}}, {"type": "Feature", "properties": {"l": 6, "c": 0, "t": 210, "x": "自転車", "a": 1}, "geometry": {"type": "LineString", "coordinates": [[135.11118, 34.67142], [135.111, 34.67051], [135.11136, 34.66964]]}}, {"type": "Feature", "properties": {"l": 6, "c": 0, "t": 210, "x": "自転車", "a": 1}, "geometry": {"type": "LineString", "coordinates": [[135.11124, 34.67379], [135.11077, 34.67361], [135.11006, 34.67361], [135.1085, 34.67417]]}}, {"type": "Feature", "properties": {"l": 6, "c": 0, "t": 210, "x": "自転車", "a": 1}, "geometry": {"type": "LineString", "coordinates": [[135.10651, 34.6706], [135.10825, 34.67158], [135.10971, 34.67183], [135.11187, 34.67133], [135.11398, 34.67136], [135.1156, 34.67047], [135.11656, 34.67034], [135.11737, 34.66965]]}}, {"type": "Feature", "properties": {"l": 6, "c": 0, "t": 210, "x": "自転車", "a": 1}, "geometry": {"type": "LineString", "coordinates": [[135.10575, 34.67099], [135.10656, 34.67055], [135.10745, 34.6692]]}}, {"type": "Feature", "properties": {"l": 6, "c": 0, "t": 210, "x": "自転車", "a": 1}, "geometry": {"type": "LineString", "coordinates": [[135.10375, 34.66756], [135.10352, 34.66691], [135.10363, 34.66595], [135.10435, 34.66566]]}}, {"type": "Feature", "properties": {"l": 6, "c": 0, "t": 210, "x": "自転車", "a": 1}, "geometry": {"type": "LineString", "coordinates": [[135.10449, 34.6691], [135.10577, 34.66798]]}}, {"type": "Feature", "properties": {"l": 6, "c": 0, "t": 210, "x": "自転車", "a": 1}, "geometry": {"type": "LineString", "coordinates": [[135.09736, 34.6735], [135.09721, 34.67345], [135.09774, 34.67215]]}}, {"type": "Feature", "properties": {"l": 6, "c": 0, "t": 210, "x": "自転車", "a": 1}, "geometry": {"type": "LineString", "coordinates": [[135.09961, 34.67211], [135.09928, 34.67135], [135.09885, 34.67098]]}}, {"type": "Feature", "properties": {"l": 6, "c": 0, "t": 210, "x": "自転車", "a": 1}, "geometry": {"type": "LineString", "coordinates": [[135.09581, 34.67193], [135.0978, 34.6721], [135.09802, 34.67158], [135.09901, 34.67085], [135.10043, 34.67096], [135.10075, 34.67004]]}}, {"type": "Feature", "properties": {"l": 6, "c": 0, "t": 210, "x": "自転車", "a": 1}, "geometry": {"type": "LineString", "coordinates": [[135.10077, 34.67054], [135.10117, 34.67075]]}}, {"type": "Feature", "properties": {"l": 6, "c": 0, "t": 210, "x": "自転車", "a": 1}, "geometry": {"type": "LineString", "coordinates": [[135.09502, 34.67298], [135.09532, 34.67279], [135.09577, 34.67194]]}}, {"type": "Feature", "properties": {"l": 6, "c": 0, "t": 210, "x": "自転車", "a": 1}, "geometry": {"type": "LineString", "coordinates": [[135.11651, 34.67012], [135.11683, 34.67036]]}}, {"type": "Feature", "properties": {"l": 6, "c": 0, "t": 210, "x": "自転車", "a": 1}, "geometry": {"type": "LineString", "coordinates": [[135.07921, 34.68719], [135.07999, 34.68764], [135.08088, 34.6879]]}}, {"type": "Feature", "properties": {"l": 6, "c": 0, "t": 210, "x": "自転車", "a": 1}, "geometry": {"type": "LineString", "coordinates": [[135.08052, 34.6877], [135.08072, 34.68738]]}}, {"type": "Feature", "properties": {"l": 6, "c": 0, "t": 210, "x": "軽車両", "a": 1}, "geometry": {"type": "LineString", "coordinates": [[135.12825, 34.65555], [135.1272, 34.65466]]}}, {"type": "Feature", "properties": {"l": 6, "c": 0, "t": 210, "h": "6:00-24:00", "a": 0}, "geometry": {"type": "LineString", "coordinates": [[135.13385, 34.66206], [135.13299, 34.6615]]}}, {"type": "Feature", "properties": {"l": 6, "c": 0, "t": 210, "h": "6:00-24:00", "a": 0}, "geometry": {"type": "LineString", "coordinates": [[135.13311, 34.66031], [135.13461, 34.66124]]}}, {"type": "Feature", "properties": {"l": 6, "c": 0, "t": 210, "h": "6:00-24:00", "a": 0}, "geometry": {"type": "LineString", "coordinates": [[135.13259, 34.66192], [135.13404, 34.66042]]}}, {"type": "Feature", "properties": {"l": 6, "c": 0, "t": 210, "x": "軽車両", "h": "終日", "a": 1}, "geometry": {"type": "LineString", "coordinates": [[135.09977, 34.67432], [135.09956, 34.67537]]}}, {"type": "Feature", "properties": {"l": 6, "c": 0, "t": 210, "x": "軽車両", "h": "終日", "a": 1}, "geometry": {"type": "LineString", "coordinates": [[135.09779, 34.6647], [135.09767, 34.66507], [135.097, 34.66493], [135.09674, 34.66512]]}}, {"type": "Feature", "properties": {"l": 6, "c": 0, "t": 210, "x": "軽車両", "h": "終日", "a": 1}, "geometry": {"type": "LineString", "coordinates": [[135.0992, 34.66648], [135.09958, 34.66614]]}}, {"type": "Feature", "properties": {"l": 6, "c": 0, "t": 210, "x": "軽車両", "h": "終日", "a": 1}, "geometry": {"type": "LineString", "coordinates": [[135.0755, 34.68347], [135.07591, 34.68238], [135.07308, 34.68258], [135.06961, 34.68231]]}}, {"type": "Feature", "properties": {"l": 6, "c": 0, "t": 210, "x": "軽車両", "h": "終日", "a": 1}, "geometry": {"type": "LineString", "coordinates": [[135.09633, 34.69613], [135.09606, 34.69616], [135.09512, 34.69573]]}}, {"type": "Feature", "properties": {"l": 6, "c": 0, "t": 210, "x": "軽車両", "h": "17:00-19:00", "a": 0}, "geometry": {"type": "LineString", "coordinates": [[135.12225, 34.64892], [135.12154, 34.64979]]}}, {"type": "Feature", "properties": {"l": 6, "c": 0, "t": 210, "x": "軽車両", "h": "7:00-9:00", "a": 0}, "geometry": {"type": "LineString", "coordinates": [[135.08262, 34.63545], [135.08304, 34.63498], [135.08329, 34.63421]]}}, {"type": "Feature", "properties": {"l": 6, "c": 0, "t": 210, "x": "軽車両", "h": "7:00-9:00", "a": 0}, "geometry": {"type": "LineString", "coordinates": [[135.08403, 34.63406], [135.08168, 34.63349]]}}, {"type": "Feature", "properties": {"l": 6, "c": 0, "t": 210, "x": "軽車両", "h": "7:00-9:00", "a": 0}, "geometry": {"type": "LineString", "coordinates": [[135.08403, 34.63408], [135.08225, 34.63431]]}}, {"type": "Feature", "properties": {"l": 6, "c": 0, "t": 210, "x": "軽車両", "h": "7:00-19:00", "a": 0}, "geometry": {"type": "LineString", "coordinates": [[135.05553, 34.63203], [135.05524, 34.62964]]}}, {"type": "Feature", "properties": {"l": 6, "c": 0, "t": 210, "a": 1}, "geometry": {"type": "LineString", "coordinates": [[135.05917, 34.63752], [135.06027, 34.6386]]}}, {"type": "Feature", "properties": {"l": 6, "c": 0, "t": 210, "a": 1}, "geometry": {"type": "LineString", "coordinates": [[135.06027, 34.63865], [135.06007, 34.63873]]}}, {"type": "Feature", "properties": {"l": 6, "c": 0, "t": 210, "x": "軽車両", "h": "7:30-8:30", "a": 0}, "geometry": {"type": "LineString", "coordinates": [[135.06293, 34.65601], [135.06316, 34.65541], [135.0631, 34.65497], [135.06283, 34.65467], [135.0621, 34.65431], [135.06179, 34.65368], [135.06094, 34.65372], [135.05854, 34.65236], [135.05882, 34.65165], [135.05851, 34.65024]]}}, {"type": "Feature", "properties": {"l": 6, "c": 0, "t": 210, "x": "軽車両", "h": "7:00-19:00", "a": 0}, "geometry": {"type": "LineString", "coordinates": [[135.05313, 34.6303], [135.05327, 34.62961]]}}, {"type": "Feature", "properties": {"l": 6, "c": 0, "t": 210, "a": 1}, "geometry": {"type": "LineString", "coordinates": [[135.0656, 34.64678], [135.06521, 34.64692]]}}, {"type": "Feature", "properties": {"l": 6, "c": 0, "t": 210, "a": 1}, "geometry": {"type": "LineString", "coordinates": [[135.04669, 34.64727], [135.04708, 34.64719], [135.04657, 34.64551], [135.04571, 34.64484], [135.0435, 34.64376]]}}, {"type": "Feature", "properties": {"l": 6, "c": 0, "t": 210, "x": "軽車両", "h": "7:00-9:00 / 17:00-20:00", "a": 0}, "geometry": {"type": "LineString", "coordinates": [[135.06384, 34.62939], [135.06245, 34.62922], [135.06148, 34.62929]]}}, {"type": "Feature", "properties": {"l": 6, "c": 0, "t": 210, "x": "軽車両", "h": "7:00-9:00", "a": 0}, "geometry": {"type": "LineString", "coordinates": [[135.03826, 34.65292], [135.03861, 34.65379], [135.0392, 34.65421]]}}, {"type": "Feature", "properties": {"l": 6, "c": 0, "t": 210, "x": "軽車両", "h": "7:00-9:00", "a": 0}, "geometry": {"type": "LineString", "coordinates": [[135.0384, 34.65282], [135.03824, 34.6529], [135.03793, 34.65274], [135.03779, 34.65287]]}}, {"type": "Feature", "properties": {"l": 6, "c": 0, "t": 210, "x": "軽車両", "h": "7:00-19:00", "a": 0}, "geometry": {"type": "LineString", "coordinates": [[135.05431, 34.63203], [135.05432, 34.6299]]}}, {"type": "Feature", "properties": {"l": 6, "c": 0, "t": 210, "x": "軽車両", "h": "7:30-9:00", "a": 0}, "geometry": {"type": "LineString", "coordinates": [[135.07818, 34.63535], [135.07839, 34.63443], [135.07876, 34.63449], [135.07934, 34.63414], [135.07943, 34.63379], [135.07962, 34.6338]]}}, {"type": "Feature", "properties": {"l": 6, "c": 0, "t": 210, "x": "軽車両", "h": "7:30-9:00", "a": 0}, "geometry": {"type": "LineString", "coordinates": [[135.07666, 34.63595], [135.07714, 34.63537], [135.07714, 34.63476], [135.07828, 34.63467]]}}, {"type": "Feature", "properties": {"l": 6, "c": 0, "t": 210, "x": "軽車両", "a": 1}, "geometry": {"type": "LineString", "coordinates": [[135.02379, 34.64688], [135.02457, 34.64733]]}}, {"type": "Feature", "properties": {"l": 6, "c": 0, "t": 210, "x": "軽車両", "a": 1}, "geometry": {"type": "LineString", "coordinates": [[135.07913, 34.65858], [135.07896, 34.65717], [135.07841, 34.65677]]}}, {"type": "Feature", "properties": {"l": 6, "c": 0, "t": 210, "x": "軽車両", "h": "7:00-9:00 / 17:00-19:00", "a": 0}, "geometry": {"type": "LineString", "coordinates": [[135.039, 34.65967], [135.03939, 34.6591], [135.03975, 34.6591]]}}, {"type": "Feature", "properties": {"l": 6, "c": 0, "t": 210, "x": "軽車両", "h": "終日", "a": 1}, "geometry": {"type": "LineString", "coordinates": [[135.06851, 34.63577], [135.06843, 34.63627]]}}, {"type": "Feature", "properties": {"l": 6, "c": 0, "t": 210, "x": "軽車両", "h": "7:00-9:00", "a": 0}, "geometry": {"type": "LineString", "coordinates": [[135.05521, 34.62956], [135.05524, 34.62836]]}}, {"type": "Feature", "properties": {"l": 6, "c": 0, "t": 210, "h": "7:00-9:00", "a": 0}, "geometry": {"type": "LineString", "coordinates": [[135.07203, 34.65459], [135.07109, 34.65425], [135.07093, 34.65374], [135.07112, 34.65308]]}}, {"type": "Feature", "properties": {"l": 6, "c": 0, "t": 210, "x": "軽車両", "h": "7:00-19:00", "a": 0}, "geometry": {"type": "LineString", "coordinates": [[135.05213, 34.63043], [135.05311, 34.63033], [135.05426, 34.63079], [135.0553, 34.63087]]}}, {"type": "Feature", "properties": {"l": 6, "c": 0, "t": 210, "x": "軽車両", "h": "7:00-19:00", "a": 0}, "geometry": {"type": "LineString", "coordinates": [[135.05326, 34.62984], [135.0552, 34.6299]]}}, {"type": "Feature", "properties": {"l": 6, "c": 0, "t": 210, "x": "軽車両", "h": "終日", "a": 1}, "geometry": {"type": "LineString", "coordinates": [[135.06944, 34.67296], [135.06901, 34.6728], [135.06892, 34.67179], [135.06852, 34.67168]]}}, {"type": "Feature", "properties": {"l": 6, "c": 0, "t": 210, "x": "軽車両", "a": 1}, "geometry": {"type": "LineString", "coordinates": [[135.07707, 34.66848], [135.07665, 34.6674], [135.07592, 34.66703], [135.0759, 34.66673]]}}, {"type": "Feature", "properties": {"l": 6, "c": 0, "t": 210, "x": "軽車両", "h": "終日", "a": 1}, "geometry": {"type": "LineString", "coordinates": [[135.05152, 34.67529], [135.05209, 34.67526]]}}, {"type": "Feature", "properties": {"l": 6, "c": 0, "t": 210, "x": "軽車両", "h": "終日", "a": 1}, "geometry": {"type": "LineString", "coordinates": [[135.05168, 34.67528], [135.05159, 34.67494]]}}, {"type": "Feature", "properties": {"l": 6, "c": 0, "t": 210, "h": "終日", "a": 1}, "geometry": {"type": "LineString", "coordinates": [[135.06136, 34.64293], [135.06164, 34.64286]]}}, {"type": "Feature", "properties": {"l": 6, "c": 0, "t": 210, "x": "軽車両", "h": "終日", "a": 1}, "geometry": {"type": "LineString", "coordinates": [[135.03701, 34.65074], [135.03757, 34.65106], [135.03812, 34.65108]]}}, {"type": "Feature", "properties": {"l": 6, "c": 0, "t": 210, "x": "軽車両", "h": "終日", "a": 1}, "geometry": {"type": "LineString", "coordinates": [[135.19317, 34.68569], [135.1904, 34.68558]]}}, {"type": "Feature", "properties": {"l": 6, "c": 0, "t": 210, "x": "自転車", "h": "終日", "a": 1}, "geometry": {"type": "LineString", "coordinates": [[135.01814, 34.71732], [135.01756, 34.71724]]}}, {"type": "Feature", "properties": {"l": 6, "c": 0, "t": 210, "x": "自転車", "h": "終日", "a": 1}, "geometry": {"type": "LineString", "coordinates": [[135.01909, 34.7182], [135.01825, 34.71808]]}}, {"type": "Feature", "properties": {"l": 6, "c": 0, "t": 210, "x": "自転車", "h": "終日", "a": 1}, "geometry": {"type": "LineString", "coordinates": [[135.01745, 34.71756], [135.01767, 34.71634]]}}, {"type": "Feature", "properties": {"l": 6, "c": 0, "t": 210, "x": "自転車", "h": "終日", "a": 1}, "geometry": {"type": "LineString", "coordinates": [[135.02074, 34.71765], [135.01832, 34.71735]]}}, {"type": "Feature", "properties": {"l": 6, "c": 0, "t": 210, "x": "自転車", "h": "終日", "a": 1}, "geometry": {"type": "LineString", "coordinates": [[135.03423, 34.70204], [135.0324, 34.70081]]}}, {"type": "Feature", "properties": {"l": 6, "c": 0, "t": 210, "x": "自転車", "h": "終日", "a": 1}, "geometry": {"type": "LineString", "coordinates": [[135.0231, 34.69409], [135.02401, 34.69315]]}}, {"type": "Feature", "properties": {"l": 6, "c": 0, "t": 210, "x": "自転車", "h": "終日", "a": 1}, "geometry": {"type": "LineString", "coordinates": [[135.03431, 34.70204], [135.03509, 34.70119]]}}, {"type": "Feature", "properties": {"l": 6, "c": 0, "t": 210, "x": "自転車", "h": "終日", "a": 1}, "geometry": {"type": "LineString", "coordinates": [[135.03528, 34.70103], [135.03628, 34.70021]]}}, {"type": "Feature", "properties": {"l": 6, "c": 0, "t": 210, "x": "自転車", "h": "終日", "a": 1}, "geometry": {"type": "LineString", "coordinates": [[135.03494, 34.69922], [135.03755, 34.70171]]}}, {"type": "Feature", "properties": {"l": 6, "c": 0, "t": 210, "x": "自転車", "h": "終日", "a": 1}, "geometry": {"type": "LineString", "coordinates": [[135.02561, 34.69808], [135.02668, 34.69677], [135.02702, 34.69663]]}}, {"type": "Feature", "properties": {"l": 6, "c": 0, "t": 210, "x": "自転車", "h": "終日", "a": 1}, "geometry": {"type": "LineString", "coordinates": [[135.02612, 34.69738], [135.02557, 34.69594], [135.02471, 34.69522]]}}, {"type": "Feature", "properties": {"l": 6, "c": 0, "t": 210, "x": "自転車", "h": "終日", "a": 1}, "geometry": {"type": "LineString", "coordinates": [[134.99099, 34.70311], [134.99096, 34.70298]]}}, {"type": "Feature", "properties": {"l": 6, "c": 0, "t": 210, "x": "自転車", "h": "終日", "a": 1}, "geometry": {"type": "LineString", "coordinates": [[134.99095, 34.70291], [134.99092, 34.70277]]}}, {"type": "Feature", "properties": {"l": 6, "c": 0, "t": 210, "x": "自転車", "h": "終日", "a": 1}, "geometry": {"type": "LineString", "coordinates": [[134.99091, 34.7027], [134.99088, 34.70258]]}}, {"type": "Feature", "properties": {"l": 6, "c": 0, "t": 210, "x": "自転車", "h": "終日", "a": 1}, "geometry": {"type": "LineString", "coordinates": [[135.02606, 34.72445], [135.02522, 34.72434]]}}, {"type": "Feature", "properties": {"l": 6, "c": 0, "t": 210, "x": "自転車", "h": "終日", "a": 1}, "geometry": {"type": "LineString", "coordinates": [[135.02785, 34.72466], [135.02618, 34.72446]]}}, {"type": "Feature", "properties": {"l": 6, "c": 0, "t": 210, "x": "自転車", "h": "終日", "a": 1}, "geometry": {"type": "LineString", "coordinates": [[135.03046, 34.72392], [135.03098, 34.72472], [135.03042, 34.72497], [135.02795, 34.72466]]}}, {"type": "Feature", "properties": {"l": 6, "c": 0, "t": 210, "x": "自転車", "h": "終日", "a": 1}, "geometry": {"type": "LineString", "coordinates": [[135.03238, 34.72379], [135.03127, 34.72306]]}}, {"type": "Feature", "properties": {"l": 6, "c": 0, "t": 210, "x": "自転車", "h": "終日", "a": 1}, "geometry": {"type": "LineString", "coordinates": [[135.03466, 34.72292], [135.03415, 34.72259]]}}, {"type": "Feature", "properties": {"l": 6, "c": 0, "t": 210, "x": "自転車", "h": "終日", "a": 1}, "geometry": {"type": "LineString", "coordinates": [[135.03406, 34.72254], [135.03393, 34.72246]]}}, {"type": "Feature", "properties": {"l": 6, "c": 0, "t": 210, "x": "自転車", "h": "終日", "a": 1}, "geometry": {"type": "LineString", "coordinates": [[135.03374, 34.72234], [135.03264, 34.72161]]}}, {"type": "Feature", "properties": {"l": 6, "c": 0, "t": 210, "x": "自転車", "h": "終日", "a": 1}, "geometry": {"type": "LineString", "coordinates": [[135.03248, 34.72151], [135.03022, 34.72038]]}}, {"type": "Feature", "properties": {"l": 6, "c": 0, "t": 210, "x": "自転車", "h": "終日", "a": 1}, "geometry": {"type": "LineString", "coordinates": [[135.02992, 34.72023], [135.02977, 34.72016]]}}, {"type": "Feature", "properties": {"l": 6, "c": 0, "t": 210, "x": "自転車", "h": "終日", "a": 1}, "geometry": {"type": "LineString", "coordinates": [[135.02967, 34.7201], [135.02792, 34.71921]]}}, {"type": "Feature", "properties": {"l": 6, "c": 0, "t": 210, "x": "自転車", "h": "終日", "a": 1}, "geometry": {"type": "LineString", "coordinates": [[135.02888, 34.71968], [135.02896, 34.71957]]}}, {"type": "Feature", "properties": {"l": 6, "c": 0, "t": 210, "x": "自転車", "h": "終日", "a": 1}, "geometry": {"type": "LineString", "coordinates": [[135.02434, 34.72032], [135.02464, 34.71876]]}}, {"type": "Feature", "properties": {"l": 6, "c": 0, "t": 210, "x": "自転車", "h": "終日", "a": 1}, "geometry": {"type": "LineString", "coordinates": [[135.02684, 34.71892], [135.02687, 34.71876]]}}, {"type": "Feature", "properties": {"l": 6, "c": 0, "t": 210, "x": "自転車", "h": "終日", "a": 1}, "geometry": {"type": "LineString", "coordinates": [[135.02783, 34.71917], [135.02305, 34.71847]]}}, {"type": "Feature", "properties": {"l": 6, "c": 0, "t": 210, "x": "自転車", "h": "終日", "a": 1}, "geometry": {"type": "LineString", "coordinates": [[135.02287, 34.71845], [135.02096, 34.71821]]}}, {"type": "Feature", "properties": {"l": 6, "c": 0, "t": 210, "x": "自転車", "h": "終日", "a": 1}, "geometry": {"type": "LineString", "coordinates": [[135.02355, 34.71704], [135.02347, 34.71692]]}}, {"type": "Feature", "properties": {"l": 6, "c": 0, "t": 210, "x": "自転車", "h": "終日", "a": 1}, "geometry": {"type": "LineString", "coordinates": [[135.02342, 34.71684], [135.02329, 34.71665], [135.0228, 34.71659]]}}, {"type": "Feature", "properties": {"l": 6, "c": 0, "t": 210, "x": "自転車", "h": "終日", "a": 1}, "geometry": {"type": "LineString", "coordinates": [[135.02275, 34.71658], [135.02154, 34.71643]]}}, {"type": "Feature", "properties": {"l": 6, "c": 0, "t": 210, "x": "自転車", "h": "終日", "a": 1}, "geometry": {"type": "LineString", "coordinates": [[135.02144, 34.71642], [135.02127, 34.7164]]}}, {"type": "Feature", "properties": {"l": 6, "c": 0, "t": 210, "x": "自転車", "h": "終日", "a": 1}, "geometry": {"type": "LineString", "coordinates": [[135.02499, 34.72222], [135.02245, 34.7219]]}}, {"type": "Feature", "properties": {"l": 6, "c": 0, "t": 210, "x": "自転車", "h": "終日", "a": 1}, "geometry": {"type": "LineString", "coordinates": [[135.02638, 34.7224], [135.02512, 34.72224]]}}, {"type": "Feature", "properties": {"l": 6, "c": 0, "t": 210, "x": "自転車", "h": "終日", "a": 1}, "geometry": {"type": "LineString", "coordinates": [[135.02674, 34.72244], [135.02659, 34.72242]]}}, {"type": "Feature", "properties": {"l": 6, "c": 0, "t": 210, "x": "自転車", "h": "終日", "a": 1}, "geometry": {"type": "LineString", "coordinates": [[135.02824, 34.72261], [135.02684, 34.72245]]}}, {"type": "Feature", "properties": {"l": 6, "c": 0, "t": 210, "x": "自転車", "h": "終日", "a": 1}, "geometry": {"type": "LineString", "coordinates": [[135.02928, 34.72266], [135.02835, 34.72263]]}}, {"type": "Feature", "properties": {"l": 6, "c": 0, "t": 210, "x": "自転車", "h": "終日", "a": 1}, "geometry": {"type": "LineString", "coordinates": [[135.02994, 34.72228], [135.02937, 34.72264]]}}, {"type": "Feature", "properties": {"l": 6, "c": 0, "t": 210, "x": "自転車", "h": "終日", "a": 1}, "geometry": {"type": "LineString", "coordinates": [[135.03, 34.72221], [135.03111, 34.72086]]}}, {"type": "Feature", "properties": {"l": 6, "c": 0, "t": 210, "x": "自転車", "h": "終日", "a": 1}, "geometry": {"type": "LineString", "coordinates": [[135.025, 34.72117], [135.02508, 34.72064]]}}, {"type": "Feature", "properties": {"l": 6, "c": 0, "t": 210, "x": "自転車", "h": "終日", "a": 1}, "geometry": {"type": "LineString", "coordinates": [[135.0157, 34.72104], [135.01488, 34.72076]]}}, {"type": "Feature", "properties": {"l": 6, "c": 0, "t": 210, "x": "自転車", "h": "終日", "a": 1}, "geometry": {"type": "LineString", "coordinates": [[135.01468, 34.7207], [135.01433, 34.72064], [135.01296, 34.72091], [135.01247, 34.72073]]}}, {"type": "Feature", "properties": {"l": 6, "c": 0, "t": 210, "x": "自転車", "h": "終日", "a": 1}, "geometry": {"type": "LineString", "coordinates": [[135.01085, 34.72216], [135.01073, 34.72207]]}}, {"type": "Feature", "properties": {"l": 6, "c": 0, "t": 210, "x": "自転車", "h": "終日", "a": 1}, "geometry": {"type": "LineString", "coordinates": [[135.01065, 34.72202], [135.00954, 34.72125]]}}, {"type": "Feature", "properties": {"l": 6, "c": 0, "t": 210, "x": "自転車", "h": "終日", "a": 1}, "geometry": {"type": "LineString", "coordinates": [[135.00943, 34.72117], [135.00847, 34.72062]]}}, {"type": "Feature", "properties": {"l": 6, "c": 0, "t": 210, "x": "自転車", "h": "終日", "a": 1}, "geometry": {"type": "LineString", "coordinates": [[135.00838, 34.72057], [135.00718, 34.7199]]}}, {"type": "Feature", "properties": {"l": 6, "c": 0, "t": 210, "x": "自転車", "h": "終日", "a": 1}, "geometry": {"type": "LineString", "coordinates": [[135.00708, 34.71984], [135.00679, 34.71969]]}}, {"type": "Feature", "properties": {"l": 6, "c": 0, "t": 210, "x": "自転車", "h": "終日", "a": 1}, "geometry": {"type": "LineString", "coordinates": [[135.01207, 34.72072], [135.01228, 34.72063], [135.01092, 34.71991]]}}, {"type": "Feature", "properties": {"l": 6, "c": 0, "t": 210, "x": "自転車", "h": "終日", "a": 1}, "geometry": {"type": "LineString", "coordinates": [[135.01082, 34.71987], [135.0096, 34.71918]]}}, {"type": "Feature", "properties": {"l": 6, "c": 0, "t": 210, "x": "自転車", "h": "終日", "a": 1}, "geometry": {"type": "LineString", "coordinates": [[135.00953, 34.71915], [135.00828, 34.71849]]}}, {"type": "Feature", "properties": {"l": 6, "c": 0, "t": 210, "x": "自転車", "h": "終日", "a": 1}, "geometry": {"type": "LineString", "coordinates": [[135.00817, 34.71843], [135.00676, 34.71765]]}}, {"type": "Feature", "properties": {"l": 6, "c": 0, "t": 210, "x": "自転車", "h": "終日", "a": 1}, "geometry": {"type": "LineString", "coordinates": [[135.00974, 34.715], [135.01074, 34.7138]]}}, {"type": "Feature", "properties": {"l": 6, "c": 0, "t": 210, "x": "自転車", "h": "終日", "a": 1}, "geometry": {"type": "LineString", "coordinates": [[135.0085, 34.71608], [135.00968, 34.71508]]}}, {"type": "Feature", "properties": {"l": 6, "c": 0, "t": 210, "x": "自転車", "h": "終日", "a": 1}, "geometry": {"type": "LineString", "coordinates": [[135.00919, 34.71572], [135.00894, 34.71551]]}}, {"type": "Feature", "properties": {"l": 6, "c": 0, "t": 210, "x": "自転車", "h": "終日", "a": 1}, "geometry": {"type": "LineString", "coordinates": [[135.01031, 34.71463], [135.01018, 34.71456]]}}, {"type": "Feature", "properties": {"l": 6, "c": 0, "t": 210, "x": "自転車", "h": "終日", "a": 1}, "geometry": {"type": "LineString", "coordinates": [[135.01088, 34.71362], [135.01252, 34.71159]]}}, {"type": "Feature", "properties": {"l": 6, "c": 0, "t": 210, "x": "自転車", "h": "終日", "a": 1}, "geometry": {"type": "LineString", "coordinates": [[135.00783, 34.71662], [135.00832, 34.71622]]}}, {"type": "Feature", "properties": {"l": 6, "c": 0, "t": 210, "x": "自転車", "h": "終日", "a": 1}, "geometry": {"type": "LineString", "coordinates": [[135.00664, 34.71776], [135.00775, 34.71669]]}}, {"type": "Feature", "properties": {"l": 6, "c": 0, "t": 210, "x": "自転車", "h": "終日", "a": 1}, "geometry": {"type": "LineString", "coordinates": [[135.00622, 34.71825], [135.00653, 34.71786]]}}, {"type": "Feature", "properties": {"l": 6, "c": 0, "t": 210, "x": "自転車", "h": "終日", "a": 1}, "geometry": {"type": "LineString", "coordinates": [[135.00499, 34.71982], [135.00609, 34.71842]]}}, {"type": "Feature", "properties": {"l": 6, "c": 0, "t": 210, "x": "自転車", "h": "終日", "a": 1}, "geometry": {"type": "LineString", "coordinates": [[135.01492, 34.71438], [135.01475, 34.71429]]}}, {"type": "Feature", "properties": {"l": 6, "c": 0, "t": 210, "x": "自転車", "h": "終日", "a": 1}, "geometry": {"type": "LineString", "coordinates": [[135.01468, 34.71426], [135.01119, 34.71234]]}}, {"type": "Feature", "properties": {"l": 6, "c": 0, "t": 210, "x": "自転車", "h": "終日", "a": 1}, "geometry": {"type": "LineString", "coordinates": [[135.01315, 34.71364], [135.01336, 34.71338]]}}, {"type": "Feature", "properties": {"l": 6, "c": 0, "t": 210, "x": "自転車", "h": "終日", "a": 1}, "geometry": {"type": "LineString", "coordinates": [[135.00181, 34.71357], [135.00342, 34.71223]]}}, {"type": "Feature", "properties": {"l": 6, "c": 0, "t": 210, "x": "自転車", "h": "終日", "a": 1}, "geometry": {"type": "LineString", "coordinates": [[135.00164, 34.71371], [135.00174, 34.71363]]}}, {"type": "Feature", "properties": {"l": 6, "c": 0, "t": 210, "x": "自転車", "h": "終日", "a": 1}, "geometry": {"type": "LineString", "coordinates": [[135.00254, 34.71318], [135.00228, 34.71296]]}}, {"type": "Feature", "properties": {"l": 6, "c": 0, "t": 210, "x": "自転車", "h": "終日", "a": 1}, "geometry": {"type": "LineString", "coordinates": [[135.00592, 34.70809], [135.00524, 34.70848]]}}, {"type": "Feature", "properties": {"l": 6, "c": 0, "t": 210, "x": "自転車", "h": "終日", "a": 1}, "geometry": {"type": "LineString", "coordinates": [[135.00228, 34.70724], [135.00353, 34.70623]]}}, {"type": "Feature", "properties": {"l": 6, "c": 0, "t": 210, "x": "自転車", "h": "終日", "a": 1}, "geometry": {"type": "LineString", "coordinates": [[135.00393, 34.70967], [135.00254, 34.70867]]}}, {"type": "Feature", "properties": {"l": 6, "c": 0, "t": 210, "x": "自転車", "h": "終日", "a": 1}, "geometry": {"type": "LineString", "coordinates": [[135.0024, 34.70858], [135.00162, 34.70804]]}}, {"type": "Feature", "properties": {"l": 6, "c": 0, "t": 210, "x": "自転車", "h": "終日", "a": 1}, "geometry": {"type": "LineString", "coordinates": [[134.99973, 34.70884], [135.00158, 34.70795], [135.0021, 34.7074]]}}, {"type": "Feature", "properties": {"l": 6, "c": 0, "t": 210, "x": "自転車", "h": "終日", "a": 1}, "geometry": {"type": "LineString", "coordinates": [[135.00002, 34.71262], [135.00013, 34.7125], [134.99922, 34.71017]]}}, {"type": "Feature", "properties": {"l": 6, "c": 0, "t": 210, "x": "自転車", "h": "終日", "a": 1}, "geometry": {"type": "LineString", "coordinates": [[134.99977, 34.71103], [134.99934, 34.71114]]}}, {"type": "Feature", "properties": {"l": 6, "c": 0, "t": 210, "x": "自転車", "h": "終日", "a": 1}, "geometry": {"type": "LineString", "coordinates": [[134.99919, 34.71009], [134.99883, 34.70912]]}}, {"type": "Feature", "properties": {"l": 6, "c": 0, "t": 210, "x": "自転車", "h": "終日", "a": 1}, "geometry": {"type": "LineString", "coordinates": [[134.99951, 34.70897], [134.99674, 34.70946]]}}, {"type": "Feature", "properties": {"l": 6, "c": 0, "t": 210, "x": "自転車", "h": "終日", "a": 1}, "geometry": {"type": "LineString", "coordinates": [[135.02482, 34.72215], [135.02498, 34.72125]]}}, {"type": "Feature", "properties": {"l": 6, "c": 0, "t": 210, "x": "自転車", "h": "終日", "a": 1}, "geometry": {"type": "LineString", "coordinates": [[135.0221, 34.66189], [135.02198, 34.66164]]}}, {"type": "Feature", "properties": {"l": 6, "c": 0, "t": 210, "x": "軽車両", "h": "終日", "a": 1}, "geometry": {"type": "LineString", "coordinates": [[135.06958, 34.68226], [135.06971, 34.68105]]}}, {"type": "Feature", "properties": {"l": 6, "c": 0, "t": 210, "x": "軽車両", "h": "終日", "a": 1}, "geometry": {"type": "LineString", "coordinates": [[135.06378, 34.68524], [135.06369, 34.6836]]}}, {"type": "Feature", "properties": {"l": 6, "c": 0, "t": 210, "x": "軽車両", "h": "終日", "a": 1}, "geometry": {"type": "LineString", "coordinates": [[135.06742, 34.68209], [135.06378, 34.68167], [135.05873, 34.68191]]}}, {"type": "Feature", "properties": {"l": 6, "c": 0, "t": 210, "x": "自転車", "h": "終日", "a": 1}, "geometry": {"type": "LineString", "coordinates": [[135.04523, 34.68688], [135.04546, 34.68667]]}}, {"type": "Feature", "properties": {"l": 6, "c": 0, "t": 210, "x": "軽車両", "h": "終日", "a": 1}, "geometry": {"type": "LineString", "coordinates": [[135.05211, 34.67526], [135.05313, 34.67618]]}}, {"type": "Feature", "properties": {"l": 6, "c": 0, "t": 210, "x": "軽車両", "h": "終日", "a": 1}, "geometry": {"type": "LineString", "coordinates": [[135.0703, 34.6794], [135.07076, 34.6794], [135.071, 34.67864]]}}, {"type": "Feature", "properties": {"l": 6, "c": 0, "t": 210, "x": "軽車両", "h": "終日", "d": "禁止道路に進入する右折、左折、直進を禁止する。", "a": 1}, "geometry": {"type": "LineString", "coordinates": [[135.06024, 34.74852], [135.05436, 34.74562]]}}, {"type": "Feature", "properties": {"l": 6, "c": 0, "t": 210, "x": "軽車両", "h": "終日", "d": "禁止道路に進入する右折、左折、直進を禁止する。", "a": 1}, "geometry": {"type": "LineString", "coordinates": [[135.06207, 34.74608], [135.06487, 34.74216]]}}, {"type": "Feature", "properties": {"l": 6, "c": 0, "t": 210, "x": "軽車両", "h": "終日", "d": "禁止道路に進入する右折、左折、直進を禁止する。", "a": 1}, "geometry": {"type": "LineString", "coordinates": [[135.05653, 34.68547], [135.05643, 34.68347]]}}, {"type": "Feature", "properties": {"l": 6, "c": 0, "t": 210, "x": "軽車両", "h": "終日", "d": "禁止道路に進入する右折、左折、直進を禁止する。", "a": 1}, "geometry": {"type": "LineString", "coordinates": [[135.05272, 34.6856], [135.0529, 34.68494], [135.0534, 34.68455], [135.05507, 34.68387], [135.05678, 34.68376]]}}, {"type": "Feature", "properties": {"l": 6, "c": 0, "t": 210, "x": "軽車両", "h": "終日", "d": "禁止道路に進入する右折、左折、直進を禁止する。", "a": 1}, "geometry": {"type": "LineString", "coordinates": [[135.05386, 34.6843], [135.05315, 34.68317], [135.05286, 34.68257], [135.05307, 34.68251], [135.05262, 34.68176]]}}, {"type": "Feature", "properties": {"l": 6, "c": 0, "t": 210, "x": "軽車両", "h": "終日", "d": "禁止道路に進入する右折、左折、直進を禁止する。", "a": 1}, "geometry": {"type": "LineString", "coordinates": [[135.05619, 34.68109], [135.0543, 34.68123], [135.05264, 34.68172]]}}, {"type": "Feature", "properties": {"l": 6, "c": 0, "t": 210, "x": "軽車両", "h": "終日", "a": 1}, "geometry": {"type": "LineString", "coordinates": [[135.06369, 34.68341], [135.06372, 34.68024], [135.06501, 34.68051], [135.06551, 34.68024]]}}, {"type": "Feature", "properties": {"l": 6, "c": 0, "t": 210, "x": "軽車両", "h": "終日", "a": 1}, "geometry": {"type": "LineString", "coordinates": [[135.06748, 34.68137], [135.0638, 34.681], [135.05871, 34.68094]]}}, {"type": "Feature", "properties": {"l": 6, "c": 0, "t": 210, "x": "軽車両", "h": "終日", "a": 1}, "geometry": {"type": "LineString", "coordinates": [[135.06554, 34.68335], [135.06547, 34.68186]]}}, {"type": "Feature", "properties": {"l": 6, "c": 0, "t": 210, "x": "軽車両", "h": "終日", "a": 1}, "geometry": {"type": "LineString", "coordinates": [[135.07093, 34.68205], [135.06785, 34.68141]]}}, {"type": "Feature", "properties": {"l": 6, "c": 0, "t": 210, "x": "軽車両", "h": "終日", "a": 1}, "geometry": {"type": "LineString", "coordinates": [[135.06112, 34.74032], [135.05517, 34.74869]]}}, {"type": "Feature", "properties": {"l": 6, "c": 0, "t": 210, "x": "軽車両", "h": "終日", "a": 1}, "geometry": {"type": "LineString", "coordinates": [[135.05589, 34.74718], [135.05637, 34.74741]]}}, {"type": "Feature", "properties": {"l": 6, "c": 0, "t": 210, "x": "軽車両", "h": "終日", "a": 1}, "geometry": {"type": "LineString", "coordinates": [[135.06681, 34.74572], [135.05751, 34.74121]]}}, {"type": "Feature", "properties": {"l": 6, "c": 0, "t": 210, "x": "軽車両", "h": "終日", "a": 1}, "geometry": {"type": "LineString", "coordinates": [[135.05624, 34.68206], [135.05393, 34.68224], [135.05007, 34.68347]]}}, {"type": "Feature", "properties": {"l": 6, "c": 0, "t": 210, "x": "軽車両", "a": 1}, "geometry": {"type": "LineString", "coordinates": [[135.21779, 34.83559], [135.21818, 34.83511]]}}, {"type": "Feature", "properties": {"l": 6, "c": 0, "t": 210, "x": "軽車両", "h": "終日", "a": 1}, "geometry": {"type": "LineString", "coordinates": [[135.21795, 34.8372], [135.21631, 34.83641]]}}, {"type": "Feature", "properties": {"l": 6, "c": 0, "t": 210, "x": "軽車両", "h": "終日", "a": 1}, "geometry": {"type": "LineString", "coordinates": [[135.21775, 34.83732], [135.21797, 34.83704]]}}, {"type": "Feature", "properties": {"l": 6, "c": 0, "t": 210, "x": "軽車両", "h": "終日", "a": 1}, "geometry": {"type": "LineString", "coordinates": [[135.21622, 34.83651], [135.21644, 34.83623]]}}, {"type": "Feature", "properties": {"l": 6, "c": 0, "t": 210, "x": "軽車両", "h": "終日", "a": 1}, "geometry": {"type": "LineString", "coordinates": [[135.20969, 34.85356], [135.21198, 34.8523]]}}, {"type": "Feature", "properties": {"l": 6, "c": 0, "t": 210, "x": "軽車両", "h": "終日", "a": 1}, "geometry": {"type": "LineString", "coordinates": [[135.21234, 34.85507], [135.21189, 34.85254], [135.21121, 34.85149]]}}, {"type": "Feature", "properties": {"l": 6, "c": 0, "t": 210, "x": "軽車両", "h": "終日", "a": 1}, "geometry": {"type": "LineString", "coordinates": [[135.21152, 34.85304], [135.21194, 34.85303]]}}, {"type": "Feature", "properties": {"l": 6, "c": 0, "t": 210, "x": "軽車両", "h": "終日", "a": 1}, "geometry": {"type": "LineString", "coordinates": [[135.21448, 34.85563], [135.215, 34.8549], [135.21451, 34.85363], [135.21371, 34.85383], [135.21202, 34.85321]]}}, {"type": "Feature", "properties": {"l": 6, "c": 0, "t": 210, "x": "軽車両", "h": "終日", "a": 1}, "geometry": {"type": "LineString", "coordinates": [[135.22293, 34.85541], [135.22299, 34.85508]]}}, {"type": "Feature", "properties": {"l": 6, "c": 0, "t": 210, "x": "軽車両", "h": "終日", "a": 1}, "geometry": {"type": "LineString", "coordinates": [[135.2252, 34.85509], [135.22516, 34.85479]]}}, {"type": "Feature", "properties": {"l": 6, "c": 0, "t": 210, "x": "軽車両", "h": "終日", "a": 1}, "geometry": {"type": "LineString", "coordinates": [[135.21597, 34.84856], [135.21576, 34.84862]]}}, {"type": "Feature", "properties": {"l": 6, "c": 0, "t": 210, "x": "軽車両", "h": "終日", "a": 1}, "geometry": {"type": "LineString", "coordinates": [[135.19558, 34.86512], [135.19389, 34.86512]]}}, {"type": "Feature", "properties": {"l": 6, "c": 0, "t": 210, "x": "軽車両", "h": "終日", "a": 1}, "geometry": {"type": "LineString", "coordinates": [[135.22248, 34.8592], [135.22274, 34.85898]]}}, {"type": "Feature", "properties": {"l": 6, "c": 0, "t": 210, "x": "軽車両", "h": "終日", "a": 1}, "geometry": {"type": "LineString", "coordinates": [[135.22206, 34.85609], [135.22223, 34.85584]]}}, {"type": "Feature", "properties": {"l": 6, "c": 0, "t": 210, "x": "軽車両", "h": "終日", "a": 1}, "geometry": {"type": "LineString", "coordinates": [[135.22291, 34.8565], [135.22274, 34.85641]]}}, {"type": "Feature", "properties": {"l": 6, "c": 0, "t": 210, "x": "軽車両", "h": "終日", "a": 1}, "geometry": {"type": "LineString", "coordinates": [[135.2233, 34.85666], [135.2234, 34.85604]]}}, {"type": "Feature", "properties": {"l": 6, "c": 0, "t": 210, "x": "軽車両", "h": "終日", "a": 1}, "geometry": {"type": "LineString", "coordinates": [[135.22129, 34.85569], [135.22116, 34.85526]]}}, {"type": "Feature", "properties": {"l": 6, "c": 0, "t": 210, "x": "軽車両", "h": "終日", "a": 1}, "geometry": {"type": "LineString", "coordinates": [[135.2212, 34.85642], [135.22098, 34.85568]]}}, {"type": "Feature", "properties": {"l": 6, "c": 0, "t": 210, "x": "軽車両", "h": "終日", "a": 1}, "geometry": {"type": "LineString", "coordinates": [[135.22161, 34.85743], [135.22094, 34.85682]]}}, {"type": "Feature", "properties": {"l": 6, "c": 0, "t": 210, "x": "軽車両", "h": "終日", "a": 1}, "geometry": {"type": "LineString", "coordinates": [[135.22159, 34.85774], [135.22171, 34.85735]]}}, {"type": "Feature", "properties": {"l": 6, "c": 0, "t": 210, "x": "軽車両", "h": "終日", "a": 1}, "geometry": {"type": "LineString", "coordinates": [[135.22036, 34.85451], [135.2201, 34.85355]]}}, {"type": "Feature", "properties": {"l": 6, "c": 0, "t": 210, "x": "軽車両", "h": "終日", "a": 1}, "geometry": {"type": "LineString", "coordinates": [[135.21999, 34.85529], [135.22022, 34.85517]]}}, {"type": "Feature", "properties": {"l": 6, "c": 0, "t": 210, "x": "軽車両", "h": "終日", "a": 1}, "geometry": {"type": "LineString", "coordinates": [[135.22084, 34.85523], [135.22062, 34.85454]]}}, {"type": "Feature", "properties": {"l": 6, "c": 0, "t": 210, "x": "軽車両", "h": "終日", "a": 1}, "geometry": {"type": "LineString", "coordinates": [[135.22107, 34.85498], [135.22096, 34.85461]]}}, {"type": "Feature", "properties": {"l": 6, "c": 0, "t": 210, "x": "軽車両", "h": "終日", "a": 1}, "geometry": {"type": "LineString", "coordinates": [[135.2159, 34.84885], [135.21635, 34.84874]]}}, {"type": "Feature", "properties": {"l": 6, "c": 0, "t": 210, "x": "軽車両", "h": "終日", "a": 1}, "geometry": {"type": "LineString", "coordinates": [[135.227, 34.85474], [135.22699, 34.85451]]}}, {"type": "Feature", "properties": {"l": 6, "c": 0, "t": 210, "x": "軽車両", "h": "終日", "a": 1}, "geometry": {"type": "LineString", "coordinates": [[135.21826, 34.85159], [135.21729, 34.85094]]}}, {"type": "Feature", "properties": {"l": 6, "c": 0, "t": 210, "x": "軽車両", "h": "終日", "a": 1}, "geometry": {"type": "LineString", "coordinates": [[135.22123, 34.85328], [135.2212, 34.85296]]}}, {"type": "Feature", "properties": {"l": 6, "c": 0, "t": 210, "x": "自転車", "a": 1}, "geometry": {"type": "LineString", "coordinates": [[135.15109, 34.75384], [135.15159, 34.75389], [135.15153, 34.75422], [135.15192, 34.75449], [135.15202, 34.755], [135.1526, 34.75538], [135.15288, 34.75532], [135.15457, 34.75615], [135.15533, 34.75668]]}}, {"type": "Feature", "properties": {"l": 6, "c": 0, "t": 210, "x": "軽車両", "h": "7:00-19:00", "a": 0}, "geometry": {"type": "LineString", "coordinates": [[135.14578, 34.72557], [135.14594, 34.72437]]}}, {"type": "Feature", "properties": {"l": 6, "c": 0, "t": 210, "x": "軽車両", "h": "7:30-9:00", "a": 0}, "geometry": {"type": "LineString", "coordinates": [[135.14613, 34.72354], [135.14628, 34.72106]]}}, {"type": "Feature", "properties": {"l": 6, "c": 0, "t": 210, "x": "軽車両", "a": 1}, "geometry": {"type": "LineString", "coordinates": [[135.14694, 34.72902], [135.14664, 34.7275]]}}, {"type": "Feature", "properties": {"l": 6, "c": 0, "t": 210, "a": 1}, "geometry": {"type": "LineString", "coordinates": [[135.14843, 34.76836], [135.14853, 34.76861], [135.14955, 34.76912], [135.14939, 34.76993], [135.14978, 34.7703], [135.1523, 34.77024], [135.15233, 34.7705], [135.15196, 34.77114], [135.15212, 34.77126], [135.15252, 34.77111], [135.15283, 34.77132], [135.15269, 34.77181], [135.15285, 34.77288], [135.15317, 34.77362], [135.15375, 34.7741], [135.15482, 34.77452], [135.15503, 34.775], [135.15545, 34.77517], [135.15614, 34.77587], [135.15664, 34.77603], [135.15733, 34.77662], [135.15844, 34.77676]]}}, {"type": "Feature", "properties": {"l": 6, "c": 0, "t": 210, "h": "終日", "a": 1}, "geometry": {"type": "LineString", "coordinates": [[135.17262, 34.76222], [135.17303, 34.76228]]}}, {"type": "Feature", "properties": {"l": 6, "c": 0, "t": 210, "x": "軽車両", "h": "終日", "a": 1}, "geometry": {"type": "LineString", "coordinates": [[135.15628, 34.76179], [135.15796, 34.76178]]}}, {"type": "Feature", "properties": {"l": 6, "c": 0, "t": 210, "x": "軽車両", "h": "終日", "a": 1}, "geometry": {"type": "LineString", "coordinates": [[135.14743, 34.73888], [135.14682, 34.73885], [135.14669, 34.7387]]}}, {"type": "Feature", "properties": {"l": 6, "c": 5, "t": 210, "a": 1}, "geometry": {"type": "LineString", "coordinates": [[135.29432, 34.73195], [135.29476, 34.73205]]}}, {"type": "Feature", "properties": {"l": 6, "c": 5, "t": 210, "x": "軽車両", "a": 1}, "geometry": {"type": "LineString", "coordinates": [[135.30712, 34.73573], [135.30731, 34.7353]]}}, {"type": "Feature", "properties": {"l": 6, "c": 5, "t": 210, "x": "自転車", "d": "本規制の効力は、道路標識等の設置（撤去）をもって発生（消滅）するものとする。", "a": 1}, "geometry": {"type": "LineString", "coordinates": [[135.31459, 34.72332], [135.31599, 34.7186], [135.31558, 34.71852], [135.31605, 34.71691], [135.316, 34.71665], [135.31535, 34.71651], [135.31606, 34.71633], [135.3167, 34.71412], [135.31648, 34.71371], [135.31673, 34.71251]]}}, {"type": "Feature", "properties": {"l": 6, "c": 5, "t": 210, "h": "終日", "a": 1}, "geometry": {"type": "LineString", "coordinates": [[135.31471, 34.72337], [135.31493, 34.72262]]}}, {"type": "Feature", "properties": {"l": 6, "c": 1, "t": 210, "x": "軽車両", "h": "終日", "a": 1}, "geometry": {"type": "LineString", "coordinates": [[135.36547, 34.74476], [135.36586, 34.74476]]}}, {"type": "Feature", "properties": {"l": 6, "c": 1, "t": 210, "x": "軽車両", "a": 1}, "geometry": {"type": "LineString", "coordinates": [[135.37346, 34.74593], [135.37364, 34.74515]]}}, {"type": "Feature", "properties": {"l": 6, "c": 1, "t": 210, "x": "軽車両", "h": "10:00-17:00", "a": 0}, "geometry": {"type": "LineString", "coordinates": [[135.35714, 34.72467], [135.35542, 34.72309]]}}, {"type": "Feature", "properties": {"l": 6, "c": 1, "t": 210, "h": "終日", "a": 1}, "geometry": {"type": "LineString", "coordinates": [[135.36608, 34.76252], [135.36635, 34.76236]]}}, {"type": "Feature", "properties": {"l": 6, "c": 1, "t": 210, "x": "軽車両", "a": 1}, "geometry": {"type": "LineString", "coordinates": [[135.32992, 34.75311], [135.33065, 34.75315]]}}, {"type": "Feature", "properties": {"l": 6, "c": 1, "t": 210, "x": "軽車両", "h": "8:00-9:00", "a": 0}, "geometry": {"type": "LineString", "coordinates": [[135.32666, 34.73149], [135.32792, 34.73156]]}}, {"type": "Feature", "properties": {"l": 6, "c": 1, "t": 210, "x": "軽車両", "h": "終日", "a": 1}, "geometry": {"type": "LineString", "coordinates": [[135.32367, 34.74076], [135.32414, 34.74058]]}}, {"type": "Feature", "properties": {"l": 6, "c": 1, "t": 210, "x": "軽車両", "a": 1}, "geometry": {"type": "LineString", "coordinates": [[135.35508, 34.74061], [135.35508, 34.73998]]}}, {"type": "Feature", "properties": {"l": 6, "c": 1, "t": 210, "x": "軽車両", "a": 1}, "geometry": {"type": "LineString", "coordinates": [[135.35692, 34.74254], [135.35727, 34.74255]]}}, {"type": "Feature", "properties": {"l": 6, "c": 1, "t": 210, "x": "軽車両", "a": 1}, "geometry": {"type": "LineString", "coordinates": [[135.3569, 34.74237], [135.3572, 34.74238]]}}, {"type": "Feature", "properties": {"l": 6, "c": 1, "t": 210, "x": "軽車両", "a": 1}, "geometry": {"type": "LineString", "coordinates": [[135.33764, 34.72826], [135.33743, 34.72734]]}}, {"type": "Feature", "properties": {"l": 6, "c": 1, "t": 210, "a": 1}, "geometry": {"type": "LineString", "coordinates": [[135.35722, 34.72671], [135.35669, 34.72705], [135.35678, 34.72713], [135.35727, 34.72677]]}}, {"type": "Feature", "properties": {"l": 6, "c": 1, "t": 210, "x": "軽車両", "a": 1}, "geometry": {"type": "LineString", "coordinates": [[135.31661, 34.76446], [135.31587, 34.76467]]}}, {"type": "Feature", "properties": {"l": 6, "c": 1, "t": 210, "x": "軽車両", "a": 1}, "geometry": {"type": "LineString", "coordinates": [[135.3527, 34.75253], [135.35274, 34.75195]]}}, {"type": "Feature", "properties": {"l": 6, "c": 1, "t": 210, "x": "軽車両", "a": 1}, "geometry": {"type": "LineString", "coordinates": [[135.32884, 34.73416], [135.32875, 34.7355]]}}, {"type": "Feature", "properties": {"l": 6, "c": 1, "t": 210, "x": "軽車両", "a": 1}, "geometry": {"type": "LineString", "coordinates": [[135.32837, 34.73439], [135.32881, 34.73446]]}}, {"type": "Feature", "properties": {"l": 6, "c": 1, "t": 210, "x": "軽車両", "h": "終日", "a": 1}, "geometry": {"type": "LineString", "coordinates": [[135.32902, 34.73754], [135.32927, 34.73651], [135.3294, 34.73425]]}}, {"type": "Feature", "properties": {"l": 6, "c": 1, "t": 210, "x": "軽車両", "h": "終日", "a": 1}, "geometry": {"type": "LineString", "coordinates": [[135.33372, 34.72311], [135.33355, 34.72269], [135.33448, 34.72205], [135.33451, 34.72133], [135.33422, 34.72067]]}}, {"type": "Feature", "properties": {"l": 6, "c": 1, "t": 210, "h": "終日", "a": 1}, "geometry": {"type": "LineString", "coordinates": [[135.35848, 34.74661], [135.35781, 34.74576]]}}, {"type": "Feature", "properties": {"l": 6, "c": 1, "t": 210, "x": "軽車両", "a": 1}, "geometry": {"type": "LineString", "coordinates": [[135.33718, 34.73614], [135.33716, 34.7358]]}}, {"type": "Feature", "properties": {"l": 6, "c": 1, "t": 210, "x": "軽車両", "h": "終日", "a": 1}, "geometry": {"type": "LineString", "coordinates": [[135.35529, 34.74805], [135.35518, 34.74708]]}}, {"type": "Feature", "properties": {"l": 6, "c": 1, "t": 210, "x": "軽車両", "h": "終日", "a": 1}, "geometry": {"type": "LineString", "coordinates": [[135.35527, 34.74844], [135.35526, 34.74862]]}}, {"type": "Feature", "properties": {"l": 6, "c": 1, "t": 210, "x": "軽車両", "h": "終日", "a": 1}, "geometry": {"type": "LineString", "coordinates": [[135.35504, 34.75194], [135.35508, 34.75132]]}}, {"type": "Feature", "properties": {"l": 6, "c": 1, "t": 210, "x": "軽車両", "h": "終日", "a": 1}, "geometry": {"type": "LineString", "coordinates": [[135.35511, 34.75056], [135.35523, 34.74912]]}}, {"type": "Feature", "properties": {"l": 6, "c": 1, "t": 210, "x": "軽車両", "a": 1}, "geometry": {"type": "LineString", "coordinates": [[135.32947, 34.7333], [135.32917, 34.73053], [135.32908, 34.72532]]}}, {"type": "Feature", "properties": {"l": 6, "c": 1, "t": 210, "x": "軽車両", "h": "終日", "a": 1}, "geometry": {"type": "LineString", "coordinates": [[135.32872, 34.72659], [135.3284, 34.72499], [135.32457, 34.72599], [135.32449, 34.7266]]}}, {"type": "Feature", "properties": {"l": 6, "c": 1, "t": 210, "x": "軽車両", "h": "終日", "a": 1}, "geometry": {"type": "LineString", "coordinates": [[135.37343, 34.73658], [135.37356, 34.73558]]}}, {"type": "Feature", "properties": {"l": 6, "c": 1, "t": 210, "x": "軽車両", "h": "終日", "a": 1}, "geometry": {"type": "LineString", "coordinates": [[135.37239, 34.7366], [135.37243, 34.73622]]}}, {"type": "Feature", "properties": {"l": 6, "c": 1, "t": 210, "x": "軽車両", "h": "終日", "a": 1}, "geometry": {"type": "LineString", "coordinates": [[135.37246, 34.7362], [135.37383, 34.73619]]}}, {"type": "Feature", "properties": {"l": 6, "c": 1, "t": 210, "h": "終日", "a": 1}, "geometry": {"type": "LineString", "coordinates": [[135.3755, 34.73919], [135.37552, 34.73882]]}}, {"type": "Feature", "properties": {"l": 6, "c": 1, "t": 210, "x": "軽車両", "h": "終日", "a": 1}, "geometry": {"type": "LineString", "coordinates": [[135.36207, 34.72753], [135.36174, 34.72693]]}}, {"type": "Feature", "properties": {"l": 6, "c": 1, "t": 210, "x": "軽車両", "h": "7:00-10:00", "a": 0}, "geometry": {"type": "LineString", "coordinates": [[135.37523, 34.73534], [135.37151, 34.73537]]}}, {"type": "Feature", "properties": {"l": 6, "c": 1, "t": 210, "x": "軽車両", "h": "13:00-17:00", "a": 0}, "geometry": {"type": "LineString", "coordinates": [[135.35827, 34.72539], [135.35973, 34.72472]]}}, {"type": "Feature", "properties": {"l": 6, "c": 1, "t": 210, "x": "軽車両", "a": 1}, "geometry": {"type": "LineString", "coordinates": [[135.37787, 34.71687], [135.3758, 34.71089]]}}, {"type": "Feature", "properties": {"l": 6, "c": 1, "t": 210, "x": "軽車両", "h": "終日", "d": "本規制に逆行する右折、左折、直進を禁止する。", "a": 1}, "geometry": {"type": "LineString", "coordinates": [[135.35648, 34.71514], [135.35763, 34.71438]]}}, {"type": "Feature", "properties": {"l": 6, "c": 1, "t": 210, "x": "軽車両", "a": 1}, "geometry": {"type": "LineString", "coordinates": [[135.37704, 34.73881], [135.37775, 34.73877], [135.37775, 34.73846]]}}, {"type": "Feature", "properties": {"l": 6, "c": 1, "t": 210, "x": "軽車両", "a": 1}, "geometry": {"type": "LineString", "coordinates": [[135.37691, 34.73585], [135.37699, 34.73841]]}}, {"type": "Feature", "properties": {"l": 6, "c": 1, "t": 210, "x": "軽車両", "a": 1}, "geometry": {"type": "LineString", "coordinates": [[135.37546, 34.73851], [135.37548, 34.73876], [135.37685, 34.73881]]}}, {"type": "Feature", "properties": {"l": 6, "c": 1, "t": 210, "x": "軽車両", "a": 1}, "geometry": {"type": "LineString", "coordinates": [[135.36898, 34.71751], [135.36963, 34.71838]]}}, {"type": "Feature", "properties": {"l": 6, "c": 1, "t": 210, "x": "軽車両", "a": 1}, "geometry": {"type": "LineString", "coordinates": [[135.36468, 34.72508], [135.36465, 34.72425]]}}, {"type": "Feature", "properties": {"l": 6, "c": 1, "t": 210, "x": "軽車両", "a": 1}, "geometry": {"type": "LineString", "coordinates": [[135.35828, 34.72652], [135.35969, 34.72778]]}}, {"type": "Feature", "properties": {"l": 6, "c": 1, "t": 210, "x": "軽車両", "a": 1}, "geometry": {"type": "LineString", "coordinates": [[135.35188, 34.71933], [135.35212, 34.71915]]}}, {"type": "Feature", "properties": {"l": 6, "c": 1, "t": 210, "x": "軽車両", "a": 1}, "geometry": {"type": "LineString", "coordinates": [[135.36533, 34.73379], [135.36368, 34.73074]]}}, {"type": "Feature", "properties": {"l": 6, "c": 1, "t": 210, "x": "軽車両", "a": 1}, "geometry": {"type": "LineString", "coordinates": [[135.36401, 34.73232], [135.36441, 34.73221]]}}, {"type": "Feature", "properties": {"l": 6, "c": 1, "t": 210, "x": "軽車両", "a": 1}, "geometry": {"type": "LineString", "coordinates": [[135.36252, 34.72432], [135.36218, 34.7231], [135.3619, 34.72284]]}}, {"type": "Feature", "properties": {"l": 6, "c": 1, "t": 210, "x": "軽車両", "a": 1}, "geometry": {"type": "LineString", "coordinates": [[135.36374, 34.72393], [135.3641, 34.72379]]}}, {"type": "Feature", "properties": {"l": 6, "c": 1, "t": 210, "x": "軽車両", "a": 1}, "geometry": {"type": "LineString", "coordinates": [[135.37229, 34.73303], [135.37279, 34.73335]]}}, {"type": "Feature", "properties": {"l": 6, "c": 1, "t": 210, "x": "軽車両", "a": 1}, "geometry": {"type": "LineString", "coordinates": [[135.35189, 34.71883], [135.35279, 34.71819]]}}, {"type": "Feature", "properties": {"l": 6, "c": 1, "t": 210, "x": "軽車両", "h": "終日", "a": 1}, "geometry": {"type": "LineString", "coordinates": [[135.3696, 34.71153], [135.36569, 34.70791], [135.36387, 34.70654], [135.36198, 34.70596], [135.36093, 34.70592], [135.36033, 34.70614], [135.35562, 34.71137], [135.35069, 34.71609]]}}, {"type": "Feature", "properties": {"l": 6, "c": 1, "t": 210, "x": "軽車両", "a": 1}, "geometry": {"type": "LineString", "coordinates": [[135.36607, 34.70479], [135.36532, 34.70415]]}}, {"type": "Feature", "properties": {"l": 6, "c": 1, "t": 210, "x": "軽車両", "a": 1}, "geometry": {"type": "LineString", "coordinates": [[135.36041, 34.72342], [135.36055, 34.72356]]}}, {"type": "Feature", "properties": {"l": 6, "c": 1, "t": 210, "x": "軽車両", "a": 1}, "geometry": {"type": "LineString", "coordinates": [[135.37077, 34.6982], [135.37227, 34.69653], [135.37544, 34.70316]]}}, {"type": "Feature", "properties": {"l": 6, "c": 1, "t": 210, "h": "終日", "a": 1}, "geometry": {"type": "LineString", "coordinates": [[135.36841, 34.73888], [135.36798, 34.73889], [135.36797, 34.73914], [135.36843, 34.73914]]}}, {"type": "Feature", "properties": {"l": 6, "c": 1, "t": 210, "x": "軽車両", "h": "終日", "a": 1}, "geometry": {"type": "LineString", "coordinates": [[135.37963, 34.71921], [135.3796, 34.71898], [135.37974, 34.71897]]}}, {"type": "Feature", "properties": {"l": 6, "c": 1, "t": 210, "x": "軽車両", "h": "日曜・休日　7:00-19:00 / 日曜・休日", "d": "日曜・休日に限る。禁止道路に進入する右折、左折、直進を禁止する。", "a": 0}, "geometry": {"type": "LineString", "coordinates": [[135.37857, 34.73198], [135.37831, 34.73119], [135.37841, 34.72969], [135.37879, 34.72889], [135.38233, 34.72423], [135.38299, 34.7229], [135.3831, 34.72229], [135.38304, 34.72148], [135.38248, 34.71985], [135.38199, 34.71882], [135.38021, 34.71615], [135.37951, 34.71394], [135.37921, 34.71158]]}}, {"type": "Feature", "properties": {"l": 6, "c": 3, "t": 210, "h": "7:00-24:00", "a": 0}, "geometry": {"type": "LineString", "coordinates": [[135.4095, 34.72262], [135.40888, 34.72044], [135.40886, 34.71968], [135.40905, 34.71934]]}}, {"type": "Feature", "properties": {"l": 6, "c": 3, "t": 210, "x": "軽車両", "a": 1}, "geometry": {"type": "LineString", "coordinates": [[135.40961, 34.72575], [135.40942, 34.72552]]}}, {"type": "Feature", "properties": {"l": 6, "c": 3, "t": 210, "a": 1}, "geometry": {"type": "LineString", "coordinates": [[135.41596, 34.71955], [135.40812, 34.7214]]}}, {"type": "Feature", "properties": {"l": 6, "c": 3, "t": 210, "h": "9:00-20:00", "d": "日曜、休日の", "a": 0}, "geometry": {"type": "LineString", "coordinates": [[135.40853, 34.71898], [135.40902, 34.71909]]}}, {"type": "Feature", "properties": {"l": 6, "c": 3, "t": 210, "h": "7:00-24:00", "a": 0}, "geometry": {"type": "LineString", "coordinates": [[135.4093, 34.7197], [135.40891, 34.7198]]}}, {"type": "Feature", "properties": {"l": 6, "c": 3, "t": 210, "h": "7:00-24:00", "a": 0}, "geometry": {"type": "LineString", "coordinates": [[135.40941, 34.72012], [135.40825, 34.72031]]}}, {"type": "Feature", "properties": {"l": 6, "c": 3, "t": 210, "h": "9:00-20:00", "d": "日曜、休日の", "a": 0}, "geometry": {"type": "LineString", "coordinates": [[135.4084, 34.72024], [135.40849, 34.7186]]}}, {"type": "Feature", "properties": {"l": 6, "c": 3, "t": 210, "x": "軽車両", "h": "7:30-9:00", "d": "日曜日、休日を除く。", "a": 0}, "geometry": {"type": "LineString", "coordinates": [[135.40501, 34.72046], [135.40521, 34.72115]]}}, {"type": "Feature", "properties": {"l": 6, "c": 3, "t": 210, "x": "軽車両", "a": 1}, "geometry": {"type": "LineString", "coordinates": [[135.40499, 34.7204], [135.40484, 34.71967], [135.40504, 34.71961], [135.40482, 34.71907]]}}, {"type": "Feature", "properties": {"l": 6, "c": 3, "t": 210, "x": "軽車両", "a": 1}, "geometry": {"type": "LineString", "coordinates": [[135.42528, 34.71701], [135.42517, 34.71649]]}}, {"type": "Feature", "properties": {"l": 6, "c": 3, "t": 210, "x": "軽車両", "a": 1}, "geometry": {"type": "LineString", "coordinates": [[135.41433, 34.72765], [135.41333, 34.72781]]}}, {"type": "Feature", "properties": {"l": 6, "c": 3, "t": 210, "x": "自転車", "a": 1}, "geometry": {"type": "LineString", "coordinates": [[135.42341, 34.72197], [135.42322, 34.72118]]}}, {"type": "Feature", "properties": {"l": 6, "c": 3, "t": 210, "x": "自転車", "a": 1}, "geometry": {"type": "LineString", "coordinates": [[135.42364, 34.7219], [135.42345, 34.72113]]}}, {"type": "Feature", "properties": {"l": 6, "c": 3, "t": 210, "x": "自転車", "a": 1}, "geometry": {"type": "LineString", "coordinates": [[135.42387, 34.72183], [135.42368, 34.7211]]}}, {"type": "Feature", "properties": {"l": 6, "c": 3, "t": 210, "x": "軽車両", "a": 1}, "geometry": {"type": "LineString", "coordinates": [[135.42714, 34.72156], [135.42746, 34.72141], [135.42733, 34.72093]]}}, {"type": "Feature", "properties": {"l": 6, "c": 3, "t": 210, "x": "軽車両", "a": 1}, "geometry": {"type": "LineString", "coordinates": [[135.42717, 34.72092], [135.42694, 34.72046]]}}, {"type": "Feature", "properties": {"l": 6, "c": 3, "t": 210, "x": "軽車両", "a": 1}, "geometry": {"type": "LineString", "coordinates": [[135.42552, 34.72035], [135.42638, 34.72021]]}}, {"type": "Feature", "properties": {"l": 6, "c": 3, "t": 210, "x": "軽車両", "a": 1}, "geometry": {"type": "LineString", "coordinates": [[135.42425, 34.7217], [135.42411, 34.7213], [135.42377, 34.72136]]}}, {"type": "Feature", "properties": {"l": 6, "c": 3, "t": 210, "x": "軽車両", "a": 1}, "geometry": {"type": "LineString", "coordinates": [[135.40592, 34.71887], [135.4074, 34.71843]]}}, {"type": "Feature", "properties": {"l": 6, "c": 3, "t": 210, "x": "軽車両", "a": 1}, "geometry": {"type": "LineString", "coordinates": [[135.41942, 34.72058], [135.41979, 34.72138], [135.41969, 34.7219]]}}, {"type": "Feature", "properties": {"l": 6, "c": 3, "t": 210, "x": "軽車両", "a": 1}, "geometry": {"type": "LineString", "coordinates": [[135.42638, 34.71329], [135.42625, 34.71269]]}}, {"type": "Feature", "properties": {"l": 6, "c": 3, "t": 210, "x": "軽車両", "a": 1}, "geometry": {"type": "LineString", "coordinates": [[135.42473, 34.71337], [135.42461, 34.71302]]}}, {"type": "Feature", "properties": {"l": 6, "c": 3, "t": 210, "x": "軽車両", "a": 1}, "geometry": {"type": "LineString", "coordinates": [[135.40327, 34.71793], [135.4031, 34.71735]]}}, {"type": "Feature", "properties": {"l": 6, "c": 3, "t": 210, "x": "軽車両", "a": 1}, "geometry": {"type": "LineString", "coordinates": [[135.40828, 34.71659], [135.40858, 34.71642]]}}, {"type": "Feature", "properties": {"l": 6, "c": 3, "t": 210, "x": "軽車両", "a": 1}, "geometry": {"type": "LineString", "coordinates": [[135.42615, 34.71596], [135.42518, 34.71614]]}}, {"type": "Feature", "properties": {"l": 6, "c": 3, "t": 210, "x": "軽車両", "a": 1}, "geometry": {"type": "LineString", "coordinates": [[135.4224, 34.71348], [135.42317, 34.71499]]}}, {"type": "Feature", "properties": {"l": 6, "c": 3, "t": 210, "x": "軽車両", "a": 1}, "geometry": {"type": "LineString", "coordinates": [[135.42658, 34.71402], [135.42518, 34.71412]]}}, {"type": "Feature", "properties": {"l": 6, "c": 3, "t": 210, "x": "軽車両", "a": 1}, "geometry": {"type": "LineString", "coordinates": [[135.42588, 34.71436], [135.42581, 34.7138]]}}, {"type": "Feature", "properties": {"l": 6, "c": 3, "t": 210, "x": "軽車両", "h": "18:00-24:00", "a": 0}, "geometry": {"type": "LineString", "coordinates": [[135.41355, 34.72057], [135.41327, 34.71974]]}}, {"type": "Feature", "properties": {"l": 6, "c": 3, "t": 210, "x": "軽車両", "h": "終日", "a": 1}, "geometry": {"type": "LineString", "coordinates": [[135.41455, 34.7196], [135.41586, 34.7193]]}}, {"type": "Feature", "properties": {"l": 6, "c": 3, "t": 210, "x": "軽車両", "a": 1}, "geometry": {"type": "LineString", "coordinates": [[135.42717, 34.71494], [135.42783, 34.71409], [135.42745, 34.71354], [135.42711, 34.7135]]}}, {"type": "Feature", "properties": {"l": 6, "c": 3, "t": 210, "x": "軽車両", "a": 1}, "geometry": {"type": "LineString", "coordinates": [[135.42827, 34.71373], [135.42737, 34.71324]]}}, {"type": "Feature", "properties": {"l": 6, "c": 3, "t": 210, "x": "軽車両", "h": "終日", "a": 1}, "geometry": {"type": "LineString", "coordinates": [[135.41457, 34.73493], [135.4141, 34.73125], [135.41435, 34.73023], [135.41519, 34.72865], [135.41563, 34.72691], [135.41606, 34.72635], [135.41775, 34.72496], [135.41793, 34.72314], [135.41832, 34.72252], [135.41902, 34.72196]]}}, {"type": "Feature", "properties": {"l": 6, "c": 3, "t": 210, "x": "軽車両", "a": 1}, "geometry": {"type": "LineString", "coordinates": [[135.4217, 34.71898], [135.42197, 34.71974]]}}, {"type": "Feature", "properties": {"l": 6, "c": 3, "t": 210, "x": "軽車両", "a": 1}, "geometry": {"type": "LineString", "coordinates": [[135.42277, 34.71961], [135.42254, 34.71878]]}}, {"type": "Feature", "properties": {"l": 6, "c": 3, "t": 210, "x": "軽車両", "a": 1}, "geometry": {"type": "LineString", "coordinates": [[135.42647, 34.71942], [135.42606, 34.71845]]}}, {"type": "Feature", "properties": {"l": 6, "c": 3, "t": 210, "x": "軽車両", "a": 1}, "geometry": {"type": "LineString", "coordinates": [[135.42591, 34.71898], [135.42651, 34.7188]]}}, {"type": "Feature", "properties": {"l": 6, "c": 3, "t": 210, "x": "軽車両", "a": 1}, "geometry": {"type": "LineString", "coordinates": [[135.42617, 34.71837], [135.42576, 34.71857]]}}, {"type": "Feature", "properties": {"l": 6, "c": 3, "t": 210, "x": "軽車両", "h": "9:00-20:00", "d": "日曜、休日の", "a": 0}, "geometry": {"type": "LineString", "coordinates": [[135.40773, 34.71949], [135.40899, 34.71928]]}}, {"type": "Feature", "properties": {"l": 6, "c": 3, "t": 210, "x": "軽車両", "a": 1}, "geometry": {"type": "LineString", "coordinates": [[135.41355, 34.71896], [135.41355, 34.71915], [135.41274, 34.71913]]}}, {"type": "Feature", "properties": {"l": 6, "c": 3, "t": 210, "x": "軽車両", "a": 1}, "geometry": {"type": "LineString", "coordinates": [[135.42773, 34.72129], [135.4275, 34.7214]]}}, {"type": "Feature", "properties": {"l": 6, "c": 3, "t": 210, "x": "軽車両", "h": "8:00-18:00", "a": 0}, "geometry": {"type": "LineString", "coordinates": [[135.39223, 34.72066], [135.39152, 34.72062]]}}, {"type": "Feature", "properties": {"l": 6, "c": 3, "t": 210, "x": "軽車両", "h": "日曜・休日　7:00-19:00 / 日曜・休日", "d": "日曜日、休日に限る。", "a": 0}, "geometry": {"type": "LineString", "coordinates": [[135.38188, 34.73908], [135.38217, 34.73818], [135.38216, 34.73587], [135.38097, 34.73169]]}}, {"type": "Feature", "properties": {"l": 6, "c": 3, "t": 210, "x": "軽車両", "h": "日曜・休日　7:00-19:00", "d": "日曜日、休日に限る。", "a": 0}, "geometry": {"type": "LineString", "coordinates": [[135.38091, 34.73147], [135.38097, 34.73038], [135.38125, 34.7294], [135.38309, 34.72707], [135.38524, 34.72353], [135.38546, 34.72249], [135.38538, 34.72144]]}}, {"type": "Feature", "properties": {"l": 6, "c": 3, "t": 210, "x": "軽車両", "h": "終日", "a": 1}, "geometry": {"type": "LineString", "coordinates": [[135.38582, 34.71538], [135.38581, 34.71513]]}}, {"type": "Feature", "properties": {"l": 6, "c": 3, "t": 210, "x": "軽車両", "a": 1}, "geometry": {"type": "LineString", "coordinates": [[135.38987, 34.71641], [135.38865, 34.71638]]}}, {"type": "Feature", "properties": {"l": 6, "c": 3, "t": 210, "x": "軽車両", "h": "9:00-19:00", "d": "日曜、休日の", "a": 0}, "geometry": {"type": "LineString", "coordinates": [[135.39889, 34.72546], [135.39806, 34.72544]]}}, {"type": "Feature", "properties": {"l": 6, "c": 3, "t": 210, "x": "軽車両", "h": "終日", "a": 1}, "geometry": {"type": "LineString", "coordinates": [[135.39989, 34.71824], [135.39819, 34.7183]]}}, {"type": "Feature", "properties": {"l": 6, "c": 3, "t": 210, "x": "軽車両", "h": "日曜・休日　9:00-19:00 / 日曜・休日", "d": "日曜日、休日に限る。", "a": 0}, "geometry": {"type": "LineString", "coordinates": [[135.39804, 34.71725], [135.39655, 34.71716]]}}, {"type": "Feature", "properties": {"l": 6, "c": 3, "t": 210, "x": "軽車両", "a": 1}, "geometry": {"type": "LineString", "coordinates": [[135.39106, 34.71676], [135.39121, 34.71573]]}}, {"type": "Feature", "properties": {"l": 6, "c": 3, "t": 210, "x": "軽車両", "a": 1}, "geometry": {"type": "LineString", "coordinates": [[135.40158, 34.72452], [135.40153, 34.72381], [135.40185, 34.72261], [135.40145, 34.7197], [135.40133, 34.71931], [135.40111, 34.71923], [135.4005, 34.7182]]}}, {"type": "Feature", "properties": {"l": 6, "c": 3, "t": 210, "x": "軽車両", "a": 1}, "geometry": {"type": "LineString", "coordinates": [[135.38291, 34.71572], [135.38155, 34.7111]]}}, {"type": "Feature", "properties": {"l": 6, "c": 3, "t": 210, "x": "軽車両", "a": 1}, "geometry": {"type": "LineString", "coordinates": [[135.38177, 34.73889], [135.38203, 34.73854]]}}, {"type": "Feature", "properties": {"l": 6, "c": 3, "t": 210, "x": "軽車両", "h": "終日", "a": 1}, "geometry": {"type": "LineString", "coordinates": [[135.38367, 34.71751], [135.38305, 34.71618]]}}, {"type": "Feature", "properties": {"l": 6, "c": 3, "t": 210, "x": "軽車両", "a": 1}, "geometry": {"type": "LineString", "coordinates": [[135.39844, 34.73634], [135.39824, 34.73635]]}}, {"type": "Feature", "properties": {"l": 6, "c": 3, "t": 210, "x": "軽車両", "a": 1}, "geometry": {"type": "LineString", "coordinates": [[135.38109, 34.73249], [135.38077, 34.732], [135.38067, 34.73102]]}}, {"type": "Feature", "properties": {"l": 6, "c": 3, "t": 210, "x": "軽車両", "h": "終日", "a": 1}, "geometry": {"type": "LineString", "coordinates": [[135.39127, 34.71475], [135.39114, 34.71323]]}}, {"type": "Feature", "properties": {"l": 6, "c": 3, "t": 210, "x": "軽車両", "h": "7:30-8:30", "a": 0}, "geometry": {"type": "LineString", "coordinates": [[135.38652, 34.73689], [135.38388, 34.73678]]}}, {"type": "Feature", "properties": {"l": 6, "c": 3, "t": 210, "x": "軽車両", "a": 1}, "geometry": {"type": "LineString", "coordinates": [[135.39101, 34.71174], [135.39095, 34.71102]]}}, {"type": "Feature", "properties": {"l": 6, "c": 3, "t": 210, "x": "軽車両", "h": "終日", "a": 1}, "geometry": {"type": "LineString", "coordinates": [[135.39614, 34.71798], [135.39506, 34.71759]]}}, {"type": "Feature", "properties": {"l": 6, "c": 3, "t": 210, "x": "軽車両", "a": 1}, "geometry": {"type": "LineString", "coordinates": [[135.42129, 34.71145], [135.42085, 34.71151]]}}, {"type": "Feature", "properties": {"l": 6, "c": 3, "t": 210, "x": "軽車両", "h": "終日", "a": 1}, "geometry": {"type": "LineString", "coordinates": [[135.40532, 34.72973], [135.40539, 34.72861]]}}, {"type": "Feature", "properties": {"l": 6, "c": 3, "t": 210, "x": "軽車両", "h": "終日", "a": 1}, "geometry": {"type": "LineString", "coordinates": [[135.40759, 34.72689], [135.40908, 34.72702]]}}, {"type": "Feature", "properties": {"l": 6, "c": 3, "t": 210, "h": "終日", "a": 1}, "geometry": {"type": "LineString", "coordinates": [[135.41048, 34.72772], [135.41125, 34.72779]]}}, {"type": "Feature", "properties": {"l": 6, "c": 3, "t": 210, "h": "終日", "a": 1}, "geometry": {"type": "LineString", "coordinates": [[135.41046, 34.72821], [135.41078, 34.7282], [135.4108, 34.7273]]}}, {"type": "Feature", "properties": {"l": 6, "c": 3, "t": 210, "x": "軽車両", "h": "終日", "a": 1}, "geometry": {"type": "LineString", "coordinates": [[135.41173, 34.72918], [135.41143, 34.72883]]}}, {"type": "Feature", "properties": {"l": 6, "c": 3, "t": 210, "x": "軽車両", "h": "終日", "a": 1}, "geometry": {"type": "LineString", "coordinates": [[135.4047, 34.7176], [135.40457, 34.71716]]}}, {"type": "Feature", "properties": {"l": 6, "c": 3, "t": 210, "x": "軽車両", "h": "終日", "a": 1}, "geometry": {"type": "LineString", "coordinates": [[135.40569, 34.71745], [135.40554, 34.71699]]}}, {"type": "Feature", "properties": {"l": 6, "c": 3, "t": 210, "x": "軽車両", "h": "終日", "a": 1}, "geometry": {"type": "LineString", "coordinates": [[135.40752, 34.71679], [135.4081, 34.71665]]}}, {"type": "Feature", "properties": {"l": 6, "c": 3, "t": 210, "x": "軽車両", "h": "終日", "d": "禁止道路に進入する右折、左折、直進を禁止する。", "a": 1}, "geometry": {"type": "LineString", "coordinates": [[135.42598, 34.72323], [135.42762, 34.72256]]}}, {"type": "Feature", "properties": {"l": 6, "c": 3, "t": 210, "x": "軽車両", "h": "終日", "a": 1}, "geometry": {"type": "LineString", "coordinates": [[135.4242, 34.7119], [135.42482, 34.71172]]}}, {"type": "Feature", "properties": {"l": 6, "c": 3, "t": 210, "x": "軽車両", "a": 1}, "geometry": {"type": "LineString", "coordinates": [[135.42111, 34.73362], [135.42137, 34.73357], [135.42118, 34.73406], [135.42107, 34.73316]]}}, {"type": "Feature", "properties": {"l": 6, "c": 3, "t": 210, "x": "軽車両", "a": 1}, "geometry": {"type": "LineString", "coordinates": [[135.4413, 34.72087], [135.44096, 34.71985]]}}, {"type": "Feature", "properties": {"l": 6, "c": 3, "t": 210, "x": "軽車両", "a": 1}, "geometry": {"type": "LineString", "coordinates": [[135.44166, 34.74962], [135.44165, 34.74947]]}}, {"type": "Feature", "properties": {"l": 6, "c": 3, "t": 210, "x": "軽車両", "a": 1}, "geometry": {"type": "LineString", "coordinates": [[135.45362, 34.74837], [135.45462, 34.74774]]}}, {"type": "Feature", "properties": {"l": 6, "c": 3, "t": 210, "x": "軽車両", "a": 1}, "geometry": {"type": "LineString", "coordinates": [[135.44078, 34.72136], [135.44048, 34.7206]]}}, {"type": "Feature", "properties": {"l": 6, "c": 3, "t": 210, "x": "軽車両", "a": 1}, "geometry": {"type": "LineString", "coordinates": [[135.43976, 34.72137], [135.44112, 34.72098]]}}, {"type": "Feature", "properties": {"l": 6, "c": 3, "t": 210, "x": "軽車両", "h": "終日", "a": 1}, "geometry": {"type": "LineString", "coordinates": [[135.42555, 34.74966], [135.42533, 34.75129], [135.42516, 34.75137], [135.425, 34.75238]]}}, {"type": "Feature", "properties": {"l": 6, "c": 3, "t": 210, "x": "軽車両", "h": "9:00-22:00", "a": 0}, "geometry": {"type": "LineString", "coordinates": [[135.43832, 34.72106], [135.44043, 34.72057]]}}, {"type": "Feature", "properties": {"l": 6, "c": 3, "t": 210, "x": "軽車両", "a": 1}, "geometry": {"type": "LineString", "coordinates": [[135.44025, 34.72014], [135.43938, 34.72042]]}}, {"type": "Feature", "properties": {"l": 6, "c": 3, "t": 210, "x": "軽車両", "h": "9:00-22:00", "a": 0}, "geometry": {"type": "LineString", "coordinates": [[135.43822, 34.72104], [135.4345, 34.72102]]}}, {"type": "Feature", "properties": {"l": 6, "c": 3, "t": 210, "h": "終日", "a": 1}, "geometry": {"type": "LineString", "coordinates": [[135.43745, 34.73464], [135.43745, 34.73391]]}}, {"type": "Feature", "properties": {"l": 6, "c": 3, "t": 210, "x": "軽車両", "h": "終日", "a": 1}, "geometry": {"type": "LineString", "coordinates": [[135.42784, 34.76648], [135.42755, 34.767]]}}, {"type": "Feature", "properties": {"l": 6, "c": 3, "t": 210, "x": "軽車両", "a": 1}, "geometry": {"type": "LineString", "coordinates": [[135.43222, 34.73781], [135.43142, 34.7379], [135.43078, 34.73763], [135.42884, 34.73757]]}}, {"type": "Feature", "properties": {"l": 6, "c": 3, "t": 210, "x": "軽車両", "a": 1}, "geometry": {"type": "LineString", "coordinates": [[135.43676, 34.72153], [135.4362, 34.72166], [135.43507, 34.72152]]}}, {"type": "Feature", "properties": {"l": 6, "c": 3, "t": 210, "x": "軽車両", "h": "7:00-19:00", "a": 0}, "geometry": {"type": "LineString", "coordinates": [[135.43833, 34.73964], [135.43746, 34.73965]]}}, {"type": "Feature", "properties": {"l": 6, "c": 3, "t": 210, "x": "軽車両", "a": 1}, "geometry": {"type": "LineString", "coordinates": [[135.42573, 34.72484], [135.42549, 34.72429]]}}, {"type": "Feature", "properties": {"l": 6, "c": 3, "t": 210, "x": "軽車両", "a": 1}, "geometry": {"type": "LineString", "coordinates": [[135.42328, 34.72526], [135.42317, 34.72487]]}}, {"type": "Feature", "properties": {"l": 6, "c": 3, "t": 210, "x": "軽車両", "a": 1}, "geometry": {"type": "LineString", "coordinates": [[135.42049, 34.72532], [135.4203, 34.72432]]}}, {"type": "Feature", "properties": {"l": 6, "c": 3, "t": 210, "x": "軽車両", "a": 1}, "geometry": {"type": "LineString", "coordinates": [[135.42122, 34.72483], [135.42186, 34.72475]]}}, {"type": "Feature", "properties": {"l": 6, "c": 3, "t": 210, "x": "軽車両", "a": 1}, "geometry": {"type": "LineString", "coordinates": [[135.42174, 34.72442], [135.42119, 34.72455]]}}, {"type": "Feature", "properties": {"l": 6, "c": 3, "t": 210, "x": "軽車両", "a": 1}, "geometry": {"type": "LineString", "coordinates": [[135.44298, 34.71896], [135.44306, 34.7186]]}}, {"type": "Feature", "properties": {"l": 6, "c": 3, "t": 210, "x": "軽車両", "a": 1}, "geometry": {"type": "LineString", "coordinates": [[135.44645, 34.72335], [135.44629, 34.72268], [135.44582, 34.72203], [135.44518, 34.72171], [135.44379, 34.72064], [135.44289, 34.72027], [135.44257, 34.72028]]}}, {"type": "Feature", "properties": {"l": 6, "c": 3, "t": 210, "x": "軽車両", "h": "終日", "a": 1}, "geometry": {"type": "LineString", "coordinates": [[135.43943, 34.73058], [135.44084, 34.73032]]}}, {"type": "Feature", "properties": {"l": 6, "c": 3, "t": 210, "x": "軽車両", "a": 1}, "geometry": {"type": "LineString", "coordinates": [[135.43203, 34.73652], [135.43179, 34.73635]]}}, {"type": "Feature", "properties": {"l": 6, "c": 3, "t": 210, "x": "軽車両", "a": 1}, "geometry": {"type": "LineString", "coordinates": [[135.43718, 34.74006], [135.43805, 34.73853], [135.43795, 34.73794]]}}, {"type": "Feature", "properties": {"l": 6, "c": 3, "t": 210, "x": "軽車両", "a": 1}, "geometry": {"type": "LineString", "coordinates": [[135.43361, 34.73526], [135.43357, 34.7344]]}}, {"type": "Feature", "properties": {"l": 6, "c": 3, "t": 210, "x": "軽車両", "a": 1}, "geometry": {"type": "LineString", "coordinates": [[135.43516, 34.73482], [135.43215, 34.73499]]}}, {"type": "Feature", "properties": {"l": 6, "c": 3, "t": 210, "x": "軽車両", "h": "終日", "a": 1}, "geometry": {"type": "LineString", "coordinates": [[135.44781, 34.75272], [135.44831, 34.75277]]}}, {"type": "Feature", "properties": {"l": 6, "c": 3, "t": 210, "x": "軽車両", "h": "終日", "a": 1}, "geometry": {"type": "LineString", "coordinates": [[135.4237, 34.76693], [135.42291, 34.76692]]}}, {"type": "Feature", "properties": {"l": 6, "c": 3, "t": 210, "x": "軽車両", "h": "終日", "a": 1}, "geometry": {"type": "LineString", "coordinates": [[135.43815, 34.76211], [135.43893, 34.76301]]}}, {"type": "Feature", "properties": {"l": 6, "c": 3, "t": 210, "x": "軽車両", "h": "終日", "a": 1}, "geometry": {"type": "LineString", "coordinates": [[135.42138, 34.7339], [135.42207, 34.73377]]}}, {"type": "Feature", "properties": {"l": 6, "c": 3, "t": 210, "x": "軽車両", "a": 1}, "geometry": {"type": "LineString", "coordinates": [[135.41958, 34.75821], [135.4204, 34.75824]]}}, {"type": "Feature", "properties": {"l": 6, "c": 3, "t": 210, "x": "軽車両", "a": 1}, "geometry": {"type": "LineString", "coordinates": [[135.42107, 34.74938], [135.42206, 34.74946]]}}, {"type": "Feature", "properties": {"l": 6, "c": 3, "t": 210, "x": "軽車両", "h": "7:00-22:00", "a": 0}, "geometry": {"type": "LineString", "coordinates": [[135.41513, 34.75331], [135.41498, 34.75278]]}}, {"type": "Feature", "properties": {"l": 6, "c": 3, "t": 210, "x": "軽車両", "h": "8:00-20:00", "a": 0}, "geometry": {"type": "LineString", "coordinates": [[135.39992, 34.73932], [135.39871, 34.7395]]}}, {"type": "Feature", "properties": {"l": 6, "c": 3, "t": 210, "x": "軽車両", "h": "10:00-20:00", "a": 0}, "geometry": {"type": "LineString", "coordinates": [[135.4016, 34.73946], [135.39992, 34.73854]]}}, {"type": "Feature", "properties": {"l": 6, "c": 3, "t": 210, "x": "軽車両", "a": 1}, "geometry": {"type": "LineString", "coordinates": [[135.39871, 34.7395], [135.39851, 34.73954]]}}, {"type": "Feature", "properties": {"l": 6, "c": 3, "t": 210, "x": "軽車両", "a": 1}, "geometry": {"type": "LineString", "coordinates": [[135.39691, 34.74565], [135.39693, 34.74518]]}}, {"type": "Feature", "properties": {"l": 6, "c": 3, "t": 210, "x": "軽車両", "h": "8:00-20:00", "a": 0}, "geometry": {"type": "LineString", "coordinates": [[135.39938, 34.74218], [135.39908, 34.73821]]}}, {"type": "Feature", "properties": {"l": 6, "c": 3, "t": 210, "x": "軽車両", "h": "終日", "d": "禁止道路に進入する右折、左折、直進を禁止する。", "a": 1}, "geometry": {"type": "LineString", "coordinates": [[135.38199, 34.73858], [135.38176, 34.7389], [135.38163, 34.73958]]}}, {"type": "Feature", "properties": {"l": 6, "c": 3, "t": 210, "x": "軽車両", "h": "終日", "a": 1}, "geometry": {"type": "LineString", "coordinates": [[135.39498, 34.75189], [135.39358, 34.75179]]}}, {"type": "Feature", "properties": {"l": 6, "c": 3, "t": 210, "x": "軽車両", "h": "13:00-21:00", "a": 0}, "geometry": {"type": "LineString", "coordinates": [[135.42145, 34.73769], [135.416, 34.73796]]}}, {"type": "Feature", "properties": {"l": 6, "c": 3, "t": 210, "x": "軽車両", "a": 1}, "geometry": {"type": "LineString", "coordinates": [[135.41339, 34.7435], [135.41244, 34.74353]]}}, {"type": "Feature", "properties": {"l": 6, "c": 3, "t": 210, "x": "軽車両", "a": 1}, "geometry": {"type": "LineString", "coordinates": [[135.41784, 34.74278], [135.41791, 34.74221]]}}, {"type": "Feature", "properties": {"l": 6, "c": 3, "t": 210, "x": "軽車両", "h": "日曜・休日　7:00-19:00 / 日曜・休日", "d": "日曜日、休日に限る。", "a": 0}, "geometry": {"type": "LineString", "coordinates": [[135.37527, 34.76376], [135.37471, 34.76162], [135.37468, 34.75908], [135.3753, 34.75756], [135.3753, 34.75609], [135.37684, 34.75093], [135.37707, 34.74906], [135.37762, 34.74667], [135.37809, 34.74549], [135.37886, 34.74453], [135.37923, 34.74324], [135.38107, 34.74085], [135.38185, 34.73916]]}}, {"type": "Feature", "properties": {"l": 6, "c": 4, "t": 210, "x": "軽車両", "h": "10:00-22:00", "a": 0}, "geometry": {"type": "LineString", "coordinates": [[135.41588, 34.77948], [135.41628, 34.7776]]}}, {"type": "Feature", "properties": {"l": 6, "c": 4, "t": 210, "x": "軽車両", "h": "10:00-22:00", "a": 0}, "geometry": {"type": "LineString", "coordinates": [[135.41547, 34.77956], [135.41486, 34.78038]]}}, {"type": "Feature", "properties": {"l": 6, "c": 4, "t": 210, "x": "軽車両", "h": "10:00-22:00", "a": 0}, "geometry": {"type": "LineString", "coordinates": [[135.41408, 34.78025], [135.41521, 34.78051]]}}, {"type": "Feature", "properties": {"l": 6, "c": 4, "t": 210, "x": "軽車両", "h": "10:00-20:00", "a": 0}, "geometry": {"type": "LineString", "coordinates": [[135.41712, 34.7785], [135.41792, 34.77785]]}}, {"type": "Feature", "properties": {"l": 6, "c": 4, "t": 210, "x": "軽車両", "h": "10:00-22:00", "a": 0}, "geometry": {"type": "LineString", "coordinates": [[135.41583, 34.78005], [135.41609, 34.77981]]}}, {"type": "Feature", "properties": {"l": 6, "c": 4, "t": 210, "x": "自転車", "a": 1}, "geometry": {"type": "LineString", "coordinates": [[135.40392, 34.79507], [135.40261, 34.79662], [135.40213, 34.79757]]}}, {"type": "Feature", "properties": {"l": 6, "c": 4, "t": 210, "x": "軽車両", "a": 1}, "geometry": {"type": "LineString", "coordinates": [[135.39354, 34.79489], [135.39451, 34.79597], [135.39469, 34.79648], [135.39453, 34.79746], [135.39382, 34.79859]]}}, {"type": "Feature", "properties": {"l": 6, "c": 4, "t": 210, "x": "軽車両", "h": "終日", "a": 1}, "geometry": {"type": "LineString", "coordinates": [[135.4177, 34.78627], [135.41717, 34.78622]]}}, {"type": "Feature", "properties": {"l": 6, "c": 4, "t": 210, "x": "軽車両", "h": "終日", "d": "禁止道路に進入する右折、左折、直進を禁止する。", "a": 1}, "geometry": {"type": "LineString", "coordinates": [[135.41506, 34.78657], [135.41531, 34.78654], [135.4154, 34.78636]]}}, {"type": "Feature", "properties": {"l": 6, "c": 4, "t": 210, "h": "終日", "a": 1}, "geometry": {"type": "LineString", "coordinates": [[135.39022, 34.77412], [135.39103, 34.77423], [135.39107, 34.77409]]}}, {"type": "Feature", "properties": {"l": 6, "c": 4, "t": 210, "x": "軽車両", "h": "終日", "a": 1}, "geometry": {"type": "LineString", "coordinates": [[135.41944, 34.78096], [135.41946, 34.78038]]}}, {"type": "Feature", "properties": {"l": 6, "c": 4, "t": 210, "x": "軽車両", "h": "終日", "d": "禁止道路に進入する右折、左折、直進を禁止する。", "a": 1}, "geometry": {"type": "LineString", "coordinates": [[135.41962, 34.78102], [135.4202, 34.78087], [135.42125, 34.78097]]}}, {"type": "Feature", "properties": {"l": 6, "c": 4, "t": 210, "x": "軽車両", "h": "終日", "a": 1}, "geometry": {"type": "LineString", "coordinates": [[135.38665, 34.81264], [135.38702, 34.81192]]}}, {"type": "Feature", "properties": {"l": 6, "c": 6, "t": 210, "x": "軽車両", "h": "終日", "a": 1}, "geometry": {"type": "LineString", "coordinates": [[135.42069, 34.84193], [135.4209, 34.84182], [135.42105, 34.8412], [135.42085, 34.84083]]}}, {"type": "Feature", "properties": {"l": 6, "c": 6, "t": 210, "x": "軽車両", "h": "終日", "a": 1}, "geometry": {"type": "LineString", "coordinates": [[135.42093, 34.87944], [135.42059, 34.87921]]}}, {"type": "Feature", "properties": {"l": 6, "c": 6, "t": 210, "x": "軽車両", "h": "9:00-21:00", "a": 0}, "geometry": {"type": "LineString", "coordinates": [[135.40347, 34.82153], [135.40546, 34.82213]]}}, {"type": "Feature", "properties": {"l": 6, "c": 6, "t": 210, "x": "軽車両", "h": "終日", "d": "ＡからＣ、ＢからＣの朱線で示す区間（Ａ起点西側、Ｂ起点東側）", "a": 1}, "geometry": {"type": "LineString", "coordinates": [[135.41325, 34.86095], [135.41327, 34.86095]]}}, {"type": "Feature", "properties": {"l": 6, "c": 6, "t": 210, "x": "軽車両", "h": "9:00-20:00", "d": "本規制に逆行する右折、左折、直進を禁止する。", "a": 0}, "geometry": {"type": "LineString", "coordinates": [[135.41398, 34.82731], [135.41557, 34.82709]]}}, {"type": "Feature", "properties": {"l": 6, "c": 2, "t": 210, "x": "軽車両", "h": "終日", "a": 1}, "geometry": {"type": "LineString", "coordinates": [[135.36166, 34.81609], [135.36238, 34.81591]]}}, {"type": "Feature", "properties": {"l": 6, "c": 2, "t": 210, "x": "軽車両", "h": "終日", "a": 1}, "geometry": {"type": "LineString", "coordinates": [[135.35281, 34.77855], [135.35536, 34.77726], [135.35629, 34.77581]]}}, {"type": "Feature", "properties": {"l": 6, "c": 2, "t": 210, "x": "軽車両", "h": "終日", "d": "禁止道路に進入する右折、左折、直進を禁止する。", "a": 1}, "geometry": {"type": "LineString", "coordinates": [[135.37, 34.78669], [135.3705, 34.78493], [135.36948, 34.78424]]}}, {"type": "Feature", "properties": {"l": 6, "c": 2, "t": 210, "x": "軽車両", "h": "終日", "d": "禁止道路に進入する右折、左折、直進を禁止する。", "a": 1}, "geometry": {"type": "LineString", "coordinates": [[135.35929, 34.79873], [135.35911, 34.79693]]}}, {"type": "Feature", "properties": {"l": 6, "c": 2, "t": 210, "x": "軽車両", "h": "終日", "d": "禁止道路に進入する右折、左折、直進を禁止する。", "a": 1}, "geometry": {"type": "LineString", "coordinates": [[135.36628, 34.79496], [135.36435, 34.79737], [135.36243, 34.79911], [135.36134, 34.79987], [135.36243, 34.79911], [135.36435, 34.79737], [135.36628, 34.79496]]}}, {"type": "Feature", "properties": {"l": 6, "c": 2, "t": 210, "x": "軽車両", "h": "終日", "d": "禁止道路に進入する右折、左折、直進を禁止する。", "a": 1}, "geometry": {"type": "LineString", "coordinates": [[135.36102, 34.77641], [135.36012, 34.77644], [135.35798, 34.77607]]}}, {"type": "Feature", "properties": {"l": 6, "c": 2, "t": 210, "x": "軽車両", "h": "終日", "d": "禁止道路に進入する右折、左折、直進を禁止する。", "a": 1}, "geometry": {"type": "LineString", "coordinates": [[135.35009, 34.78763], [135.35182, 34.78703]]}}, {"type": "Feature", "properties": {"l": 6, "c": 2, "t": 210, "h": "10:00-18:00", "d": "禁止道路に進入する右折、左折、直進を禁止する。", "a": 0}, "geometry": {"type": "LineString", "coordinates": [[135.34298, 34.80951], [135.3449, 34.80843]]}}, {"type": "Feature", "properties": {"l": 6, "c": 2, "t": 210, "x": "軽車両", "h": "終日", "d": "禁止道路に進入する右折、左折、直進を禁止する。", "a": 1}, "geometry": {"type": "LineString", "coordinates": [[135.36698, 34.80885], [135.36688, 34.80824]]}}, {"type": "Feature", "properties": {"l": 6, "c": 2, "t": 210, "x": "軽車両", "h": "終日", "d": "禁止道路に進入する右折、左折、直進を禁止する。", "a": 1}, "geometry": {"type": "LineString", "coordinates": [[135.36345, 34.81058], [135.36111, 34.81249]]}}, {"type": "Feature", "properties": {"l": 6, "c": 2, "t": 210, "x": "軽車両", "h": "終日", "d": "禁止道路に進入する右折、左折、直進を禁止する。", "a": 1}, "geometry": {"type": "LineString", "coordinates": [[135.35962, 34.81368], [135.35838, 34.81468]]}}, {"type": "Feature", "properties": {"l": 6, "c": 2, "t": 210, "h": "終日", "a": 1}, "geometry": {"type": "LineString", "coordinates": [[135.34267, 34.79063], [135.34238, 34.79077]]}}, {"type": "Feature", "properties": {"l": 6, "c": 7, "t": 211, "d": "車両 終日", "a": 1}, "geometry": {"type": "LineString", "coordinates": [[135.43572, 34.86007], [135.4379, 34.8602]]}}, {"type": "Feature", "properties": {"l": 6, "c": 7, "t": 211, "d": "車両 終日", "a": 1}, "geometry": {"type": "LineString", "coordinates": [[135.43924, 34.86028], [135.44039, 34.86035]]}}]}